Capturing execution frames: geometry_only_1024.json
  Frame 1 saved (frame_000.jpg, t=0.0s)
  Validating workflow...
  [ComfyUI] === /validate endpoint called ===
  [ComfyUI] Received JSON with keys: ['prompt']
  Queuing workflow for execution...
  [ComfyUI] Prompt has 8 nodes
  [ComfyUI]   Node 1: LoadImage
  [ComfyUI]     Inputs: {"image": "t_logo.png"}
  [ComfyUI]   Node 10: MaskPreview
  [ComfyUI]     Inputs: {"mask": ["11", 0]}
  [ComfyUI]   Node 11: InvertMask
  [ComfyUI]     Inputs: {"mask": ["1", 1]}
  [ComfyUI]   Node 91: Trellis2GetConditioning
  [ComfyUI]     Inputs: {"background_color": "black", "model_config": ["92", 0], "image": ["1", 0], "mask": ["11", 0]}
  [ComfyUI]   Node 92: LoadTrellis2Models
  [ComfyUI]     Inputs: {"resolution": "1024", "precision": "auto", "attn_backend": "auto"}
  [ComfyUI]   Node 104: Trellis2ImageToShape
  [ComfyUI]     Inputs: {"seed": 1406845044, "ss_guidance_strength": 6.5, "ss_guidance_rescale": 0.05, "ss_sampling_steps": 12, "shape_guidance_strength": 6.5, "shape_guidance_rescale": 0.05, "shape_sampling_steps": 12, "max
  [ComfyUI]   Node 108: GeomPackPreviewMeshVTK
  [ComfyUI]     Inputs: {"mode": "fields", "preview_vtk": "{\"show_edges\":false,\"camera_state\":\"{\\\"position\\\":[0,0,1],\\\"focalPoint\\\":[0,0,0],\\\"viewUp\\\":[0,1,0]}\",\"selected_field\":\"\",\"selected_channel\":
  [ComfyUI]   Node 110: Trellis2ProcessMesh
  [ComfyUI]     Inputs: {"remesh": "on", "remesh.remesh_band": 1, "remesh.remove_inner_faces": true, "target_face_count": 500000, "floater_threshold": 0.001, "weld_vertices": true, "weld_digits": 4, "chart_cone_angle": 90, "
  [ComfyUI] Generated prompt_id: f8f6d5c1-9d4e-47af-a85c-fbcf43c97e68
  [ComfyUI] Calling execution.validate_prompt()...
  [ComfyUI] Validation result: valid=True
  [ComfyUI] === Validation PASSED ===
  [ComfyUI] got prompt
  [ComfyUI] [comfy-env] Running LoadTrellis2Models: resolution: '1024', precision: 'auto', attn_backend: 'auto'
  [ComfyUI] [comfy-env] SubprocessWorker: C:\workspaces\TRELLIS2-1357\ComfyUI\.ce\.pixi\envs\trellis2-nodes\python.exe
  [ComfyUI] [VRAM] Before LoadTrellis2Models: 1271 / 24575 MB
  [ComfyUI] [comfy-env] env_vars: {'PYTORCH_CUDA_ALLOC_CONF': 'expandable_segments:True', 'COMFYUI_BASE': 'C:\\workspaces\\TRELLIS2-1357\\ComfyUI'}
  [ComfyUI] [SubprocessWorker] call_method: nodes.nodes_loader.LoadTrellis2Models.EXECUTE_NORMALIZED
  [ComfyUI] [SubprocessWorker] acquired lock, ensuring started...
  [ComfyUI] [comfy-env] trellis2-nodes: Library/bin has 234 DLLs
  [ComfyUI] [ComfyUI-TRELLIS2] python: C:\workspaces\TRELLIS2-1357\ComfyUI\.ce\.pixi\envs\trellis2-nodes\python.exe
  [ComfyUI] [ComfyUI-TRELLIS2] sys_path sent to worker: ['C:\\workspaces\\TRELLIS2-1357\\ComfyUI', 'C:\\workspaces\\TRELLIS2-1357\\ComfyUI\\custom_nodes\\ComfyUI-TRELLIS2', 'C:\\workspaces\\TRELLIS2-1357\\ComfyUI\\.ce\\.pixi\\envs\\trellis2-nodes\\Lib\\site-packages', 'C:\\workspaces\\TRELLIS2-1357\\ComfyUI\\custom_nodes\\ComfyUI-TRELLIS2']
  [ComfyUI] [SubprocessWorker] is_pixi=True, python=C:\workspaces\TRELLIS2-1357\ComfyUI\.ce\.pixi\envs\trellis2-nodes\python.exe
  [ComfyUI] [SubprocessWorker] launching cmd=['C:\\Users\\ContainerAdministrator\\.pixi\\bin\\pixi.exe', 'run', '--as-is', '--manifest-path', 'C:\\workspaces\\TRELLIS2-1357\\ComfyUI\\.ce\\pixi.toml', '-e', 'trellis2-nodes', 'python', 'C:\\Users\\ContainerAdministrator\\AppData\\Local\\Temp\\comfyui_pvenv_pd2bk2zm\\persistent_worker.py', 'tcp://127.0.0.1:51062']...
  Node executed (1 total), capturing...
  Frame 2 saved (frame_001.jpg, t=0.7s)
  [capture-node] freeze=4ms shot=124ms unfreeze=4ms saved=True
  Frame 3 saved (frame_002.jpg, t=5.2s)
  [capture-periodic] freeze=3ms shot=117ms unfreeze=4ms saved=True
  [ComfyUI] [worker:ComfyUI-TRELLIS2] WARNING: WARNING: You need pytorch with cu130 or higher to use optimized CUDA operations.
  [ComfyUI] [SubprocessWorker] worker started/confirmed
  [ComfyUI] [SubprocessWorker] serializing kwargs to shm...
  [ComfyUI] [SubprocessWorker] created 0 shm blocks
  [ComfyUI] [SubprocessWorker] sending request via socket...
  [ComfyUI] [SubprocessWorker] call_id=1 sending call_method
  [capture-loop] iter=50 t=6.7s state={'complete': False, 'error': None, 'executedCount': 1, 'wsState': 1} eval_ms=4 ram=13.2/31.9GB (41%) swap=0.8/13.5GB (6%) cpu=8% browser_rss=0.64GB
  [ComfyUI] [worker:ComfyUI-TRELLIS2] [TRELLIS2] Downloading pipeline config from HuggingFace...
  [ComfyUI] Warning: You are sending unauthenticated requests to the HF Hub. Please set a HF_TOKEN to enable higher rate limits and faster downloads.
  [ComfyUI] [worker:ComfyUI-TRELLIS2] WARNING: Warning: You are sending unauthenticated requests to the HF Hub. Please set a HF_TOKEN to enable higher rate limits and faster downloads.
  [ComfyUI] 
  [ComfyUI] pipeline.json: 0.00B [00:00, ?B/s]
  [ComfyUI] pipeline.json: 4.19kB [00:00, 2.29MB/s]
  [ComfyUI] [worker:ComfyUI-TRELLIS2] [TRELLIS2] Pipeline config downloaded
  [ComfyUI] [worker:ComfyUI-TRELLIS2] [TRELLIS2] Downloading ckpts/ss_dec_conv3d_16l8_fp16 from microsoft/TRELLIS-image-large...
  [ComfyUI] 
  [ComfyUI] ss_dec_conv3d_16l8_fp16.json:   0%|          | 0.00/245 [00:00<?, ?B/s][SubprocessWorker] callback 'report_progress' from call_id=1
  [ComfyUI] 
  [ComfyUI] ss_dec_conv3d_16l8_fp16.json: 100%|██████████| 245/245 [00:00<00:00, 220kB/s]
  Frame 4 saved (frame_003.jpg, t=9.6s)
  [capture-periodic] freeze=3ms shot=116ms unfreeze=3ms saved=True
  [ComfyUI] 
  [ComfyUI] ckpts/ss_dec_conv3d_16l8_fp16.safetensor(…):   0%|          | 0.00/148M [00:00<?, ?B/s]
  [ComfyUI] ckpts/ss_dec_conv3d_16l8_fp16.safetensor(…):  45%|████▌     | 67.0M/148M [00:02<00:02, 29.4MB/s][SubprocessWorker] callback 'report_progress' from call_id=1
  [ComfyUI] [SubprocessWorker] callback 'report_progress' from call_id=1
  [ComfyUI] 
  [ComfyUI] ckpts/ss_dec_conv3d_16l8_fp16.safetensor(…): 100%|██████████| 148M/148M [00:02<00:00, 62.3MB/s]
  [ComfyUI] [worker:ComfyUI-TRELLIS2] [TRELLIS2] Downloaded ckpts/ss_dec_conv3d_16l8_fp16
  [ComfyUI] [SubprocessWorker] callback 'report_progress' from call_id=1
  [ComfyUI] [worker:ComfyUI-TRELLIS2] [TRELLIS2] Downloading ckpts/ss_flow_img_dit_1_3B_64_bf16 from microsoft/TRELLIS.2-4B...
  [ComfyUI] 
  [ComfyUI] ss_flow_img_dit_1_3B_64_bf16.json:   0%|          | 0.00/467 [00:00<?, ?B/s][SubprocessWorker] callback 'report_progress' from call_id=1
  [ComfyUI] 
  [ComfyUI] ss_flow_img_dit_1_3B_64_bf16.json: 100%|██████████| 467/467 [00:00<00:00, 265kB/s]
  [ComfyUI] 
  [capture-loop] iter=100 t=13.5s state={'complete': False, 'error': None, 'executedCount': 1, 'wsState': 1} eval_ms=3 ram=13.4/31.9GB (42%) swap=0.8/13.5GB (6%) cpu=8% browser_rss=0.64GB
  Frame 5 saved (frame_004.jpg, t=14.0s)
  [capture-periodic] freeze=3ms shot=122ms unfreeze=4ms saved=True
  [ComfyUI] ckpts/ss_flow_img_dit_1_3B_64_bf16.safet(…):   0%|          | 0.00/2.58G [00:00<?, ?B/s]
  [ComfyUI] ckpts/ss_flow_img_dit_1_3B_64_bf16.safet(…):   3%|▎         | 67.1M/2.58G [00:02<01:15, 33.5MB/s][SubprocessWorker] callback 'report_progress' from call_id=1
  Frame 6 saved (frame_005.jpg, t=16.2s)
  [capture-periodic] freeze=4ms shot=119ms unfreeze=4ms saved=True
  [capture-loop] iter=150 t=19.6s state={'complete': False, 'error': None, 'executedCount': 1, 'wsState': 1} eval_ms=4 ram=14.0/31.9GB (44%) swap=0.8/13.5GB (6%) cpu=14% browser_rss=0.64GB
  [ComfyUI] 
  [ComfyUI] ckpts/ss_flow_img_dit_1_3B_64_bf16.safet(…):   8%|▊         | 201M/2.58G [00:07<01:24, 28.3MB/s] [SubprocessWorker] callback 'report_progress' from call_id=1
  [ComfyUI] 
  [ComfyUI] ckpts/ss_flow_img_dit_1_3B_64_bf16.safet(…):  10%|█         | 268M/2.58G [00:07<00:56, 40.9MB/s][SubprocessWorker] callback 'report_progress' from call_id=1
  Frame 7 saved (frame_006.jpg, t=20.6s)
  [capture-periodic] freeze=3ms shot=127ms unfreeze=4ms saved=True
  [ComfyUI] 
  [ComfyUI] ckpts/ss_flow_img_dit_1_3B_64_bf16.safet(…):  18%|█▊        | 469M/2.58G [00:08<00:28, 73.8MB/s][SubprocessWorker] callback 'report_progress' from call_id=1
  [ComfyUI] 
  [ComfyUI] ckpts/ss_flow_img_dit_1_3B_64_bf16.safet(…):  21%|██        | 536M/2.58G [00:08<00:23, 87.9MB/s][SubprocessWorker] callback 'report_progress' from call_id=1
  Frame 8 saved (frame_007.jpg, t=22.8s)
  [capture-periodic] freeze=4ms shot=128ms unfreeze=3ms saved=True
  [ComfyUI] 
  [ComfyUI] ckpts/ss_flow_img_dit_1_3B_64_bf16.safet(…):  23%|██▎       | 603M/2.58G [00:11<00:36, 54.1MB/s][SubprocessWorker] callback 'report_progress' from call_id=1
  [ComfyUI] 
  [ComfyUI] ckpts/ss_flow_img_dit_1_3B_64_bf16.safet(…):  31%|███       | 805M/2.58G [00:11<00:17, 103MB/s] [SubprocessWorker] callback 'report_progress' from call_id=1
  Frame 9 saved (frame_008.jpg, t=24.9s)
  [capture-periodic] freeze=3ms shot=125ms unfreeze=3ms saved=True
  [capture-loop] iter=200 t=26.0s state={'complete': False, 'error': None, 'executedCount': 1, 'wsState': 1} eval_ms=4 ram=14.3/31.9GB (45%) swap=0.8/13.5GB (6%) cpu=16% browser_rss=0.58GB
  [ComfyUI] 
  [ComfyUI] ckpts/ss_flow_img_dit_1_3B_64_bf16.safet(…):  36%|███▋      | 939M/2.58G [00:14<00:21, 75.5MB/s][SubprocessWorker] callback 'report_progress' from call_id=1
  [ComfyUI] 
  [ComfyUI] ckpts/ss_flow_img_dit_1_3B_64_bf16.safet(…):  42%|████▏     | 1.07G/2.58G [00:14<00:14, 104MB/s][SubprocessWorker] callback 'report_progress' from call_id=1
  Frame 10 saved (frame_009.jpg, t=29.4s)
  [capture-periodic] freeze=3ms shot=125ms unfreeze=4ms saved=True
  [ComfyUI] 
  [ComfyUI] ckpts/ss_flow_img_dit_1_3B_64_bf16.safet(…):  44%|████▍     | 1.14G/2.58G [00:17<00:23, 62.0MB/s][SubprocessWorker] callback 'report_progress' from call_id=1
  [ComfyUI] 
  [ComfyUI] ckpts/ss_flow_img_dit_1_3B_64_bf16.safet(…):  47%|████▋     | 1.21G/2.58G [00:18<00:19, 69.9MB/s][SubprocessWorker] callback 'report_progress' from call_id=1
  Frame 11 saved (frame_010.jpg, t=31.7s)
  [capture-periodic] freeze=4ms shot=129ms unfreeze=3ms saved=True
  [capture-loop] iter=250 t=32.3s state={'complete': False, 'error': None, 'executedCount': 1, 'wsState': 1} eval_ms=4 ram=14.7/31.9GB (46%) swap=0.8/13.5GB (6%) cpu=21% browser_rss=0.58GB
  [ComfyUI] 
  [ComfyUI] ckpts/ss_flow_img_dit_1_3B_64_bf16.safet(…):  52%|█████▏    | 1.34G/2.58G [00:20<00:17, 72.3MB/s][SubprocessWorker] callback 'report_progress' from call_id=1
  [ComfyUI] 
  [ComfyUI] ckpts/ss_flow_img_dit_1_3B_64_bf16.safet(…):  60%|█████▉    | 1.54G/2.58G [00:20<00:08, 121MB/s] [SubprocessWorker] callback 'report_progress' from call_id=1
  [ComfyUI] 
  [ComfyUI] ckpts/ss_flow_img_dit_1_3B_64_bf16.safet(…):  67%|██████▋   | 1.74G/2.58G [00:20<00:04, 180MB/s][SubprocessWorker] callback 'report_progress' from call_id=1
  [ComfyUI] 
  [ComfyUI] ckpts/ss_flow_img_dit_1_3B_64_bf16.safet(…):  75%|███████▌  | 1.94G/2.58G [00:20<00:02, 250MB/s][SubprocessWorker] callback 'report_progress' from call_id=1
  [ComfyUI] 
  [ComfyUI] ckpts/ss_flow_img_dit_1_3B_64_bf16.safet(…):  80%|████████  | 2.08G/2.58G [00:21<00:01, 288MB/s][SubprocessWorker] callback 'report_progress' from call_id=1
  [ComfyUI] 
  [ComfyUI] ckpts/ss_flow_img_dit_1_3B_64_bf16.safet(…):  88%|████████▊ | 2.28G/2.58G [00:21<00:00, 374MB/s][SubprocessWorker] callback 'report_progress' from call_id=1
  Frame 12 saved (frame_011.jpg, t=33.9s)
  [capture-periodic] freeze=7ms shot=120ms unfreeze=3ms saved=True
  [ComfyUI] 
  [ComfyUI] ckpts/ss_flow_img_dit_1_3B_64_bf16.safet(…):  93%|█████████▎| 2.41G/2.58G [00:21<00:00, 406MB/s][SubprocessWorker] callback 'report_progress' from call_id=1
  [ComfyUI] 
  [ComfyUI] ckpts/ss_flow_img_dit_1_3B_64_bf16.safet(…): 100%|██████████| 2.58G/2.58G [00:21<00:00, 497MB/s][SubprocessWorker] callback 'report_progress' from call_id=1
  [ComfyUI] 
  [ComfyUI] ckpts/ss_flow_img_dit_1_3B_64_bf16.safet(…): 100%|██████████| 2.58G/2.58G [00:21<00:00, 119MB/s]
  [ComfyUI] [worker:ComfyUI-TRELLIS2] [TRELLIS2] Downloaded ckpts/ss_flow_img_dit_1_3B_64_bf16
  [ComfyUI] [SubprocessWorker] callback 'report_progress' from call_id=1
  [ComfyUI] [worker:ComfyUI-TRELLIS2] [TRELLIS2] Downloading ckpts/shape_dec_next_dc_f16c32_fp16 from microsoft/TRELLIS.2-4B...
  [ComfyUI] 
  [ComfyUI] shape_dec_next_dc_f16c32_fp16.json:   0%|          | 0.00/678 [00:00<?, ?B/s][SubprocessWorker] callback 'report_progress' from call_id=1
  [ComfyUI] 
  [ComfyUI] shape_dec_next_dc_f16c32_fp16.json: 100%|██████████| 678/678 [00:00<00:00, 415kB/s]
  [ComfyUI] 
  Frame 13 saved (frame_012.jpg, t=36.2s)
  [capture-periodic] freeze=4ms shot=116ms unfreeze=4ms saved=True
  [ComfyUI] ckpts/shape_dec_next_dc_f16c32_fp16.safe(…):   0%|          | 0.00/948M [00:00<?, ?B/s]
  [ComfyUI] ckpts/shape_dec_next_dc_f16c32_fp16.safe(…):   7%|▋         | 67.1M/948M [00:02<00:29, 29.8MB/s][SubprocessWorker] callback 'report_progress' from call_id=1
  [ComfyUI] 
  [ComfyUI] ckpts/shape_dec_next_dc_f16c32_fp16.safe(…):  14%|█▍        | 134M/948M [00:02<00:14, 54.9MB/s] [SubprocessWorker] callback 'report_progress' from call_id=1
  [ComfyUI] 
  [ComfyUI] ckpts/shape_dec_next_dc_f16c32_fp16.safe(…):  28%|██▊       | 268M/948M [00:03<00:06, 109MB/s] [SubprocessWorker] callback 'report_progress' from call_id=1
  [capture-loop] iter=300 t=38.4s state={'complete': False, 'error': None, 'executedCount': 1, 'wsState': 1} eval_ms=6 ram=13.8/31.9GB (43%) swap=0.8/13.5GB (6%) cpu=12% browser_rss=0.59GB
  Frame 14 saved (frame_013.jpg, t=38.4s)
  [capture-periodic] freeze=3ms shot=131ms unfreeze=4ms saved=True
  [ComfyUI] 
  [ComfyUI] ckpts/shape_dec_next_dc_f16c32_fp16.safe(…):  35%|███▌      | 335M/948M [00:06<00:13, 46.9MB/s][SubprocessWorker] callback 'report_progress' from call_id=1
  [ComfyUI] 
  [ComfyUI] ckpts/shape_dec_next_dc_f16c32_fp16.safe(…):  42%|████▏     | 402M/948M [00:07<00:09, 54.9MB/s][SubprocessWorker] callback 'report_progress' from call_id=1
  [ComfyUI] 
  [ComfyUI] ckpts/shape_dec_next_dc_f16c32_fp16.safe(…):  64%|██████▎   | 603M/948M [00:08<00:03, 100MB/s] [SubprocessWorker] callback 'report_progress' from call_id=1
  [ComfyUI] 
  [ComfyUI] ckpts/shape_dec_next_dc_f16c32_fp16.safe(…):  81%|████████  | 768M/948M [00:08<00:01, 151MB/s][SubprocessWorker] callback 'report_progress' from call_id=1
  Frame 15 saved (frame_014.jpg, t=42.9s)
  [capture-periodic] freeze=3ms shot=129ms unfreeze=4ms saved=True
  [ComfyUI] 
  [ComfyUI] ckpts/shape_dec_next_dc_f16c32_fp16.safe(…):  92%|█████████▏| 872M/948M [00:08<00:00, 181MB/s][SubprocessWorker] callback 'report_progress' from call_id=1
  [ComfyUI] [SubprocessWorker] callback 'report_progress' from call_id=1
  [ComfyUI] 
  [ComfyUI] ckpts/shape_dec_next_dc_f16c32_fp16.safe(…): 100%|██████████| 948M/948M [00:08<00:00, 110MB/s]
  [ComfyUI] [worker:ComfyUI-TRELLIS2] [TRELLIS2] Downloaded ckpts/shape_dec_next_dc_f16c32_fp16
  [ComfyUI] [SubprocessWorker] callback 'report_progress' from call_id=1
  [ComfyUI] [worker:ComfyUI-TRELLIS2] [TRELLIS2] Downloading ckpts/slat_flow_img2shape_dit_1_3B_512_bf16 from microsoft/TRELLIS.2-4B...
  [ComfyUI] 
  [ComfyUI] (…)at_flow_img2shape_dit_1_3B_512_bf16.json:   0%|          | 0.00/458 [00:00<?, ?B/s][SubprocessWorker] callback 'report_progress' from call_id=1
  [ComfyUI] 
  [ComfyUI] (…)at_flow_img2shape_dit_1_3B_512_bf16.json: 100%|██████████| 458/458 [00:00<00:00, 462kB/s]
  [ComfyUI] 
  [capture-loop] iter=350 t=44.7s state={'complete': False, 'error': None, 'executedCount': 1, 'wsState': 1} eval_ms=4 ram=13.8/31.9GB (43%) swap=0.8/13.5GB (6%) cpu=12% browser_rss=0.59GB
  Frame 16 saved (frame_015.jpg, t=45.2s)
  [capture-periodic] freeze=3ms shot=124ms unfreeze=3ms saved=True
  [ComfyUI] ckpts/slat_flow_img2shape_dit_1_3B_512_b(…):   0%|          | 0.00/2.58G [00:00<?, ?B/s]
  [ComfyUI] ckpts/slat_flow_img2shape_dit_1_3B_512_b(…):   3%|▎         | 67.1M/2.58G [00:03<01:52, 22.3MB/s][SubprocessWorker] callback 'report_progress' from call_id=1
  Frame 17 saved (frame_016.jpg, t=47.4s)
  [capture-periodic] freeze=3ms shot=120ms unfreeze=3ms saved=True
  [ComfyUI] 
  [ComfyUI] ckpts/slat_flow_img2shape_dit_1_3B_512_b(…):   8%|▊         | 201M/2.58G [00:06<01:10, 33.8MB/s] [SubprocessWorker] callback 'report_progress' from call_id=1
  [ComfyUI] 
  [ComfyUI] ckpts/slat_flow_img2shape_dit_1_3B_512_b(…):  13%|█▎        | 335M/2.58G [00:06<00:34, 65.3MB/s][SubprocessWorker] callback 'report_progress' from call_id=1
  [ComfyUI] 
  [ComfyUI] ckpts/slat_flow_img2shape_dit_1_3B_512_b(…):  18%|█▊        | 470M/2.58G [00:06<00:20, 104MB/s] [SubprocessWorker] callback 'report_progress' from call_id=1
  [capture-loop] iter=400 t=50.9s state={'complete': False, 'error': None, 'executedCount': 1, 'wsState': 1} eval_ms=4 ram=14.1/31.9GB (44%) swap=0.8/13.5GB (6%) cpu=14% browser_rss=0.59GB
  Frame 18 saved (frame_017.jpg, t=51.7s)
  [capture-periodic] freeze=4ms shot=135ms unfreeze=4ms saved=True
  [ComfyUI] 
  [ComfyUI] ckpts/slat_flow_img2shape_dit_1_3B_512_b(…):  21%|██        | 537M/2.58G [00:14<01:08, 30.0MB/s][SubprocessWorker] callback 'report_progress' from call_id=1
  [ComfyUI] 
  [ComfyUI] ckpts/slat_flow_img2shape_dit_1_3B_512_b(…):  23%|██▎       | 604M/2.58G [00:15<00:58, 33.7MB/s][SubprocessWorker] callback 'report_progress' from call_id=1
  [ComfyUI] 
  [ComfyUI] ckpts/slat_flow_img2shape_dit_1_3B_512_b(…):  31%|███       | 805M/2.58G [00:15<00:26, 66.7MB/s][SubprocessWorker] callback 'report_progress' from call_id=1
  Frame 19 saved (frame_018.jpg, t=57.9s)
  [capture-periodic] freeze=4ms shot=1590ms unfreeze=4ms saved=True
  [ComfyUI] 
  [ComfyUI] ckpts/slat_flow_img2shape_dit_1_3B_512_b(…):  39%|███▉      | 1.01G/2.58G [00:16<00:14, 109MB/s][SubprocessWorker] callback 'report_progress' from call_id=1
  [ComfyUI] 
  [ComfyUI] ckpts/slat_flow_img2shape_dit_1_3B_512_b(…):  44%|████▍     | 1.14G/2.58G [00:16<00:10, 142MB/s][SubprocessWorker] callback 'report_progress' from call_id=1
  [ComfyUI] 
  [ComfyUI] ckpts/slat_flow_img2shape_dit_1_3B_512_b(…):  47%|████▋     | 1.21G/2.58G [00:16<00:08, 154MB/s][SubprocessWorker] callback 'report_progress' from call_id=1
  [ComfyUI] [worker:ComfyUI-TRELLIS2]
  [ComfyUI] === WATCHDOG TICK 1 ===
  [ComfyUI] [worker:ComfyUI-TRELLIS2] Thread 0x0000399c (most recent call first):
  [ComfyUI]   File "C:\workspaces\TRELLIS2-1357\ComfyUI\.ce\.pixi\envs\trellis2-nodes\Lib\threading.py", line 359 in wait
  [ComfyUI]   File "C:\workspaces\TRELLIS2-1357\ComfyUI\.ce\.pixi\envs\trellis2-nodes\Lib\threading.py", line 655 in wait
  [ComfyUI]   File "C:\workspaces\TRELLIS2-1357\ComfyUI\.ce\.pixi\envs\trellis2-nodes\Lib\site-packages\tqdm\_monitor.py", line 60 in run
  [ComfyUI]   File "C:\workspaces\TRELLIS2-1357\ComfyUI\.ce\.pixi\envs\trellis2-nodes\Lib\threading.py", line 1075 in _bootstrap_inner
  [ComfyUI]   File "C:\workspaces\TRELLIS2-1357\ComfyUI\.ce\.pixi\envs\trellis2-nodes\Lib\threading.py", line 1032 in _bootstrap
  [ComfyUI] 
  [ComfyUI] Thread 0x000041a4 (most recent call first):
  [ComfyUI]   File "C:\workspaces\TRELLIS2-1357\ComfyUI\.ce\.pixi\envs\trellis2-nodes\Lib\threading.py", line 359 in wait
  [ComfyUI]   File "C:\workspaces\TRELLIS2-1357\ComfyUI\.ce\.pixi\envs\trellis2-nodes\Lib\threading.py", line 655 in wait
  [ComfyUI]   File "C:\workspaces\TRELLIS2-1357\ComfyUI\.ce\.pixi\envs\trellis2-nodes\Lib\site-packages\tqdm\_monitor.py", line 60 in run
  [ComfyUI]   File "C:\workspaces\TRELLIS2-1357\ComfyUI\.ce\.pixi\envs\trellis2-nodes\Lib\threading.py", line 1075 in _bootstrap_inner
  [ComfyUI]   File "C:\workspaces\TRELLIS2-1357\ComfyUI\.ce\.pixi\envs\trellis2-nodes\Lib\threading.py", line 1032 in _bootstrap
  [ComfyUI] 
  [ComfyUI] Thread 0x000043c0 (most recent call first):
  [ComfyUI]   File "C:\workspaces\TRELLIS2-1357\ComfyUI\.ce\.pixi\envs\trellis2-nodes\Lib\threading.py", line 359 in wait
  [ComfyUI]   File "C:\workspaces\TRELLIS2-1357\ComfyUI\.ce\.pixi\envs\trellis2-nodes\Lib\threading.py", line 655 in wait
  [ComfyUI]   File "C:\workspaces\TRELLIS2-1357\ComfyUI\.ce\.pixi\envs\trellis2-nodes\Lib\site-packages\tqdm\_monitor.py", line 60 in run
  [ComfyUI]   File "C:\workspaces\TRELLIS2-1357\ComfyUI\.ce\.pixi\envs\trellis2-nodes\Lib\threading.py", line 1075 in _bootstrap_inner
  [ComfyUI]   File "C:\workspaces\TRELLIS2-1357\ComfyUI\.ce\.pixi\envs\trellis2-nodes\Lib\threading.py", line 1032 in _bootstrap
  [ComfyUI] 
  [ComfyUI] Thread 0x00003a3c (most recent call first):
  [ComfyUI]   File "C:\workspaces\TRELLIS2-1357\ComfyUI\.ce\.pixi\envs\trellis2-nodes\Lib\threading.py", line 359 in wait
  [ComfyUI]   File "C:\workspaces\TRELLIS2-1357\ComfyUI\.ce\.pixi\envs\trellis2-nodes\Lib\threading.py", line 655 in wait
  [ComfyUI]   File "C:\workspaces\TRELLIS2-1357\ComfyUI\.ce\.pixi\envs\trellis2-nodes\Lib\site-packages\tqdm\_monitor.py", line 60 in run
  [ComfyUI]   File "C:\workspaces\TRELLIS2-1357\ComfyUI\.ce\.pixi\envs\trellis2-nodes\Lib\threading.py", line 1075 in _bootstrap_inner
  [ComfyUI]   File "C:\workspaces\TRELLIS2-1357\ComfyUI\.ce\.pixi\envs\trellis2-nodes\Lib\threading.py", line 1032 in _bootstrap
  [ComfyUI] 
  [ComfyUI] Thread 0x000042e0 (most recent call first):
  [ComfyUI]   File "C:\workspaces\TRELLIS2-1357\ComfyUI\.ce\.pixi\envs\trellis2-nodes\Lib\threading.py", line 359 in wait
  [ComfyUI]   File "C:\workspaces\TRELLIS2-1357\ComfyUI\.ce\.pixi\envs\trellis2-nodes\Lib\threading.py", line 655 in wait
  [ComfyUI]   File "C:\workspaces\TRELLIS2-1357\ComfyUI\.ce\.pixi\envs\trellis2-nodes\Lib\site-packages\tqdm\_monitor.py", line 60 in run
  [ComfyUI]   File "C:\workspaces\TRELLIS2-1357\ComfyUI\.ce\.pixi\envs\trellis2-nodes\Lib\threading.py", line 1075 in _bootstrap_inner
  [ComfyUI]   File "C:\workspaces\TRELLIS2-1357\ComfyUI\.ce\.pixi\envs\trellis2-nodes\Lib\threading.py", line 1032 in _bootstrap
  [ComfyUI] 
  [ComfyUI] Thread 0x00003ee4 (most recent call first):
  [ComfyUI]   File "C:\workspaces\TRELLIS2-1357\ComfyUI\.ce\.pixi\envs\trellis2-nodes\Lib\threading.py", line 359 in wait
  [ComfyUI]   File "C:\workspaces\TRELLIS2-1357\ComfyUI\.ce\.pixi\envs\trellis2-nodes\Lib\threading.py", line 655 in wait
  [ComfyUI]   File "C:\workspaces\TRELLIS2-1357\ComfyUI\.ce\.pixi\envs\trellis2-nodes\Lib\site-packages\tqdm\_monitor.py", line 60 in run
  [ComfyUI]   File "C:\workspaces\TRELLIS2-1357\ComfyUI\.ce\.pixi\envs\trellis2-nodes\Lib\threading.py", line 1075 in _bootstrap_inner
  [ComfyUI]   File "C:\workspaces\TRELLIS2-1357\ComfyUI\.ce\.pixi\envs\trellis2-nodes\Lib\threading.py", line 1032 in _bootstrap
  [ComfyUI] 
  [ComfyUI] Thread 0x00003830 (most recent call first):
  [ComfyUI]   File "C:\workspaces\TRELLIS2-1357\ComfyUI\.ce\.pixi\envs\trellis2-nodes\Lib\threading.py", line 359 in wait
  [ComfyUI]   File "C:\workspaces\TRELLIS2-1357\ComfyUI\.ce\.pixi\envs\trellis2-nodes\Lib\threading.py", line 655 in wait
  [ComfyUI]   File "C:\workspaces\TRELLIS2-1357\ComfyUI\.ce\.pixi\envs\trellis2-nodes\Lib\site-packages\tqdm\_monitor.py", line 60 in run
  [ComfyUI]   File "C:\workspaces\TRELLIS2-1357\ComfyUI\.ce\.pixi\envs\trellis2-nodes\Lib\threading.py", line 1075 in _bootstrap_inner
  [ComfyUI]   File "C:\workspaces\TRELLIS2-1357\ComfyUI\.ce\.pixi\envs\trellis2-nodes\Lib\threading.py", line 1032 in _bootstrap
  [ComfyUI] 
  [ComfyUI] Thread 0x00000fc0 (most recent call first):
  [ComfyUI]   File "C:\workspaces\TRELLIS2-1357\ComfyUI\.ce\.pixi\envs\trellis2-nodes\Lib\threading.py", line 359 in wait
  [ComfyUI]   File "C:\workspaces\TRELLIS2-1357\ComfyUI\.ce\.pixi\envs\trellis2-nodes\Lib\threading.py", line 655 in wait
  [ComfyUI]   File "C:\workspaces\TRELLIS2-1357\ComfyUI\.ce\.pixi\envs\trellis2-nodes\Lib\site-packages\tqdm\_monitor.py", line 60 in run
  [ComfyUI]   File "C:\workspaces\TRELLIS2-1357\ComfyUI\.ce\.pixi\envs\trellis2-nodes\Lib\threading.py", line 1075 in _bootstrap_inner
  [ComfyUI]   File "C:\workspaces\TRELLIS2-1357\ComfyUI\.ce\.pixi\envs\trellis2-nodes\Lib\threading.py", line 1032 in _bootstrap
  [ComfyUI] 
  [ComfyUI] Thread 0x0000281c (most recent call first):
  [ComfyUI]   File "C:\workspaces\TRELLIS2-1357\ComfyUI\.ce\.pixi\envs\trellis2-nodes\Lib\threading.py", line 359 in wait
  [ComfyUI]   File "C:\workspaces\TRELLIS2-1357\ComfyUI\.ce\.pixi\envs\trellis2-nodes\Lib\threading.py", line 655 in wait
  [ComfyUI]   File "C:\workspaces\TRELLIS2-1357\ComfyUI\.ce\.pixi\envs\trellis2-nodes\Lib\site-packages\tqdm\_monitor.py", line 60 in run
  [ComfyUI]   File "C:\workspaces\TRELLIS2-1357\ComfyUI\.ce\.pixi\envs\trellis2-nodes\Lib\threading.py", line 1075 in _bootstrap_inner
  [ComfyUI]   File "C:\workspaces\TRELLIS2-1357\ComfyUI\.ce\.pixi\envs\trellis2-nodes\Lib\threading.py", line 1032 in _bootstrap
  [ComfyUI] 
  [ComfyUI] Thread 0x000010a4 (most recent call first):
  [ComfyUI]   File "C:\Users\ContainerAdministrator\AppData\Local\Temp\comfyui_pvenv_pd2bk2zm\persistent_worker.py", line 106 in _vram_poller
  [ComfyUI]   File "C:\workspaces\TRELLIS2-1357\ComfyUI\.ce\.pixi\envs\trellis2-nodes\Lib\threading.py", line 1012 in run
  [ComfyUI]   File "C:\workspaces\TRELLIS2-1357\ComfyUI\.ce\.pixi\envs\trellis2-nodes\Lib\threading.py", line 1075 in _bootstrap_inner
  [ComfyUI]   File "C:\workspaces\TRELLIS2-1357\ComfyUI\.ce\.pixi\envs\trellis2-nodes\Lib\threading.py", line 1032 in _bootstrap
  [ComfyUI] 
  [ComfyUI] Current thread 0x00003114 (most recent call first):
  [ComfyUI]   File "C:\Users\ContainerAdministrator\AppData\Local\Temp\comfyui_pvenv_pd2bk2zm\persistent_worker.py", line 52 in _watchdog
  [ComfyUI]   File "C:\workspaces\TRELLIS2-1357\ComfyUI\.ce\.pixi\envs\trellis2-nodes\Lib\threading.py", line 1012 in run
  [ComfyUI]   File "C:\workspaces\TRELLIS2-1357\ComfyUI\.ce\.pixi\envs\trellis2-nodes\Lib\threading.py", line 1075 in _bootstrap_inner
  [ComfyUI]   File "C:\workspaces\TRELLIS2-1357\ComfyUI\.ce\.pixi\envs\trellis2-nodes\Lib\threading.py", line 1032 in _bootstrap
  [ComfyUI] 
  [ComfyUI] Thread 0x00002e9c (most recent call first):
  [ComfyUI]   File "C:\workspaces\TRELLIS2-1357\ComfyUI\.ce\.pixi\envs\trellis2-nodes\Lib\site-packages\huggingface_hub\file_download.py", line 558 in xet_get
  [ComfyUI]   File "C:\workspaces\TRELLIS2-1357\ComfyUI\.ce\.pixi\envs\trellis2-nodes\Lib\site-packages\huggingface_hub\file_download.py", line 1842 in _download_to_tmp_and_move
  [ComfyUI]   File "C:\workspaces\TRELLIS2-1357\ComfyUI\.ce\.pixi\envs\trellis2-nodes\Lib\site-packages\huggingface_hub\file_download.py", line 1427 in _hf_hub_download_to_local_dir
  [ComfyUI]   File "C:\workspaces\TRELLIS2-1357\ComfyUI\.ce\.pixi\envs\trellis2-nodes\Lib\site-packages\huggingface_hub\file_download.py", line 976 in hf_hub_download
  [ComfyUI]   File "C:\workspaces\TRELLIS2-1357\ComfyUI\.ce\.pixi\envs\trellis2-nodes\Lib\site-packages\huggingface_hub\utils\_validators.py", line 88 in _inner_fn
  [ComfyUI]   File "C:\workspaces\TRELLIS2-1357\ComfyUI\custom_nodes\ComfyUI-TRELLIS2\nodes\stages.py", line 224 in _init_config
  [ComfyUI]   File "C:\workspaces\TRELLIS2-1357\ComfyUI\custom_nodes\ComfyUI-TRELLIS2\nodes\nodes_loader.py", line 71 in execute
  [ComfyUI]   File "C:\workspaces\TRELLIS2-1357\ComfyUI\comfy_api\latest\_io.py", line 1833 in EXECUTE_NORMALIZED
  [ComfyUI]   File "C:\Users\ContainerAdministrator\AppData\Local\Temp\comfyui_pvenv_pd2bk2zm\persistent_worker.py", line 1762 in main
  [ComfyUI]   File "C:\Users\ContainerAdministrator\AppData\Local\Temp\comfyui_pvenv_pd2bk2zm\persistent_worker.py", line 1807 in <module>
  [ComfyUI] 
  [ComfyUI] [worker:ComfyUI-TRELLIS2] === END ===
  [ComfyUI] 
  [ComfyUI] 
  [ComfyUI] ckpts/slat_flow_img2shape_dit_1_3B_512_b(…):  49%|████▉     | 1.27G/2.58G [00:18<00:12, 104MB/s][SubprocessWorker] callback 'report_progress' from call_id=1
  Frame 20 saved (frame_019.jpg, t=61.6s)
  [capture-periodic] freeze=4ms shot=136ms unfreeze=4ms saved=True
  [ComfyUI] 
  [ComfyUI] ckpts/slat_flow_img2shape_dit_1_3B_512_b(…):  54%|█████▍    | 1.41G/2.58G [00:18<00:08, 147MB/s][SubprocessWorker] callback 'report_progress' from call_id=1
  [ComfyUI] 
  [ComfyUI] ckpts/slat_flow_img2shape_dit_1_3B_512_b(…):  60%|█████▉    | 1.54G/2.58G [00:18<00:05, 194MB/s][SubprocessWorker] callback 'report_progress' from call_id=1
  [ComfyUI] 
  [ComfyUI] ckpts/slat_flow_img2shape_dit_1_3B_512_b(…):  62%|██████▏   | 1.61G/2.58G [00:18<00:04, 205MB/s][SubprocessWorker] callback 'report_progress' from call_id=1
  [ComfyUI] 
  [ComfyUI] ckpts/slat_flow_img2shape_dit_1_3B_512_b(…):  65%|██████▍   | 1.68G/2.58G [00:19<00:05, 160MB/s][SubprocessWorker] callback 'report_progress' from call_id=1
  [capture-loop] iter=450 t=63.4s state={'complete': False, 'error': None, 'executedCount': 1, 'wsState': 1} eval_ms=4 ram=14.6/31.9GB (46%) swap=0.8/13.5GB (6%) cpu=15% browser_rss=0.57GB
  [ComfyUI] 
  [ComfyUI] ckpts/slat_flow_img2shape_dit_1_3B_512_b(…):  70%|███████   | 1.81G/2.58G [00:19<00:03, 219MB/s][SubprocessWorker] callback 'report_progress' from call_id=1
  [ComfyUI] 
  [ComfyUI] ckpts/slat_flow_img2shape_dit_1_3B_512_b(…):  75%|███████▌  | 1.94G/2.58G [00:20<00:02, 275MB/s][SubprocessWorker] callback 'report_progress' from call_id=1
  [ComfyUI] 
  [ComfyUI] ckpts/slat_flow_img2shape_dit_1_3B_512_b(…):  83%|████████▎ | 2.15G/2.58G [00:20<00:01, 386MB/s][SubprocessWorker] callback 'report_progress' from call_id=1
  Frame 21 saved (frame_020.jpg, t=63.8s)
  [capture-periodic] freeze=3ms shot=124ms unfreeze=4ms saved=True
  [ComfyUI] 
  [ComfyUI] ckpts/slat_flow_img2shape_dit_1_3B_512_b(…):  88%|████████▊ | 2.28G/2.58G [00:20<00:00, 417MB/s][SubprocessWorker] callback 'report_progress' from call_id=1
  [ComfyUI] 
  [ComfyUI] ckpts/slat_flow_img2shape_dit_1_3B_512_b(…):  96%|█████████▌| 2.48G/2.58G [00:20<00:00, 515MB/s][SubprocessWorker] callback 'report_progress' from call_id=1
  [ComfyUI] 
  [ComfyUI] ckpts/slat_flow_img2shape_dit_1_3B_512_b(…): 100%|██████████| 2.58G/2.58G [00:20<00:00, 570MB/s][SubprocessWorker] callback 'report_progress' from call_id=1
  [ComfyUI] 
  [ComfyUI] ckpts/slat_flow_img2shape_dit_1_3B_512_b(…): 100%|██████████| 2.58G/2.58G [00:20<00:00, 124MB/s]
  [ComfyUI] [worker:ComfyUI-TRELLIS2] [TRELLIS2] Downloaded ckpts/slat_flow_img2shape_dit_1_3B_512_bf16
  [ComfyUI] [SubprocessWorker] callback 'report_progress' from call_id=1
  [ComfyUI] [worker:ComfyUI-TRELLIS2] [TRELLIS2] Downloading ckpts/slat_flow_img2shape_dit_1_3B_1024_bf16 from microsoft/TRELLIS.2-4B...
  [ComfyUI] 
  [ComfyUI] (…)t_flow_img2shape_dit_1_3B_1024_bf16.json:   0%|          | 0.00/458 [00:00<?, ?B/s][SubprocessWorker] callback 'report_progress' from call_id=1
  [ComfyUI] 
  [ComfyUI] (…)t_flow_img2shape_dit_1_3B_1024_bf16.json: 100%|██████████| 458/458 [00:00<00:00, 318kB/s]
  [ComfyUI] 
  Frame 22 saved (frame_021.jpg, t=66.1s)
  [capture-periodic] freeze=4ms shot=128ms unfreeze=4ms saved=True
  [ComfyUI] ckpts/slat_flow_img2shape_dit_1_3B_1024_(…):   0%|          | 0.00/2.58G [00:00<?, ?B/s]
  [ComfyUI] ckpts/slat_flow_img2shape_dit_1_3B_1024_(…):   3%|▎         | 67.1M/2.58G [00:02<01:24, 29.8MB/s][SubprocessWorker] callback 'report_progress' from call_id=1
  [ComfyUI] 
  [ComfyUI] ckpts/slat_flow_img2shape_dit_1_3B_1024_(…):   5%|▌         | 134M/2.58G [00:02<00:44, 54.9MB/s] [SubprocessWorker] callback 'report_progress' from call_id=1
  [ComfyUI] 
  [ComfyUI] ckpts/slat_flow_img2shape_dit_1_3B_1024_(…):   8%|▊         | 201M/2.58G [00:03<00:27, 86.2MB/s][SubprocessWorker] callback 'report_progress' from call_id=1
  Frame 23 saved (frame_022.jpg, t=68.3s)
  [capture-periodic] freeze=4ms shot=127ms unfreeze=3ms saved=True
  [capture-loop] iter=500 t=69.6s state={'complete': False, 'error': None, 'executedCount': 1, 'wsState': 1} eval_ms=5 ram=14.2/31.9GB (44%) swap=0.8/13.5GB (6%) cpu=11% browser_rss=0.57GB
  [ComfyUI] 
  [ComfyUI] ckpts/slat_flow_img2shape_dit_1_3B_1024_(…):  10%|█         | 268M/2.58G [00:05<00:50, 46.0MB/s][SubprocessWorker] callback 'report_progress' from call_id=1
  Frame 24 saved (frame_023.jpg, t=70.5s)
  [capture-periodic] freeze=3ms shot=127ms unfreeze=5ms saved=True
  [ComfyUI] 
  [ComfyUI] ckpts/slat_flow_img2shape_dit_1_3B_1024_(…):  13%|█▎        | 335M/2.58G [00:09<01:16, 29.3MB/s][SubprocessWorker] callback 'report_progress' from call_id=1
  [ComfyUI] 
  [ComfyUI] ckpts/slat_flow_img2shape_dit_1_3B_1024_(…):  16%|█▌        | 402M/2.58G [00:09<00:51, 42.1MB/s][SubprocessWorker] callback 'report_progress' from call_id=1
  [ComfyUI] 
  [ComfyUI] ckpts/slat_flow_img2shape_dit_1_3B_1024_(…):  23%|██▎       | 604M/2.58G [00:09<00:20, 96.1MB/s][SubprocessWorker] callback 'report_progress' from call_id=1
  [ComfyUI] 
  [ComfyUI] ckpts/slat_flow_img2shape_dit_1_3B_1024_(…):  30%|██▉       | 768M/2.58G [00:10<00:12, 148MB/s] [SubprocessWorker] callback 'report_progress' from call_id=1
  [ComfyUI] [SubprocessWorker] callback 'report_progress' from call_id=1
  Frame 25 saved (frame_024.jpg, t=75.0s)
  [capture-periodic] freeze=4ms shot=447ms unfreeze=4ms saved=True
  [ComfyUI] 
  [ComfyUI] ckpts/slat_flow_img2shape_dit_1_3B_1024_(…):  34%|███▎      | 872M/2.58G [00:11<00:14, 122MB/s][SubprocessWorker] callback 'report_progress' from call_id=1
  [ComfyUI] 
  [ComfyUI] ckpts/slat_flow_img2shape_dit_1_3B_1024_(…):  36%|███▋      | 939M/2.58G [00:12<00:18, 90.8MB/s][SubprocessWorker] callback 'report_progress' from call_id=1
  [ComfyUI] 
  [ComfyUI] ckpts/slat_flow_img2shape_dit_1_3B_1024_(…):  42%|████▏     | 1.07G/2.58G [00:15<00:20, 72.6MB/s][SubprocessWorker] callback 'report_progress' from call_id=1
  Frame 26 saved (frame_025.jpg, t=77.6s)
  [capture-periodic] freeze=4ms shot=3150ms unfreeze=4ms saved=True
  [ComfyUI] 
  [ComfyUI] ckpts/slat_flow_img2shape_dit_1_3B_1024_(…):  44%|████▍     | 1.14G/2.58G [00:16<00:19, 75.5MB/s][SubprocessWorker] callback 'report_progress' from call_id=1
  [ComfyUI] 
  [ComfyUI] ckpts/slat_flow_img2shape_dit_1_3B_1024_(…):  47%|████▋     | 1.21G/2.58G [00:16<00:15, 90.2MB/s][SubprocessWorker] callback 'report_progress' from call_id=1
  [ComfyUI] 
  [ComfyUI] ckpts/slat_flow_img2shape_dit_1_3B_1024_(…):  49%|████▉     | 1.27G/2.58G [00:16<00:13, 98.1MB/s][SubprocessWorker] callback 'report_progress' from call_id=1
  [ComfyUI] 
  [ComfyUI] ckpts/slat_flow_img2shape_dit_1_3B_1024_(…):  57%|█████▋    | 1.48G/2.58G [00:17<00:06, 178MB/s] [SubprocessWorker] callback 'report_progress' from call_id=1
  [capture-loop] iter=550 t=82.1s state={'complete': False, 'error': None, 'executedCount': 1, 'wsState': 1} eval_ms=6 ram=14.4/31.9GB (45%) swap=0.8/13.5GB (6%) cpu=16% browser_rss=0.57GB
  Frame 27 saved (frame_026.jpg, t=82.8s)
  [capture-periodic] freeze=3ms shot=125ms unfreeze=4ms saved=True
  [ComfyUI] 
  [ComfyUI] ckpts/slat_flow_img2shape_dit_1_3B_1024_(…):  65%|██████▍   | 1.68G/2.58G [00:18<00:06, 145MB/s][SubprocessWorker] callback 'report_progress' from call_id=1
  [ComfyUI] 
  [ComfyUI] ckpts/slat_flow_img2shape_dit_1_3B_1024_(…):  73%|███████▎  | 1.88G/2.58G [00:19<00:03, 191MB/s][SubprocessWorker] callback 'report_progress' from call_id=1
  [ComfyUI] 
  [ComfyUI] ckpts/slat_flow_img2shape_dit_1_3B_1024_(…):  78%|███████▊  | 2.01G/2.58G [00:19<00:02, 230MB/s][SubprocessWorker] callback 'report_progress' from call_id=1
  [ComfyUI] 
  [ComfyUI] ckpts/slat_flow_img2shape_dit_1_3B_1024_(…):  86%|████████▌ | 2.21G/2.58G [00:19<00:01, 307MB/s][SubprocessWorker] callback 'report_progress' from call_id=1
  [ComfyUI] 
  [ComfyUI] ckpts/slat_flow_img2shape_dit_1_3B_1024_(…):  91%|█████████ | 2.35G/2.58G [00:20<00:00, 346MB/s][SubprocessWorker] callback 'report_progress' from call_id=1
  [ComfyUI] 
  [ComfyUI] ckpts/slat_flow_img2shape_dit_1_3B_1024_(…):  99%|█████████▊| 2.55G/2.58G [00:20<00:00, 435MB/s][SubprocessWorker] callback 'report_progress' from call_id=1
  [ComfyUI] [SubprocessWorker] callback 'report_progress' from call_id=1
  [ComfyUI] 
  [ComfyUI] ckpts/slat_flow_img2shape_dit_1_3B_1024_(…): 100%|██████████| 2.58G/2.58G [00:20<00:00, 127MB/s]
  [ComfyUI] [worker:ComfyUI-TRELLIS2] [TRELLIS2] Downloaded ckpts/slat_flow_img2shape_dit_1_3B_1024_bf16
  [ComfyUI] [SubprocessWorker] callback 'report_progress' from call_id=1
  [ComfyUI] [worker:ComfyUI-TRELLIS2] [TRELLIS2] Downloading ckpts/tex_dec_next_dc_f16c32_fp16 from microsoft/TRELLIS.2-4B...
  Frame 28 saved (frame_027.jpg, t=85.0s)
  [capture-periodic] freeze=3ms shot=119ms unfreeze=4ms saved=True
  [ComfyUI] 
  [ComfyUI] tex_dec_next_dc_f16c32_fp16.json:   0%|          | 0.00/705 [00:00<?, ?B/s][SubprocessWorker] callback 'report_progress' from call_id=1
  [ComfyUI] 
  [ComfyUI] tex_dec_next_dc_f16c32_fp16.json: 100%|██████████| 705/705 [00:00<00:00, 439kB/s]
  [ComfyUI] 
  Frame 29 saved (frame_028.jpg, t=87.3s)
  [capture-periodic] freeze=5ms shot=115ms unfreeze=3ms saved=True
  [capture-loop] iter=600 t=88.3s state={'complete': False, 'error': None, 'executedCount': 1, 'wsState': 1} eval_ms=4 ram=14.0/31.9GB (44%) swap=0.8/13.5GB (6%) cpu=11% browser_rss=0.57GB
  [ComfyUI] ckpts/tex_dec_next_dc_f16c32_fp16.safete(…):   0%|          | 0.00/948M [00:00<?, ?B/s]
  [ComfyUI] ckpts/tex_dec_next_dc_f16c32_fp16.safete(…):   7%|▋         | 67.1M/948M [00:03<00:42, 20.6MB/s][SubprocessWorker] callback 'report_progress' from call_id=1
  [ComfyUI] 
  [ComfyUI] ckpts/tex_dec_next_dc_f16c32_fp16.safete(…):  21%|██        | 201M/948M [00:03<00:10, 71.6MB/s] [SubprocessWorker] callback 'report_progress' from call_id=1
  [ComfyUI] 
  [ComfyUI] ckpts/tex_dec_next_dc_f16c32_fp16.safete(…):  28%|██▊       | 268M/948M [00:03<00:07, 95.9MB/s][SubprocessWorker] callback 'report_progress' from call_id=1
  Frame 30 saved (frame_029.jpg, t=89.5s)
  [capture-periodic] freeze=2ms shot=133ms unfreeze=3ms saved=True
  [ComfyUI] 
  [ComfyUI] ckpts/tex_dec_next_dc_f16c32_fp16.safete(…):  35%|███▌      | 335M/948M [00:06<00:12, 48.7MB/s][SubprocessWorker] callback 'report_progress' from call_id=1
  [ComfyUI] 
  [ComfyUI] ckpts/tex_dec_next_dc_f16c32_fp16.safete(…):  42%|████▏     | 402M/948M [00:07<00:08, 61.2MB/s][SubprocessWorker] callback 'report_progress' from call_id=1
  [ComfyUI] 
  [ComfyUI] ckpts/tex_dec_next_dc_f16c32_fp16.safete(…):  49%|████▉     | 469M/948M [00:07<00:05, 80.8MB/s][SubprocessWorker] callback 'report_progress' from call_id=1
  [ComfyUI] 
  [ComfyUI] ckpts/tex_dec_next_dc_f16c32_fp16.safete(…):  57%|█████▋    | 537M/948M [00:07<00:03, 103MB/s] [SubprocessWorker] callback 'report_progress' from call_id=1
  [ComfyUI] 
  [ComfyUI] ckpts/tex_dec_next_dc_f16c32_fp16.safete(…):  64%|██████▎   | 604M/948M [00:08<00:03, 111MB/s][SubprocessWorker] callback 'report_progress' from call_id=1
  [ComfyUI] 
  [ComfyUI] ckpts/tex_dec_next_dc_f16c32_fp16.safete(…):  85%|████████▍ | 805M/948M [00:08<00:00, 189MB/s][SubprocessWorker] callback 'report_progress' from call_id=1
  [ComfyUI] 
  [ComfyUI] ckpts/tex_dec_next_dc_f16c32_fp16.safete(…): 100%|██████████| 948M/948M [00:08<00:00, 269MB/s][SubprocessWorker] callback 'report_progress' from call_id=1
  [ComfyUI] 
  [ComfyUI] ckpts/tex_dec_next_dc_f16c32_fp16.safete(…): 100%|██████████| 948M/948M [00:08<00:00, 110MB/s]
  [ComfyUI] [worker:ComfyUI-TRELLIS2] [TRELLIS2] Downloaded ckpts/tex_dec_next_dc_f16c32_fp16
  [ComfyUI] [SubprocessWorker] callback 'report_progress' from call_id=1
  [ComfyUI] [worker:ComfyUI-TRELLIS2] [TRELLIS2] Downloading ckpts/slat_flow_imgshape2tex_dit_1_3B_512_bf16 from microsoft/TRELLIS.2-4B...
  Frame 31 saved (frame_030.jpg, t=94.0s)
  [capture-periodic] freeze=3ms shot=117ms unfreeze=4ms saved=True
  [ComfyUI] 
  [ComfyUI] (…)flow_imgshape2tex_dit_1_3B_512_bf16.json:   0%|          | 0.00/458 [00:00<?, ?B/s][SubprocessWorker] callback 'report_progress' from call_id=1
  [ComfyUI] 
  [ComfyUI] (…)flow_imgshape2tex_dit_1_3B_512_bf16.json: 100%|██████████| 458/458 [00:00<00:00, 294kB/s]
  [ComfyUI] 
  [capture-loop] iter=650 t=94.6s state={'complete': False, 'error': None, 'executedCount': 1, 'wsState': 1} eval_ms=4 ram=13.7/31.9GB (43%) swap=0.8/13.5GB (6%) cpu=11% browser_rss=0.57GB
  Frame 32 saved (frame_031.jpg, t=96.2s)
  [capture-periodic] freeze=3ms shot=140ms unfreeze=3ms saved=True
  [ComfyUI] ckpts/slat_flow_imgshape2tex_dit_1_3B_51(…):   0%|          | 0.00/2.58G [00:00<?, ?B/s]
  [ComfyUI] ckpts/slat_flow_imgshape2tex_dit_1_3B_51(…):   5%|▌         | 134M/2.58G [00:02<00:41, 59.5MB/s][SubprocessWorker] callback 'report_progress' from call_id=1
  [ComfyUI] 
  [ComfyUI] ckpts/slat_flow_imgshape2tex_dit_1_3B_51(…):  10%|█         | 268M/2.58G [00:03<00:31, 74.1MB/s][SubprocessWorker] callback 'report_progress' from call_id=1
  Frame 33 saved (frame_032.jpg, t=98.5s)
  [capture-periodic] freeze=3ms shot=130ms unfreeze=3ms saved=True
  [capture-loop] iter=700 t=100.7s state={'complete': False, 'error': None, 'executedCount': 1, 'wsState': 1} eval_ms=4 ram=14.1/31.9GB (44%) swap=0.8/13.5GB (6%) cpu=11% browser_rss=0.57GB
  [ComfyUI] 
  [ComfyUI] ckpts/slat_flow_imgshape2tex_dit_1_3B_51(…):  18%|█▊        | 469M/2.58G [00:07<00:33, 63.8MB/s][SubprocessWorker] callback 'report_progress' from call_id=1
  [ComfyUI] 
  [ComfyUI] ckpts/slat_flow_imgshape2tex_dit_1_3B_51(…):  21%|██        | 536M/2.58G [00:07<00:26, 75.9MB/s][SubprocessWorker] callback 'report_progress' from call_id=1
  Frame 34 saved (frame_033.jpg, t=102.9s)
  [capture-periodic] freeze=3ms shot=131ms unfreeze=5ms saved=True
  [ComfyUI] 
  [ComfyUI] ckpts/slat_flow_imgshape2tex_dit_1_3B_51(…):  26%|██▌       | 670M/2.58G [00:09<00:23, 80.5MB/s][SubprocessWorker] callback 'report_progress' from call_id=1
  [ComfyUI] 
  [ComfyUI] ckpts/slat_flow_imgshape2tex_dit_1_3B_51(…):  30%|██▉       | 768M/2.58G [00:10<00:21, 84.6MB/s][SubprocessWorker] callback 'report_progress' from call_id=1
  [ComfyUI] 
  [ComfyUI] ckpts/slat_flow_imgshape2tex_dit_1_3B_51(…):  31%|███       | 805M/2.58G [00:10<00:19, 89.6MB/s][SubprocessWorker] callback 'report_progress' from call_id=1
  [ComfyUI] 
  [ComfyUI] ckpts/slat_flow_imgshape2tex_dit_1_3B_51(…):  36%|███▋      | 939M/2.58G [00:14<00:29, 55.6MB/s][SubprocessWorker] callback 'report_progress' from call_id=1
  Frame 35 saved (frame_034.jpg, t=105.3s)
  [capture-periodic] freeze=4ms shot=3115ms unfreeze=4ms saved=True
  [ComfyUI] 
  [ComfyUI] ckpts/slat_flow_imgshape2tex_dit_1_3B_51(…):  42%|████▏     | 1.07G/2.58G [00:14<00:20, 74.4MB/s][SubprocessWorker] callback 'report_progress' from call_id=1
  Frame 36 saved (frame_035.jpg, t=110.6s)
  [capture-periodic] freeze=4ms shot=499ms unfreeze=4ms saved=True
  [ComfyUI] 
  [ComfyUI] ckpts/slat_flow_imgshape2tex_dit_1_3B_51(…):  47%|████▋     | 1.21G/2.58G [00:17<00:20, 68.6MB/s][SubprocessWorker] callback 'report_progress' from call_id=1
  [ComfyUI] 
  [ComfyUI] ckpts/slat_flow_imgshape2tex_dit_1_3B_51(…):  49%|████▉     | 1.27G/2.58G [00:17<00:16, 80.4MB/s][SubprocessWorker] callback 'report_progress' from call_id=1
  [ComfyUI] 
  [ComfyUI] ckpts/slat_flow_imgshape2tex_dit_1_3B_51(…):  52%|█████▏    | 1.34G/2.58G [00:18<00:18, 68.4MB/s][SubprocessWorker] callback 'report_progress' from call_id=1
  [ComfyUI] 
  [ComfyUI] ckpts/slat_flow_imgshape2tex_dit_1_3B_51(…):  60%|█████▉    | 1.54G/2.58G [00:19<00:08, 123MB/s] [SubprocessWorker] callback 'report_progress' from call_id=1
  Frame 37 saved (frame_036.jpg, t=113.2s)
  [capture-periodic] freeze=3ms shot=132ms unfreeze=4ms saved=True
  [ComfyUI] 
  [ComfyUI] ckpts/slat_flow_imgshape2tex_dit_1_3B_51(…):  65%|██████▍   | 1.68G/2.58G [00:19<00:05, 163MB/s][SubprocessWorker] callback 'report_progress' from call_id=1
  [capture-loop] iter=750 t=113.6s state={'complete': False, 'error': None, 'executedCount': 1, 'wsState': 1} eval_ms=4 ram=14.4/31.9GB (45%) swap=0.8/13.5GB (6%) cpu=15% browser_rss=0.57GB
  [ComfyUI] 
  [ComfyUI] ckpts/slat_flow_imgshape2tex_dit_1_3B_51(…):  73%|███████▎  | 1.88G/2.58G [00:19<00:02, 240MB/s][SubprocessWorker] callback 'report_progress' from call_id=1
  [ComfyUI] 
  [ComfyUI] ckpts/slat_flow_imgshape2tex_dit_1_3B_51(…):  75%|███████▌  | 1.94G/2.58G [00:19<00:02, 244MB/s][SubprocessWorker] callback 'report_progress' from call_id=1
  [ComfyUI] 
  [ComfyUI] ckpts/slat_flow_imgshape2tex_dit_1_3B_51(…):  80%|████████  | 2.08G/2.58G [00:20<00:01, 295MB/s][SubprocessWorker] callback 'report_progress' from call_id=1
  [ComfyUI] 
  [ComfyUI] ckpts/slat_flow_imgshape2tex_dit_1_3B_51(…):  88%|████████▊ | 2.28G/2.58G [00:20<00:00, 393MB/s][SubprocessWorker] callback 'report_progress' from call_id=1
  [ComfyUI] 
  [ComfyUI] ckpts/slat_flow_imgshape2tex_dit_1_3B_51(…):  93%|█████████▎| 2.41G/2.58G [00:20<00:00, 426MB/s][SubprocessWorker] callback 'report_progress' from call_id=1
  [ComfyUI] 
  [ComfyUI] ckpts/slat_flow_imgshape2tex_dit_1_3B_51(…): 100%|██████████| 2.58G/2.58G [00:20<00:00, 525MB/s][SubprocessWorker] callback 'report_progress' from call_id=1
  [ComfyUI] 
  [ComfyUI] ckpts/slat_flow_imgshape2tex_dit_1_3B_51(…): 100%|██████████| 2.58G/2.58G [00:20<00:00, 125MB/s]
  [ComfyUI] [worker:ComfyUI-TRELLIS2] [TRELLIS2] Downloaded ckpts/slat_flow_imgshape2tex_dit_1_3B_512_bf16
  [ComfyUI] [SubprocessWorker] callback 'report_progress' from call_id=1
  [ComfyUI] [worker:ComfyUI-TRELLIS2] [TRELLIS2] Downloading ckpts/slat_flow_imgshape2tex_dit_1_3B_1024_bf16 from microsoft/TRELLIS.2-4B...
  [ComfyUI] 
  [ComfyUI] (…)low_imgshape2tex_dit_1_3B_1024_bf16.json:   0%|          | 0.00/458 [00:00<?, ?B/s][SubprocessWorker] callback 'report_progress' from call_id=1
  [ComfyUI] 
  [ComfyUI] (…)low_imgshape2tex_dit_1_3B_1024_bf16.json: 100%|██████████| 458/458 [00:00<00:00, 386kB/s]
  [ComfyUI] 
  Frame 38 saved (frame_037.jpg, t=115.5s)
  [capture-periodic] freeze=3ms shot=102ms unfreeze=4ms saved=True
  [ComfyUI] ckpts/slat_flow_imgshape2tex_dit_1_3B_10(…):   0%|          | 0.00/2.58G [00:00<?, ?B/s]
  [ComfyUI] ckpts/slat_flow_imgshape2tex_dit_1_3B_10(…):   3%|▎         | 67.1M/2.58G [00:02<01:43, 24.4MB/s][SubprocessWorker] callback 'report_progress' from call_id=1
  [ComfyUI] 
  [ComfyUI] ckpts/slat_flow_imgshape2tex_dit_1_3B_10(…):   8%|▊         | 201M/2.58G [00:03<00:28, 83.2MB/s] [SubprocessWorker] callback 'report_progress' from call_id=1
  [ComfyUI] 
  [ComfyUI] ckpts/slat_flow_imgshape2tex_dit_1_3B_10(…):  10%|█         | 268M/2.58G [00:03<00:21, 109MB/s] [SubprocessWorker] callback 'report_progress' from call_id=1
  [capture-loop] iter=800 t=119.5s state={'complete': False, 'error': None, 'executedCount': 1, 'wsState': 1} eval_ms=3 ram=13.9/31.9GB (44%) swap=0.8/13.5GB (6%) cpu=9% browser_rss=0.57GB
  Frame 39 saved (frame_038.jpg, t=119.9s)
  [capture-periodic] freeze=3ms shot=126ms unfreeze=4ms saved=True
  [ComfyUI] [worker:ComfyUI-TRELLIS2]
  [ComfyUI] === WATCHDOG TICK 2 ===
  [ComfyUI] [worker:ComfyUI-TRELLIS2] Thread 0x00003878 (most recent call first):
  [ComfyUI]   File "C:\workspaces\TRELLIS2-1357\ComfyUI\.ce\.pixi\envs\trellis2-nodes\Lib\threading.py", line 359 in wait
  [ComfyUI]   File "C:\workspaces\TRELLIS2-1357\ComfyUI\.ce\.pixi\envs\trellis2-nodes\Lib\threading.py", line 655 in wait
  [ComfyUI]   File "C:\workspaces\TRELLIS2-1357\ComfyUI\.ce\.pixi\envs\trellis2-nodes\Lib\site-packages\tqdm\_monitor.py", line 60 in run
  [ComfyUI]   File "C:\workspaces\TRELLIS2-1357\ComfyUI\.ce\.pixi\envs\trellis2-nodes\Lib\threading.py", line 1075 in _bootstrap_inner
  [ComfyUI]   File "C:\workspaces\TRELLIS2-1357\ComfyUI\.ce\.pixi\envs\trellis2-nodes\Lib\threading.py", line 1032 in _bootstrap
  [ComfyUI] 
  [ComfyUI] Thread 0x00002d90 (most recent call first):
  [ComfyUI]   File "C:\workspaces\TRELLIS2-1357\ComfyUI\.ce\.pixi\envs\trellis2-nodes\Lib\threading.py", line 359 in wait
  [ComfyUI]   File "C:\workspaces\TRELLIS2-1357\ComfyUI\.ce\.pixi\envs\trellis2-nodes\Lib\threading.py", line 655 in wait
  [ComfyUI]   File "C:\workspaces\TRELLIS2-1357\ComfyUI\.ce\.pixi\envs\trellis2-nodes\Lib\site-packages\tqdm\_monitor.py", line 60 in run
  [ComfyUI]   File "C:\workspaces\TRELLIS2-1357\ComfyUI\.ce\.pixi\envs\trellis2-nodes\Lib\threading.py", line 1075 in _bootstrap_inner
  [ComfyUI]   File "C:\workspaces\TRELLIS2-1357\ComfyUI\.ce\.pixi\envs\trellis2-nodes\Lib\threading.py", line 1032 in _bootstrap
  [ComfyUI] 
  [ComfyUI] Thread 0x0000277c (most recent call first):
  [ComfyUI]   File "C:\workspaces\TRELLIS2-1357\ComfyUI\.ce\.pixi\envs\trellis2-nodes\Lib\threading.py", line 359 in wait
  [ComfyUI]   File "C:\workspaces\TRELLIS2-1357\ComfyUI\.ce\.pixi\envs\trellis2-nodes\Lib\threading.py", line 655 in wait
  [ComfyUI]   File "C:\workspaces\TRELLIS2-1357\ComfyUI\.ce\.pixi\envs\trellis2-nodes\Lib\site-packages\tqdm\_monitor.py", line 60 in run
  [ComfyUI]   File "C:\workspaces\TRELLIS2-1357\ComfyUI\.ce\.pixi\envs\trellis2-nodes\Lib\threading.py", line 1075 in _bootstrap_inner
  [ComfyUI]   File "C:\workspaces\TRELLIS2-1357\ComfyUI\.ce\.pixi\envs\trellis2-nodes\Lib\threading.py", line 1032 in _bootstrap
  [ComfyUI] 
  [ComfyUI] Thread 0x00000cf0 (most recent call first):
  [ComfyUI]   File "C:\workspaces\TRELLIS2-1357\ComfyUI\.ce\.pixi\envs\trellis2-nodes\Lib\threading.py", line 359 in wait
  [ComfyUI]   File "C:\workspaces\TRELLIS2-1357\ComfyUI\.ce\.pixi\envs\trellis2-nodes\Lib\threading.py", line 655 in wait
  [ComfyUI]   File "C:\workspaces\TRELLIS2-1357\ComfyUI\.ce\.pixi\envs\trellis2-nodes\Lib\site-packages\tqdm\_monitor.py", line 60 in run
  [ComfyUI]   File "C:\workspaces\TRELLIS2-1357\ComfyUI\.ce\.pixi\envs\trellis2-nodes\Lib\threading.py", line 1075 in _bootstrap_inner
  [ComfyUI]   File "C:\workspaces\TRELLIS2-1357\ComfyUI\.ce\.pixi\envs\trellis2-nodes\Lib\threading.py", line 1032 in _bootstrap
  [ComfyUI] 
  [ComfyUI] Thread 0x000039e4 (most recent call first):
  [ComfyUI]   File "C:\workspaces\TRELLIS2-1357\ComfyUI\.ce\.pixi\envs\trellis2-nodes\Lib\threading.py", line 359 in wait
  [ComfyUI]   File "C:\workspaces\TRELLIS2-1357\ComfyUI\.ce\.pixi\envs\trellis2-nodes\Lib\threading.py", line 655 in wait
  [ComfyUI]   File "C:\workspaces\TRELLIS2-1357\ComfyUI\.ce\.pixi\envs\trellis2-nodes\Lib\site-packages\tqdm\_monitor.py", line 60 in run
  [ComfyUI]   File "C:\workspaces\TRELLIS2-1357\ComfyUI\.ce\.pixi\envs\trellis2-nodes\Lib\threading.py", line 1075 in _bootstrap_inner
  [ComfyUI]   File "C:\workspaces\TRELLIS2-1357\ComfyUI\.ce\.pixi\envs\trellis2-nodes\Lib\threading.py", line 1032 in _bootstrap
  [ComfyUI] 
  [ComfyUI] Thread 0x00003310 (most recent call first):
  [ComfyUI]   File "C:\workspaces\TRELLIS2-1357\ComfyUI\.ce\.pixi\envs\trellis2-nodes\Lib\threading.py", line 359 in wait
  [ComfyUI]   File "C:\workspaces\TRELLIS2-1357\ComfyUI\.ce\.pixi\envs\trellis2-nodes\Lib\threading.py", line 655 in wait
  [ComfyUI]   File "C:\workspaces\TRELLIS2-1357\ComfyUI\.ce\.pixi\envs\trellis2-nodes\Lib\site-packages\tqdm\_monitor.py", line 60 in run
  [ComfyUI]   File "C:\workspaces\TRELLIS2-1357\ComfyUI\.ce\.pixi\envs\trellis2-nodes\Lib\threading.py", line 1075 in _bootstrap_inner
  [ComfyUI]   File "C:\workspaces\TRELLIS2-1357\ComfyUI\.ce\.pixi\envs\trellis2-nodes\Lib\threading.py", line 1032 in _bootstrap
  [ComfyUI] 
  [ComfyUI] Thread 0x000032d0 (most recent call first):
  [ComfyUI]   File "C:\workspaces\TRELLIS2-1357\ComfyUI\.ce\.pixi\envs\trellis2-nodes\Lib\threading.py", line 359 in wait
  [ComfyUI]   File "C:\workspaces\TRELLIS2-1357\ComfyUI\.ce\.pixi\envs\trellis2-nodes\Lib\threading.py", line 655 in wait
  [ComfyUI]   File "C:\workspaces\TRELLIS2-1357\ComfyUI\.ce\.pixi\envs\trellis2-nodes\Lib\site-packages\tqdm\_monitor.py", line 60 in run
  [ComfyUI]   File "C:\workspaces\TRELLIS2-1357\ComfyUI\.ce\.pixi\envs\trellis2-nodes\Lib\threading.py", line 1075 in _bootstrap_inner
  [ComfyUI]   File "C:\workspaces\TRELLIS2-1357\ComfyUI\.ce\.pixi\envs\trellis2-nodes\Lib\threading.py", line 1032 in _bootstrap
  [ComfyUI] 
  [ComfyUI] Thread 0x00002ca8 (most recent call first):
  [ComfyUI]   File "C:\workspaces\TRELLIS2-1357\ComfyUI\.ce\.pixi\envs\trellis2-nodes\Lib\threading.py", line 359 in wait
  [ComfyUI]   File "C:\workspaces\TRELLIS2-1357\ComfyUI\.ce\.pixi\envs\trellis2-nodes\Lib\threading.py", line 655 in wait
  [ComfyUI]   File "C:\workspaces\TRELLIS2-1357\ComfyUI\.ce\.pixi\envs\trellis2-nodes\Lib\site-packages\tqdm\_monitor.py", line 60 in run
  [ComfyUI]   File "C:\workspaces\TRELLIS2-1357\ComfyUI\.ce\.pixi\envs\trellis2-nodes\Lib\threading.py", line 1075 in _bootstrap_inner
  [ComfyUI]   File "C:\workspaces\TRELLIS2-1357\ComfyUI\.ce\.pixi\envs\trellis2-nodes\Lib\threading.py", line 1032 in _bootstrap
  [ComfyUI] 
  [ComfyUI] Thread 0x0000399c (most recent call first):
  [ComfyUI]   File "C:\workspaces\TRELLIS2-1357\ComfyUI\.ce\.pixi\envs\trellis2-nodes\Lib\threading.py", line 359 in wait
  [ComfyUI]   File "C:\workspaces\TRELLIS2-1357\ComfyUI\.ce\.pixi\envs\trellis2-nodes\Lib\threading.py", line 655 in wait
  [ComfyUI]   File "C:\workspaces\TRELLIS2-1357\ComfyUI\.ce\.pixi\envs\trellis2-nodes\Lib\site-packages\tqdm\_monitor.py", line 60 in run
  [ComfyUI]   File "C:\workspaces\TRELLIS2-1357\ComfyUI\.ce\.pixi\envs\trellis2-nodes\Lib\threading.py", line 1075 in _bootstrap_inner
  [ComfyUI]   File "C:\workspaces\TRELLIS2-1357\ComfyUI\.ce\.pixi\envs\trellis2-nodes\Lib\threading.py", line 1032 in _bootstrap
  [ComfyUI] 
  [ComfyUI] Thread 0x000041a4 (most recent call first):
  [ComfyUI]   File "C:\workspaces\TRELLIS2-1357\ComfyUI\.ce\.pixi\envs\trellis2-nodes\Lib\threading.py", line 359 in wait
  [ComfyUI]   File "C:\workspaces\TRELLIS2-1357\ComfyUI\.ce\.pixi\envs\trellis2-nodes\Lib\threading.py", line 655 in wait
  [ComfyUI]   File "C:\workspaces\TRELLIS2-1357\ComfyUI\.ce\.pixi\envs\trellis2-nodes\Lib\site-packages\tqdm\_monitor.py", line 60 in run
  [ComfyUI]   File "C:\workspaces\TRELLIS2-1357\ComfyUI\.ce\.pixi\envs\trellis2-nodes\Lib\threading.py", line 1075 in _bootstrap_inner
  [ComfyUI]   File "C:\workspaces\TRELLIS2-1357\ComfyUI\.ce\.pixi\envs\trellis2-nodes\Lib\threading.py", line 1032 in _bootstrap
  [ComfyUI] 
  [ComfyUI] Thread 0x000043c0 (most recent call first):
  [ComfyUI]   File "C:\workspaces\TRELLIS2-1357\ComfyUI\.ce\.pixi\envs\trellis2-nodes\Lib\threading.py", line 359 in wait
  [ComfyUI]   File "C:\workspaces\TRELLIS2-1357\ComfyUI\.ce\.pixi\envs\trellis2-nodes\Lib\threading.py", line 655 in wait
  [ComfyUI]   File "C:\workspaces\TRELLIS2-1357\ComfyUI\.ce\.pixi\envs\trellis2-nodes\Lib\site-packages\tqdm\_monitor.py", line 60 in run
  [ComfyUI]   File "C:\workspaces\TRELLIS2-1357\ComfyUI\.ce\.pixi\envs\trellis2-nodes\Lib\threading.py", line 1075 in _bootstrap_inner
  [ComfyUI]   File "C:\workspaces\TRELLIS2-1357\ComfyUI\.ce\.pixi\envs\trellis2-nodes\Lib\threading.py", line 1032 in _bootstrap
  [ComfyUI] 
  [ComfyUI] Thread 0x00003a3c (most recent call first):
  [ComfyUI]   File "C:\workspaces\TRELLIS2-1357\ComfyUI\.ce\.pixi\envs\trellis2-nodes\Lib\threading.py", line 359 in wait
  [ComfyUI]   File "C:\workspaces\TRELLIS2-1357\ComfyUI\.ce\.pixi\envs\trellis2-nodes\Lib\threading.py", line 655 in wait
  [ComfyUI]   File "C:\workspaces\TRELLIS2-1357\ComfyUI\.ce\.pixi\envs\trellis2-nodes\Lib\site-packages\tqdm\_monitor.py", line 60 in run
  [ComfyUI]   File "C:\workspaces\TRELLIS2-1357\ComfyUI\.ce\.pixi\envs\trellis2-nodes\Lib\threading.py", line 1075 in _bootstrap_inner
  [ComfyUI]   File "C:\workspaces\TRELLIS2-1357\ComfyUI\.ce\.pixi\envs\trellis2-nodes\Lib\threading.py", line 1032 in _bootstrap
  [ComfyUI] 
  [ComfyUI] Thread 0x000042e0 (most recent call first):
  [ComfyUI]   File "C:\workspaces\TRELLIS2-1357\ComfyUI\.ce\.pixi\envs\trellis2-nodes\Lib\threading.py", line 359 in wait
  [ComfyUI]   File "C:\workspaces\TRELLIS2-1357\ComfyUI\.ce\.pixi\envs\trellis2-nodes\Lib\threading.py", line 655 in wait
  [ComfyUI]   File "C:\workspaces\TRELLIS2-1357\ComfyUI\.ce\.pixi\envs\trellis2-nodes\Lib\site-packages\tqdm\_monitor.py", line 60 in run
  [ComfyUI]   File "C:\workspaces\TRELLIS2-1357\ComfyUI\.ce\.pixi\envs\trellis2-nodes\Lib\threading.py", line 1075 in _bootstrap_inner
  [ComfyUI]   File "C:\workspaces\TRELLIS2-1357\ComfyUI\.ce\.pixi\envs\trellis2-nodes\Lib\threading.py", line 1032 in _bootstrap
  [ComfyUI] 
  [ComfyUI] Thread 0x00003ee4 (most recent call first):
  [ComfyUI]   File "C:\workspaces\TRELLIS2-1357\ComfyUI\.ce\.pixi\envs\trellis2-nodes\Lib\threading.py", line 359 in wait
  [ComfyUI]   File "C:\workspaces\TRELLIS2-1357\ComfyUI\.ce\.pixi\envs\trellis2-nodes\Lib\threading.py", line 655 in wait
  [ComfyUI]   File "C:\workspaces\TRELLIS2-1357\ComfyUI\.ce\.pixi\envs\trellis2-nodes\Lib\site-packages\tqdm\_monitor.py", line 60 in run
  [ComfyUI]   File "C:\workspaces\TRELLIS2-1357\ComfyUI\.ce\.pixi\envs\trellis2-nodes\Lib\threading.py", line 1075 in _bootstrap_inner
  [ComfyUI]   File "C:\workspaces\TRELLIS2-1357\ComfyUI\.ce\.pixi\envs\trellis2-nodes\Lib\threading.py", line 1032 in _bootstrap
  [ComfyUI] 
  [ComfyUI] Thread 0x00003830 (most recent call first):
  [ComfyUI]   File "C:\workspaces\TRELLIS2-1357\ComfyUI\.ce\.pixi\envs\trellis2-nodes\Lib\threading.py", line 359 in wait
  [ComfyUI]   File "C:\workspaces\TRELLIS2-1357\ComfyUI\.ce\.pixi\envs\trellis2-nodes\Lib\threading.py", line 655 in wait
  [ComfyUI]   File "C:\workspaces\TRELLIS2-1357\ComfyUI\.ce\.pixi\envs\trellis2-nodes\Lib\site-packages\tqdm\_monitor.py", line 60 in run
  [ComfyUI]   File "C:\workspaces\TRELLIS2-1357\ComfyUI\.ce\.pixi\envs\trellis2-nodes\Lib\threading.py", line 1075 in _bootstrap_inner
  [ComfyUI]   File "C:\workspaces\TRELLIS2-1357\ComfyUI\.ce\.pixi\envs\trellis2-nodes\Lib\threading.py", line 1032 in _bootstrap
  [ComfyUI] 
  [ComfyUI] Thread 0x00000fc0 (most recent call first):
  [ComfyUI]   File "C:\workspaces\TRELLIS2-1357\ComfyUI\.ce\.pixi\envs\trellis2-nodes\Lib\threading.py", line 359 in wait
  [ComfyUI]   File "C:\workspaces\TRELLIS2-1357\ComfyUI\.ce\.pixi\envs\trellis2-nodes\Lib\threading.py", line 655 in wait
  [ComfyUI]   File "C:\workspaces\TRELLIS2-1357\ComfyUI\.ce\.pixi\envs\trellis2-nodes\Lib\site-packages\tqdm\_monitor.py", line 60 in run
  [ComfyUI]   File "C:\workspaces\TRELLIS2-1357\ComfyUI\.ce\.pixi\envs\trellis2-nodes\Lib\threading.py", line 1075 in _bootstrap_inner
  [ComfyUI]   File "C:\workspaces\TRELLIS2-1357\ComfyUI\.ce\.pixi\envs\trellis2-nodes\Lib\threading.py", line 1032 in _bootstrap
  [ComfyUI] 
  [ComfyUI] Thread 0x0000281c (most recent call first):
  [ComfyUI]   File "C:\workspaces\TRELLIS2-1357\ComfyUI\.ce\.pixi\envs\trellis2-nodes\Lib\threading.py", line 359 in wait
  [ComfyUI]   File "C:\workspaces\TRELLIS2-1357\ComfyUI\.ce\.pixi\envs\trellis2-nodes\Lib\threading.py", line 655 in wait
  [ComfyUI]   File "C:\workspaces\TRELLIS2-1357\ComfyUI\.ce\.pixi\envs\trellis2-nodes\Lib\site-packages\tqdm\_monitor.py", line 60 in run
  [ComfyUI]   File "C:\workspaces\TRELLIS2-1357\ComfyUI\.ce\.pixi\envs\trellis2-nodes\Lib\threading.py", line 1075 in _bootstrap_inner
  [ComfyUI]   File "C:\workspaces\TRELLIS2-1357\ComfyUI\.ce\.pixi\envs\trellis2-nodes\Lib\threading.py", line 1032 in _bootstrap
  [ComfyUI] 
  [ComfyUI] Thread 0x000010a4 (most recent call first):
  [ComfyUI]   File "C:\Users\ContainerAdministrator\AppData\Local\Temp\comfyui_pvenv_pd2bk2zm\persistent_worker.py", line 106 in _vram_poller
  [ComfyUI]   File "C:\workspaces\TRELLIS2-1357\ComfyUI\.ce\.pixi\envs\trellis2-nodes\Lib\threading.py", line 1012 in run
  [ComfyUI]   File "C:\workspaces\TRELLIS2-1357\ComfyUI\.ce\.pixi\envs\trellis2-nodes\Lib\threading.py", line 1075 in _bootstrap_inner
  [ComfyUI]   File "C:\workspaces\TRELLIS2-1357\ComfyUI\.ce\.pixi\envs\trellis2-nodes\Lib\threading.py", line 1032 in _bootstrap
  [ComfyUI] 
  [ComfyUI] Current thread 0x00003114 (most recent call first):
  [ComfyUI]   File "C:\Users\ContainerAdministrator\AppData\Local\Temp\comfyui_pvenv_pd2bk2zm\persistent_worker.py", line 52 in _watchdog
  [ComfyUI]   File "C:\workspaces\TRELLIS2-1357\ComfyUI\.ce\.pixi\envs\trellis2-nodes\Lib\threading.py", line 1012 in run
  [ComfyUI]   File "C:\workspaces\TRELLIS2-1357\ComfyUI\.ce\.pixi\envs\trellis2-nodes\Lib\threading.py", line 1075 in _bootstrap_inner
  [ComfyUI]   File "C:\workspaces\TRELLIS2-1357\ComfyUI\.ce\.pixi\envs\trellis2-nodes\Lib\threading.py", line 1032 in _bootstrap
  [ComfyUI] 
  [ComfyUI] Thread 0x00002e9c (most recent call first):
  [ComfyUI]   File "C:\workspaces\TRELLIS2-1357\ComfyUI\.ce\.pixi\envs\trellis2-nodes\Lib\site-packages\huggingface_hub\file_download.py", line 558 in xet_get
  [ComfyUI]   File "C:\workspaces\TRELLIS2-1357\ComfyUI\.ce\.pixi\envs\trellis2-nodes\Lib\site-packages\huggingface_hub\file_download.py", line 1842 in _download_to_tmp_and_move
  [ComfyUI]   File "C:\workspaces\TRELLIS2-1357\ComfyUI\.ce\.pixi\envs\trellis2-nodes\Lib\site-packages\huggingface_hub\file_download.py", line 1427 in _hf_hub_download_to_local_dir
  [ComfyUI]   File "C:\workspaces\TRELLIS2-1357\ComfyUI\.ce\.pixi\envs\trellis2-nodes\Lib\site-packages\huggingface_hub\file_download.py", line 976 in hf_hub_download
  [ComfyUI]   File "C:\workspaces\TRELLIS2-1357\ComfyUI\.ce\.pixi\envs\trellis2-nodes\Lib\site-packages\huggingface_hub\utils\_validators.py", line 88 in _inner_fn
  [ComfyUI]   File "C:\workspaces\TRELLIS2-1357\ComfyUI\custom_nodes\ComfyUI-TRELLIS2\nodes\stages.py", line 224 in _init_config
  [ComfyUI]   File "C:\workspaces\TRELLIS2-1357\ComfyUI\custom_nodes\ComfyUI-TRELLIS2\nodes\nodes_loader.py", line 71 in execute
  [ComfyUI]   File "C:\workspaces\TRELLIS2-1357\ComfyUI\comfy_api\latest\_io.py", line 1833 in EXECUTE_NORMALIZED
  [ComfyUI]   File "C:\Users\ContainerAdministrator\AppData\Local\Temp\comfyui_pvenv_pd2bk2zm\persistent_worker.py", line 1762 in main
  [ComfyUI]   File "C:\Users\ContainerAdministrator\AppData\Local\Temp\comfyui_pvenv_pd2bk2zm\persistent_worker.py", line 1807 in <module>
  [ComfyUI] 
  [ComfyUI] [worker:ComfyUI-TRELLIS2] === END ===
  [ComfyUI] 
  [ComfyUI] 
  [ComfyUI] ckpts/slat_flow_imgshape2tex_dit_1_3B_10(…):  16%|█▌        | 402M/2.58G [00:06<00:36, 60.1MB/s][SubprocessWorker] callback 'report_progress' from call_id=1
  Frame 40 saved (frame_039.jpg, t=122.1s)
  [capture-periodic] freeze=5ms shot=120ms unfreeze=4ms saved=True
  [ComfyUI] 
  [ComfyUI] ckpts/slat_flow_imgshape2tex_dit_1_3B_10(…):  21%|██        | 537M/2.58G [00:07<00:26, 77.9MB/s][SubprocessWorker] callback 'report_progress' from call_id=1
  [ComfyUI] 
  [ComfyUI] ckpts/slat_flow_imgshape2tex_dit_1_3B_10(…):  26%|██▌       | 671M/2.58G [00:07<00:16, 114MB/s] [SubprocessWorker] callback 'report_progress' from call_id=1
  [ComfyUI] 
  [ComfyUI] ckpts/slat_flow_imgshape2tex_dit_1_3B_10(…):  30%|██▉       | 768M/2.58G [00:08<00:15, 118MB/s][SubprocessWorker] callback 'report_progress' from call_id=1
  [ComfyUI] 
  [ComfyUI] ckpts/slat_flow_imgshape2tex_dit_1_3B_10(…):  31%|███       | 805M/2.58G [00:08<00:14, 121MB/s][SubprocessWorker] callback 'report_progress' from call_id=1
  Frame 41 saved (frame_040.jpg, t=124.4s)
  [capture-periodic] freeze=4ms shot=125ms unfreeze=4ms saved=True
  [ComfyUI] 
  [ComfyUI] ckpts/slat_flow_imgshape2tex_dit_1_3B_10(…):  34%|███▎      | 872M/2.58G [00:14<00:49, 34.6MB/s][SubprocessWorker] callback 'report_progress' from call_id=1
  [ComfyUI] 
  [ComfyUI] ckpts/slat_flow_imgshape2tex_dit_1_3B_10(…):  42%|████▏     | 1.07G/2.58G [00:15<00:21, 69.1MB/s][SubprocessWorker] callback 'report_progress' from call_id=1
  [capture-loop] iter=850 t=130.3s state={'complete': False, 'error': None, 'executedCount': 1, 'wsState': 1} eval_ms=8 ram=14.4/31.9GB (45%) swap=0.8/13.5GB (6%) cpu=14% browser_rss=0.57GB
  Frame 42 saved (frame_041.jpg, t=130.3s)
  [capture-periodic] freeze=4ms shot=1284ms unfreeze=3ms saved=True
  [ComfyUI] 
  [ComfyUI] ckpts/slat_flow_imgshape2tex_dit_1_3B_10(…):  44%|████▍     | 1.14G/2.58G [00:17<00:28, 50.6MB/s][SubprocessWorker] callback 'report_progress' from call_id=1
  [ComfyUI] 
  [ComfyUI] ckpts/slat_flow_imgshape2tex_dit_1_3B_10(…):  52%|█████▏    | 1.34G/2.58G [00:18<00:13, 89.0MB/s][SubprocessWorker] callback 'report_progress' from call_id=1
  [ComfyUI] 
  [ComfyUI] ckpts/slat_flow_imgshape2tex_dit_1_3B_10(…):  57%|█████▋    | 1.48G/2.58G [00:18<00:09, 119MB/s] [SubprocessWorker] callback 'report_progress' from call_id=1
  [ComfyUI] 
  [ComfyUI] ckpts/slat_flow_imgshape2tex_dit_1_3B_10(…):  62%|██████▏   | 1.61G/2.58G [00:18<00:06, 156MB/s][SubprocessWorker] callback 'report_progress' from call_id=1
  Frame 43 saved (frame_042.jpg, t=133.8s)
  [capture-periodic] freeze=4ms shot=133ms unfreeze=4ms saved=True
  [ComfyUI] 
  [ComfyUI] ckpts/slat_flow_imgshape2tex_dit_1_3B_10(…):  67%|██████▋   | 1.74G/2.58G [00:18<00:04, 199MB/s][SubprocessWorker] callback 'report_progress' from call_id=1
  [ComfyUI] 
  [ComfyUI] ckpts/slat_flow_imgshape2tex_dit_1_3B_10(…):  73%|███████▎  | 1.88G/2.58G [00:19<00:02, 245MB/s][SubprocessWorker] callback 'report_progress' from call_id=1
  [ComfyUI] 
  [ComfyUI] ckpts/slat_flow_imgshape2tex_dit_1_3B_10(…):  78%|███████▊  | 2.01G/2.58G [00:19<00:02, 252MB/s][SubprocessWorker] callback 'report_progress' from call_id=1
  [ComfyUI] 
  [ComfyUI] ckpts/slat_flow_imgshape2tex_dit_1_3B_10(…):  83%|████████▎ | 2.15G/2.58G [00:19<00:01, 300MB/s][SubprocessWorker] callback 'report_progress' from call_id=1
  [ComfyUI] 
  [ComfyUI] ckpts/slat_flow_imgshape2tex_dit_1_3B_10(…):  88%|████████▊ | 2.28G/2.58G [00:20<00:00, 344MB/s][SubprocessWorker] callback 'report_progress' from call_id=1
  [ComfyUI] 
  [ComfyUI] ckpts/slat_flow_imgshape2tex_dit_1_3B_10(…):  93%|█████████▎| 2.41G/2.58G [00:20<00:00, 383MB/s][SubprocessWorker] callback 'report_progress' from call_id=1
  [ComfyUI] 
  [ComfyUI] ckpts/slat_flow_imgshape2tex_dit_1_3B_10(…):  96%|█████████▌| 2.48G/2.58G [00:20<00:00, 291MB/s][SubprocessWorker] callback 'report_progress' from call_id=1
  Frame 44 saved (frame_043.jpg, t=136.0s)
  [capture-periodic] freeze=3ms shot=124ms unfreeze=5ms saved=True
  [ComfyUI] 
  [ComfyUI] ckpts/slat_flow_imgshape2tex_dit_1_3B_10(…):  99%|█████████▊| 2.55G/2.58G [00:21<00:00, 199MB/s][SubprocessWorker] callback 'report_progress' from call_id=1
  [ComfyUI] 
  [ComfyUI] ckpts/slat_flow_imgshape2tex_dit_1_3B_10(…): 100%|██████████| 2.58G/2.58G [00:21<00:00, 190MB/s][SubprocessWorker] callback 'report_progress' from call_id=1
  [ComfyUI] 
  [ComfyUI] ckpts/slat_flow_imgshape2tex_dit_1_3B_10(…): 100%|██████████| 2.58G/2.58G [00:21<00:00, 119MB/s]
  [ComfyUI] [worker:ComfyUI-TRELLIS2] [TRELLIS2] Downloaded ckpts/slat_flow_imgshape2tex_dit_1_3B_1024_bf16
  [ComfyUI] [SubprocessWorker] callback 'report_progress' from call_id=1
  [ComfyUI] [worker:ComfyUI-TRELLIS2] [TRELLIS2] Downloading ckpts/shape_enc_next_dc_f16c32_fp16...
  [ComfyUI] 
  [ComfyUI] shape_enc_next_dc_f16c32_fp16.json:   0%|          | 0.00/653 [00:00<?, ?B/s][SubprocessWorker] callback 'report_progress' from call_id=1
  [ComfyUI] 
  [ComfyUI] shape_enc_next_dc_f16c32_fp16.json: 100%|██████████| 653/653 [00:00<00:00, 373kB/s]
  [ComfyUI] 
  [capture-loop] iter=900 t=137.9s state={'complete': False, 'error': None, 'executedCount': 1, 'wsState': 1} eval_ms=4 ram=13.4/31.9GB (42%) swap=0.8/13.5GB (6%) cpu=12% browser_rss=0.57GB
  Frame 45 saved (frame_044.jpg, t=138.2s)
  [capture-periodic] freeze=3ms shot=125ms unfreeze=4ms saved=True
  [ComfyUI] ckpts/shape_enc_next_dc_f16c32_fp16.safe(…):   0%|          | 0.00/709M [00:00<?, ?B/s]
  [ComfyUI] ckpts/shape_enc_next_dc_f16c32_fp16.safe(…):   9%|▉         | 67.1M/709M [00:03<00:28, 22.3MB/s][SubprocessWorker] callback 'report_progress' from call_id=1
  Frame 46 saved (frame_045.jpg, t=140.5s)
  [capture-periodic] freeze=4ms shot=122ms unfreeze=4ms saved=True
  [ComfyUI] 
  [ComfyUI] ckpts/shape_enc_next_dc_f16c32_fp16.safe(…):  28%|██▊       | 201M/709M [00:03<00:07, 69.6MB/s] [SubprocessWorker] callback 'report_progress' from call_id=1
  [ComfyUI] 
  [ComfyUI] ckpts/shape_enc_next_dc_f16c32_fp16.safe(…):  38%|███▊      | 268M/709M [00:03<00:04, 93.6MB/s][SubprocessWorker] callback 'report_progress' from call_id=1
  [ComfyUI] 
  [ComfyUI] ckpts/shape_enc_next_dc_f16c32_fp16.safe(…):  47%|████▋     | 335M/709M [00:05<00:05, 63.4MB/s][SubprocessWorker] callback 'report_progress' from call_id=1
  Frame 47 saved (frame_046.jpg, t=142.7s)
  [capture-periodic] freeze=4ms shot=129ms unfreeze=5ms saved=True
  [ComfyUI] 
  [ComfyUI] ckpts/shape_enc_next_dc_f16c32_fp16.safe(…):  57%|█████▋    | 403M/709M [00:06<00:04, 64.5MB/s][SubprocessWorker] callback 'report_progress' from call_id=1
  [ComfyUI] 
  [ComfyUI] ckpts/shape_enc_next_dc_f16c32_fp16.safe(…):  85%|████████▌ | 604M/709M [00:06<00:00, 137MB/s] [SubprocessWorker] callback 'report_progress' from call_id=1
  [capture-loop] iter=950 t=144.2s state={'complete': False, 'error': None, 'executedCount': 1, 'wsState': 1} eval_ms=4 ram=13.5/31.9GB (42%) swap=0.8/13.5GB (6%) cpu=11% browser_rss=0.57GB
  [ComfyUI] 
  [ComfyUI] ckpts/shape_enc_next_dc_f16c32_fp16.safe(…): 100%|██████████| 709M/709M [00:06<00:00, 183MB/s][SubprocessWorker] callback 'report_progress' from call_id=1
  [ComfyUI] 
  [ComfyUI] ckpts/shape_enc_next_dc_f16c32_fp16.safe(…): 100%|██████████| 709M/709M [00:06<00:00, 103MB/s]
  [ComfyUI] [worker:ComfyUI-TRELLIS2] [TRELLIS2] Downloaded ckpts/shape_enc_next_dc_f16c32_fp16
  [ComfyUI] [SubprocessWorker] callback 'report_progress' from call_id=1
  [ComfyUI] [worker:ComfyUI-TRELLIS2] [TRELLIS2] Config loaded: 9 models registered
  [ComfyUI] [SubprocessWorker] got response: ok
  [ComfyUI] [comfy-env] LoadTrellis2Models done (143.84s): result: NodeOutput
  [ComfyUI] [VRAM] After LoadTrellis2Models: 1271 / 24575 MB
  [ComfyUI] [comfy-env] Running Trellis2GetConditioning: background_color: 'black', model_config: dict, image: torch.float32 [1,1024,1024,3] cpu, mask: torch.float32 [1,1024,1024] cpu
  [ComfyUI] [VRAM] Before Trellis2GetConditioning: 1271 / 24575 MB
  [ComfyUI] [SubprocessWorker] call_method: nodes.nodes_inference.Trellis2GetConditioning.EXECUTE_NORMALIZED
  [ComfyUI] [SubprocessWorker] acquired lock, ensuring started...
  [ComfyUI] [ComfyUI-TRELLIS2] Health check: ping (timeout=5.0s)...
  [ComfyUI] [ComfyUI-TRELLIS2] Health check: ok
  [ComfyUI] [SubprocessWorker] worker started/confirmed
  [ComfyUI] [comfy-env] PRE-SERIALIZE 'image' shape: torch.Size([1, 1024, 1024, 3])
  [ComfyUI] [comfy-env] PRE-SERIALIZE 'mask' shape: torch.Size([1, 1024, 1024])
  [ComfyUI] [SubprocessWorker] serializing kwargs to shm...
  [ComfyUI] [SubprocessWorker] created 0 shm blocks
  [ComfyUI] [SubprocessWorker] sending request via socket...
  [ComfyUI] [SubprocessWorker] call_id=2 sending call_method
  [ComfyUI] [worker:ComfyUI-TRELLIS2] [comfy-env] _from_shm got dict with keys: ['__type__', 'strategy', 'manager_path', 'storage_key', 'storage_size']
  [ComfyUI] [worker:ComfyUI-TRELLIS2] [comfy-env] DESERIALIZE TensorRef: tensor_size=[1, 1024, 1024, 3]
  [ComfyUI] [worker:ComfyUI-TRELLIS2] [comfy-env] DESERIALIZED tensor shape: torch.Size([1, 1024, 1024, 3])
  [ComfyUI] [worker:ComfyUI-TRELLIS2] [comfy-env] _from_shm got dict with keys: ['__type__', 'strategy', 'manager_path', 'storage_key', 'storage_size']
  [ComfyUI] [worker:ComfyUI-TRELLIS2] [comfy-env] DESERIALIZE TensorRef: tensor_size=[1, 1024, 1024]
  [ComfyUI] [worker:ComfyUI-TRELLIS2] [comfy-env] DESERIALIZED tensor shape: torch.Size([1, 1024, 1024])
  [ComfyUI] 
  Frame 48 saved (frame_047.jpg, t=145.0s)
  [capture-periodic] freeze=3ms shot=110ms unfreeze=5ms saved=True
  [ComfyUI] model.safetensors:   0%|          | 0.00/1.21G [00:00<?, ?B/s]
  [ComfyUI] model.safetensors:   7%|▋         | 87.2M/1.21G [00:01<00:19, 58.0MB/s][SubprocessWorker] callback 'report_progress' from call_id=2
  [ComfyUI] 
  [ComfyUI] model.safetensors:  14%|█▍        | 171M/1.21G [00:02<00:12, 80.5MB/s] [SubprocessWorker] callback 'report_progress' from call_id=2
  Frame 49 saved (frame_048.jpg, t=147.2s)
  [capture-periodic] freeze=4ms shot=126ms unfreeze=4ms saved=True
  [ComfyUI] 
  [ComfyUI] model.safetensors:  20%|█▉        | 238M/1.21G [00:03<00:13, 74.6MB/s][SubprocessWorker] callback 'report_progress' from call_id=2
  [ComfyUI] 
  [ComfyUI] model.safetensors:  22%|██▏       | 272M/1.21G [00:03<00:11, 82.7MB/s][SubprocessWorker] callback 'report_progress' from call_id=2
  [ComfyUI] 
  [ComfyUI] model.safetensors:  24%|██▍       | 289M/1.21G [00:04<00:13, 69.0MB/s][SubprocessWorker] callback 'report_progress' from call_id=2
  [ComfyUI] 
  [ComfyUI] model.safetensors:  31%|███       | 373M/1.21G [00:04<00:07, 114MB/s] [SubprocessWorker] callback 'report_progress' from call_id=2
  [ComfyUI] 
  [ComfyUI] model.safetensors:  35%|███▍      | 423M/1.21G [00:04<00:06, 130MB/s][SubprocessWorker] callback 'report_progress' from call_id=2
  Frame 50 saved (frame_049.jpg, t=149.4s)
  [capture-periodic] freeze=4ms shot=127ms unfreeze=3ms saved=True
  [capture-loop] iter=1000 t=150.4s state={'complete': False, 'error': None, 'executedCount': 1, 'wsState': 1} eval_ms=4 ram=13.8/31.9GB (43%) swap=0.8/13.5GB (6%) cpu=14% browser_rss=0.57GB
  [ComfyUI] [SubprocessWorker] callback 'report_progress' from call_id=2
  [ComfyUI] 
  [ComfyUI] model.safetensors:  40%|████      | 490M/1.21G [00:05<00:08, 86.0MB/s][SubprocessWorker] callback 'report_progress' from call_id=2
  [ComfyUI] 
  [ComfyUI] model.safetensors:  43%|████▎     | 524M/1.21G [00:06<00:07, 92.9MB/s][SubprocessWorker] callback 'report_progress' from call_id=2
  [ComfyUI] 
  [ComfyUI] model.safetensors:  52%|█████▏    | 625M/1.21G [00:06<00:04, 124MB/s] [SubprocessWorker] callback 'report_progress' from call_id=2
  Frame 51 saved (frame_050.jpg, t=151.7s)
  [capture-periodic] freeze=4ms shot=123ms unfreeze=5ms saved=True
  [ComfyUI] 
  [ComfyUI] model.safetensors:  56%|█████▌    | 675M/1.21G [00:07<00:04, 118MB/s][SubprocessWorker] callback 'report_progress' from call_id=2
  [ComfyUI] 
  [ComfyUI] model.safetensors:  63%|██████▎   | 768M/1.21G [00:08<00:05, 86.6MB/s][SubprocessWorker] callback 'report_progress' from call_id=2
  [ComfyUI] [SubprocessWorker] callback 'report_progress' from call_id=2
  [ComfyUI] 
  [ComfyUI] model.safetensors:  70%|██████▉   | 843M/1.21G [00:09<00:04, 90.4MB/s][SubprocessWorker] callback 'report_progress' from call_id=2
  Frame 52 saved (frame_051.jpg, t=154.0s)
  [capture-periodic] freeze=4ms shot=285ms unfreeze=5ms saved=True
  [ComfyUI] 
  [ComfyUI] model.safetensors:  76%|███████▋  | 927M/1.21G [00:09<00:02, 120MB/s] [SubprocessWorker] callback 'report_progress' from call_id=2
  [ComfyUI] 
  [ComfyUI] model.safetensors:  81%|████████  | 978M/1.21G [00:10<00:02, 115MB/s][SubprocessWorker] callback 'report_progress' from call_id=2
  [ComfyUI] 
  [ComfyUI] model.safetensors:  85%|████████▍ | 1.03G/1.21G [00:10<00:01, 128MB/s][SubprocessWorker] callback 'report_progress' from call_id=2
  [ComfyUI] 
  [ComfyUI] model.safetensors: 100%|██████████| 1.21G/1.21G [00:10<00:00, 263MB/s][SubprocessWorker] callback 'report_progress' from call_id=2
  [ComfyUI] 
  [ComfyUI] model.safetensors: 100%|██████████| 1.21G/1.21G [00:10<00:00, 117MB/s]
  [ComfyUI] [SubprocessWorker] callback 'request_vram_budget' from call_id=2
  [ComfyUI] [comfy-env] VRAM request: 1.21GB, free before eviction: 24.44GB
  [ComfyUI] [comfy-env] VRAM after eviction: 24.44GB
  [ComfyUI] C:\workspaces\TRELLIS2-1357\ComfyUI\.ce\.pixi\envs\trellis2-nodes\Lib\site-packages\torch\nn\modules\module.py:1370: UserWarning: expandable_segments not supported on this platform (Triggered internally at C:\actions-runner\_work\pytorch\pytorch\pytorch\c10/cuda/CUDAAllocatorConfig.h:39.)
  [ComfyUI]   return t.to(
  [ComfyUI] [worker:ComfyUI-TRELLIS2] [VRAM] +240MB (now 240MB) reserved=242MB peak=240MB
  Frame 53 saved (frame_052.jpg, t=156.4s)
  [capture-periodic] freeze=3ms shot=120ms unfreeze=4ms saved=True
  [ComfyUI] [worker:ComfyUI-TRELLIS2] [TRELLIS2] DinoV3 conditioning: dtype=torch.bfloat16
  [capture-loop] iter=1050 t=157.1s state={'complete': False, 'error': None, 'executedCount': 1, 'wsState': 1} eval_ms=4 ram=14.0/31.9GB (44%) swap=0.8/13.5GB (6%) cpu=18% browser_rss=0.57GB
  [ComfyUI] [worker:ComfyUI-TRELLIS2] [VRAM] +929MB (now 1170MB) reserved=1184MB peak=1170MB
  [ComfyUI] [worker:ComfyUI-TRELLIS2] [comfy.attention_sparse] Dense attention: attention_sage
  [ComfyUI] [SubprocessWorker] callback 'report_progress' from call_id=2
  [ComfyUI] [SubprocessWorker] callback 'report_progress' from call_id=2
  [ComfyUI] [SubprocessWorker] callback 'report_progress' from call_id=2
  [ComfyUI] [worker:ComfyUI-TRELLIS2] [TRELLIS2] DinoV3 conditioning: dtype=torch.bfloat16
  [ComfyUI] [SubprocessWorker] callback 'report_progress' from call_id=2
  [ComfyUI] [SubprocessWorker] callback 'report_progress' from call_id=2
  [ComfyUI] [SubprocessWorker] callback 'report_progress' from call_id=2
  [ComfyUI] [worker:ComfyUI-TRELLIS2] [VRAM] -351MB (now 820MB) reserved=1366MB peak=1234MB
  [ComfyUI] [SubprocessWorker] callback 'report_progress' from call_id=2
  [ComfyUI] [SubprocessWorker] got response: ok
  [ComfyUI] [comfy-env] Created 1 model patchers: ['DINOv3ViT_1']
  [ComfyUI] [comfy-env] Trellis2GetConditioning done (18.35s): result: NodeOutput
  [ComfyUI] [VRAM] After Trellis2GetConditioning: 1271 / 24575 MB
  [ComfyUI] [VRAM] Loaded: SubprocessModel (0 MB)
  [ComfyUI] [comfy-env] Running Trellis2ImageToShape: seed: 1406845044, ss_guidance_strength: 6.5, ss_guidance_rescale: 0.05, ss_sampling_steps: 12, shape_guidance_strength: 6.5, shape_guidance_rescale: 0.05, shape_sampling_steps: 12, max_tokens: 49152, model_config: dict, conditioning: dict
  [ComfyUI] [VRAM] Before Trellis2ImageToShape: 1271 / 24575 MB
  [ComfyUI] [VRAM] Loaded: SubprocessModel (0 MB)
  [ComfyUI] [SubprocessWorker] call_method: nodes.nodes_inference.Trellis2ImageToShape.EXECUTE_NORMALIZED
  [ComfyUI] [SubprocessWorker] acquired lock, ensuring started...
  [ComfyUI] [ComfyUI-TRELLIS2] Health check: ping (timeout=5.0s)...
  [ComfyUI] [ComfyUI-TRELLIS2] Health check: ok
  [ComfyUI] [SubprocessWorker] worker started/confirmed
  [ComfyUI] [SubprocessWorker] serializing kwargs to shm...
  [ComfyUI] [SubprocessWorker] created 0 shm blocks
  [ComfyUI] [SubprocessWorker] sending request via socket...
  [ComfyUI] [SubprocessWorker] call_id=3 sending call_method
  [ComfyUI] [worker:ComfyUI-TRELLIS2] [comfy-env] _from_shm got dict with keys: ['__type__', 'strategy', 'manager_path', 'storage_key', 'storage_size']
  [ComfyUI] [worker:ComfyUI-TRELLIS2] [comfy-env] DESERIALIZE TensorRef: tensor_size=[1, 1029, 1024]
  [ComfyUI] [worker:ComfyUI-TRELLIS2] [comfy-env] DESERIALIZED tensor shape: torch.Size([1, 1029, 1024])
  [ComfyUI] [worker:ComfyUI-TRELLIS2] [comfy-env] _from_shm got dict with keys: ['__type__', 'strategy', 'manager_path', 'storage_key', 'storage_size']
  [ComfyUI] [worker:ComfyUI-TRELLIS2] [comfy-env] DESERIALIZE TensorRef: tensor_size=[1, 1029, 1024]
  [ComfyUI] [worker:ComfyUI-TRELLIS2] [comfy-env] DESERIALIZED tensor shape: torch.Size([1, 1029, 1024])
  [ComfyUI] [worker:ComfyUI-TRELLIS2] [comfy-env] _from_shm got dict with keys: ['__type__', 'strategy', 'manager_path', 'storage_key', 'storage_size']
  [ComfyUI] [worker:ComfyUI-TRELLIS2] [comfy-env] DESERIALIZE TensorRef: tensor_size=[1, 4101, 1024]
  [ComfyUI] [worker:ComfyUI-TRELLIS2] [comfy-env] DESERIALIZED tensor shape: torch.Size([1, 4101, 1024])
  [capture-loop] iter=1100 t=162.9s state={'complete': False, 'error': None, 'executedCount': 1, 'wsState': 1} eval_ms=4 ram=15.1/31.9GB (47%) swap=0.8/13.5GB (6%) cpu=10% browser_rss=0.57GB
  Frame 54 saved (frame_053.jpg, t=162.9s)
  [capture-periodic] freeze=4ms shot=108ms unfreeze=4ms saved=True
  [ComfyUI] [worker:ComfyUI-TRELLIS2] [VRAM] -811MB (now 9MB) reserved=36MB peak=1234MB
  [ComfyUI] [SubprocessWorker] callback 'report_progress' from call_id=3
  [ComfyUI] [SubprocessWorker] callback 'report_progress' from call_id=3
  [ComfyUI] [SubprocessWorker] callback 'report_progress' from call_id=3
  [ComfyUI] [worker:ComfyUI-TRELLIS2] [TRELLIS2] Built SparseStructureFlowModel on CPU: dtype=torch.bfloat16, 0.2s
  [ComfyUI] [SubprocessWorker] callback 'request_vram_budget' from call_id=3
  [ComfyUI] [comfy-env] VRAM request: 2.59GB, free before eviction: 24.44GB
  [ComfyUI] [comfy-env] VRAM after eviction: 24.44GB
  [ComfyUI] [worker:ComfyUI-TRELLIS2] [VRAM] +220MB (now 229MB) reserved=250MB peak=1234MB
  Frame 55 saved (frame_054.jpg, t=167.3s)
  [capture-periodic] freeze=3ms shot=118ms unfreeze=4ms saved=True
  [ComfyUI] [worker:ComfyUI-TRELLIS2] [VRAM] +1538MB (now 1767MB) reserved=1788MB peak=1767MB
  [ComfyUI] [worker:ComfyUI-TRELLIS2] [VRAM] +745MB (now 2513MB) reserved=2604MB peak=2513MB
  [ComfyUI] [worker:ComfyUI-TRELLIS2] [TRELLIS2] sparse_structure_flow_model -> GPU: 2.3s
  [capture-loop] iter=1150 t=168.9s state={'complete': False, 'error': None, 'executedCount': 1, 'wsState': 1} eval_ms=4 ram=15.1/31.9GB (47%) swap=0.8/13.5GB (6%) cpu=8% browser_rss=0.57GB
  [ComfyUI] [SubprocessWorker] callback 'report_progress' from call_id=3
  [ComfyUI] [SubprocessWorker] callback 'report_progress' from call_id=3
  [ComfyUI] [SubprocessWorker] callback 'report_progress' from call_id=3
  Frame 56 saved (frame_055.jpg, t=173.9s)
  [capture-periodic] freeze=3ms shot=114ms unfreeze=3ms saved=True
  [ComfyUI] [SubprocessWorker] callback 'report_progress' from call_id=3
  [ComfyUI] [SubprocessWorker] callback 'report_progress' from call_id=3
  [capture-loop] iter=1200 t=175.0s state={'complete': False, 'error': None, 'executedCount': 1, 'wsState': 1} eval_ms=4 ram=15.0/31.9GB (47%) swap=0.8/13.5GB (6%) cpu=6% browser_rss=0.57GB
  [ComfyUI] [SubprocessWorker] callback 'report_progress' from call_id=3
  [ComfyUI] [SubprocessWorker] callback 'report_progress' from call_id=3
  Frame 57 saved (frame_056.jpg, t=176.1s)
  [capture-periodic] freeze=3ms shot=113ms unfreeze=4ms saved=True
  [ComfyUI] [SubprocessWorker] callback 'report_progress' from call_id=3
  [ComfyUI] [SubprocessWorker] callback 'report_progress' from call_id=3
  [ComfyUI] [SubprocessWorker] callback 'report_progress' from call_id=3
  [ComfyUI] [SubprocessWorker] callback 'report_progress' from call_id=3
  [ComfyUI] [SubprocessWorker] callback 'report_progress' from call_id=3
  [ComfyUI] [worker:ComfyUI-TRELLIS2] [VRAM] -295MB (now 2219MB) reserved=2914MB peak=2662MB
  Frame 58 saved (frame_057.jpg, t=178.3s)
  [capture-periodic] freeze=3ms shot=114ms unfreeze=4ms saved=True
  [ComfyUI] [worker:ComfyUI-TRELLIS2] [VRAM] -2079MB (now 140MB) reserved=2914MB peak=2662MB
  [ComfyUI] [SubprocessWorker] callback 'report_progress' from call_id=3
  [ComfyUI] [SubprocessWorker] callback 'report_progress' from call_id=3
  [ComfyUI] [SubprocessWorker] callback 'report_progress' from call_id=3
  [ComfyUI] [worker:ComfyUI-TRELLIS2] [TRELLIS2] Built SparseStructureDecoder on CPU: dtype=torch.bfloat16, 0.3s
  [ComfyUI] [SubprocessWorker] callback 'request_vram_budget' from call_id=3
  [ComfyUI] [comfy-env] VRAM request: 0.15GB, free before eviction: 24.44GB
  [ComfyUI] [comfy-env] VRAM after eviction: 24.44GB
  [ComfyUI] [worker:ComfyUI-TRELLIS2] [TRELLIS2] sparse_structure_decoder -> GPU: 0.1s
  [ComfyUI] [SubprocessWorker] callback 'report_progress' from call_id=3
  [ComfyUI] [SubprocessWorker] callback 'report_progress' from call_id=3
  [ComfyUI] [SubprocessWorker] callback 'report_progress' from call_id=3
  [ComfyUI] [SubprocessWorker] callback 'report_progress' from call_id=3
  [ComfyUI] [worker:ComfyUI-TRELLIS2] [TRELLIS2] Built SLatFlowModel on CPU: dtype=torch.bfloat16, 0.2s
  [ComfyUI] [SubprocessWorker] callback 'request_vram_budget' from call_id=3
  [ComfyUI] [comfy-env] VRAM request: 2.58GB, free before eviction: 24.44GB
  [ComfyUI] [comfy-env] VRAM after eviction: 24.44GB
  [ComfyUI] [worker:ComfyUI-TRELLIS2] [VRAM] +352MB (now 493MB) reserved=514MB peak=2662MB
  [ComfyUI] [worker:ComfyUI-TRELLIS2]
  [ComfyUI] === WATCHDOG TICK 3 ===
  [ComfyUI] [worker:ComfyUI-TRELLIS2] Thread 0x000020a0 (most recent call first):
  [ComfyUI]   File "C:\workspaces\TRELLIS2-1357\ComfyUI\.ce\.pixi\envs\trellis2-nodes\Lib\threading.py", line 359 in wait
  [ComfyUI]   File "C:\workspaces\TRELLIS2-1357\ComfyUI\.ce\.pixi\envs\trellis2-nodes\Lib\threading.py", line 655 in wait
  [ComfyUI]   File "C:\workspaces\TRELLIS2-1357\ComfyUI\.ce\.pixi\envs\trellis2-nodes\Lib\site-packages\tqdm\_monitor.py", line 60 in run
  [ComfyUI]   File "C:\workspaces\TRELLIS2-1357\ComfyUI\.ce\.pixi\envs\trellis2-nodes\Lib\threading.py", line 1075 in _bootstrap_inner
  [ComfyUI]   File "C:\workspaces\TRELLIS2-1357\ComfyUI\.ce\.pixi\envs\trellis2-nodes\Lib\threading.py", line 1032 in _bootstrap
  [ComfyUI] 
  [ComfyUI] Thread 0x00003864 (most recent call first):
  [ComfyUI]   File "C:\workspaces\TRELLIS2-1357\ComfyUI\.ce\.pixi\envs\trellis2-nodes\Lib\threading.py", line 359 in wait
  [ComfyUI]   File "C:\workspaces\TRELLIS2-1357\ComfyUI\.ce\.pixi\envs\trellis2-nodes\Lib\threading.py", line 655 in wait
  [ComfyUI]   File "C:\workspaces\TRELLIS2-1357\ComfyUI\.ce\.pixi\envs\trellis2-nodes\Lib\site-packages\tqdm\_monitor.py", line 60 in run
  [ComfyUI]   File "C:\workspaces\TRELLIS2-1357\ComfyUI\.ce\.pixi\envs\trellis2-nodes\Lib\threading.py", line 1075 in _bootstrap_inner
  [ComfyUI]   File "C:\workspaces\TRELLIS2-1357\ComfyUI\.ce\.pixi\envs\trellis2-nodes\Lib\threading.py", line 1032 in _bootstrap
  [ComfyUI] 
  [ComfyUI] Thread 0x0000101c (most recent call first):
  [ComfyUI]   File "C:\workspaces\TRELLIS2-1357\ComfyUI\.ce\.pixi\envs\trellis2-nodes\Lib\threading.py", line 359 in wait
  [ComfyUI]   File "C:\workspaces\TRELLIS2-1357\ComfyUI\.ce\.pixi\envs\trellis2-nodes\Lib\threading.py", line 655 in wait
  [ComfyUI]   File "C:\workspaces\TRELLIS2-1357\ComfyUI\.ce\.pixi\envs\trellis2-nodes\Lib\site-packages\tqdm\_monitor.py", line 60 in run
  [ComfyUI]   File "C:\workspaces\TRELLIS2-1357\ComfyUI\.ce\.pixi\envs\trellis2-nodes\Lib\threading.py", line 1075 in _bootstrap_inner
  [ComfyUI]   File "C:\workspaces\TRELLIS2-1357\ComfyUI\.ce\.pixi\envs\trellis2-nodes\Lib\threading.py", line 1032 in _bootstrap
  [ComfyUI] 
  [ComfyUI] Thread 0x00003878 (most recent call first):
  [ComfyUI]   File "C:\workspaces\TRELLIS2-1357\ComfyUI\.ce\.pixi\envs\trellis2-nodes\Lib\threading.py", line 359 in wait
  [ComfyUI]   File "C:\workspaces\TRELLIS2-1357\ComfyUI\.ce\.pixi\envs\trellis2-nodes\Lib\threading.py", line 655 in wait
  [ComfyUI]   File "C:\workspaces\TRELLIS2-1357\ComfyUI\.ce\.pixi\envs\trellis2-nodes\Lib\site-packages\tqdm\_monitor.py", line 60 in run
  [ComfyUI]   File "C:\workspaces\TRELLIS2-1357\ComfyUI\.ce\.pixi\envs\trellis2-nodes\Lib\threading.py", line 1075 in _bootstrap_inner
  [ComfyUI]   File "C:\workspaces\TRELLIS2-1357\ComfyUI\.ce\.pixi\envs\trellis2-nodes\Lib\threading.py", line 1032 in _bootstrap
  [ComfyUI] 
  [ComfyUI] Thread 0x00002d90 (most recent call first):
  [ComfyUI]   File "C:\workspaces\TRELLIS2-1357\ComfyUI\.ce\.pixi\envs\trellis2-nodes\Lib\threading.py", line 359 in wait
  [ComfyUI]   File "C:\workspaces\TRELLIS2-1357\ComfyUI\.ce\.pixi\envs\trellis2-nodes\Lib\threading.py", line 655 in wait
  [ComfyUI]   File "C:\workspaces\TRELLIS2-1357\ComfyUI\.ce\.pixi\envs\trellis2-nodes\Lib\site-packages\tqdm\_monitor.py", line 60 in run
  [ComfyUI]   File "C:\workspaces\TRELLIS2-1357\ComfyUI\.ce\.pixi\envs\trellis2-nodes\Lib\threading.py", line 1075 in _bootstrap_inner
  [ComfyUI]   File "C:\workspaces\TRELLIS2-1357\ComfyUI\.ce\.pixi\envs\trellis2-nodes\Lib\threading.py", line 1032 in _bootstrap
  [ComfyUI] 
  [ComfyUI] Thread 0x0000277c (most recent call first):
  [ComfyUI]   File "C:\workspaces\TRELLIS2-1357\ComfyUI\.ce\.pixi\envs\trellis2-nodes\Lib\threading.py", line 359 in wait
  [ComfyUI]   File "C:\workspaces\TRELLIS2-1357\ComfyUI\.ce\.pixi\envs\trellis2-nodes\Lib\threading.py", line 655 in wait
  [ComfyUI]   File "C:\workspaces\TRELLIS2-1357\ComfyUI\.ce\.pixi\envs\trellis2-nodes\Lib\site-packages\tqdm\_monitor.py", line 60 in run
  [ComfyUI]   File "C:\workspaces\TRELLIS2-1357\ComfyUI\.ce\.pixi\envs\trellis2-nodes\Lib\threading.py", line 1075 in _bootstrap_inner
  [ComfyUI]   File "C:\workspaces\TRELLIS2-1357\ComfyUI\.ce\.pixi\envs\trellis2-nodes\Lib\threading.py", line 1032 in _bootstrap
  [ComfyUI] 
  [ComfyUI] Thread 0x00000cf0 (most recent call first):
  [ComfyUI]   File "C:\workspaces\TRELLIS2-1357\ComfyUI\.ce\.pixi\envs\trellis2-nodes\Lib\threading.py", line 359 in wait
  [ComfyUI]   File "C:\workspaces\TRELLIS2-1357\ComfyUI\.ce\.pixi\envs\trellis2-nodes\Lib\threading.py", line 655 in wait
  [ComfyUI]   File "C:\workspaces\TRELLIS2-1357\ComfyUI\.ce\.pixi\envs\trellis2-nodes\Lib\site-packages\tqdm\_monitor.py", line 60 in run
  [ComfyUI]   File "C:\workspaces\TRELLIS2-1357\ComfyUI\.ce\.pixi\envs\trellis2-nodes\Lib\threading.py", line 1075 in _bootstrap_inner
  [ComfyUI]   File "C:\workspaces\TRELLIS2-1357\ComfyUI\.ce\.pixi\envs\trellis2-nodes\Lib\threading.py", line 1032 in _bootstrap
  [ComfyUI] 
  [ComfyUI] Thread 0x000039e4 (most recent call first):
  [ComfyUI]   File "C:\workspaces\TRELLIS2-1357\ComfyUI\.ce\.pixi\envs\trellis2-nodes\Lib\threading.py", line 359 in wait
  [ComfyUI]   File "C:\workspaces\TRELLIS2-1357\ComfyUI\.ce\.pixi\envs\trellis2-nodes\Lib\threading.py", line 655 in wait
  [ComfyUI]   File "C:\workspaces\TRELLIS2-1357\ComfyUI\.ce\.pixi\envs\trellis2-nodes\Lib\site-packages\tqdm\_monitor.py", line 60 in run
  [ComfyUI]   File "C:\workspaces\TRELLIS2-1357\ComfyUI\.ce\.pixi\envs\trellis2-nodes\Lib\threading.py", line 1075 in _bootstrap_inner
  [ComfyUI]   File "C:\workspaces\TRELLIS2-1357\ComfyUI\.ce\.pixi\envs\trellis2-nodes\Lib\threading.py", line 1032 in _bootstrap
  [ComfyUI] 
  [ComfyUI] Thread 0x00003310 (most recent call first):
  [ComfyUI]   File "C:\workspaces\TRELLIS2-1357\ComfyUI\.ce\.pixi\envs\trellis2-nodes\Lib\threading.py", line 359 in wait
  [ComfyUI]   File "C:\workspaces\TRELLIS2-1357\ComfyUI\.ce\.pixi\envs\trellis2-nodes\Lib\threading.py", line 655 in wait
  [ComfyUI]   File "C:\workspaces\TRELLIS2-1357\ComfyUI\.ce\.pixi\envs\trellis2-nodes\Lib\site-packages\tqdm\_monitor.py", line 60 in run
  [ComfyUI]   File "C:\workspaces\TRELLIS2-1357\ComfyUI\.ce\.pixi\envs\trellis2-nodes\Lib\threading.py", line 1075 in _bootstrap_inner
  [ComfyUI]   File "C:\workspaces\TRELLIS2-1357\ComfyUI\.ce\.pixi\envs\trellis2-nodes\Lib\threading.py", line 1032 in _bootstrap
  [ComfyUI] 
  [ComfyUI] Thread 0x000032d0 (most recent call first):
  [ComfyUI]   File "C:\workspaces\TRELLIS2-1357\ComfyUI\.ce\.pixi\envs\trellis2-nodes\Lib\threading.py", line 359 in wait
  [ComfyUI]   File "C:\workspaces\TRELLIS2-1357\ComfyUI\.ce\.pixi\envs\trellis2-nodes\Lib\threading.py", line 655 in wait
  [ComfyUI]   File "C:\workspaces\TRELLIS2-1357\ComfyUI\.ce\.pixi\envs\trellis2-nodes\Lib\site-packages\tqdm\_monitor.py", line 60 in run
  [ComfyUI]   File "C:\workspaces\TRELLIS2-1357\ComfyUI\.ce\.pixi\envs\trellis2-nodes\Lib\threading.py", line 1075 in _bootstrap_inner
  [ComfyUI]   File "C:\workspaces\TRELLIS2-1357\ComfyUI\.ce\.pixi\envs\trellis2-nodes\Lib\threading.py", line 1032 in _bootstrap
  [ComfyUI] 
  [ComfyUI] Thread 0x00002ca8 (most recent call first):
  [ComfyUI]   File "C:\workspaces\TRELLIS2-1357\ComfyUI\.ce\.pixi\envs\trellis2-nodes\Lib\threading.py", line 359 in wait
  [ComfyUI]   File "C:\workspaces\TRELLIS2-1357\ComfyUI\.ce\.pixi\envs\trellis2-nodes\Lib\threading.py", line 655 in wait
  [ComfyUI]   File "C:\workspaces\TRELLIS2-1357\ComfyUI\.ce\.pixi\envs\trellis2-nodes\Lib\site-packages\tqdm\_monitor.py", line 60 in run
  [ComfyUI]   File "C:\workspaces\TRELLIS2-1357\ComfyUI\.ce\.pixi\envs\trellis2-nodes\Lib\threading.py", line 1075 in _bootstrap_inner
  [ComfyUI]   File "C:\workspaces\TRELLIS2-1357\ComfyUI\.ce\.pixi\envs\trellis2-nodes\Lib\threading.py", line 1032 in _bootstrap
  [ComfyUI] 
  [ComfyUI] Thread 0x0000399c (most recent call first):
  [ComfyUI]   File "C:\workspaces\TRELLIS2-1357\ComfyUI\.ce\.pixi\envs\trellis2-nodes\Lib\threading.py", line 359 in wait
  [ComfyUI]   File "C:\workspaces\TRELLIS2-1357\ComfyUI\.ce\.pixi\envs\trellis2-nodes\Lib\threading.py", line 655 in wait
  [ComfyUI]   File "C:\workspaces\TRELLIS2-1357\ComfyUI\.ce\.pixi\envs\trellis2-nodes\Lib\site-packages\tqdm\_monitor.py", line 60 in run
  [ComfyUI]   File "C:\workspaces\TRELLIS2-1357\ComfyUI\.ce\.pixi\envs\trellis2-nodes\Lib\threading.py", line 1075 in _bootstrap_inner
  [ComfyUI]   File "C:\workspaces\TRELLIS2-1357\ComfyUI\.ce\.pixi\envs\trellis2-nodes\Lib\threading.py", line 1032 in _bootstrap
  [ComfyUI] 
  [ComfyUI] Thread 0x000041a4 (most recent call first):
  [ComfyUI]   File "C:\workspaces\TRELLIS2-1357\ComfyUI\.ce\.pixi\envs\trellis2-nodes\Lib\threading.py", line 359 in wait
  [ComfyUI]   File "C:\workspaces\TRELLIS2-1357\ComfyUI\.ce\.pixi\envs\trellis2-nodes\Lib\threading.py", line 655 in wait
  [ComfyUI]   File "C:\workspaces\TRELLIS2-1357\ComfyUI\.ce\.pixi\envs\trellis2-nodes\Lib\site-packages\tqdm\_monitor.py", line 60 in run
  [ComfyUI]   File "C:\workspaces\TRELLIS2-1357\ComfyUI\.ce\.pixi\envs\trellis2-nodes\Lib\threading.py", line 1075 in _bootstrap_inner
  [ComfyUI]   File "C:\workspaces\TRELLIS2-1357\ComfyUI\.ce\.pixi\envs\trellis2-nodes\Lib\threading.py", line 1032 in _bootstrap
  [ComfyUI] 
  [ComfyUI] Thread 0x000043c0 (most recent call first):
  [ComfyUI]   File "C:\workspaces\TRELLIS2-1357\ComfyUI\.ce\.pixi\envs\trellis2-nodes\Lib\threading.py", line 359 in wait
  [ComfyUI]   File "C:\workspaces\TRELLIS2-1357\ComfyUI\.ce\.pixi\envs\trellis2-nodes\Lib\threading.py", line 655 in wait
  [ComfyUI]   File "C:\workspaces\TRELLIS2-1357\ComfyUI\.ce\.pixi\envs\trellis2-nodes\Lib\site-packages\tqdm\_monitor.py", line 60 in run
  [ComfyUI]   File "C:\workspaces\TRELLIS2-1357\ComfyUI\.ce\.pixi\envs\trellis2-nodes\Lib\threading.py", line 1075 in _bootstrap_inner
  [ComfyUI]   File "C:\workspaces\TRELLIS2-1357\ComfyUI\.ce\.pixi\envs\trellis2-nodes\Lib\threading.py", line 1032 in _bootstrap
  [ComfyUI] 
  [ComfyUI] Thread 0x00003a3c (most recent call first):
  [ComfyUI]   File "C:\workspaces\TRELLIS2-1357\ComfyUI\.ce\.pixi\envs\trellis2-nodes\Lib\threading.py", line 359 in wait
  [ComfyUI]   File "C:\workspaces\TRELLIS2-1357\ComfyUI\.ce\.pixi\envs\trellis2-nodes\Lib\threading.py", line 655 in wait
  [ComfyUI]   File "C:\workspaces\TRELLIS2-1357\ComfyUI\.ce\.pixi\envs\trellis2-nodes\Lib\site-packages\tqdm\_monitor.py", line 60 in run
  [ComfyUI]   File "C:\workspaces\TRELLIS2-1357\ComfyUI\.ce\.pixi\envs\trellis2-nodes\Lib\threading.py", line 1075 in _bootstrap_inner
  [ComfyUI]   File "C:\workspaces\TRELLIS2-1357\ComfyUI\.ce\.pixi\envs\trellis2-nodes\Lib\threading.py", line 1032 in _bootstrap
  [ComfyUI] 
  [ComfyUI] Thread 0x000042e0 (most recent call first):
  [ComfyUI]   File "C:\workspaces\TRELLIS2-1357\ComfyUI\.ce\.pixi\envs\trellis2-nodes\Lib\threading.py", line 359 in wait
  [ComfyUI]   File "C:\workspaces\TRELLIS2-1357\ComfyUI\.ce\.pixi\envs\trellis2-nodes\Lib\threading.py", line 655 in wait
  [ComfyUI]   File "C:\workspaces\TRELLIS2-1357\ComfyUI\.ce\.pixi\envs\trellis2-nodes\Lib\site-packages\tqdm\_monitor.py", line 60 in run
  [ComfyUI]   File "C:\workspaces\TRELLIS2-1357\ComfyUI\.ce\.pixi\envs\trellis2-nodes\Lib\threading.py", line 1075 in _bootstrap_inner
  [ComfyUI]   File "C:\workspaces\TRELLIS2-1357\ComfyUI\.ce\.pixi\envs\trellis2-nodes\Lib\threading.py", line 1032 in _bootstrap
  [ComfyUI] 
  [ComfyUI] Thread 0x00003ee4 (most recent call first):
  [ComfyUI]   File "C:\workspaces\TRELLIS2-1357\ComfyUI\.ce\.pixi\envs\trellis2-nodes\Lib\threading.py", line 359 in wait
  [ComfyUI]   File "C:\workspaces\TRELLIS2-1357\ComfyUI\.ce\.pixi\envs\trellis2-nodes\Lib\threading.py", line 655 in wait
  [ComfyUI]   File "C:\workspaces\TRELLIS2-1357\ComfyUI\.ce\.pixi\envs\trellis2-nodes\Lib\site-packages\tqdm\_monitor.py", line 60 in run
  [ComfyUI]   File "C:\workspaces\TRELLIS2-1357\ComfyUI\.ce\.pixi\envs\trellis2-nodes\Lib\threading.py", line 1075 in _bootstrap_inner
  [ComfyUI]   File "C:\workspaces\TRELLIS2-1357\ComfyUI\.ce\.pixi\envs\trellis2-nodes\Lib\threading.py", line 1032 in _bootstrap
  [ComfyUI] 
  [ComfyUI] Thread 0x00003830 (most recent call first):
  [ComfyUI]   File "C:\workspaces\TRELLIS2-1357\ComfyUI\.ce\.pixi\envs\trellis2-nodes\Lib\threading.py", line 359 in wait
  [ComfyUI]   File "C:\workspaces\TRELLIS2-1357\ComfyUI\.ce\.pixi\envs\trellis2-nodes\Lib\threading.py", line 655 in wait
  [ComfyUI]   File "C:\workspaces\TRELLIS2-1357\ComfyUI\.ce\.pixi\envs\trellis2-nodes\Lib\site-packages\tqdm\_monitor.py", line 60 in run
  [ComfyUI]   File "C:\workspaces\TRELLIS2-1357\ComfyUI\.ce\.pixi\envs\trellis2-nodes\Lib\threading.py", line 1075 in _bootstrap_inner
  [ComfyUI]   File "C:\workspaces\TRELLIS2-1357\ComfyUI\.ce\.pixi\envs\trellis2-nodes\Lib\threading.py", line 1032 in _bootstrap
  [ComfyUI] 
  [ComfyUI] Thread 0x00000fc0 (most recent call first):
  [ComfyUI]   File "C:\workspaces\TRELLIS2-1357\ComfyUI\.ce\.pixi\envs\trellis2-nodes\Lib\threading.py", line 359 in wait
  [ComfyUI]   File "C:\workspaces\TRELLIS2-1357\ComfyUI\.ce\.pixi\envs\trellis2-nodes\Lib\threading.py", line 655 in wait
  [ComfyUI]   File "C:\workspaces\TRELLIS2-1357\ComfyUI\.ce\.pixi\envs\trellis2-nodes\Lib\site-packages\tqdm\_monitor.py", line 60 in run
  [ComfyUI]   File "C:\workspaces\TRELLIS2-1357\ComfyUI\.ce\.pixi\envs\trellis2-nodes\Lib\threading.py", line 1075 in _bootstrap_inner
  [ComfyUI]   File "C:\workspaces\TRELLIS2-1357\ComfyUI\.ce\.pixi\envs\trellis2-nodes\Lib\threading.py", line 1032 in _bootstrap
  [ComfyUI] 
  [ComfyUI] Thread 0x0000281c (most recent call first):
  [ComfyUI]   File "C:\workspaces\TRELLIS2-1357\ComfyUI\.ce\.pixi\envs\trellis2-nodes\Lib\threading.py", line 359 in wait
  [ComfyUI]   File "C:\workspaces\TRELLIS2-1357\ComfyUI\.ce\.pixi\envs\trellis2-nodes\Lib\threading.py", line 655 in wait
  [ComfyUI]   File "C:\workspaces\TRELLIS2-1357\ComfyUI\.ce\.pixi\envs\trellis2-nodes\Lib\site-packages\tqdm\_monitor.py", line 60 in run
  [ComfyUI]   File "C:\workspaces\TRELLIS2-1357\ComfyUI\.ce\.pixi\envs\trellis2-nodes\Lib\threading.py", line 1075 in _bootstrap_inner
  [ComfyUI]   File "C:\workspaces\TRELLIS2-1357\ComfyUI\.ce\.pixi\envs\trellis2-nodes\Lib\threading.py", line 1032 in _bootstrap
  [ComfyUI] 
  [ComfyUI] Thread 0x000010a4 (most recent call first):
  [ComfyUI]   File "C:\Users\ContainerAdministrator\AppData\Local\Temp\comfyui_pvenv_pd2bk2zm\persistent_worker.py", line 106 in _vram_poller
  [ComfyUI]   File "C:\workspaces\TRELLIS2-1357\ComfyUI\.ce\.pixi\envs\trellis2-nodes\Lib\threading.py", line 1012 in run
  [capture-loop] iter=1250 t=181.1s state={'complete': False, 'error': None, 'executedCount': 1, 'wsState': 1} eval_ms=4 ram=18.5/31.9GB (58%) swap=0.8/13.5GB (6%) cpu=11% browser_rss=0.57GB
  [ComfyUI]   File "C:\workspaces\TRELLIS2-1357\ComfyUI\.ce\.pixi\envs\trellis2-nodes\Lib\threading.py", line 1075 in _bootstrap_inner
  [ComfyUI]   File "C:\workspaces\TRELLIS2-1357\ComfyUI\.ce\.pixi\envs\trellis2-nodes\Lib\threading.py", line 1032 in _bootstrap
  [ComfyUI] 
  [ComfyUI] Current thread 0x00003114 (most recent call first):
  [ComfyUI]   File "C:\Users\ContainerAdministrator\AppData\Local\Temp\comfyui_pvenv_pd2bk2zm\persistent_worker.py", line 52 in _watchdog
  [ComfyUI]   File "C:\workspaces\TRELLIS2-1357\ComfyUI\.ce\.pixi\envs\trellis2-nodes\Lib\threading.py", line 1012 in run
  [ComfyUI]   File "C:\workspaces\TRELLIS2-1357\ComfyUI\.ce\.pixi\envs\trellis2-nodes\Lib\threading.py", line 1075 in _bootstrap_inner
  [ComfyUI]   File "C:\workspaces\TRELLIS2-1357\ComfyUI\.ce\.pixi\envs\trellis2-nodes\Lib\threading.py", line 1032 in _bootstrap
  [ComfyUI] 
  [ComfyUI] Thread 0x00002e9c (most recent call first):
  [ComfyUI]   File "C:\workspaces\TRELLIS2-1357\ComfyUI\.ce\.pixi\envs\trellis2-nodes\Lib\site-packages\torch\nn\modules\module.py", line 1370 in convert
  [ComfyUI]   File "C:\workspaces\TRELLIS2-1357\ComfyUI\.ce\.pixi\envs\trellis2-nodes\Lib\site-packages\torch\nn\modules\module.py", line 965 in _apply
  [ComfyUI]   File "C:\workspaces\TRELLIS2-1357\ComfyUI\.ce\.pixi\envs\trellis2-nodes\Lib\site-packages\torch\nn\modules\module.py", line 1384 in to
  [ComfyUI]   File "C:\Users\ContainerAdministrator\AppData\Local\Temp\comfyui_pvenv_pd2bk2zm\persistent_worker.py", line 1341 in _hooked_to
  [ComfyUI]   File "C:\workspaces\TRELLIS2-1357\ComfyUI\comfy\model_patcher.py", line 885 in load
  [ComfyUI]   File "C:\workspaces\TRELLIS2-1357\ComfyUI\comfy\model_patcher.py", line 1079 in partially_load
  [ComfyUI]   File "C:\workspaces\TRELLIS2-1357\ComfyUI\comfy\model_management.py", line 607 in model_use_more_vram
  [ComfyUI]   File "C:\workspaces\TRELLIS2-1357\ComfyUI\comfy\model_management.py", line 579 in model_load
  [ComfyUI]   File "C:\workspaces\TRELLIS2-1357\ComfyUI\comfy\model_management.py", line 817 in load_models_gpu
  [ComfyUI]   File "C:\Users\ContainerAdministrator\AppData\Local\Temp\comfyui_pvenv_pd2bk2zm\persistent_worker.py", line 1539 in _shimmed_load_models_gpu
  [ComfyUI]   File "C:\workspaces\TRELLIS2-1357\ComfyUI\custom_nodes\ComfyUI-TRELLIS2\nodes\stages.py", line 312 in _load_model
  [ComfyUI]   File "C:\workspaces\TRELLIS2-1357\ComfyUI\custom_nodes\ComfyUI-TRELLIS2\nodes\stages.py", line 509 in _sample_shape_slat
  [ComfyUI]   File "C:\workspaces\TRELLIS2-1357\ComfyUI\custom_nodes\ComfyUI-TRELLIS2\nodes\stages.py", line 947 in run_shape_generation
  [ComfyUI]   File "C:\workspaces\TRELLIS2-1357\ComfyUI\custom_nodes\ComfyUI-TRELLIS2\nodes\nodes_inference.py", line 132 in execute
  [ComfyUI]   File "C:\workspaces\TRELLIS2-1357\ComfyUI\comfy_api\latest\_io.py", line 1833 in EXECUTE_NORMALIZED
  [ComfyUI]   File "C:\Users\ContainerAdministrator\AppData\Local\Temp\comfyui_pvenv_pd2bk2zm\persistent_worker.py", line 1762 in main
  [ComfyUI]   File "C:\Users\ContainerAdministrator\AppData\Local\Temp\comfyui_pvenv_pd2bk2zm\persistent_worker.py", line 1807 in <module>
  [ComfyUI] 
  [ComfyUI] [worker:ComfyUI-TRELLIS2] === END ===
  [ComfyUI] 
  [ComfyUI] [worker:ComfyUI-TRELLIS2] [VRAM] +1613MB (now 2107MB) reserved=2142MB peak=2662MB
  [ComfyUI] [worker:ComfyUI-TRELLIS2] [TRELLIS2] shape_slat_flow_model_1024 -> GPU: 2.2s
  [ComfyUI] [worker:ComfyUI-TRELLIS2] [VRAM] +409MB (now 2516MB) reserved=2604MB peak=2662MB
  [ComfyUI] [worker:ComfyUI-TRELLIS2] [33m[comfy-attn] Varlen attention: sage2[0m
  [ComfyUI] [worker:ComfyUI-TRELLIS2] [VRAM] +782MB (now 3299MB) reserved=3612MB peak=3299MB
  [ComfyUI] [worker:ComfyUI-TRELLIS2] [VRAM] -493MB (now 2806MB) reserved=3612MB peak=3357MB
  [ComfyUI] [worker:ComfyUI-TRELLIS2] [VRAM] +315MB (now 3122MB) reserved=4240MB peak=3357MB
  [capture-loop] iter=1300 t=187.0s state={'complete': False, 'error': None, 'executedCount': 1, 'wsState': 1} eval_ms=3 ram=17.1/31.9GB (54%) swap=1.1/13.5GB (8%) cpu=7% browser_rss=0.57GB
  [ComfyUI] [worker:ComfyUI-TRELLIS2] [VRAM] -347MB (now 2776MB) reserved=4240MB peak=3357MB
  [ComfyUI] [worker:ComfyUI-TRELLIS2] [VRAM] +342MB (now 3119MB) reserved=4240MB peak=3357MB
  [ComfyUI] [SubprocessWorker] callback 'report_progress' from call_id=3
  [ComfyUI] [worker:ComfyUI-TRELLIS2] [VRAM] -307MB (now 2812MB) reserved=4240MB peak=3357MB
  Frame 59 saved (frame_058.jpg, t=189.3s)
  [capture-periodic] freeze=3ms shot=112ms unfreeze=4ms saved=True
  [ComfyUI] [worker:ComfyUI-TRELLIS2] [VRAM] +315MB (now 3127MB) reserved=4240MB peak=3357MB
  [ComfyUI] [worker:ComfyUI-TRELLIS2] [VRAM] -414MB (now 2714MB) reserved=4240MB peak=3357MB
  [ComfyUI] [SubprocessWorker] callback 'report_progress' from call_id=3
  [ComfyUI] [worker:ComfyUI-TRELLIS2] [VRAM] +419MB (now 3133MB) reserved=4240MB peak=3357MB
  [capture-loop] iter=1350 t=193.0s state={'complete': False, 'error': None, 'executedCount': 1, 'wsState': 1} eval_ms=4 ram=17.1/31.9GB (54%) swap=1.1/13.5GB (8%) cpu=6% browser_rss=0.57GB
  Frame 60 saved (frame_059.jpg, t=193.6s)
  [capture-periodic] freeze=3ms shot=103ms unfreeze=3ms saved=True
  [ComfyUI] [worker:ComfyUI-TRELLIS2] [VRAM] -316MB (now 2818MB) reserved=4240MB peak=3357MB
  [ComfyUI] [worker:ComfyUI-TRELLIS2] [VRAM] +488MB (now 3306MB) reserved=4240MB peak=3357MB
  [ComfyUI] [worker:ComfyUI-TRELLIS2] [VRAM] -519MB (now 2787MB) reserved=4240MB peak=3357MB
  [ComfyUI] [SubprocessWorker] callback 'report_progress' from call_id=3
  [ComfyUI] [worker:ComfyUI-TRELLIS2] [VRAM] +351MB (now 3138MB) reserved=4240MB peak=3357MB
  Frame 61 saved (frame_060.jpg, t=197.9s)
  [capture-periodic] freeze=4ms shot=109ms unfreeze=4ms saved=True
  [ComfyUI] [worker:ComfyUI-TRELLIS2] [VRAM] -347MB (now 2792MB) reserved=4240MB peak=3357MB
  [capture-loop] iter=1400 t=199.0s state={'complete': False, 'error': None, 'executedCount': 1, 'wsState': 1} eval_ms=3 ram=17.1/31.9GB (54%) swap=1.1/13.5GB (8%) cpu=5% browser_rss=0.57GB
  [ComfyUI] [worker:ComfyUI-TRELLIS2] [VRAM] +342MB (now 3135MB) reserved=4240MB peak=3357MB
  [ComfyUI] [SubprocessWorker] callback 'report_progress' from call_id=3
  Frame 62 saved (frame_061.jpg, t=200.1s)
  [capture-periodic] freeze=4ms shot=109ms unfreeze=4ms saved=True
  [ComfyUI] [worker:ComfyUI-TRELLIS2] [VRAM] -308MB (now 2827MB) reserved=4240MB peak=3357MB
  [ComfyUI] [worker:ComfyUI-TRELLIS2] [VRAM] -279MB (now 2549MB) reserved=4240MB peak=3357MB
  [ComfyUI] [worker:ComfyUI-TRELLIS2] [VRAM] +247MB (now 2797MB) reserved=4240MB peak=3357MB
  [ComfyUI] [SubprocessWorker] callback 'report_progress' from call_id=3
  [ComfyUI] [worker:ComfyUI-TRELLIS2] [VRAM] +351MB (now 3148MB) reserved=4240MB peak=3357MB
  [ComfyUI] [worker:ComfyUI-TRELLIS2] [VRAM] -316MB (now 2832MB) reserved=4240MB peak=3357MB
  Frame 63 saved (frame_062.jpg, t=204.5s)
  [capture-periodic] freeze=3ms shot=108ms unfreeze=3ms saved=True
  [capture-loop] iter=1450 t=205.2s state={'complete': False, 'error': None, 'executedCount': 1, 'wsState': 1} eval_ms=4 ram=16.4/31.9GB (51%) swap=1.1/13.5GB (8%) cpu=7% browser_rss=0.57GB
  [ComfyUI] [worker:ComfyUI-TRELLIS2] [VRAM] +311MB (now 3144MB) reserved=4240MB peak=3357MB
  [ComfyUI] [worker:ComfyUI-TRELLIS2] [VRAM] -581MB (now 2564MB) reserved=4240MB peak=3357MB
  [ComfyUI] [SubprocessWorker] callback 'report_progress' from call_id=3
  [ComfyUI] [worker:ComfyUI-TRELLIS2] [VRAM] +272MB (now 2836MB) reserved=4240MB peak=3357MB
  [ComfyUI] [worker:ComfyUI-TRELLIS2] [VRAM] +312MB (now 3149MB) reserved=4240MB peak=3357MB
  Frame 64 saved (frame_063.jpg, t=208.8s)
  [capture-periodic] freeze=3ms shot=107ms unfreeze=4ms saved=True
  [ComfyUI] [worker:ComfyUI-TRELLIS2] [VRAM] -342MB (now 2807MB) reserved=4240MB peak=3357MB
  [ComfyUI] [SubprocessWorker] callback 'report_progress' from call_id=3
  [ComfyUI] [worker:ComfyUI-TRELLIS2] [VRAM] +351MB (now 3158MB) reserved=4240MB peak=3357MB
  Frame 65 saved (frame_064.jpg, t=210.9s)
  [capture-periodic] freeze=2ms shot=122ms unfreeze=3ms saved=True
  [capture-loop] iter=1500 t=211.2s state={'complete': False, 'error': None, 'executedCount': 1, 'wsState': 1} eval_ms=4 ram=16.3/31.9GB (51%) swap=1.1/13.5GB (8%) cpu=6% browser_rss=0.57GB
  [ComfyUI] [worker:ComfyUI-TRELLIS2] [VRAM] -316MB (now 2842MB) reserved=4240MB peak=3357MB
  [ComfyUI] [worker:ComfyUI-TRELLIS2] [VRAM] +430MB (now 3273MB) reserved=4240MB peak=3390MB
  [ComfyUI] [SubprocessWorker] callback 'report_progress' from call_id=3
  [ComfyUI] [worker:ComfyUI-TRELLIS2] [VRAM] -426MB (now 2847MB) reserved=4240MB peak=3390MB
  [ComfyUI] [worker:ComfyUI-TRELLIS2] [VRAM] +314MB (now 3162MB) reserved=4240MB peak=3390MB
  Frame 66 saved (frame_065.jpg, t=215.3s)
  [capture-periodic] freeze=4ms shot=109ms unfreeze=3ms saved=True
  [ComfyUI] [worker:ComfyUI-TRELLIS2] [VRAM] -347MB (now 2816MB) reserved=4240MB peak=3390MB
  [capture-loop] iter=1550 t=217.1s state={'complete': False, 'error': None, 'executedCount': 1, 'wsState': 1} eval_ms=4 ram=16.4/31.9GB (52%) swap=1.1/13.5GB (8%) cpu=7% browser_rss=0.57GB
  [ComfyUI] [SubprocessWorker] callback 'report_progress' from call_id=3
  Frame 67 saved (frame_066.jpg, t=217.6s)
  [ComfyUI] [worker:ComfyUI-TRELLIS2] [VRAM] +352MB (now 3168MB) reserved=4240MB peak=3390MB
  [capture-periodic] freeze=3ms shot=102ms unfreeze=3ms saved=True
  [ComfyUI] [worker:ComfyUI-TRELLIS2] [VRAM] -316MB (now 2852MB) reserved=4240MB peak=3390MB
  [ComfyUI] [SubprocessWorker] callback 'report_progress' from call_id=3
  [ComfyUI] [worker:ComfyUI-TRELLIS2] [VRAM] +320MB (now 3173MB) reserved=4240MB peak=3390MB
  Frame 68 saved (frame_067.jpg, t=219.8s)
  [capture-periodic] freeze=4ms shot=108ms unfreeze=3ms saved=True
  [ComfyUI] [worker:ComfyUI-TRELLIS2] [VRAM] -316MB (now 2857MB) reserved=4240MB peak=3390MB
  [ComfyUI] [SubprocessWorker] callback 'report_progress' from call_id=3
  [ComfyUI] [worker:ComfyUI-TRELLIS2] [VRAM] +320MB (now 3177MB) reserved=4240MB peak=3390MB
  Frame 69 saved (frame_068.jpg, t=222.0s)
  [capture-periodic] freeze=3ms shot=107ms unfreeze=4ms saved=True
  [ComfyUI] [worker:ComfyUI-TRELLIS2] [VRAM] -257MB (now 2921MB) reserved=4240MB peak=3390MB
  [ComfyUI] [SubprocessWorker] callback 'report_progress' from call_id=3
  [capture-loop] iter=1600 t=223.3s state={'complete': False, 'error': None, 'executedCount': 1, 'wsState': 1} eval_ms=4 ram=17.1/31.9GB (54%) swap=1.1/13.5GB (8%) cpu=7% browser_rss=0.57GB
  [ComfyUI] [worker:ComfyUI-TRELLIS2] [VRAM] -2444MB (now 477MB) reserved=4240MB peak=3390MB
  [ComfyUI] [SubprocessWorker] callback 'report_progress' from call_id=3
  Frame 70 saved (frame_069.jpg, t=224.2s)
  [capture-periodic] freeze=4ms shot=132ms unfreeze=4ms saved=True
  [ComfyUI] [worker:ComfyUI-TRELLIS2] [VRAM] -433MB (now 45MB) reserved=116MB peak=3390MB
  Frame 71 saved (frame_070.jpg, t=226.4s)
  [capture-periodic] freeze=4ms shot=119ms unfreeze=3ms saved=True
  [ComfyUI] [SubprocessWorker] callback 'report_progress' from call_id=3
  [ComfyUI] [SubprocessWorker] callback 'report_progress' from call_id=3
  [ComfyUI] [worker:ComfyUI-TRELLIS2] [TRELLIS2] Built FlexiDualGridVaeDecoder on CPU: dtype=torch.bfloat16, 5.2s
  [ComfyUI] [SubprocessWorker] callback 'request_vram_budget' from call_id=3
  [ComfyUI] [comfy-env] VRAM request: 0.95GB, free before eviction: 24.44GB
  [ComfyUI] [comfy-env] VRAM after eviction: 24.44GB
  [ComfyUI] [worker:ComfyUI-TRELLIS2] [VRAM] +216MB (now 261MB) reserved=332MB peak=3390MB
  [capture-loop] iter=1650 t=229.7s state={'complete': False, 'error': None, 'executedCount': 1, 'wsState': 1} eval_ms=4 ram=19.0/31.9GB (59%) swap=1.1/13.5GB (8%) cpu=38% browser_rss=0.57GB
  [ComfyUI] [worker:ComfyUI-TRELLIS2] [TRELLIS2] shape_slat_decoder -> GPU: 0.5s
  [ComfyUI] [worker:ComfyUI-TRELLIS2] [vae] set max_voxels_per_tile=1000000 on 40 SparseConv3d modules
  [ComfyUI] [worker:ComfyUI-TRELLIS2] [UNET] level=0 block=0 SparseConvNeXtBlock3d N=20,004 ch=1024 alloc=1002MB
  [ComfyUI] [worker:ComfyUI-TRELLIS2] [sparse-conv] N=20,004 Ci=1024 Co=1024 feats=39MB cache=5MB (miss) w_dev=cuda:0 alloc=1008MB
  [ComfyUI] [worker:ComfyUI-TRELLIS2] [VRAM] +786MB (now 1048MB) reserved=1064MB peak=3390MB
  Frame 72 saved (frame_071.jpg, t=230.8s)
  [capture-periodic] freeze=3ms shot=116ms unfreeze=4ms saved=True
  [ComfyUI] [worker:ComfyUI-TRELLIS2] [VRAM] +256MB (now 1304MB) reserved=1320MB peak=3390MB
  [ComfyUI] [worker:ComfyUI-TRELLIS2] [VRAM] -256MB (now 1048MB) reserved=1320MB peak=3390MB
  [ComfyUI] [worker:ComfyUI-TRELLIS2] [VRAM] +256MB (now 1304MB) reserved=1320MB peak=3390MB
  [ComfyUI] [worker:ComfyUI-TRELLIS2] [VRAM] -256MB (now 1048MB) reserved=1320MB peak=3390MB
  [capture-loop] iter=1700 t=235.7s state={'complete': False, 'error': None, 'executedCount': 1, 'wsState': 1} eval_ms=3 ram=18.0/31.9GB (56%) swap=1.1/13.5GB (8%) cpu=8% browser_rss=0.57GB
  [ComfyUI] [worker:ComfyUI-TRELLIS2] [VRAM] +256MB (now 1304MB) reserved=1320MB peak=3390MB
  [ComfyUI] [worker:ComfyUI-TRELLIS2] [VRAM] -296MB (now 1008MB) reserved=1320MB peak=3390MB
  [ComfyUI] [worker:ComfyUI-TRELLIS2] [VRAM] +412MB (now 1420MB) reserved=1576MB peak=3390MB
  [ComfyUI] [worker:ComfyUI-TRELLIS2]
  [ComfyUI] === WATCHDOG TICK 4 ===
  [ComfyUI] [worker:ComfyUI-TRELLIS2] Thread 0x000020a0 (most recent call first):
  [ComfyUI]   File "C:\workspaces\TRELLIS2-1357\ComfyUI\.ce\.pixi\envs\trellis2-nodes\Lib\threading.py", line 359 in wait
  [ComfyUI]   File "C:\workspaces\TRELLIS2-1357\ComfyUI\.ce\.pixi\envs\trellis2-nodes\Lib\threading.py", line 655 in wait
  [ComfyUI]   File "C:\workspaces\TRELLIS2-1357\ComfyUI\.ce\.pixi\envs\trellis2-nodes\Lib\site-packages\tqdm\_monitor.py", line 60 in run
  [ComfyUI]   File "C:\workspaces\TRELLIS2-1357\ComfyUI\.ce\.pixi\envs\trellis2-nodes\Lib\threading.py", line 1075 in _bootstrap_inner
  [ComfyUI]   File "C:\workspaces\TRELLIS2-1357\ComfyUI\.ce\.pixi\envs\trellis2-nodes\Lib\threading.py", line 1032 in _bootstrap
  [ComfyUI] 
  [ComfyUI] Thread 0x00003864 (most recent call first):
  [ComfyUI]   File "C:\workspaces\TRELLIS2-1357\ComfyUI\.ce\.pixi\envs\trellis2-nodes\Lib\threading.py", line 359 in wait
  [ComfyUI]   File "C:\workspaces\TRELLIS2-1357\ComfyUI\.ce\.pixi\envs\trellis2-nodes\Lib\threading.py", line 655 in wait
  [ComfyUI]   File "C:\workspaces\TRELLIS2-1357\ComfyUI\.ce\.pixi\envs\trellis2-nodes\Lib\site-packages\tqdm\_monitor.py", line 60 in run
  [ComfyUI]   File "C:\workspaces\TRELLIS2-1357\ComfyUI\.ce\.pixi\envs\trellis2-nodes\Lib\threading.py", line 1075 in _bootstrap_inner
  [ComfyUI]   File "C:\workspaces\TRELLIS2-1357\ComfyUI\.ce\.pixi\envs\trellis2-nodes\Lib\threading.py", line 1032 in _bootstrap
  [ComfyUI] 
  [ComfyUI] Thread 0x0000101c (most recent call first):
  [ComfyUI]   File "C:\workspaces\TRELLIS2-1357\ComfyUI\.ce\.pixi\envs\trellis2-nodes\Lib\threading.py", line 359 in wait
  [ComfyUI]   File "C:\workspaces\TRELLIS2-1357\ComfyUI\.ce\.pixi\envs\trellis2-nodes\Lib\threading.py", line 655 in wait
  [ComfyUI]   File "C:\workspaces\TRELLIS2-1357\ComfyUI\.ce\.pixi\envs\trellis2-nodes\Lib\site-packages\tqdm\_monitor.py", line 60 in run
  [ComfyUI]   File "C:\workspaces\TRELLIS2-1357\ComfyUI\.ce\.pixi\envs\trellis2-nodes\Lib\threading.py", line 1075 in _bootstrap_inner
  [ComfyUI]   File "C:\workspaces\TRELLIS2-1357\ComfyUI\.ce\.pixi\envs\trellis2-nodes\Lib\threading.py", line 1032 in _bootstrap
  [ComfyUI] 
  [ComfyUI] Thread 0x00003878 (most recent call first):
  [ComfyUI]   File "C:\workspaces\TRELLIS2-1357\ComfyUI\.ce\.pixi\envs\trellis2-nodes\Lib\threading.py", line 359 in wait
  [ComfyUI]   File "C:\workspaces\TRELLIS2-1357\ComfyUI\.ce\.pixi\envs\trellis2-nodes\Lib\threading.py", line 655 in wait
  [ComfyUI]   File "C:\workspaces\TRELLIS2-1357\ComfyUI\.ce\.pixi\envs\trellis2-nodes\Lib\site-packages\tqdm\_monitor.py", line 60 in run
  [ComfyUI]   File "C:\workspaces\TRELLIS2-1357\ComfyUI\.ce\.pixi\envs\trellis2-nodes\Lib\threading.py", line 1075 in _bootstrap_inner
  [ComfyUI]   File "C:\workspaces\TRELLIS2-1357\ComfyUI\.ce\.pixi\envs\trellis2-nodes\Lib\threading.py", line 1032 in _bootstrap
  [ComfyUI] 
  [ComfyUI] Thread 0x00002d90 (most recent call first):
  [ComfyUI]   File "C:\workspaces\TRELLIS2-1357\ComfyUI\.ce\.pixi\envs\trellis2-nodes\Lib\threading.py", line 359 in wait
  [ComfyUI]   File "C:\workspaces\TRELLIS2-1357\ComfyUI\.ce\.pixi\envs\trellis2-nodes\Lib\threading.py", line 655 in wait
  [ComfyUI]   File "C:\workspaces\TRELLIS2-1357\ComfyUI\.ce\.pixi\envs\trellis2-nodes\Lib\site-packages\tqdm\_monitor.py", line 60 in run
  [ComfyUI]   File "C:\workspaces\TRELLIS2-1357\ComfyUI\.ce\.pixi\envs\trellis2-nodes\Lib\threading.py", line 1075 in _bootstrap_inner
  [ComfyUI]   File "C:\workspaces\TRELLIS2-1357\ComfyUI\.ce\.pixi\envs\trellis2-nodes\Lib\threading.py", line 1032 in _bootstrap
  [ComfyUI] 
  [ComfyUI] Thread 0x0000277c (most recent call first):
  [ComfyUI]   File "C:\workspaces\TRELLIS2-1357\ComfyUI\.ce\.pixi\envs\trellis2-nodes\Lib\threading.py", line 359 in wait
  [ComfyUI]   File "C:\workspaces\TRELLIS2-1357\ComfyUI\.ce\.pixi\envs\trellis2-nodes\Lib\threading.py", line 655 in wait
  [ComfyUI]   File "C:\workspaces\TRELLIS2-1357\ComfyUI\.ce\.pixi\envs\trellis2-nodes\Lib\site-packages\tqdm\_monitor.py", line 60 in run
  [ComfyUI]   File "C:\workspaces\TRELLIS2-1357\ComfyUI\.ce\.pixi\envs\trellis2-nodes\Lib\threading.py", line 1075 in _bootstrap_inner
  [ComfyUI]   File "C:\workspaces\TRELLIS2-1357\ComfyUI\.ce\.pixi\envs\trellis2-nodes\Lib\threading.py", line 1032 in _bootstrap
  [ComfyUI] 
  [ComfyUI] Thread 0x00000cf0 (most recent call first):
  [ComfyUI]   File "C:\workspaces\TRELLIS2-1357\ComfyUI\.ce\.pixi\envs\trellis2-nodes\Lib\threading.py", line 359 in wait
  [ComfyUI]   File "C:\workspaces\TRELLIS2-1357\ComfyUI\.ce\.pixi\envs\trellis2-nodes\Lib\threading.py", line 655 in wait
  [ComfyUI]   File "C:\workspaces\TRELLIS2-1357\ComfyUI\.ce\.pixi\envs\trellis2-nodes\Lib\site-packages\tqdm\_monitor.py", line 60 in run
  [ComfyUI]   File "C:\workspaces\TRELLIS2-1357\ComfyUI\.ce\.pixi\envs\trellis2-nodes\Lib\threading.py", line 1075 in _bootstrap_inner
  [ComfyUI]   File "C:\workspaces\TRELLIS2-1357\ComfyUI\.ce\.pixi\envs\trellis2-nodes\Lib\threading.py", line 1032 in _bootstrap
  [ComfyUI] 
  [ComfyUI] Thread 0x000039e4 (most recent call first):
  [ComfyUI]   File "C:\workspaces\TRELLIS2-1357\ComfyUI\.ce\.pixi\envs\trellis2-nodes\Lib\threading.py", line 359 in wait
  [ComfyUI]   File "C:\workspaces\TRELLIS2-1357\ComfyUI\.ce\.pixi\envs\trellis2-nodes\Lib\threading.py", line 655 in wait
  [ComfyUI]   File "C:\workspaces\TRELLIS2-1357\ComfyUI\.ce\.pixi\envs\trellis2-nodes\Lib\site-packages\tqdm\_monitor.py", line 60 in run
  [ComfyUI]   File "C:\workspaces\TRELLIS2-1357\ComfyUI\.ce\.pixi\envs\trellis2-nodes\Lib\threading.py", line 1075 in _bootstrap_inner
  [ComfyUI]   File "C:\workspaces\TRELLIS2-1357\ComfyUI\.ce\.pixi\envs\trellis2-nodes\Lib\threading.py", line 1032 in _bootstrap
  [ComfyUI] 
  [ComfyUI] Thread 0x00003310 (most recent call first):
  [ComfyUI]   File "C:\workspaces\TRELLIS2-1357\ComfyUI\.ce\.pixi\envs\trellis2-nodes\Lib\threading.py", line 359 in wait
  [ComfyUI]   File "C:\workspaces\TRELLIS2-1357\ComfyUI\.ce\.pixi\envs\trellis2-nodes\Lib\threading.py", line 655 in wait
  [ComfyUI]   File "C:\workspaces\TRELLIS2-1357\ComfyUI\.ce\.pixi\envs\trellis2-nodes\Lib\site-packages\tqdm\_monitor.py", line 60 in run
  [ComfyUI]   File "C:\workspaces\TRELLIS2-1357\ComfyUI\.ce\.pixi\envs\trellis2-nodes\Lib\threading.py", line 1075 in _bootstrap_inner
  [ComfyUI]   File "C:\workspaces\TRELLIS2-1357\ComfyUI\.ce\.pixi\envs\trellis2-nodes\Lib\threading.py", line 1032 in _bootstrap
  [ComfyUI] 
  [ComfyUI] Thread 0x000032d0 (most recent call first):
  [ComfyUI]   File "C:\workspaces\TRELLIS2-1357\ComfyUI\.ce\.pixi\envs\trellis2-nodes\Lib\threading.py", line 359 in wait
  [ComfyUI]   File "C:\workspaces\TRELLIS2-1357\ComfyUI\.ce\.pixi\envs\trellis2-nodes\Lib\threading.py", line 655 in wait
  [ComfyUI]   File "C:\workspaces\TRELLIS2-1357\ComfyUI\.ce\.pixi\envs\trellis2-nodes\Lib\site-packages\tqdm\_monitor.py", line 60 in run
  [ComfyUI]   File "C:\workspaces\TRELLIS2-1357\ComfyUI\.ce\.pixi\envs\trellis2-nodes\Lib\threading.py", line 1075 in _bootstrap_inner
  [ComfyUI]   File "C:\workspaces\TRELLIS2-1357\ComfyUI\.ce\.pixi\envs\trellis2-nodes\Lib\threading.py", line 1032 in _bootstrap
  [ComfyUI] 
  [ComfyUI] Thread 0x00002ca8 (most recent call first):
  [ComfyUI]   File "C:\workspaces\TRELLIS2-1357\ComfyUI\.ce\.pixi\envs\trellis2-nodes\Lib\threading.py", line 359 in wait
  [ComfyUI]   File "C:\workspaces\TRELLIS2-1357\ComfyUI\.ce\.pixi\envs\trellis2-nodes\Lib\threading.py", line 655 in wait
  [ComfyUI]   File "C:\workspaces\TRELLIS2-1357\ComfyUI\.ce\.pixi\envs\trellis2-nodes\Lib\site-packages\tqdm\_monitor.py", line 60 in run
  [ComfyUI]   File "C:\workspaces\TRELLIS2-1357\ComfyUI\.ce\.pixi\envs\trellis2-nodes\Lib\threading.py", line 1075 in _bootstrap_inner
  [ComfyUI]   File "C:\workspaces\TRELLIS2-1357\ComfyUI\.ce\.pixi\envs\trellis2-nodes\Lib\threading.py", line 1032 in _bootstrap
  [ComfyUI] 
  [ComfyUI] Thread 0x0000399c (most recent call first):
  [ComfyUI]   File "C:\workspaces\TRELLIS2-1357\ComfyUI\.ce\.pixi\envs\trellis2-nodes\Lib\threading.py", line 359 in wait
  [ComfyUI]   File "C:\workspaces\TRELLIS2-1357\ComfyUI\.ce\.pixi\envs\trellis2-nodes\Lib\threading.py", line 655 in wait
  [ComfyUI]   File "C:\workspaces\TRELLIS2-1357\ComfyUI\.ce\.pixi\envs\trellis2-nodes\Lib\site-packages\tqdm\_monitor.py", line 60 in run
  [ComfyUI]   File "C:\workspaces\TRELLIS2-1357\ComfyUI\.ce\.pixi\envs\trellis2-nodes\Lib\threading.py", line 1075 in _bootstrap_inner
  [ComfyUI]   File "C:\workspaces\TRELLIS2-1357\ComfyUI\.ce\.pixi\envs\trellis2-nodes\Lib\threading.py", line 1032 in _bootstrap
  [ComfyUI] 
  [ComfyUI] Thread 0x000041a4 (most recent call first):
  [ComfyUI]   File "C:\workspaces\TRELLIS2-1357\ComfyUI\.ce\.pixi\envs\trellis2-nodes\Lib\threading.py", line 359 in wait
  [ComfyUI]   File "C:\workspaces\TRELLIS2-1357\ComfyUI\.ce\.pixi\envs\trellis2-nodes\Lib\threading.py", line 655 in wait
  [ComfyUI]   File "C:\workspaces\TRELLIS2-1357\ComfyUI\.ce\.pixi\envs\trellis2-nodes\Lib\site-packages\tqdm\_monitor.py", line 60 in run
  [ComfyUI]   File "C:\workspaces\TRELLIS2-1357\ComfyUI\.ce\.pixi\envs\trellis2-nodes\Lib\threading.py", line 1075 in _bootstrap_inner
  [ComfyUI]   File "C:\workspaces\TRELLIS2-1357\ComfyUI\.ce\.pixi\envs\trellis2-nodes\Lib\threading.py", line 1032 in _bootstrap
  [ComfyUI] 
  [ComfyUI] Thread 0x000043c0 (most recent call first):
  [ComfyUI]   File "C:\workspaces\TRELLIS2-1357\ComfyUI\.ce\.pixi\envs\trellis2-nodes\Lib\threading.py", line 359 in wait
  [ComfyUI]   File "C:\workspaces\TRELLIS2-1357\ComfyUI\.ce\.pixi\envs\trellis2-nodes\Lib\threading.py", line 655 in wait
  [ComfyUI]   File "C:\workspaces\TRELLIS2-1357\ComfyUI\.ce\.pixi\envs\trellis2-nodes\Lib\site-packages\tqdm\_monitor.py", line 60 in run
  [ComfyUI]   File "C:\workspaces\TRELLIS2-1357\ComfyUI\.ce\.pixi\envs\trellis2-nodes\Lib\threading.py", line 1075 in _bootstrap_inner
  [ComfyUI]   File "C:\workspaces\TRELLIS2-1357\ComfyUI\.ce\.pixi\envs\trellis2-nodes\Lib\threading.py", line 1032 in _bootstrap
  [ComfyUI] 
  [ComfyUI] Thread 0x00003a3c (most recent call first):
  [ComfyUI]   File "C:\workspaces\TRELLIS2-1357\ComfyUI\.ce\.pixi\envs\trellis2-nodes\Lib\threading.py", line 359 in wait
  [ComfyUI]   File "C:\workspaces\TRELLIS2-1357\ComfyUI\.ce\.pixi\envs\trellis2-nodes\Lib\threading.py", line 655 in wait
  [ComfyUI]   File "C:\workspaces\TRELLIS2-1357\ComfyUI\.ce\.pixi\envs\trellis2-nodes\Lib\site-packages\tqdm\_monitor.py", line 60 in run
  [ComfyUI]   File "C:\workspaces\TRELLIS2-1357\ComfyUI\.ce\.pixi\envs\trellis2-nodes\Lib\threading.py", line 1075 in _bootstrap_inner
  [ComfyUI]   File "C:\workspaces\TRELLIS2-1357\ComfyUI\.ce\.pixi\envs\trellis2-nodes\Lib\threading.py", line 1032 in _bootstrap
  [ComfyUI] 
  [ComfyUI] Thread 0x000042e0 (most recent call first):
  [ComfyUI]   File "C:\workspaces\TRELLIS2-1357\ComfyUI\.ce\.pixi\envs\trellis2-nodes\Lib\threading.py", line 359 in wait
  [ComfyUI]   File "C:\workspaces\TRELLIS2-1357\ComfyUI\.ce\.pixi\envs\trellis2-nodes\Lib\threading.py", line 655 in wait
  [ComfyUI]   File "C:\workspaces\TRELLIS2-1357\ComfyUI\.ce\.pixi\envs\trellis2-nodes\Lib\site-packages\tqdm\_monitor.py", line 60 in run
  [ComfyUI]   File "C:\workspaces\TRELLIS2-1357\ComfyUI\.ce\.pixi\envs\trellis2-nodes\Lib\threading.py", line 1075 in _bootstrap_inner
  [ComfyUI]   File "C:\workspaces\TRELLIS2-1357\ComfyUI\.ce\.pixi\envs\trellis2-nodes\Lib\threading.py", line 1032 in _bootstrap
  [ComfyUI] 
  [ComfyUI] Thread 0x00003ee4 (most recent call first):
  [ComfyUI]   File "C:\workspaces\TRELLIS2-1357\ComfyUI\.ce\.pixi\envs\trellis2-nodes\Lib\threading.py", line 359 in wait
  [ComfyUI]   File "C:\workspaces\TRELLIS2-1357\ComfyUI\.ce\.pixi\envs\trellis2-nodes\Lib\threading.py", line 655 in wait
  [ComfyUI]   File "C:\workspaces\TRELLIS2-1357\ComfyUI\.ce\.pixi\envs\trellis2-nodes\Lib\site-packages\tqdm\_monitor.py", line 60 in run
  [ComfyUI]   File "C:\workspaces\TRELLIS2-1357\ComfyUI\.ce\.pixi\envs\trellis2-nodes\Lib\threading.py", line 1075 in _bootstrap_inner
  [ComfyUI]   File "C:\workspaces\TRELLIS2-1357\ComfyUI\.ce\.pixi\envs\trellis2-nodes\Lib\threading.py", line 1032 in _bootstrap
  [ComfyUI] 
  [ComfyUI] Thread 0x00003830 (most recent call first):
  [ComfyUI]   File "C:\workspaces\TRELLIS2-1357\ComfyUI\.ce\.pixi\envs\trellis2-nodes\Lib\threading.py", line 359 in wait
  [ComfyUI]   File "C:\workspaces\TRELLIS2-1357\ComfyUI\.ce\.pixi\envs\trellis2-nodes\Lib\threading.py", line 655 in wait
  [ComfyUI]   File "C:\workspaces\TRELLIS2-1357\ComfyUI\.ce\.pixi\envs\trellis2-nodes\Lib\site-packages\tqdm\_monitor.py", line 60 in run
  [ComfyUI]   File "C:\workspaces\TRELLIS2-1357\ComfyUI\.ce\.pixi\envs\trellis2-nodes\Lib\threading.py", line 1075 in _bootstrap_inner
  [ComfyUI]   File "C:\workspaces\TRELLIS2-1357\ComfyUI\.ce\.pixi\envs\trellis2-nodes\Lib\threading.py", line 1032 in _bootstrap
  [ComfyUI] 
  [ComfyUI] Thread 0x00000fc0 (most recent call first):
  [ComfyUI]   File "C:\workspaces\TRELLIS2-1357\ComfyUI\.ce\.pixi\envs\trellis2-nodes\Lib\threading.py", line 359 in wait
  [ComfyUI]   File "C:\workspaces\TRELLIS2-1357\ComfyUI\.ce\.pixi\envs\trellis2-nodes\Lib\threading.py", line 655 in wait
  [ComfyUI]   File "C:\workspaces\TRELLIS2-1357\ComfyUI\.ce\.pixi\envs\trellis2-nodes\Lib\site-packages\tqdm\_monitor.py", line 60 in run
  [ComfyUI]   File "C:\workspaces\TRELLIS2-1357\ComfyUI\.ce\.pixi\envs\trellis2-nodes\Lib\threading.py", line 1075 in _bootstrap_inner
  [ComfyUI]   File "C:\workspaces\TRELLIS2-1357\ComfyUI\.ce\.pixi\envs\trellis2-nodes\Lib\threading.py", line 1032 in _bootstrap
  [ComfyUI] 
  [ComfyUI] Thread 0x0000281c (most recent call first):
  [ComfyUI]   File "C:\workspaces\TRELLIS2-1357\ComfyUI\.ce\.pixi\envs\trellis2-nodes\Lib\threading.py", line 359 in wait
  [ComfyUI]   File "C:\workspaces\TRELLIS2-1357\ComfyUI\.ce\.pixi\envs\trellis2-nodes\Lib\threading.py", line 655 in wait
  [ComfyUI]   File "C:\workspaces\TRELLIS2-1357\ComfyUI\.ce\.pixi\envs\trellis2-nodes\Lib\site-packages\tqdm\_monitor.py", line 60 in run
  [ComfyUI]   File "C:\workspaces\TRELLIS2-1357\ComfyUI\.ce\.pixi\envs\trellis2-nodes\Lib\threading.py", line 1075 in _bootstrap_inner
  [ComfyUI]   File "C:\workspaces\TRELLIS2-1357\ComfyUI\.ce\.pixi\envs\trellis2-nodes\Lib\threading.py", line 1032 in _bootstrap
  [ComfyUI] 
  [ComfyUI] Thread 0x000010a4 (most recent call first):
  [ComfyUI]   File "C:\Users\ContainerAdministrator\AppData\Local\Temp\comfyui_pvenv_pd2bk2zm\persistent_worker.py", line 106 in _vram_poller
  [ComfyUI]   File "C:\workspaces\TRELLIS2-1357\ComfyUI\.ce\.pixi\envs\trellis2-nodes\Lib\threading.py", line 1012 in run
  [ComfyUI]   File "C:\workspaces\TRELLIS2-1357\ComfyUI\.ce\.pixi\envs\trellis2-nodes\Lib\threading.py", line 1075 in _bootstrap_inner
  [ComfyUI]   File "C:\workspaces\TRELLIS2-1357\ComfyUI\.ce\.pixi\envs\trellis2-nodes\Lib\threading.py", line 1032 in _bootstrap
  [ComfyUI] 
  [ComfyUI] Current thread 0x00003114 (most recent call first):
  [ComfyUI]   File "C:\Users\ContainerAdministrator\AppData\Local\Temp\comfyui_pvenv_pd2bk2zm\persistent_worker.py", line 52 in _watchdog
  [ComfyUI]   File "C:\workspaces\TRELLIS2-1357\ComfyUI\.ce\.pixi\envs\trellis2-nodes\Lib\threading.py", line 1012 in run
  [ComfyUI]   File "C:\workspaces\TRELLIS2-1357\ComfyUI\.ce\.pixi\envs\trellis2-nodes\Lib\threading.py", line 1075 in _bootstrap_inner
  [ComfyUI]   File "C:\workspaces\TRELLIS2-1357\ComfyUI\.ce\.pixi\envs\trellis2-nodes\Lib\threading.py", line 1032 in _bootstrap
  [ComfyUI] 
  [ComfyUI] Thread 0x00002e9c (most recent call first):
  [ComfyUI]   File "C:\workspaces\TRELLIS2-1357\ComfyUI\.ce\.pixi\envs\trellis2-nodes\Lib\site-packages\triton\backends\nvidia\compiler.py", line 426 in make_llir
  [ComfyUI]   File "C:\workspaces\TRELLIS2-1357\ComfyUI\.ce\.pixi\envs\trellis2-nodes\Lib\site-packages\triton\backends\nvidia\compiler.py", line 553 in <lambda>
  [ComfyUI]   File "C:\workspaces\TRELLIS2-1357\ComfyUI\.ce\.pixi\envs\trellis2-nodes\Lib\site-packages\triton\compiler\compiler.py", line 324 in compile
  [ComfyUI]   File "C:\workspaces\TRELLIS2-1357\ComfyUI\.ce\.pixi\envs\trellis2-nodes\Lib\site-packages\triton\runtime\jit.py", line 849 in _do_compile
  [ComfyUI]   File "C:\workspaces\TRELLIS2-1357\ComfyUI\.ce\.pixi\envs\trellis2-nodes\Lib\site-packages\triton\runtime\jit.py", line 720 in run
  [ComfyUI]   File "C:\workspaces\TRELLIS2-1357\ComfyUI\.ce\.pixi\envs\trellis2-nodes\Lib\site-packages\triton\runtime\autotuner.py", line 459 in run
  [ComfyUI]   File "C:\workspaces\TRELLIS2-1357\ComfyUI\.ce\.pixi\envs\trellis2-nodes\Lib\site-packages\triton\runtime\autotuner.py", line 150 in kernel_call
  [ComfyUI]   File "C:\workspaces\TRELLIS2-1357\ComfyUI\.ce\.pixi\envs\trellis2-nodes\Lib\site-packages\triton\testing.py", line 149 in do_bench
  [ComfyUI]   File "C:\workspaces\TRELLIS2-1357\ComfyUI\.ce\.pixi\envs\trellis2-nodes\Lib\site-packages\triton\runtime\autotuner.py", line 164 in _bench
  [ComfyUI]   File "C:\workspaces\TRELLIS2-1357\ComfyUI\.ce\.pixi\envs\trellis2-nodes\Lib\site-packages\flex_gemm_ap\utils\autotuner.py", line 67 in run
  [ComfyUI]   File "C:\workspaces\TRELLIS2-1357\ComfyUI\.ce\.pixi\envs\trellis2-nodes\Lib\site-packages\triton\runtime\jit.py", line 370 in <lambda>
  [ComfyUI]   File "C:\workspaces\TRELLIS2-1357\ComfyUI\.ce\.pixi\envs\trellis2-nodes\Lib\site-packages\flex_gemm_ap\kernels\triton\spconv\sparse_submanifold_conv_fwd_masked_implicit_gemm_splitk.py", line 164 in sparse_submanifold_conv_fwd_masked_implicit_gemm_splitk
  [ComfyUI]   File "C:\workspaces\TRELLIS2-1357\ComfyUI\.ce\.pixi\envs\trellis2-nodes\Lib\site-packages\flex_gemm_ap\utils\autotuner.py", line 277 in _benchmark
  [ComfyUI]   File "C:\workspaces\TRELLIS2-1357\ComfyUI\.ce\.pixi\envs\trellis2-nodes\Lib\site-packages\flex_gemm_ap\utils\autotuner.py", line 256 in __call__
  [ComfyUI]   File "C:\workspaces\TRELLIS2-1357\ComfyUI\.ce\.pixi\envs\trellis2-nodes\Lib\site-packages\flex_gemm_ap\ops\spconv\submanifold_conv3d.py", line 336 in _sparse_submanifold_conv_forward
  [ComfyUI]   File "C:\workspaces\TRELLIS2-1357\ComfyUI\comfy\ops_sparse.py", line 267 in _flex_gemm_conv3d_forward
  [ComfyUI]   File "C:\workspaces\TRELLIS2-1357\ComfyUI\comfy\ops_sparse.py", line 545 in _forward
  [ComfyUI]   File "C:\workspaces\TRELLIS2-1357\ComfyUI\comfy\ops_sparse.py", line 560 in forward_comfy_cast_weights
  [ComfyUI]   File "C:\workspaces\TRELLIS2-1357\ComfyUI\comfy\ops_sparse.py", line 571 in forward
  [ComfyUI]   File "C:\workspaces\TRELLIS2-1357\ComfyUI\.ce\.pixi\envs\trellis2-nodes\Lib\site-packages\torch\nn\modules\module.py", line 1790 in _call_impl
  [ComfyUI]   File "C:\workspaces\TRELLIS2-1357\ComfyUI\.ce\.pixi\envs\trellis2-nodes\Lib\site-packages\torch\nn\modules\module.py", line 1779 in _wrapped_call_impl
  [ComfyUI]   File "C:\workspaces\TRELLIS2-1357\ComfyUI\custom_nodes\ComfyUI-TRELLIS2\nodes\trellis2\vae.py", line 793 in _forward
  [ComfyUI]   File "C:\workspaces\TRELLIS2-1357\ComfyUI\custom_nodes\ComfyUI-TRELLIS2\nodes\trellis2\vae.py", line 852 in forward
  [ComfyUI]   File "C:\workspaces\TRELLIS2-1357\ComfyUI\.ce\.pixi\envs\trellis2-nodes\Lib\site-packages\torch\nn\modules\module.py", line 1790 in _call_impl
  [ComfyUI]   File "C:\workspaces\TRELLIS2-1357\ComfyUI\.ce\.pixi\envs\trellis2-nodes\Lib\site-packages\torch\nn\modules\module.py", line 1779 in _wrapped_call_impl
  [ComfyUI]   File "C:\workspaces\TRELLIS2-1357\ComfyUI\custom_nodes\ComfyUI-TRELLIS2\nodes\trellis2\vae.py", line 1080 in forward
  [ComfyUI]   File "C:\workspaces\TRELLIS2-1357\ComfyUI\custom_nodes\ComfyUI-TRELLIS2\nodes\trellis2\vae.py", line 1335 in forward
  [ComfyUI]   File "C:\workspaces\TRELLIS2-1357\ComfyUI\.ce\.pixi\envs\trellis2-nodes\Lib\site-packages\torch\nn\modules\module.py", line 1790 in _call_impl
  [ComfyUI]   File "C:\workspaces\TRELLIS2-1357\ComfyUI\.ce\.pixi\envs\trellis2-nodes\Lib\site-packages\torch\nn\modules\module.py", line 1779 in _wrapped_call_impl
  [ComfyUI]   File "C:\workspaces\TRELLIS2-1357\ComfyUI\custom_nodes\ComfyUI-TRELLIS2\nodes\stages.py", line 657 in _decode_shape_slat
  [ComfyUI]   File "C:\workspaces\TRELLIS2-1357\ComfyUI\custom_nodes\ComfyUI-TRELLIS2\nodes\stages.py", line 973 in run_shape_generation
  [ComfyUI]   File "C:\workspaces\TRELLIS2-1357\ComfyUI\custom_nodes\ComfyUI-TRELLIS2\nodes\nodes_inference.py", line 132 in execute
  [ComfyUI]   File "C:\workspaces\TRELLIS2-1357\ComfyUI\comfy_api\latest\_io.py", line 1833 in EXECUTE_NORMALIZED
  [ComfyUI]   File "C:\Users\ContainerAdministrator\AppData\Local\Temp\comfyui_pvenv_pd2bk2zm\persistent_worker.py", line 1762 in main
  [ComfyUI]   File "C:\Users\ContainerAdministrator\AppData\Local\Temp\comfyui_pvenv_pd2bk2zm\persistent_worker.py", line 1807 in <module>
  [ComfyUI] 
  [ComfyUI] [worker:ComfyUI-TRELLIS2] === END ===
  [ComfyUI] 
  [ComfyUI] [worker:ComfyUI-TRELLIS2] [VRAM] -256MB (now 1164MB) reserved=1576MB peak=3390MB
  [capture-loop] iter=1750 t=241.4s state={'complete': False, 'error': None, 'executedCount': 1, 'wsState': 1} eval_ms=4 ram=17.9/31.9GB (56%) swap=1.1/13.5GB (8%) cpu=6% browser_rss=0.57GB
  [ComfyUI] [worker:ComfyUI-TRELLIS2] [VRAM] +256MB (now 1420MB) reserved=1576MB peak=3390MB
  [ComfyUI] [worker:ComfyUI-TRELLIS2] [VRAM] -256MB (now 1164MB) reserved=1576MB peak=3390MB
  [ComfyUI] [worker:ComfyUI-TRELLIS2] [VRAM] +256MB (now 1420MB) reserved=1576MB peak=3390MB
  [ComfyUI] [worker:ComfyUI-TRELLIS2] [VRAM] -256MB (now 1164MB) reserved=1576MB peak=3390MB
  [capture-loop] iter=1800 t=247.3s state={'complete': False, 'error': None, 'executedCount': 1, 'wsState': 1} eval_ms=4 ram=18.0/31.9GB (56%) swap=1.1/13.5GB (8%) cpu=6% browser_rss=0.57GB
  [ComfyUI] [worker:ComfyUI-TRELLIS2] [sparse-conv] out=39MB alloc=1048MB
  [ComfyUI] [SubprocessWorker] callback 'report_progress' from call_id=3
  [ComfyUI] [worker:ComfyUI-TRELLIS2] [UNET] level=0 block=1 SparseConvNeXtBlock3d N=20,004 ch=1024 alloc=1007MB
  [ComfyUI] [worker:ComfyUI-TRELLIS2] [sparse-conv] N=20,004 Ci=1024 Co=1024 feats=39MB cache=5MB (miss) w_dev=cuda:0 alloc=1013MB
  [ComfyUI] [worker:ComfyUI-TRELLIS2] [sparse-conv] out=39MB alloc=1052MB
  [ComfyUI] [worker:ComfyUI-TRELLIS2] [UNET] level=0 block=2 SparseConvNeXtBlock3d N=20,004 ch=1024 alloc=1008MB
  [ComfyUI] [worker:ComfyUI-TRELLIS2] [sparse-conv] N=20,004 Ci=1024 Co=1024 feats=39MB cache=5MB (miss) w_dev=cuda:0 alloc=1014MB
  [ComfyUI] [worker:ComfyUI-TRELLIS2] [sparse-conv] out=39MB alloc=1054MB
  [ComfyUI] [worker:ComfyUI-TRELLIS2] [UNET] level=0 block=3 SparseConvNeXtBlock3d N=20,004 ch=1024 alloc=1007MB
  [ComfyUI] [worker:ComfyUI-TRELLIS2] [sparse-conv] N=20,004 Ci=1024 Co=1024 feats=39MB cache=5MB (miss) w_dev=cuda:0 alloc=1013MB
  [ComfyUI] [worker:ComfyUI-TRELLIS2] [sparse-conv] out=39MB alloc=1052MB
  [ComfyUI] [worker:ComfyUI-TRELLIS2] [UNET] level=0 block=4 SparseResBlockC2S3d N=20,004 ch=1024 alloc=1008MB
  [ComfyUI] [worker:ComfyUI-TRELLIS2] [C2S3d] after subdiv: alloc=1008MB
  [ComfyUI] [worker:ComfyUI-TRELLIS2] [C2S3d] after norm1: alloc=1048MB
  [ComfyUI] [worker:ComfyUI-TRELLIS2] [C2S3d] pre-conv1: N=20,004 Ci=1024 Co=4096 alloc=1047MB
  [ComfyUI] [worker:ComfyUI-TRELLIS2] [C2S3d] x.feats offloaded before conv1: alloc=1047MB
  [ComfyUI] [worker:ComfyUI-TRELLIS2] [sparse-conv] N=20,004 Ci=1024 Co=4096 feats=39MB cache=5MB (miss) w_dev=cuda:0 alloc=1054MB
  [ComfyUI] [worker:ComfyUI-TRELLIS2] [VRAM] +301MB (now 1466MB) reserved=1536MB peak=3390MB
  Frame 73 saved (frame_072.jpg, t=248.2s)
  [capture-periodic] freeze=3ms shot=104ms unfreeze=3ms saved=True
  [ComfyUI] [worker:ComfyUI-TRELLIS2] [VRAM] -256MB (now 1210MB) reserved=1536MB peak=3390MB
  [ComfyUI] [worker:ComfyUI-TRELLIS2] [VRAM] +256MB (now 1466MB) reserved=1536MB peak=3390MB
  [ComfyUI] [worker:ComfyUI-TRELLIS2] [VRAM] -256MB (now 1210MB) reserved=1536MB peak=3390MB
  [capture-loop] iter=1850 t=253.2s state={'complete': False, 'error': None, 'executedCount': 1, 'wsState': 1} eval_ms=4 ram=18.1/31.9GB (57%) swap=1.1/13.5GB (8%) cpu=6% browser_rss=0.57GB
  [ComfyUI] [worker:ComfyUI-TRELLIS2] [VRAM] +256MB (now 1466MB) reserved=1536MB peak=3390MB
  [ComfyUI] [worker:ComfyUI-TRELLIS2] [VRAM] -256MB (now 1210MB) reserved=1536MB peak=3390MB
  [ComfyUI] [worker:ComfyUI-TRELLIS2] [VRAM] +256MB (now 1466MB) reserved=1536MB peak=3390MB
  [ComfyUI] [worker:ComfyUI-TRELLIS2] [sparse-conv] out=156MB alloc=1210MB
  [ComfyUI] [worker:ComfyUI-TRELLIS2] [C2S3d] post-conv1: h=torch.Size([20004, 4096]) alloc=1171MB
  [ComfyUI] [worker:ComfyUI-TRELLIS2] [VRAM] -256MB (now 1210MB) reserved=1536MB peak=3390MB
  [ComfyUI] [worker:ComfyUI-TRELLIS2] [C2S3d] x.feats restored from CPU: alloc=1210MB
  [ComfyUI] [worker:ComfyUI-TRELLIS2] [C2S3d] pre-C2S(h): alloc=1210MB
  [ComfyUI] [worker:ComfyUI-TRELLIS2] [C2S] scatter: 20,004�4096 -> 99,718�512 in=156MB out=97MB alloc=1214MB
  [ComfyUI] [worker:ComfyUI-TRELLIS2] [C2S] scatter done: alloc=1312MB
  [ComfyUI] [worker:ComfyUI-TRELLIS2] [C2S3d] post-C2S(h): h=torch.Size([99718, 512]) alloc=1153MB
  [ComfyUI] [worker:ComfyUI-TRELLIS2] [C2S] scatter: 20,004�1024 -> 99,718�128 in=39MB out=24MB alloc=1157MB
  [ComfyUI] [worker:ComfyUI-TRELLIS2] [C2S] scatter done: alloc=1181MB
  [ComfyUI] [worker:ComfyUI-TRELLIS2] [C2S3d] post-C2S(x): x=torch.Size([99718, 128]) alloc=1139MB
  [ComfyUI] [worker:ComfyUI-TRELLIS2] [C2S3d] post-C2S: N=99,718 h=512ch x=128ch alloc=1139MB
  [ComfyUI] [worker:ComfyUI-TRELLIS2] [C2S3d] x offloaded to CPU, pre-conv2: alloc=1113MB
  [ComfyUI] [worker:ComfyUI-TRELLIS2] [C2S3d] after norm2: alloc=1113MB
  [ComfyUI] [worker:ComfyUI-TRELLIS2] [C2S3d] after silu: alloc=1113MB
  [ComfyUI] [worker:ComfyUI-TRELLIS2] [sparse-conv] N=99,718 Ci=512 Co=512 feats=97MB cache=25MB (miss) w_dev=cuda:0 alloc=1138MB
  [ComfyUI] [worker:ComfyUI-TRELLIS2] [VRAM] +282MB (now 1492MB) reserved=1540MB peak=3390MB
  [capture-loop] iter=1900 t=258.9s state={'complete': False, 'error': None, 'executedCount': 1, 'wsState': 1} eval_ms=3 ram=18.0/31.9GB (56%) swap=1.1/13.5GB (8%) cpu=5% browser_rss=0.57GB
  [ComfyUI] [worker:ComfyUI-TRELLIS2] [VRAM] -256MB (now 1236MB) reserved=1540MB peak=3390MB
  [ComfyUI] [worker:ComfyUI-TRELLIS2] [VRAM] +256MB (now 1492MB) reserved=1540MB peak=3390MB
  [ComfyUI] [worker:ComfyUI-TRELLIS2] [VRAM] -256MB (now 1236MB) reserved=1540MB peak=3390MB
  [ComfyUI] [worker:ComfyUI-TRELLIS2] [VRAM] +256MB (now 1492MB) reserved=1540MB peak=3390MB
  [capture-loop] iter=1950 t=264.7s state={'complete': False, 'error': None, 'executedCount': 1, 'wsState': 1} eval_ms=3 ram=18.0/31.9GB (56%) swap=1.1/13.5GB (8%) cpu=5% browser_rss=0.57GB
  [ComfyUI] [worker:ComfyUI-TRELLIS2] [sparse-conv] out=97MB alloc=1236MB
  [ComfyUI] [worker:ComfyUI-TRELLIS2] [C2S3d] post-conv2: alloc=1139MB
  [ComfyUI] [worker:ComfyUI-TRELLIS2] [C2S3d] post-conv2 (cache cleared): alloc=1113MB
  [ComfyUI] [worker:ComfyUI-TRELLIS2] [C2S3d] after skip expand: alloc=1211MB
  [ComfyUI] [worker:ComfyUI-TRELLIS2] [C2S3d] post-skip: alloc=1113MB
  [ComfyUI] [worker:ComfyUI-TRELLIS2] [VRAM] -282MB (now 1211MB) reserved=1540MB peak=3390MB
  [ComfyUI] [SubprocessWorker] callback 'report_progress' from call_id=3
  [ComfyUI] [worker:ComfyUI-TRELLIS2] [UNET] level=1 block=0 SparseConvNeXtBlock3d N=99,718 ch=512 alloc=1073MB
  [ComfyUI] [worker:ComfyUI-TRELLIS2] [sparse-conv] N=99,718 Ci=512 Co=512 feats=97MB cache=25MB (miss) w_dev=cuda:0 alloc=1098MB
  [ComfyUI] [worker:ComfyUI-TRELLIS2] [sparse-conv] out=97MB alloc=1196MB
  [ComfyUI] [worker:ComfyUI-TRELLIS2] [UNET] level=1 block=1 SparseConvNeXtBlock3d N=99,718 ch=512 alloc=1073MB
  [ComfyUI] [worker:ComfyUI-TRELLIS2] [sparse-conv] N=99,718 Ci=512 Co=512 feats=97MB cache=25MB (miss) w_dev=cuda:0 alloc=1098MB
  [ComfyUI] [worker:ComfyUI-TRELLIS2] [sparse-conv] out=97MB alloc=1196MB
  [ComfyUI] [worker:ComfyUI-TRELLIS2] [UNET] level=1 block=2 SparseConvNeXtBlock3d N=99,718 ch=512 alloc=1073MB
  [ComfyUI] [worker:ComfyUI-TRELLIS2] [sparse-conv] N=99,718 Ci=512 Co=512 feats=97MB cache=25MB (miss) w_dev=cuda:0 alloc=1098MB
  [ComfyUI] [worker:ComfyUI-TRELLIS2] [sparse-conv] out=97MB alloc=1196MB
  [ComfyUI] [worker:ComfyUI-TRELLIS2] [UNET] level=1 block=3 SparseConvNeXtBlock3d N=99,718 ch=512 alloc=1073MB
  [ComfyUI] [worker:ComfyUI-TRELLIS2] [sparse-conv] N=99,718 Ci=512 Co=512 feats=97MB cache=25MB (miss) w_dev=cuda:0 alloc=1098MB
  [ComfyUI] [worker:ComfyUI-TRELLIS2] [sparse-conv] out=97MB alloc=1196MB
  [ComfyUI] [SubprocessWorker] callback 'report_progress' from call_id=3
  [ComfyUI] [worker:ComfyUI-TRELLIS2] [UNET] level=1 block=4 SparseConvNeXtBlock3d N=99,718 ch=512 alloc=1073MB
  [ComfyUI] [worker:ComfyUI-TRELLIS2] [sparse-conv] N=99,718 Ci=512 Co=512 feats=97MB cache=25MB (miss) w_dev=cuda:0 alloc=1098MB
  [ComfyUI] [worker:ComfyUI-TRELLIS2] [sparse-conv] out=97MB alloc=1196MB
  [ComfyUI] [worker:ComfyUI-TRELLIS2] [UNET] level=1 block=5 SparseConvNeXtBlock3d N=99,718 ch=512 alloc=1073MB
  [ComfyUI] [worker:ComfyUI-TRELLIS2] [sparse-conv] N=99,718 Ci=512 Co=512 feats=97MB cache=25MB (miss) w_dev=cuda:0 alloc=1098MB
  [ComfyUI] [worker:ComfyUI-TRELLIS2] [sparse-conv] out=97MB alloc=1196MB
  [ComfyUI] [worker:ComfyUI-TRELLIS2] [UNET] level=1 block=6 SparseConvNeXtBlock3d N=99,718 ch=512 alloc=1073MB
  [ComfyUI] [worker:ComfyUI-TRELLIS2] [sparse-conv] N=99,718 Ci=512 Co=512 feats=97MB cache=25MB (miss) w_dev=cuda:0 alloc=1098MB
  [ComfyUI] [worker:ComfyUI-TRELLIS2] [sparse-conv] out=97MB alloc=1196MB
  [ComfyUI] [worker:ComfyUI-TRELLIS2] [UNET] level=1 block=7 SparseConvNeXtBlock3d N=99,718 ch=512 alloc=1073MB
  [ComfyUI] [worker:ComfyUI-TRELLIS2] [sparse-conv] N=99,718 Ci=512 Co=512 feats=97MB cache=25MB (miss) w_dev=cuda:0 alloc=1098MB
  [ComfyUI] [worker:ComfyUI-TRELLIS2] [sparse-conv] out=97MB alloc=1196MB
  [ComfyUI] [SubprocessWorker] callback 'report_progress' from call_id=3
  [ComfyUI] [worker:ComfyUI-TRELLIS2] [UNET] level=1 block=8 SparseConvNeXtBlock3d N=99,718 ch=512 alloc=1073MB
  [ComfyUI] [worker:ComfyUI-TRELLIS2] [sparse-conv] N=99,718 Ci=512 Co=512 feats=97MB cache=25MB (miss) w_dev=cuda:0 alloc=1098MB
  [ComfyUI] [worker:ComfyUI-TRELLIS2] [sparse-conv] out=97MB alloc=1196MB
  [ComfyUI] [worker:ComfyUI-TRELLIS2] [UNET] level=1 block=9 SparseConvNeXtBlock3d N=99,718 ch=512 alloc=1073MB
  [ComfyUI] [worker:ComfyUI-TRELLIS2] [sparse-conv] N=99,718 Ci=512 Co=512 feats=97MB cache=25MB (miss) w_dev=cuda:0 alloc=1098MB
  [ComfyUI] [worker:ComfyUI-TRELLIS2] [sparse-conv] out=97MB alloc=1196MB
  [ComfyUI] [worker:ComfyUI-TRELLIS2] [UNET] level=1 block=10 SparseConvNeXtBlock3d N=99,718 ch=512 alloc=1073MB
  [ComfyUI] [worker:ComfyUI-TRELLIS2] [sparse-conv] N=99,718 Ci=512 Co=512 feats=97MB cache=25MB (miss) w_dev=cuda:0 alloc=1098MB
  [ComfyUI] [worker:ComfyUI-TRELLIS2] [sparse-conv] out=97MB alloc=1196MB
  [ComfyUI] [worker:ComfyUI-TRELLIS2] [UNET] level=1 block=11 SparseConvNeXtBlock3d N=99,718 ch=512 alloc=1073MB
  [ComfyUI] [worker:ComfyUI-TRELLIS2] [sparse-conv] N=99,718 Ci=512 Co=512 feats=97MB cache=25MB (miss) w_dev=cuda:0 alloc=1098MB
  [ComfyUI] [worker:ComfyUI-TRELLIS2] [sparse-conv] out=97MB alloc=1196MB
  [ComfyUI] [SubprocessWorker] callback 'report_progress' from call_id=3
  [ComfyUI] [worker:ComfyUI-TRELLIS2] [UNET] level=1 block=12 SparseConvNeXtBlock3d N=99,718 ch=512 alloc=1073MB
  [ComfyUI] [worker:ComfyUI-TRELLIS2] [sparse-conv] N=99,718 Ci=512 Co=512 feats=97MB cache=25MB (miss) w_dev=cuda:0 alloc=1098MB
  [ComfyUI] [worker:ComfyUI-TRELLIS2] [sparse-conv] out=97MB alloc=1196MB
  [ComfyUI] [worker:ComfyUI-TRELLIS2] [UNET] level=1 block=13 SparseConvNeXtBlock3d N=99,718 ch=512 alloc=1073MB
  [ComfyUI] [worker:ComfyUI-TRELLIS2] [sparse-conv] N=99,718 Ci=512 Co=512 feats=97MB cache=25MB (miss) w_dev=cuda:0 alloc=1098MB
  [ComfyUI] [worker:ComfyUI-TRELLIS2] [sparse-conv] out=97MB alloc=1196MB
  [ComfyUI] [worker:ComfyUI-TRELLIS2] [UNET] level=1 block=14 SparseConvNeXtBlock3d N=99,718 ch=512 alloc=1073MB
  [ComfyUI] [worker:ComfyUI-TRELLIS2] [sparse-conv] N=99,718 Ci=512 Co=512 feats=97MB cache=25MB (miss) w_dev=cuda:0 alloc=1098MB
  [ComfyUI] [worker:ComfyUI-TRELLIS2] [sparse-conv] out=97MB alloc=1196MB
  [ComfyUI] [worker:ComfyUI-TRELLIS2] [UNET] level=1 block=15 SparseConvNeXtBlock3d N=99,718 ch=512 alloc=1073MB
  [ComfyUI] [worker:ComfyUI-TRELLIS2] [sparse-conv] N=99,718 Ci=512 Co=512 feats=97MB cache=25MB (miss) w_dev=cuda:0 alloc=1098MB
  [ComfyUI] [worker:ComfyUI-TRELLIS2] [sparse-conv] out=97MB alloc=1196MB
  [ComfyUI] [SubprocessWorker] callback 'report_progress' from call_id=3
  [ComfyUI] [worker:ComfyUI-TRELLIS2] [UNET] level=1 block=16 SparseResBlockC2S3d N=99,718 ch=512 alloc=1073MB
  [ComfyUI] [worker:ComfyUI-TRELLIS2] [C2S3d] after subdiv: alloc=1075MB
  [ComfyUI] [worker:ComfyUI-TRELLIS2] [C2S3d] after norm1: alloc=1173MB
  [ComfyUI] [worker:ComfyUI-TRELLIS2] [C2S3d] pre-conv1: N=99,718 Ci=512 Co=2048 alloc=1173MB
  [ComfyUI] [worker:ComfyUI-TRELLIS2] [C2S3d] x.feats offloaded before conv1: alloc=1173MB
  [ComfyUI] [worker:ComfyUI-TRELLIS2] [sparse-conv] N=99,718 Ci=512 Co=2048 feats=97MB cache=25MB (miss) w_dev=cuda:0 alloc=1199MB
  Frame 74 saved (frame_073.jpg, t=265.7s)
  [capture-periodic] freeze=3ms shot=113ms unfreeze=3ms saved=True
  [ComfyUI] [worker:ComfyUI-TRELLIS2] [VRAM] +634MB (now 1845MB) reserved=2146MB peak=3390MB
  [ComfyUI] [worker:ComfyUI-TRELLIS2] [VRAM] -256MB (now 1589MB) reserved=2146MB peak=3390MB
  [ComfyUI] [worker:ComfyUI-TRELLIS2] [VRAM] +256MB (now 1845MB) reserved=2146MB peak=3390MB
  [ComfyUI] [worker:ComfyUI-TRELLIS2] [VRAM] -256MB (now 1589MB) reserved=2146MB peak=3390MB
  [capture-loop] iter=2000 t=270.6s state={'complete': False, 'error': None, 'executedCount': 1, 'wsState': 1} eval_ms=4 ram=18.1/31.9GB (57%) swap=1.1/13.5GB (8%) cpu=7% browser_rss=0.57GB
  [ComfyUI] [worker:ComfyUI-TRELLIS2] [VRAM] +256MB (now 1845MB) reserved=2146MB peak=3390MB
  [ComfyUI] [worker:ComfyUI-TRELLIS2] [VRAM] -256MB (now 1589MB) reserved=2146MB peak=3390MB
  [ComfyUI] [worker:ComfyUI-TRELLIS2] [VRAM] +256MB (now 1845MB) reserved=2146MB peak=3390MB
  [ComfyUI] [worker:ComfyUI-TRELLIS2] [VRAM] -256MB (now 1589MB) reserved=2146MB peak=3390MB
  [ComfyUI] [worker:ComfyUI-TRELLIS2] [sparse-conv] out=389MB alloc=1589MB
  [ComfyUI] [worker:ComfyUI-TRELLIS2] [C2S3d] post-conv1: h=torch.Size([99718, 2048]) alloc=1492MB
  [ComfyUI] [worker:ComfyUI-TRELLIS2] [C2S3d] x.feats restored from CPU: alloc=1589MB
  [ComfyUI] [worker:ComfyUI-TRELLIS2] [C2S3d] pre-C2S(h): alloc=1589MB
  [ComfyUI] [worker:ComfyUI-TRELLIS2] [C2S] scatter: 99,718�2048 -> 465,301�256 in=389MB out=227MB alloc=1608MB
  [ComfyUI] [worker:ComfyUI-TRELLIS2] [C2S] offloaded 389MB to CPU, alloc=1218MB
  [ComfyUI] [worker:ComfyUI-TRELLIS2] [C2S] scatter done: alloc=1446MB
  [ComfyUI] [worker:ComfyUI-TRELLIS2] [C2S3d] post-C2S(h): h=torch.Size([465301, 256]) alloc=1434MB
  [ComfyUI] [worker:ComfyUI-TRELLIS2] [C2S] scatter: 99,718�512 -> 465,301�64 in=97MB out=56MB alloc=1453MB
  [ComfyUI] [worker:ComfyUI-TRELLIS2] [C2S] scatter done: alloc=1509MB
  [ComfyUI] [worker:ComfyUI-TRELLIS2] [C2S3d] post-C2S(x): x=torch.Size([465301, 64]) alloc=1401MB
  [ComfyUI] [worker:ComfyUI-TRELLIS2] [C2S3d] post-C2S: N=465,301 h=256ch x=64ch alloc=1400MB
  [ComfyUI] [worker:ComfyUI-TRELLIS2] [C2S3d] x offloaded to CPU, pre-conv2: alloc=1336MB
  [ComfyUI] [worker:ComfyUI-TRELLIS2] [C2S3d] after norm2: alloc=1336MB
  [ComfyUI] [worker:ComfyUI-TRELLIS2] [C2S3d] after silu: alloc=1336MB
  [ComfyUI] [worker:ComfyUI-TRELLIS2] [sparse-conv] N=465,301 Ci=256 Co=256 feats=227MB cache=111MB (miss) w_dev=cuda:0 alloc=1448MB
  [ComfyUI] [worker:ComfyUI-TRELLIS2] [VRAM] +344MB (now 1933MB) reserved=2182MB peak=3390MB
  [capture-loop] iter=2050 t=276.4s state={'complete': False, 'error': None, 'executedCount': 1, 'wsState': 1} eval_ms=3 ram=18.1/31.9GB (57%) swap=1.1/13.5GB (8%) cpu=8% browser_rss=0.57GB
  [ComfyUI] [worker:ComfyUI-TRELLIS2] [VRAM] -256MB (now 1677MB) reserved=2182MB peak=3390MB
  [ComfyUI] [worker:ComfyUI-TRELLIS2] [sparse-conv] out=227MB alloc=1678MB
  [ComfyUI] [worker:ComfyUI-TRELLIS2] [C2S3d] post-conv2: alloc=1450MB
  [ComfyUI] [worker:ComfyUI-TRELLIS2] [C2S3d] post-conv2 (cache cleared): alloc=1336MB
  [ComfyUI] [worker:ComfyUI-TRELLIS2] [C2S3d] after skip expand: alloc=1564MB
  [ComfyUI] [worker:ComfyUI-TRELLIS2] [C2S3d] post-skip: alloc=1336MB
  [ComfyUI] [SubprocessWorker] callback 'report_progress' from call_id=3
  [ComfyUI] [worker:ComfyUI-TRELLIS2] [UNET] level=2 block=0 SparseConvNeXtBlock3d N=465,301 ch=256 alloc=1239MB
  [ComfyUI] [worker:ComfyUI-TRELLIS2] [sparse-conv] N=465,301 Ci=256 Co=256 feats=227MB cache=111MB (miss) w_dev=cuda:0 alloc=1351MB
  [ComfyUI] [worker:ComfyUI-TRELLIS2] [sparse-conv] out=227MB alloc=1580MB
  [ComfyUI] [worker:ComfyUI-TRELLIS2] [UNET] level=2 block=1 SparseConvNeXtBlock3d N=465,301 ch=256 alloc=1239MB
  [ComfyUI] [worker:ComfyUI-TRELLIS2] [sparse-conv] N=465,301 Ci=256 Co=256 feats=227MB cache=111MB (miss) w_dev=cuda:0 alloc=1351MB
  [ComfyUI] [worker:ComfyUI-TRELLIS2] [sparse-conv] out=227MB alloc=1580MB
  [ComfyUI] [worker:ComfyUI-TRELLIS2] [UNET] level=2 block=2 SparseConvNeXtBlock3d N=465,301 ch=256 alloc=1239MB
  [ComfyUI] [worker:ComfyUI-TRELLIS2] [sparse-conv] N=465,301 Ci=256 Co=256 feats=227MB cache=111MB (miss) w_dev=cuda:0 alloc=1351MB
  [ComfyUI] [worker:ComfyUI-TRELLIS2] [sparse-conv] out=227MB alloc=1580MB
  [ComfyUI] [worker:ComfyUI-TRELLIS2] [UNET] level=2 block=3 SparseConvNeXtBlock3d N=465,301 ch=256 alloc=1239MB
  [ComfyUI] [worker:ComfyUI-TRELLIS2] [sparse-conv] N=465,301 Ci=256 Co=256 feats=227MB cache=111MB (miss) w_dev=cuda:0 alloc=1351MB
  [ComfyUI] [worker:ComfyUI-TRELLIS2] [sparse-conv] out=227MB alloc=1580MB
  [ComfyUI] [SubprocessWorker] callback 'report_progress' from call_id=3
  [ComfyUI] [worker:ComfyUI-TRELLIS2] [UNET] level=2 block=4 SparseConvNeXtBlock3d N=465,301 ch=256 alloc=1239MB
  [ComfyUI] [worker:ComfyUI-TRELLIS2] [sparse-conv] N=465,301 Ci=256 Co=256 feats=227MB cache=111MB (miss) w_dev=cuda:0 alloc=1351MB
  [ComfyUI] [worker:ComfyUI-TRELLIS2] [sparse-conv] out=227MB alloc=1580MB
  [ComfyUI] [worker:ComfyUI-TRELLIS2] [UNET] level=2 block=5 SparseConvNeXtBlock3d N=465,301 ch=256 alloc=1239MB
  [ComfyUI] [worker:ComfyUI-TRELLIS2] [sparse-conv] N=465,301 Ci=256 Co=256 feats=227MB cache=111MB (miss) w_dev=cuda:0 alloc=1351MB
  [ComfyUI] [worker:ComfyUI-TRELLIS2] [sparse-conv] out=227MB alloc=1580MB
  [ComfyUI] [worker:ComfyUI-TRELLIS2] [UNET] level=2 block=6 SparseConvNeXtBlock3d N=465,301 ch=256 alloc=1239MB
  [ComfyUI] [worker:ComfyUI-TRELLIS2] [sparse-conv] N=465,301 Ci=256 Co=256 feats=227MB cache=111MB (miss) w_dev=cuda:0 alloc=1351MB
  [ComfyUI] [worker:ComfyUI-TRELLIS2] [sparse-conv] out=227MB alloc=1580MB
  [ComfyUI] [SubprocessWorker] callback 'report_progress' from call_id=3
  [ComfyUI] [worker:ComfyUI-TRELLIS2] [UNET] level=2 block=7 SparseConvNeXtBlock3d N=465,301 ch=256 alloc=1239MB
  [ComfyUI] [worker:ComfyUI-TRELLIS2] [sparse-conv] N=465,301 Ci=256 Co=256 feats=227MB cache=111MB (miss) w_dev=cuda:0 alloc=1351MB
  [ComfyUI] [worker:ComfyUI-TRELLIS2] [sparse-conv] out=227MB alloc=1580MB
  [ComfyUI] [worker:ComfyUI-TRELLIS2] [UNET] level=2 block=8 SparseResBlockC2S3d N=465,301 ch=256 alloc=1239MB
  [ComfyUI] [worker:ComfyUI-TRELLIS2] [C2S3d] after subdiv: alloc=1246MB
  [ComfyUI] [worker:ComfyUI-TRELLIS2] [C2S3d] after norm1: alloc=1474MB
  [ComfyUI] [worker:ComfyUI-TRELLIS2] [C2S3d] pre-conv1: N=465,301 Ci=256 Co=1024 alloc=1474MB
  [ComfyUI] [worker:ComfyUI-TRELLIS2] [C2S3d] x.feats offloaded before conv1: alloc=1477MB
  [ComfyUI] [worker:ComfyUI-TRELLIS2] [sparse-conv] N=465,301 Ci=256 Co=1024 feats=227MB cache=111MB (miss) w_dev=cuda:0 alloc=1591MB
  [ComfyUI] [worker:ComfyUI-TRELLIS2] [VRAM] +823MB (now 2500MB) reserved=2668MB peak=3390MB
  Frame 75 saved (frame_074.jpg, t=278.8s)
  [capture-periodic] freeze=3ms shot=110ms unfreeze=3ms saved=True
  [ComfyUI] [worker:ComfyUI-TRELLIS2] [VRAM] +256MB (now 2757MB) reserved=2924MB peak=3390MB
  [ComfyUI] [worker:ComfyUI-TRELLIS2] [VRAM] -256MB (now 2501MB) reserved=2924MB peak=3390MB
  [capture-loop] iter=2100 t=282.3s state={'complete': False, 'error': None, 'executedCount': 1, 'wsState': 1} eval_ms=3 ram=18.4/31.9GB (58%) swap=1.1/13.5GB (8%) cpu=7% browser_rss=0.57GB
  [ComfyUI] [worker:ComfyUI-TRELLIS2] [VRAM] +256MB (now 2757MB) reserved=2924MB peak=3390MB
  [ComfyUI] [worker:ComfyUI-TRELLIS2] [VRAM] -255MB (now 2502MB) reserved=2926MB peak=3390MB
  [ComfyUI] [worker:ComfyUI-TRELLIS2] [sparse-conv] out=908MB alloc=2502MB
  [ComfyUI] [worker:ComfyUI-TRELLIS2] [C2S3d] post-conv1: h=torch.Size([465301, 1024]) alloc=2274MB
  [ComfyUI] [worker:ComfyUI-TRELLIS2] [C2S3d] x.feats restored from CPU: alloc=2502MB
  [ComfyUI] [worker:ComfyUI-TRELLIS2] [C2S3d] pre-C2S(h): alloc=2502MB
  [ComfyUI] [worker:ComfyUI-TRELLIS2] [C2S] scatter: 465,301�1024 -> 2,091,089�128 in=908MB out=510MB alloc=2585MB
  [ComfyUI] [worker:ComfyUI-TRELLIS2] [C2S] offloaded 908MB to CPU, alloc=1677MB
  [ComfyUI] [worker:ComfyUI-TRELLIS2] [VRAM] -826MB (now 1677MB) reserved=1760MB peak=3390MB
  [ComfyUI] [worker:ComfyUI-TRELLIS2] [C2S] scatter done: alloc=2187MB
  [ComfyUI] [worker:ComfyUI-TRELLIS2] [C2S3d] post-C2S(h): h=torch.Size([2091089, 128]) alloc=2136MB
  [ComfyUI] [worker:ComfyUI-TRELLIS2] [C2S] scatter: 465,301�256 -> 2,091,089�32 in=227MB out=127MB alloc=2219MB
  [ComfyUI] [worker:ComfyUI-TRELLIS2] [C2S] scatter done: alloc=2347MB
  [ComfyUI] [worker:ComfyUI-TRELLIS2] [C2S3d] post-C2S(x): x=torch.Size([2091089, 32]) alloc=2068MB
  [ComfyUI] [worker:ComfyUI-TRELLIS2] [C2S3d] post-C2S: N=2,091,089 h=128ch x=32ch alloc=2064MB
  [ComfyUI] [worker:ComfyUI-TRELLIS2] [C2S3d] x offloaded to CPU, pre-conv2: alloc=1904MB
  [ComfyUI] [worker:ComfyUI-TRELLIS2] [C2S3d] h.feats offloaded for chunked norm2+silu: alloc=1394MB
  [ComfyUI] [worker:ComfyUI-TRELLIS2] [VRAM] +227MB (now 1904MB) reserved=2782MB peak=3390MB
  [ComfyUI] [worker:ComfyUI-TRELLIS2] [C2S3d] after chunked norm2+silu: alloc=1904MB
  [ComfyUI] [worker:ComfyUI-TRELLIS2] [sparse-conv] TILED: N=2,091,089 max_tile=1,000,000 feats=510MB alloc=1904MB
  [ComfyUI] [worker:ComfyUI-TRELLIS2] [sparse-conv] TILED feats offloaded to CPU, alloc=1394MB
  [ComfyUI] [worker:ComfyUI-TRELLIS2] [tiled_conv] N=2,091,089 Ci=128 Co=128 K=(3, 3, 3) feats=511MB out=511MB feats_dev=cpu alloc=1394MB
  [ComfyUI] [worker:ComfyUI-TRELLIS2] [tiled_conv] 4 tiles, VRAM baseline=1394MB
  [ComfyUI] 
  [capture-loop] iter=2150 t=288.3s state={'complete': False, 'error': None, 'executedCount': 1, 'wsState': 1} eval_ms=4 ram=19.4/31.9GB (61%) swap=1.1/13.5GB (8%) cpu=13% browser_rss=0.57GB
  [ComfyUI] Tiled Conv3d:   0%|          | 0/4 [00:00<?][worker:ComfyUI-TRELLIS2] [VRAM] -221MB (now 1684MB) reserved=2080MB peak=3390MB
  [ComfyUI] 
  [ComfyUI] Tiled Conv3d:   0%|          | 0/4 [00:01<?]
  [ComfyUI] Tiled Conv3d:  25%|██▌       | 1/4 [00:01<00:04][worker:ComfyUI-TRELLIS2] [VRAM] +220MB (now 1904MB) reserved=2452MB peak=3390MB
  [ComfyUI] 
  [ComfyUI] Tiled Conv3d:  25%|██▌       | 1/4 [00:03<00:04]
  [ComfyUI] Tiled Conv3d:  50%|█████     | 2/4 [00:03<00:03]
  [ComfyUI] Tiled Conv3d:  50%|█████     | 2/4 [00:03<00:03]
  [ComfyUI] Tiled Conv3d:  75%|███████▌  | 3/4 [00:03<00:00]
  [ComfyUI] Tiled Conv3d:  75%|███████▌  | 3/4 [00:03<00:00]
  [ComfyUI] Tiled Conv3d: 100%|██████████| 4/4 [00:03<00:00]
  [ComfyUI] Tiled Conv3d: 100%|██████████| 4/4 [00:03<00:00]
  [ComfyUI] [worker:ComfyUI-TRELLIS2] [tiled_conv] done: 2091089/2091089 voxels, tile_peak=1906MB, final=1904MB
  [ComfyUI] [worker:ComfyUI-TRELLIS2] [sparse-conv] TILED done: out=510MB alloc=1904MB
  [ComfyUI] [worker:ComfyUI-TRELLIS2] [C2S3d] post-conv2: alloc=1904MB
  [ComfyUI] [worker:ComfyUI-TRELLIS2] [C2S3d] post-conv2 (cache cleared): alloc=1904MB
  [ComfyUI] [worker:ComfyUI-TRELLIS2] [VRAM] +243MB (now 2148MB) reserved=2290MB peak=3390MB
  [ComfyUI] [worker:ComfyUI-TRELLIS2] [C2S3d] after chunked skip: alloc=1904MB
  [ComfyUI] [SubprocessWorker] callback 'report_progress' from call_id=3
  [ComfyUI] [worker:ComfyUI-TRELLIS2] [UNET] level=3 block=0 SparseConvNeXtBlock3d N=2,091,089 ch=128 alloc=1676MB
  [ComfyUI] [worker:ComfyUI-TRELLIS2] [sparse-conv] TILED: N=2,091,089 max_tile=1,000,000 feats=510MB alloc=1676MB
  [ComfyUI] [worker:ComfyUI-TRELLIS2] [sparse-conv] TILED feats offloaded to CPU, alloc=1166MB
  [ComfyUI] [worker:ComfyUI-TRELLIS2] [tiled_conv] N=2,091,089 Ci=128 Co=128 K=(3, 3, 3) feats=511MB out=511MB feats_dev=cpu alloc=1166MB
  [ComfyUI] [worker:ComfyUI-TRELLIS2] [tiled_conv] 4 tiles, VRAM baseline=1166MB
  [ComfyUI] 
  [ComfyUI] Tiled Conv3d:   0%|          | 0/4 [00:00<?]
  [ComfyUI] Tiled Conv3d:   0%|          | 0/4 [00:00<?]
  [ComfyUI] Tiled Conv3d:  25%|██▌       | 1/4 [00:00<00:00]
  [ComfyUI] Tiled Conv3d:  25%|██▌       | 1/4 [00:00<00:00]
  [ComfyUI] Tiled Conv3d:  50%|█████     | 2/4 [00:00<00:00]
  [ComfyUI] Tiled Conv3d:  50%|█████     | 2/4 [00:00<00:00]
  [ComfyUI] Tiled Conv3d:  75%|███████▌  | 3/4 [00:00<00:00]
  [ComfyUI] Tiled Conv3d:  75%|███████▌  | 3/4 [00:00<00:00]
  [ComfyUI] Tiled Conv3d: 100%|██████████| 4/4 [00:00<00:00]
  [ComfyUI] Tiled Conv3d: 100%|██████████| 4/4 [00:00<00:00]
  [ComfyUI] [worker:ComfyUI-TRELLIS2] [VRAM] -473MB (now 1676MB) reserved=1816MB peak=3390MB
  [ComfyUI] [worker:ComfyUI-TRELLIS2] [tiled_conv] done: 2091089/2091089 voxels, tile_peak=1676MB, final=1676MB
  [ComfyUI] [worker:ComfyUI-TRELLIS2] [sparse-conv] TILED done: out=510MB alloc=1676MB
  Frame 76 saved (frame_075.jpg, t=292.0s)
  [capture-periodic] freeze=3ms shot=105ms unfreeze=3ms saved=True
  [ComfyUI] [SubprocessWorker] callback 'report_progress' from call_id=3
  [ComfyUI] [worker:ComfyUI-TRELLIS2] [UNET] level=3 block=1 SparseConvNeXtBlock3d N=2,091,089 ch=128 alloc=1676MB
  [ComfyUI] [worker:ComfyUI-TRELLIS2] [sparse-conv] TILED: N=2,091,089 max_tile=1,000,000 feats=510MB alloc=1676MB
  [ComfyUI] [worker:ComfyUI-TRELLIS2] [sparse-conv] TILED feats offloaded to CPU, alloc=1166MB
  [ComfyUI] [worker:ComfyUI-TRELLIS2] [tiled_conv] N=2,091,089 Ci=128 Co=128 K=(3, 3, 3) feats=511MB out=511MB feats_dev=cpu alloc=1166MB
  [ComfyUI] [worker:ComfyUI-TRELLIS2] [tiled_conv] 4 tiles, VRAM baseline=1166MB
  [ComfyUI] 
  [ComfyUI] Tiled Conv3d:   0%|          | 0/4 [00:00<?][worker:ComfyUI-TRELLIS2] [VRAM] -412MB (now 1264MB) reserved=1398MB peak=3390MB
  [ComfyUI] 
  [ComfyUI] Tiled Conv3d:   0%|          | 0/4 [00:00<?]
  [ComfyUI] Tiled Conv3d:  25%|██▌       | 1/4 [00:00<00:00]
  [ComfyUI] Tiled Conv3d:  25%|██▌       | 1/4 [00:00<00:00]
  [ComfyUI] Tiled Conv3d:  50%|█████     | 2/4 [00:00<00:00]
  [ComfyUI] Tiled Conv3d:  50%|█████     | 2/4 [00:00<00:00]
  [ComfyUI] Tiled Conv3d:  75%|███████▌  | 3/4 [00:00<00:00]
  [ComfyUI] Tiled Conv3d:  75%|███████▌  | 3/4 [00:00<00:00]
  [ComfyUI] Tiled Conv3d: 100%|██████████| 4/4 [00:00<00:00]
  [ComfyUI] Tiled Conv3d: 100%|██████████| 4/4 [00:00<00:00]
  [ComfyUI] [worker:ComfyUI-TRELLIS2] [tiled_conv] done: 2091089/2091089 voxels, tile_peak=1676MB, final=1676MB
  [ComfyUI] [worker:ComfyUI-TRELLIS2] [sparse-conv] TILED done: out=510MB alloc=1676MB
  [ComfyUI] [worker:ComfyUI-TRELLIS2] [VRAM] +411MB (now 1676MB) reserved=3752MB peak=3390MB
  [ComfyUI] [SubprocessWorker] callback 'report_progress' from call_id=3
  [ComfyUI] [worker:ComfyUI-TRELLIS2] [UNET] level=3 block=2 SparseConvNeXtBlock3d N=2,091,089 ch=128 alloc=1676MB
  [ComfyUI] [worker:ComfyUI-TRELLIS2] [sparse-conv] TILED: N=2,091,089 max_tile=1,000,000 feats=510MB alloc=1676MB
  Frame 77 saved (frame_076.jpg, t=294.2s)
  [capture-periodic] freeze=5ms shot=112ms unfreeze=4ms saved=True
  [capture-loop] iter=2200 t=294.5s state={'complete': False, 'error': None, 'executedCount': 1, 'wsState': 1} eval_ms=4 ram=19.4/31.9GB (61%) swap=1.1/13.5GB (8%) cpu=33% browser_rss=0.57GB
  [ComfyUI] [worker:ComfyUI-TRELLIS2] [sparse-conv] TILED feats offloaded to CPU, alloc=1166MB
  [ComfyUI] [worker:ComfyUI-TRELLIS2] [tiled_conv] N=2,091,089 Ci=128 Co=128 K=(3, 3, 3) feats=511MB out=511MB feats_dev=cpu alloc=1166MB
  [ComfyUI] [worker:ComfyUI-TRELLIS2] [tiled_conv] 4 tiles, VRAM baseline=1166MB
  [ComfyUI] 
  [ComfyUI] Tiled Conv3d:   0%|          | 0/4 [00:00<?]
  [ComfyUI] Tiled Conv3d:   0%|          | 0/4 [00:00<?]
  [ComfyUI] Tiled Conv3d:  25%|██▌       | 1/4 [00:00<00:00]
  [ComfyUI] Tiled Conv3d:  25%|██▌       | 1/4 [00:00<00:00]
  [ComfyUI] Tiled Conv3d:  50%|█████     | 2/4 [00:00<00:00]
  [ComfyUI] Tiled Conv3d:  50%|█████     | 2/4 [00:00<00:00]
  [ComfyUI] Tiled Conv3d:  75%|███████▌  | 3/4 [00:00<00:00]
  [ComfyUI] Tiled Conv3d:  75%|███████▌  | 3/4 [00:00<00:00]
  [ComfyUI] Tiled Conv3d: 100%|██████████| 4/4 [00:00<00:00]
  [ComfyUI] Tiled Conv3d: 100%|██████████| 4/4 [00:00<00:00]
  [ComfyUI] [worker:ComfyUI-TRELLIS2] [tiled_conv] done: 2091089/2091089 voxels, tile_peak=1676MB, final=1676MB
  [ComfyUI] [worker:ComfyUI-TRELLIS2] [sparse-conv] TILED done: out=510MB alloc=1676MB
  [ComfyUI] [worker:ComfyUI-TRELLIS2] [VRAM] -267MB (now 1410MB) reserved=1550MB peak=3390MB
  [ComfyUI] [SubprocessWorker] callback 'report_progress' from call_id=3
  [ComfyUI] [worker:ComfyUI-TRELLIS2] [UNET] level=3 block=3 SparseConvNeXtBlock3d N=2,091,089 ch=128 alloc=1676MB
  [ComfyUI] [worker:ComfyUI-TRELLIS2] [sparse-conv] TILED: N=2,091,089 max_tile=1,000,000 feats=510MB alloc=1676MB
  [ComfyUI] [worker:ComfyUI-TRELLIS2] [sparse-conv] TILED feats offloaded to CPU, alloc=1166MB
  [ComfyUI] [worker:ComfyUI-TRELLIS2] [tiled_conv] N=2,091,089 Ci=128 Co=128 K=(3, 3, 3) feats=511MB out=511MB feats_dev=cpu alloc=1166MB
  [ComfyUI] [worker:ComfyUI-TRELLIS2] [tiled_conv] 4 tiles, VRAM baseline=1166MB
  [ComfyUI] 
  [ComfyUI] Tiled Conv3d:   0%|          | 0/4 [00:00<?]
  [ComfyUI] Tiled Conv3d:   0%|          | 0/4 [00:00<?]
  [ComfyUI] Tiled Conv3d:  25%|██▌       | 1/4 [00:00<00:00][worker:ComfyUI-TRELLIS2] [VRAM] +266MB (now 1677MB) reserved=2134MB peak=3390MB
  [ComfyUI] 
  [ComfyUI] Tiled Conv3d:  25%|██▌       | 1/4 [00:00<00:00]
  Frame 78 saved (frame_077.jpg, t=296.4s)
  [capture-periodic] freeze=4ms shot=161ms unfreeze=5ms saved=True
  [ComfyUI] Tiled Conv3d:  50%|█████     | 2/4 [00:00<00:00]
  [ComfyUI] Tiled Conv3d:  50%|█████     | 2/4 [00:00<00:00]
  [ComfyUI] Tiled Conv3d:  75%|███████▌  | 3/4 [00:00<00:00]
  [ComfyUI] Tiled Conv3d:  75%|███████▌  | 3/4 [00:00<00:00]
  [ComfyUI] Tiled Conv3d: 100%|██████████| 4/4 [00:00<00:00]
  [ComfyUI] Tiled Conv3d: 100%|██████████| 4/4 [00:00<00:00]
  [ComfyUI] [worker:ComfyUI-TRELLIS2] [tiled_conv] done: 2091089/2091089 voxels, tile_peak=1676MB, final=1676MB
  [ComfyUI] [worker:ComfyUI-TRELLIS2] [sparse-conv] TILED done: out=510MB alloc=1676MB
  [ComfyUI] [SubprocessWorker] callback 'report_progress' from call_id=3
  [ComfyUI] [worker:ComfyUI-TRELLIS2] [UNET] level=3 block=4 SparseResBlockC2S3d N=2,091,089 ch=128 alloc=1676MB
  [ComfyUI] [worker:ComfyUI-TRELLIS2] [C2S3d] after subdiv: alloc=1708MB
  [ComfyUI] [worker:ComfyUI-TRELLIS2] [C2S3d] after norm1: alloc=2219MB
  [ComfyUI] [worker:ComfyUI-TRELLIS2] [C2S3d] pre-conv1: N=2,091,089 Ci=128 Co=512 alloc=2219MB
  [ComfyUI] [worker:ComfyUI-TRELLIS2] [C2S3d] TILED: N=2,091,089 -> 6 tiles, alloc=2235MB
  [ComfyUI] [worker:ComfyUI-TRELLIS2] [VRAM] +558MB (now 2235MB) reserved=4266MB peak=3390MB
  [ComfyUI] [worker:ComfyUI-TRELLIS2] [C2S3d] TILED feats offloaded, alloc=1214MB
  [ComfyUI] [worker:ComfyUI-TRELLIS2] [C2S3d] TILED tile 1/6: conv1 N_halo=375,831 alloc=1319MB
  [ComfyUI] [worker:ComfyUI-TRELLIS2] [VRAM] -201MB (now 2035MB) reserved=2192MB peak=3390MB
  Frame 79 saved (frame_078.jpg, t=298.7s)
  [capture-periodic] freeze=4ms shot=108ms unfreeze=4ms saved=True
  [ComfyUI] [worker:ComfyUI-TRELLIS2] [VRAM] -444MB (now 1592MB) reserved=2554MB peak=3390MB
  [ComfyUI] [worker:ComfyUI-TRELLIS2] [C2S3d] TILED tile 1/6: N_int=369,815 fine=1,699,236 alloc=1243MB
  [ComfyUI] [worker:ComfyUI-TRELLIS2] [C2S3d] TILED tile 2/6: conv1 N_halo=202,395 alloc=1301MB
  [capture-loop] iter=2250 t=300.6s state={'complete': False, 'error': None, 'executedCount': 1, 'wsState': 1} eval_ms=3 ram=20.1/31.9GB (63%) swap=1.1/13.5GB (8%) cpu=27% browser_rss=0.57GB
  [ComfyUI] [worker:ComfyUI-TRELLIS2]
  [ComfyUI] === WATCHDOG TICK 5 ===
  [ComfyUI] [worker:ComfyUI-TRELLIS2] Thread 0x00003974 (most recent call first):
  [ComfyUI]   File "C:\workspaces\TRELLIS2-1357\ComfyUI\.ce\.pixi\envs\trellis2-nodes\Lib\threading.py", line 359 in wait
  [ComfyUI]   File "C:\workspaces\TRELLIS2-1357\ComfyUI\.ce\.pixi\envs\trellis2-nodes\Lib\threading.py", line 655 in wait
  [ComfyUI]   File "C:\workspaces\TRELLIS2-1357\ComfyUI\.ce\.pixi\envs\trellis2-nodes\Lib\site-packages\tqdm\_monitor.py", line 60 in run
  [ComfyUI]   File "C:\workspaces\TRELLIS2-1357\ComfyUI\.ce\.pixi\envs\trellis2-nodes\Lib\threading.py", line 1075 in _bootstrap_inner
  [ComfyUI]   File "C:\workspaces\TRELLIS2-1357\ComfyUI\.ce\.pixi\envs\trellis2-nodes\Lib\threading.py", line 1032 in _bootstrap
  [ComfyUI] 
  [ComfyUI] Thread 0x000020a0 (most recent call first):
  [ComfyUI]   File "C:\workspaces\TRELLIS2-1357\ComfyUI\.ce\.pixi\envs\trellis2-nodes\Lib\threading.py", line 359 in wait
  [ComfyUI]   File "C:\workspaces\TRELLIS2-1357\ComfyUI\.ce\.pixi\envs\trellis2-nodes\Lib\threading.py", line 655 in wait
  [ComfyUI]   File "C:\workspaces\TRELLIS2-1357\ComfyUI\.ce\.pixi\envs\trellis2-nodes\Lib\site-packages\tqdm\_monitor.py", line 60 in run
  [ComfyUI]   File "C:\workspaces\TRELLIS2-1357\ComfyUI\.ce\.pixi\envs\trellis2-nodes\Lib\threading.py", line 1075 in _bootstrap_inner
  [ComfyUI]   File "C:\workspaces\TRELLIS2-1357\ComfyUI\.ce\.pixi\envs\trellis2-nodes\Lib\threading.py", line 1032 in _bootstrap
  [ComfyUI] 
  [ComfyUI] Thread 0x00003864 (most recent call first):
  [ComfyUI]   File "C:\workspaces\TRELLIS2-1357\ComfyUI\.ce\.pixi\envs\trellis2-nodes\Lib\threading.py", line 359 in wait
  [ComfyUI]   File "C:\workspaces\TRELLIS2-1357\ComfyUI\.ce\.pixi\envs\trellis2-nodes\Lib\threading.py", line 655 in wait
  [ComfyUI]   File "C:\workspaces\TRELLIS2-1357\ComfyUI\.ce\.pixi\envs\trellis2-nodes\Lib\site-packages\tqdm\_monitor.py", line 60 in run
  [ComfyUI]   File "C:\workspaces\TRELLIS2-1357\ComfyUI\.ce\.pixi\envs\trellis2-nodes\Lib\threading.py", line 1075 in _bootstrap_inner
  [ComfyUI]   File "C:\workspaces\TRELLIS2-1357\ComfyUI\.ce\.pixi\envs\trellis2-nodes\Lib\threading.py", line 1032 in _bootstrap
  [ComfyUI] 
  [ComfyUI] Thread 0x0000101c (most recent call first):
  [ComfyUI]   File "C:\workspaces\TRELLIS2-1357\ComfyUI\.ce\.pixi\envs\trellis2-nodes\Lib\threading.py", line 359 in wait
  [ComfyUI]   File "C:\workspaces\TRELLIS2-1357\ComfyUI\.ce\.pixi\envs\trellis2-nodes\Lib\threading.py", line 655 in wait
  [ComfyUI]   File "C:\workspaces\TRELLIS2-1357\ComfyUI\.ce\.pixi\envs\trellis2-nodes\Lib\site-packages\tqdm\_monitor.py", line 60 in run
  [ComfyUI]   File "C:\workspaces\TRELLIS2-1357\ComfyUI\.ce\.pixi\envs\trellis2-nodes\Lib\threading.py", line 1075 in _bootstrap_inner
  [ComfyUI]   File "C:\workspaces\TRELLIS2-1357\ComfyUI\.ce\.pixi\envs\trellis2-nodes\Lib\threading.py", line 1032 in _bootstrap
  [ComfyUI] 
  [ComfyUI] Thread 0x00003878 (most recent call first):
  [ComfyUI]   File "C:\workspaces\TRELLIS2-1357\ComfyUI\.ce\.pixi\envs\trellis2-nodes\Lib\threading.py", line 359 in wait
  [ComfyUI]   File "C:\workspaces\TRELLIS2-1357\ComfyUI\.ce\.pixi\envs\trellis2-nodes\Lib\threading.py", line 655 in wait
  [ComfyUI]   File "C:\workspaces\TRELLIS2-1357\ComfyUI\.ce\.pixi\envs\trellis2-nodes\Lib\site-packages\tqdm\_monitor.py", line 60 in run
  [ComfyUI]   File "C:\workspaces\TRELLIS2-1357\ComfyUI\.ce\.pixi\envs\trellis2-nodes\Lib\threading.py", line 1075 in _bootstrap_inner
  [ComfyUI]   File "C:\workspaces\TRELLIS2-1357\ComfyUI\.ce\.pixi\envs\trellis2-nodes\Lib\threading.py", line 1032 in _bootstrap
  [ComfyUI] 
  [ComfyUI] Thread 0x00002d90 (most recent call first):
  [ComfyUI]   File "C:\workspaces\TRELLIS2-1357\ComfyUI\.ce\.pixi\envs\trellis2-nodes\Lib\threading.py", line 359 in wait
  [ComfyUI]   File "C:\workspaces\TRELLIS2-1357\ComfyUI\.ce\.pixi\envs\trellis2-nodes\Lib\threading.py", line 655 in wait
  [ComfyUI]   File "C:\workspaces\TRELLIS2-1357\ComfyUI\.ce\.pixi\envs\trellis2-nodes\Lib\site-packages\tqdm\_monitor.py", line 60 in run
  [ComfyUI]   File "C:\workspaces\TRELLIS2-1357\ComfyUI\.ce\.pixi\envs\trellis2-nodes\Lib\threading.py", line 1075 in _bootstrap_inner
  [ComfyUI]   File "C:\workspaces\TRELLIS2-1357\ComfyUI\.ce\.pixi\envs\trellis2-nodes\Lib\threading.py", line 1032 in _bootstrap
  [ComfyUI] 
  [ComfyUI] Thread 0x0000277c (most recent call first):
  [ComfyUI]   File "C:\workspaces\TRELLIS2-1357\ComfyUI\.ce\.pixi\envs\trellis2-nodes\Lib\threading.py", line 359 in wait
  [ComfyUI]   File "C:\workspaces\TRELLIS2-1357\ComfyUI\.ce\.pixi\envs\trellis2-nodes\Lib\threading.py", line 655 in wait
  [ComfyUI]   File "C:\workspaces\TRELLIS2-1357\ComfyUI\.ce\.pixi\envs\trellis2-nodes\Lib\site-packages\tqdm\_monitor.py", line 60 in run
  [ComfyUI]   File "C:\workspaces\TRELLIS2-1357\ComfyUI\.ce\.pixi\envs\trellis2-nodes\Lib\threading.py", line 1075 in _bootstrap_inner
  [ComfyUI]   File "C:\workspaces\TRELLIS2-1357\ComfyUI\.ce\.pixi\envs\trellis2-nodes\Lib\threading.py", line 1032 in _bootstrap
  [ComfyUI] 
  [ComfyUI] Thread 0x00000cf0 (most recent call first):
  [ComfyUI]   File "C:\workspaces\TRELLIS2-1357\ComfyUI\.ce\.pixi\envs\trellis2-nodes\Lib\threading.py", line 359 in wait
  [ComfyUI]   File "C:\workspaces\TRELLIS2-1357\ComfyUI\.ce\.pixi\envs\trellis2-nodes\Lib\threading.py", line 655 in wait
  [ComfyUI]   File "C:\workspaces\TRELLIS2-1357\ComfyUI\.ce\.pixi\envs\trellis2-nodes\Lib\site-packages\tqdm\_monitor.py", line 60 in run
  [ComfyUI]   File "C:\workspaces\TRELLIS2-1357\ComfyUI\.ce\.pixi\envs\trellis2-nodes\Lib\threading.py", line 1075 in _bootstrap_inner
  [ComfyUI]   File "C:\workspaces\TRELLIS2-1357\ComfyUI\.ce\.pixi\envs\trellis2-nodes\Lib\threading.py", line 1032 in _bootstrap
  [ComfyUI] 
  [ComfyUI] Thread 0x000039e4 (most recent call first):
  [ComfyUI]   File "C:\workspaces\TRELLIS2-1357\ComfyUI\.ce\.pixi\envs\trellis2-nodes\Lib\threading.py", line 359 in wait
  [ComfyUI]   File "C:\workspaces\TRELLIS2-1357\ComfyUI\.ce\.pixi\envs\trellis2-nodes\Lib\threading.py", line 655 in wait
  [ComfyUI]   File "C:\workspaces\TRELLIS2-1357\ComfyUI\.ce\.pixi\envs\trellis2-nodes\Lib\site-packages\tqdm\_monitor.py", line 60 in run
  [ComfyUI]   File "C:\workspaces\TRELLIS2-1357\ComfyUI\.ce\.pixi\envs\trellis2-nodes\Lib\threading.py", line 1075 in _bootstrap_inner
  [ComfyUI]   File "C:\workspaces\TRELLIS2-1357\ComfyUI\.ce\.pixi\envs\trellis2-nodes\Lib\threading.py", line 1032 in _bootstrap
  [ComfyUI] 
  [ComfyUI] Thread 0x00003310 (most recent call first):
  [ComfyUI]   File "C:\workspaces\TRELLIS2-1357\ComfyUI\.ce\.pixi\envs\trellis2-nodes\Lib\threading.py", line 359 in wait
  [ComfyUI]   File "C:\workspaces\TRELLIS2-1357\ComfyUI\.ce\.pixi\envs\trellis2-nodes\Lib\threading.py", line 655 in wait
  [ComfyUI]   File "C:\workspaces\TRELLIS2-1357\ComfyUI\.ce\.pixi\envs\trellis2-nodes\Lib\site-packages\tqdm\_monitor.py", line 60 in run
  [ComfyUI]   File "C:\workspaces\TRELLIS2-1357\ComfyUI\.ce\.pixi\envs\trellis2-nodes\Lib\threading.py", line 1075 in _bootstrap_inner
  [ComfyUI]   File "C:\workspaces\TRELLIS2-1357\ComfyUI\.ce\.pixi\envs\trellis2-nodes\Lib\threading.py", line 1032 in _bootstrap
  [ComfyUI] 
  [ComfyUI] Thread 0x000032d0 (most recent call first):
  [ComfyUI]   File "C:\workspaces\TRELLIS2-1357\ComfyUI\.ce\.pixi\envs\trellis2-nodes\Lib\threading.py", line 359 in wait
  [ComfyUI]   File "C:\workspaces\TRELLIS2-1357\ComfyUI\.ce\.pixi\envs\trellis2-nodes\Lib\threading.py", line 655 in wait
  [ComfyUI]   File "C:\workspaces\TRELLIS2-1357\ComfyUI\.ce\.pixi\envs\trellis2-nodes\Lib\site-packages\tqdm\_monitor.py", line 60 in run
  [ComfyUI]   File "C:\workspaces\TRELLIS2-1357\ComfyUI\.ce\.pixi\envs\trellis2-nodes\Lib\threading.py", line 1075 in _bootstrap_inner
  [ComfyUI]   File "C:\workspaces\TRELLIS2-1357\ComfyUI\.ce\.pixi\envs\trellis2-nodes\Lib\threading.py", line 1032 in _bootstrap
  [ComfyUI] 
  [ComfyUI] Thread 0x00002ca8 (most recent call first):
  [ComfyUI]   File "C:\workspaces\TRELLIS2-1357\ComfyUI\.ce\.pixi\envs\trellis2-nodes\Lib\threading.py", line 359 in wait
  [ComfyUI]   File "C:\workspaces\TRELLIS2-1357\ComfyUI\.ce\.pixi\envs\trellis2-nodes\Lib\threading.py", line 655 in wait
  [ComfyUI]   File "C:\workspaces\TRELLIS2-1357\ComfyUI\.ce\.pixi\envs\trellis2-nodes\Lib\site-packages\tqdm\_monitor.py", line 60 in run
  [ComfyUI]   File "C:\workspaces\TRELLIS2-1357\ComfyUI\.ce\.pixi\envs\trellis2-nodes\Lib\threading.py", line 1075 in _bootstrap_inner
  [ComfyUI]   File "C:\workspaces\TRELLIS2-1357\ComfyUI\.ce\.pixi\envs\trellis2-nodes\Lib\threading.py", line 1032 in _bootstrap
  [ComfyUI] 
  [ComfyUI] Thread 0x0000399c (most recent call first):
  [ComfyUI]   File "C:\workspaces\TRELLIS2-1357\ComfyUI\.ce\.pixi\envs\trellis2-nodes\Lib\threading.py", line 359 in wait
  [ComfyUI]   File "C:\workspaces\TRELLIS2-1357\ComfyUI\.ce\.pixi\envs\trellis2-nodes\Lib\threading.py", line 655 in wait
  [ComfyUI]   File "C:\workspaces\TRELLIS2-1357\ComfyUI\.ce\.pixi\envs\trellis2-nodes\Lib\site-packages\tqdm\_monitor.py", line 60 in run
  [ComfyUI]   File "C:\workspaces\TRELLIS2-1357\ComfyUI\.ce\.pixi\envs\trellis2-nodes\Lib\threading.py", line 1075 in _bootstrap_inner
  [ComfyUI]   File "C:\workspaces\TRELLIS2-1357\ComfyUI\.ce\.pixi\envs\trellis2-nodes\Lib\threading.py", line 1032 in _bootstrap
  [ComfyUI] 
  [ComfyUI] Thread 0x000041a4 (most recent call first):
  [ComfyUI]   File "C:\workspaces\TRELLIS2-1357\ComfyUI\.ce\.pixi\envs\trellis2-nodes\Lib\threading.py", line 359 in wait
  [ComfyUI]   File "C:\workspaces\TRELLIS2-1357\ComfyUI\.ce\.pixi\envs\trellis2-nodes\Lib\threading.py", line 655 in wait
  [ComfyUI]   File "C:\workspaces\TRELLIS2-1357\ComfyUI\.ce\.pixi\envs\trellis2-nodes\Lib\site-packages\tqdm\_monitor.py", line 60 in run
  [ComfyUI]   File "C:\workspaces\TRELLIS2-1357\ComfyUI\.ce\.pixi\envs\trellis2-nodes\Lib\threading.py", line 1075 in _bootstrap_inner
  [ComfyUI]   File "C:\workspaces\TRELLIS2-1357\ComfyUI\.ce\.pixi\envs\trellis2-nodes\Lib\threading.py", line 1032 in _bootstrap
  [ComfyUI] 
  [ComfyUI] Thread 0x000043c0 (most recent call first):
  [ComfyUI]   File "C:\workspaces\TRELLIS2-1357\ComfyUI\.ce\.pixi\envs\trellis2-nodes\Lib\threading.py", line 359 in wait
  [ComfyUI]   File "C:\workspaces\TRELLIS2-1357\ComfyUI\.ce\.pixi\envs\trellis2-nodes\Lib\threading.py", line 655 in wait
  [ComfyUI]   File "C:\workspaces\TRELLIS2-1357\ComfyUI\.ce\.pixi\envs\trellis2-nodes\Lib\site-packages\tqdm\_monitor.py", line 60 in run
  [ComfyUI]   File "C:\workspaces\TRELLIS2-1357\ComfyUI\.ce\.pixi\envs\trellis2-nodes\Lib\threading.py", line 1075 in _bootstrap_inner
  [ComfyUI]   File "C:\workspaces\TRELLIS2-1357\ComfyUI\.ce\.pixi\envs\trellis2-nodes\Lib\threading.py", line 1032 in _bootstrap
  [ComfyUI] 
  [ComfyUI] Thread 0x00003a3c (most recent call first):
  [ComfyUI]   File "C:\workspaces\TRELLIS2-1357\ComfyUI\.ce\.pixi\envs\trellis2-nodes\Lib\threading.py", line 359 in wait
  [ComfyUI]   File "C:\workspaces\TRELLIS2-1357\ComfyUI\.ce\.pixi\envs\trellis2-nodes\Lib\threading.py", line 655 in wait
  [ComfyUI]   File "C:\workspaces\TRELLIS2-1357\ComfyUI\.ce\.pixi\envs\trellis2-nodes\Lib\site-packages\tqdm\_monitor.py", line 60 in run
  [ComfyUI]   File "C:\workspaces\TRELLIS2-1357\ComfyUI\.ce\.pixi\envs\trellis2-nodes\Lib\threading.py", line 1075 in _bootstrap_inner
  [ComfyUI]   File "C:\workspaces\TRELLIS2-1357\ComfyUI\.ce\.pixi\envs\trellis2-nodes\Lib\threading.py", line 1032 in _bootstrap
  [ComfyUI] 
  [ComfyUI] Thread 0x000042e0 (most recent call first):
  [ComfyUI]   File "C:\workspaces\TRELLIS2-1357\ComfyUI\.ce\.pixi\envs\trellis2-nodes\Lib\threading.py", line 359 in wait
  [ComfyUI]   File "C:\workspaces\TRELLIS2-1357\ComfyUI\.ce\.pixi\envs\trellis2-nodes\Lib\threading.py", line 655 in wait
  [ComfyUI]   File "C:\workspaces\TRELLIS2-1357\ComfyUI\.ce\.pixi\envs\trellis2-nodes\Lib\site-packages\tqdm\_monitor.py", line 60 in run
  [ComfyUI]   File "C:\workspaces\TRELLIS2-1357\ComfyUI\.ce\.pixi\envs\trellis2-nodes\Lib\threading.py", line 1075 in _bootstrap_inner
  [ComfyUI]   File "C:\workspaces\TRELLIS2-1357\ComfyUI\.ce\.pixi\envs\trellis2-nodes\Lib\threading.py", line 1032 in _bootstrap
  [ComfyUI] 
  [ComfyUI] Thread 0x00003ee4 (most recent call first):
  [ComfyUI]   File "C:\workspaces\TRELLIS2-1357\ComfyUI\.ce\.pixi\envs\trellis2-nodes\Lib\threading.py", line 359 in wait
  [ComfyUI]   File "C:\workspaces\TRELLIS2-1357\ComfyUI\.ce\.pixi\envs\trellis2-nodes\Lib\threading.py", line 655 in wait
  [ComfyUI]   File "C:\workspaces\TRELLIS2-1357\ComfyUI\.ce\.pixi\envs\trellis2-nodes\Lib\site-packages\tqdm\_monitor.py", line 60 in run
  [ComfyUI]   File "C:\workspaces\TRELLIS2-1357\ComfyUI\.ce\.pixi\envs\trellis2-nodes\Lib\threading.py", line 1075 in _bootstrap_inner
  [ComfyUI]   File "C:\workspaces\TRELLIS2-1357\ComfyUI\.ce\.pixi\envs\trellis2-nodes\Lib\threading.py", line 1032 in _bootstrap
  [ComfyUI] 
  [ComfyUI] Thread 0x00003830 (most recent call first):
  [ComfyUI]   File "C:\workspaces\TRELLIS2-1357\ComfyUI\.ce\.pixi\envs\trellis2-nodes\Lib\threading.py", line 359 in wait
  [ComfyUI]   File "C:\workspaces\TRELLIS2-1357\ComfyUI\.ce\.pixi\envs\trellis2-nodes\Lib\threading.py", line 655 in wait
  [ComfyUI]   File "C:\workspaces\TRELLIS2-1357\ComfyUI\.ce\.pixi\envs\trellis2-nodes\Lib\site-packages\tqdm\_monitor.py", line 60 in run
  [ComfyUI]   File "C:\workspaces\TRELLIS2-1357\ComfyUI\.ce\.pixi\envs\trellis2-nodes\Lib\threading.py", line 1075 in _bootstrap_inner
  [ComfyUI]   File "C:\workspaces\TRELLIS2-1357\ComfyUI\.ce\.pixi\envs\trellis2-nodes\Lib\threading.py", line 1032 in _bootstrap
  [ComfyUI] 
  [ComfyUI] Thread 0x00000fc0 (most recent call first):
  [ComfyUI]   File "C:\workspaces\TRELLIS2-1357\ComfyUI\.ce\.pixi\envs\trellis2-nodes\Lib\threading.py", line 359 in wait
  [ComfyUI]   File "C:\workspaces\TRELLIS2-1357\ComfyUI\.ce\.pixi\envs\trellis2-nodes\Lib\threading.py", line 655 in wait
  [ComfyUI]   File "C:\workspaces\TRELLIS2-1357\ComfyUI\.ce\.pixi\envs\trellis2-nodes\Lib\site-packages\tqdm\_monitor.py", line 60 in run
  [ComfyUI]   File "C:\workspaces\TRELLIS2-1357\ComfyUI\.ce\.pixi\envs\trellis2-nodes\Lib\threading.py", line 1075 in _bootstrap_inner
  [ComfyUI]   File "C:\workspaces\TRELLIS2-1357\ComfyUI\.ce\.pixi\envs\trellis2-nodes\Lib\threading.py", line 1032 in _bootstrap
  [ComfyUI] 
  [ComfyUI] Thread 0x0000281c (most recent call first):
  [ComfyUI]   File "C:\workspaces\TRELLIS2-1357\ComfyUI\.ce\.pixi\envs\trellis2-nodes\Lib\threading.py", line 359 in wait
  [ComfyUI]   File "C:\workspaces\TRELLIS2-1357\ComfyUI\.ce\.pixi\envs\trellis2-nodes\Lib\threading.py", line 655 in wait
  [ComfyUI]   File "C:\workspaces\TRELLIS2-1357\ComfyUI\.ce\.pixi\envs\trellis2-nodes\Lib\site-packages\tqdm\_monitor.py", line 60 in run
  [ComfyUI]   File "C:\workspaces\TRELLIS2-1357\ComfyUI\.ce\.pixi\envs\trellis2-nodes\Lib\threading.py", line 1075 in _bootstrap_inner
  [ComfyUI]   File "C:\workspaces\TRELLIS2-1357\ComfyUI\.ce\.pixi\envs\trellis2-nodes\Lib\threading.py", line 1032 in _bootstrap
  [ComfyUI] 
  [ComfyUI] Thread 0x000010a4 (most recent call first):
  [ComfyUI]   File "C:\Users\ContainerAdministrator\AppData\Local\Temp\comfyui_pvenv_pd2bk2zm\persistent_worker.py", line 106 in _vram_poller
  [ComfyUI]   File "C:\workspaces\TRELLIS2-1357\ComfyUI\.ce\.pixi\envs\trellis2-nodes\Lib\threading.py", line 1012 in run
  [ComfyUI]   File "C:\workspaces\TRELLIS2-1357\ComfyUI\.ce\.pixi\envs\trellis2-nodes\Lib\threading.py", line 1075 in _bootstrap_inner
  [ComfyUI]   File "C:\workspaces\TRELLIS2-1357\ComfyUI\.ce\.pixi\envs\trellis2-nodes\Lib\threading.py", line 1032 in _bootstrap
  [ComfyUI] 
  [ComfyUI] Current thread 0x00003114 (most recent call first):
  [ComfyUI]   File "C:\Users\ContainerAdministrator\AppData\Local\Temp\comfyui_pvenv_pd2bk2zm\persistent_worker.py", line 52 in _watchdog
  [ComfyUI]   File "C:\workspaces\TRELLIS2-1357\ComfyUI\.ce\.pixi\envs\trellis2-nodes\Lib\threading.py", line 1012 in run
  [ComfyUI]   File "C:\workspaces\TRELLIS2-1357\ComfyUI\.ce\.pixi\envs\trellis2-nodes\Lib\threading.py", line 1075 in _bootstrap_inner
  [ComfyUI]   File "C:\workspaces\TRELLIS2-1357\ComfyUI\.ce\.pixi\envs\trellis2-nodes\Lib\threading.py", line 1032 in _bootstrap
  [ComfyUI] 
  [ComfyUI] Thread 0x00002e9c (most recent call first):
  [ComfyUI]   File "C:\workspaces\TRELLIS2-1357\ComfyUI\.ce\.pixi\envs\trellis2-nodes\Lib\site-packages\torch\cuda\__init__.py", line 1162 in synchronize
  [ComfyUI]   File "C:\workspaces\TRELLIS2-1357\ComfyUI\.ce\.pixi\envs\trellis2-nodes\Lib\site-packages\triton\testing.py", line 188 in do_bench
  [ComfyUI]   File "C:\workspaces\TRELLIS2-1357\ComfyUI\.ce\.pixi\envs\trellis2-nodes\Lib\site-packages\triton\runtime\autotuner.py", line 164 in _bench
  [ComfyUI]   File "C:\workspaces\TRELLIS2-1357\ComfyUI\.ce\.pixi\envs\trellis2-nodes\Lib\site-packages\flex_gemm_ap\utils\autotuner.py", line 67 in run
  [ComfyUI]   File "C:\workspaces\TRELLIS2-1357\ComfyUI\.ce\.pixi\envs\trellis2-nodes\Lib\site-packages\triton\runtime\jit.py", line 370 in <lambda>
  [ComfyUI]   File "C:\workspaces\TRELLIS2-1357\ComfyUI\.ce\.pixi\envs\trellis2-nodes\Lib\site-packages\flex_gemm_ap\kernels\triton\spconv\sparse_submanifold_conv_fwd_masked_implicit_gemm_splitk.py", line 153 in sparse_submanifold_conv_fwd_masked_implicit_gemm_splitk
  [ComfyUI]   File "C:\workspaces\TRELLIS2-1357\ComfyUI\.ce\.pixi\envs\trellis2-nodes\Lib\site-packages\flex_gemm_ap\utils\autotuner.py", line 265 in __call__
  [ComfyUI]   File "C:\workspaces\TRELLIS2-1357\ComfyUI\.ce\.pixi\envs\trellis2-nodes\Lib\site-packages\flex_gemm_ap\ops\spconv\submanifold_conv3d.py", line 336 in _sparse_submanifold_conv_forward
  [ComfyUI]   File "C:\workspaces\TRELLIS2-1357\ComfyUI\custom_nodes\ComfyUI-TRELLIS2\nodes\trellis2\vae.py", line 596 in _tiled_conv1_c2s
  [ComfyUI]   File "C:\workspaces\TRELLIS2-1357\ComfyUI\custom_nodes\ComfyUI-TRELLIS2\nodes\trellis2\vae.py", line 674 in _forward
  [ComfyUI]   File "C:\workspaces\TRELLIS2-1357\ComfyUI\custom_nodes\ComfyUI-TRELLIS2\nodes\trellis2\vae.py", line 767 in forward
  [ComfyUI]   File "C:\workspaces\TRELLIS2-1357\ComfyUI\.ce\.pixi\envs\trellis2-nodes\Lib\site-packages\torch\nn\modules\module.py", line 1790 in _call_impl
  [ComfyUI]   File "C:\workspaces\TRELLIS2-1357\ComfyUI\.ce\.pixi\envs\trellis2-nodes\Lib\site-packages\torch\nn\modules\module.py", line 1779 in _wrapped_call_impl
  [ComfyUI]   File "C:\workspaces\TRELLIS2-1357\ComfyUI\custom_nodes\ComfyUI-TRELLIS2\nodes\trellis2\vae.py", line 1074 in forward
  [ComfyUI]   File "C:\workspaces\TRELLIS2-1357\ComfyUI\custom_nodes\ComfyUI-TRELLIS2\nodes\trellis2\vae.py", line 1335 in forward
  [ComfyUI]   File "C:\workspaces\TRELLIS2-1357\ComfyUI\.ce\.pixi\envs\trellis2-nodes\Lib\site-packages\torch\nn\modules\module.py", line 1790 in _call_impl
  [ComfyUI]   File "C:\workspaces\TRELLIS2-1357\ComfyUI\.ce\.pixi\envs\trellis2-nodes\Lib\site-packages\torch\nn\modules\module.py", line 1779 in _wrapped_call_impl
  [ComfyUI]   File "C:\workspaces\TRELLIS2-1357\ComfyUI\custom_nodes\ComfyUI-TRELLIS2\nodes\stages.py", line 657 in _decode_shape_slat
  [ComfyUI]   File "C:\workspaces\TRELLIS2-1357\ComfyUI\custom_nodes\ComfyUI-TRELLIS2\nodes\stages.py", line 973 in run_shape_generation
  [ComfyUI]   File "C:\workspaces\TRELLIS2-1357\ComfyUI\custom_nodes\ComfyUI-TRELLIS2\nodes\nodes_inference.py", line 132 in execute
  [ComfyUI]   File "C:\workspaces\TRELLIS2-1357\ComfyUI\comfy_api\latest\_io.py", line 1833 in EXECUTE_NORMALIZED
  [ComfyUI]   File "C:\Users\ContainerAdministrator\AppData\Local\Temp\comfyui_pvenv_pd2bk2zm\persistent_worker.py", line 1762 in main
  [ComfyUI]   File "C:\Users\ContainerAdministrator\AppData\Local\Temp\comfyui_pvenv_pd2bk2zm\persistent_worker.py", line 1807 in <module>
  [ComfyUI] 
  [ComfyUI] [worker:ComfyUI-TRELLIS2] === END ===
  [ComfyUI] 
  [ComfyUI] [worker:ComfyUI-TRELLIS2] [VRAM] +210MB (now 1802MB) reserved=1886MB peak=3390MB
  [ComfyUI] [worker:ComfyUI-TRELLIS2] [C2S3d] TILED tile 2/6: N_int=199,613 fine=870,597 alloc=1229MB
  [ComfyUI] [worker:ComfyUI-TRELLIS2] [C2S3d] TILED tile 3/6: conv1 N_halo=483,845 alloc=1362MB
  [ComfyUI] [worker:ComfyUI-TRELLIS2] [C2S3d] TILED tile 3/6: N_int=476,247 fine=2,097,094 alloc=1250MB
  [ComfyUI] [worker:ComfyUI-TRELLIS2] [C2S3d] TILED tile 4/6: conv1 N_halo=377,905 alloc=1355MB
  [ComfyUI] [worker:ComfyUI-TRELLIS2] [VRAM] +225MB (now 2028MB) reserved=2354MB peak=3390MB
  [ComfyUI] [worker:ComfyUI-TRELLIS2] [C2S3d] TILED tile 4/6: N_int=371,734 fine=1,715,800 alloc=1243MB
  [ComfyUI] [worker:ComfyUI-TRELLIS2] [C2S3d] TILED tile 5/6: conv1 N_halo=483,110 alloc=1376MB
  [ComfyUI] [worker:ComfyUI-TRELLIS2] [C2S3d] TILED tile 5/6: N_int=475,437 fine=2,099,748 alloc=1250MB
  [ComfyUI] [worker:ComfyUI-TRELLIS2] [C2S3d] TILED tile 6/6: conv1 N_halo=201,022 alloc=1307MB
  [ComfyUI] [worker:ComfyUI-TRELLIS2] [C2S3d] TILED tile 6/6: N_int=198,243 fine=865,227 alloc=1229MB
  [ComfyUI] [worker:ComfyUI-TRELLIS2] [VRAM] -657MB (now 1371MB) reserved=1448MB peak=3390MB
  [ComfyUI] [worker:ComfyUI-TRELLIS2] [C2S3d] TILED done: h_fine=torch.Size([9347702, 64]) x_fine_cpu=torch.Size([9347702, 16]) alloc=2513MB
  [ComfyUI] [worker:ComfyUI-TRELLIS2] [VRAM] +1110MB (now 2482MB) reserved=2590MB peak=3390MB
  [ComfyUI] [worker:ComfyUI-TRELLIS2] [C2S3d] h.feats offloaded for chunked norm2+silu: alloc=1340MB
  [ComfyUI] [worker:ComfyUI-TRELLIS2] [VRAM] -1142MB (now 1340MB) reserved=1820MB peak=3390MB
  [ComfyUI] [worker:ComfyUI-TRELLIS2] [VRAM] +1142MB (now 2482MB) reserved=2962MB peak=3390MB
  [ComfyUI] [worker:ComfyUI-TRELLIS2] [C2S3d] after chunked norm2+silu: alloc=2482MB
  [ComfyUI] [worker:ComfyUI-TRELLIS2] [sparse-conv] TILED: N=9,347,702 max_tile=1,000,000 feats=1141MB alloc=2482MB
  [ComfyUI] [worker:ComfyUI-TRELLIS2] [sparse-conv] TILED feats offloaded to CPU, alloc=1340MB
  [ComfyUI] [worker:ComfyUI-TRELLIS2] [tiled_conv] N=9,347,702 Ci=64 Co=64 K=(3, 3, 3) feats=1141MB out=1141MB feats_dev=cpu alloc=1340MB
  [ComfyUI] [worker:ComfyUI-TRELLIS2] [tiled_conv] 13 tiles, VRAM baseline=1340MB
  [ComfyUI] 
  [capture-loop] iter=2300 t=307.1s state={'complete': False, 'error': None, 'executedCount': 1, 'wsState': 1} eval_ms=3 ram=22.3/31.9GB (70%) swap=1.1/13.5GB (8%) cpu=31% browser_rss=0.57GB
  [ComfyUI] Tiled Conv3d:   0%|          | 0/13 [00:00<?][worker:ComfyUI-TRELLIS2] [VRAM] -434MB (now 2049MB) reserved=2368MB peak=3390MB
  [ComfyUI] 
  [ComfyUI] Tiled Conv3d:   0%|          | 0/13 [00:01<?]
  [ComfyUI] Tiled Conv3d:   8%|▊         | 1/13 [00:01<00:17][worker:ComfyUI-TRELLIS2] [VRAM] -579MB (now 1471MB) reserved=1584MB peak=3390MB
  [ComfyUI] 
  [ComfyUI] Tiled Conv3d:   8%|▊         | 1/13 [00:01<00:17]
  [ComfyUI] Tiled Conv3d:  15%|█▌        | 2/13 [00:01<00:07]
  [ComfyUI] Tiled Conv3d:  15%|█▌        | 2/13 [00:02<00:07]
  [ComfyUI] Tiled Conv3d:  23%|██▎       | 3/13 [00:02<00:06]
  [ComfyUI] Tiled Conv3d:  23%|██▎       | 3/13 [00:02<00:06]
  [ComfyUI] Tiled Conv3d:  31%|███       | 4/13 [00:02<00:04][worker:ComfyUI-TRELLIS2] [VRAM] +353MB (now 1824MB) reserved=1988MB peak=3390MB
  [ComfyUI] 
  [ComfyUI] Tiled Conv3d:  31%|███       | 4/13 [00:03<00:04]
  [ComfyUI] Tiled Conv3d:  38%|███▊      | 5/13 [00:03<00:05][worker:ComfyUI-TRELLIS2] [VRAM] -484MB (now 1340MB) reserved=1448MB peak=3390MB
  [ComfyUI] 
  [ComfyUI] Tiled Conv3d:  38%|███▊      | 5/13 [00:03<00:05]
  [ComfyUI] Tiled Conv3d:  46%|████▌     | 6/13 [00:03<00:03]
  [ComfyUI] Tiled Conv3d:  46%|████▌     | 6/13 [00:03<00:03]
  [ComfyUI] Tiled Conv3d:  46%|████▌     | 6/13 [00:03<00:03]
  [ComfyUI] Tiled Conv3d:  62%|██████▏   | 8/13 [00:03<00:01]
  [ComfyUI] Tiled Conv3d:  62%|██████▏   | 8/13 [00:04<00:01]
  [ComfyUI] Tiled Conv3d:  69%|██████▉   | 9/13 [00:04<00:01]
  [ComfyUI] Tiled Conv3d:  69%|██████▉   | 9/13 [00:04<00:01]
  [ComfyUI] Tiled Conv3d:  77%|███████▋  | 10/13 [00:04<00:00]
  [ComfyUI] Tiled Conv3d:  77%|███████▋  | 10/13 [00:04<00:00]
  [ComfyUI] Tiled Conv3d:  85%|████████▍ | 11/13 [00:04<00:00]
  [ComfyUI] Tiled Conv3d:  85%|████████▍ | 11/13 [00:04<00:00]
  [ComfyUI] Tiled Conv3d:  92%|█████████▏| 12/13 [00:04<00:00][worker:ComfyUI-TRELLIS2] [VRAM] +453MB (now 1794MB) reserved=2230MB peak=3390MB
  [ComfyUI] 
  [ComfyUI] Tiled Conv3d:  92%|█████████▏| 12/13 [00:04<00:00]
  [ComfyUI] Tiled Conv3d: 100%|██████████| 13/13 [00:04<00:00]
  [ComfyUI] Tiled Conv3d: 100%|██████████| 13/13 [00:04<00:00]
  [ComfyUI] [worker:ComfyUI-TRELLIS2] [tiled_conv] done: 9347702/9347702 voxels, tile_peak=1803MB, final=2482MB
  [ComfyUI] [worker:ComfyUI-TRELLIS2] [sparse-conv] TILED done: out=1141MB alloc=2482MB
  [ComfyUI] [worker:ComfyUI-TRELLIS2] [C2S3d] post-conv2: alloc=2482MB
  [ComfyUI] [worker:ComfyUI-TRELLIS2] [C2S3d] post-conv2 (cache cleared): alloc=2482MB
  [ComfyUI] [worker:ComfyUI-TRELLIS2] [VRAM] +810MB (now 2604MB) reserved=2714MB peak=3390MB
  [ComfyUI] [worker:ComfyUI-TRELLIS2] [C2S3d] after chunked skip: alloc=2482MB
  [ComfyUI] [SubprocessWorker] callback 'report_progress' from call_id=3
  [capture-loop] iter=2350 t=313.4s state={'complete': False, 'error': None, 'executedCount': 1, 'wsState': 1} eval_ms=3 ram=23.1/31.9GB (72%) swap=1.1/13.5GB (8%) cpu=32% browser_rss=0.57GB
  [ComfyUI] [SubprocessWorker] callback 'report_progress' from call_id=3
  [ComfyUI] [worker:ComfyUI-TRELLIS2] [FlexiDecoder] pre-cleanup: alloc=1415MB
  [ComfyUI] [worker:ComfyUI-TRELLIS2] [VRAM] -1190MB (now 1415MB) reserved=1510MB peak=3390MB
  [ComfyUI] [worker:ComfyUI-TRELLIS2] [FlexiDecoder] model to CPU: alloc=500MB
  [ComfyUI] [worker:ComfyUI-TRELLIS2] [FlexiDecoder] extra[0][0] feats=torch.Size([20004, 8]) on cuda:0, 0MB
  [ComfyUI] [worker:ComfyUI-TRELLIS2] [FlexiDecoder] extra[0][1] feats=torch.Size([99718, 8]) on cuda:0, 1MB
  [ComfyUI] [worker:ComfyUI-TRELLIS2] [FlexiDecoder] extra[0][2] feats=torch.Size([465301, 8]) on cuda:0, 7MB
  [ComfyUI] [worker:ComfyUI-TRELLIS2] [FlexiDecoder] extra[0][3] feats=torch.Size([2091089, 8]) on cuda:0, 31MB
  [ComfyUI] [worker:ComfyUI-TRELLIS2] [FlexiDecoder] subs to CPU: alloc=490MB
  [ComfyUI] [worker:ComfyUI-TRELLIS2] [FlexiDecoder] coords: torch.Size([9347702, 3]) cuda:0 106MB
  [ComfyUI] [worker:ComfyUI-TRELLIS2] [FlexiDecoder] vertices.feats: torch.Size([9347702, 3]) cuda:0 53MB
  [ComfyUI] [worker:ComfyUI-TRELLIS2] [FlexiDecoder] intersected.feats: torch.Size([9347702, 3]) cuda:0 26MB
  [ComfyUI] [worker:ComfyUI-TRELLIS2] [FlexiDecoder] quad_lerp.feats: torch.Size([9347702, 1]) cuda:0 17MB
  [ComfyUI] [worker:ComfyUI-TRELLIS2] [FlexiDecoder] post-cleanup: alloc=490MB, starting mesh extraction
  [ComfyUI] 
  [ComfyUI] Fast Tiled Decoding:   0%|          | 0/256 [00:00<?, ?it/s]
  [ComfyUI] Fast Tiled Decoding:  17%|█▋        | 44/256 [00:00<00:00, 422.73it/s]
  Frame 80 saved (frame_079.jpg, t=314.3s)
  [capture-periodic] freeze=4ms shot=112ms unfreeze=4ms saved=True
  [ComfyUI] Fast Tiled Decoding:  34%|███▍      | 87/256 [00:00<00:00, 308.86it/s]
  [ComfyUI] Fast Tiled Decoding:  47%|████▋     | 120/256 [00:00<00:00, 277.34it/s]
  [ComfyUI] Fast Tiled Decoding:  58%|█████▊    | 149/256 [00:00<00:00, 269.36it/s]
  [ComfyUI] Fast Tiled Decoding:  69%|██████▉   | 177/256 [00:00<00:00, 271.92it/s]
  [ComfyUI] Fast Tiled Decoding:  81%|████████▏ | 208/256 [00:00<00:00, 280.65it/s]
  [ComfyUI] Fast Tiled Decoding:  99%|█████████▉| 254/256 [00:00<00:00, 332.46it/s]
  [ComfyUI] Fast Tiled Decoding: 100%|██████████| 256/256 [00:00<00:00, 308.54it/s]
  [ComfyUI] [SubprocessWorker] callback 'report_progress' from call_id=3
  [ComfyUI] [worker:ComfyUI-TRELLIS2] [VRAM] -979MB (now 437MB) reserved=742MB peak=3390MB
  [ComfyUI] [SubprocessWorker] callback 'report_progress' from call_id=3
  [ComfyUI] [worker:ComfyUI-TRELLIS2] [VRAM] -428MB (now 9MB) reserved=56MB peak=3390MB
  [capture-loop] iter=2400 t=319.5s state={'complete': False, 'error': None, 'executedCount': 1, 'wsState': 1} eval_ms=3 ram=24.4/31.9GB (76%) swap=1.1/13.5GB (8%) cpu=11% browser_rss=0.57GB
  [ComfyUI] [SubprocessWorker] got response: ok
  [ComfyUI] [comfy-env] Created 4 model patchers: ['SparseStructureFlowModel_2', 'SparseStructureDecoder_3', 'SLatFlowModel_4', 'FlexiDualGridVaeDecoder_5']
  [ComfyUI] [comfy-env] Trellis2ImageToShape done (162.00s): result: NodeOutput
  [ComfyUI] [VRAM] After Trellis2ImageToShape: 1271 / 24575 MB
  [ComfyUI] [VRAM] Loaded: SubprocessModel (0 MB), SubprocessModel (0 MB), SubprocessModel (0 MB), SubprocessModel (0 MB), SubprocessModel (0 MB)
  [ComfyUI] [comfy-env] Running Trellis2ProcessMesh: remesh: dict, target_face_count: 500000, floater_threshold: 0.001, weld_vertices: True, weld_digits: 4, chart_cone_angle: 90.0, chart_refine_iterations: 1, chart_global_iterations: 1, chart_smooth_strength: 1, trimesh: Trimesh
  [ComfyUI] [VRAM] Before Trellis2ProcessMesh: 1271 / 24575 MB
  [ComfyUI] [VRAM] Loaded: SubprocessModel (0 MB), SubprocessModel (0 MB), SubprocessModel (0 MB), SubprocessModel (0 MB), SubprocessModel (0 MB)
  [ComfyUI] [SubprocessWorker] call_method: nodes.nodes_unwrap.Trellis2ProcessMesh.EXECUTE_NORMALIZED
  [ComfyUI] [SubprocessWorker] acquired lock, ensuring started...
  [ComfyUI] [ComfyUI-TRELLIS2] Health check: ping (timeout=5.0s)...
  [ComfyUI] [ComfyUI-TRELLIS2] Health check: ok
  [ComfyUI] [SubprocessWorker] worker started/confirmed
  [ComfyUI] [SubprocessWorker] serializing kwargs to shm...
  Frame 81 saved (frame_080.jpg, t=325.2s)
  [capture-periodic] freeze=3ms shot=120ms unfreeze=3ms saved=True
  [capture-loop] iter=2450 t=325.6s state={'complete': False, 'error': None, 'executedCount': 1, 'wsState': 1} eval_ms=4 ram=25.9/31.9GB (81%) swap=1.1/13.5GB (8%) cpu=10% browser_rss=0.57GB
  [ComfyUI] [SubprocessWorker] created 1 shm blocks
  [ComfyUI] [SubprocessWorker] sending request via socket...
  [ComfyUI] [SubprocessWorker] call_id=4 sending call_method
  [ComfyUI] [worker:ComfyUI-TRELLIS2] [VRAM] ProcessMesh Start: alloc=9MB reserved=56MB peak=9MB
  [ComfyUI] [worker:ComfyUI-TRELLIS2] [VRAM] +348MB (now 357MB) reserved=404MB peak=3390MB
  [ComfyUI] [worker:ComfyUI-TRELLIS2] [ProcessMesh] Input: 9367121 verts, 20899032 faces (alloc=357MB)
  [ComfyUI] [worker:ComfyUI-TRELLIS2] [ProcessMesh] Remeshing (quad DC, resolution=512, band=1.0, remove_inner_faces=True)... (alloc=357MB)
  [capture-loop] iter=2500 t=331.6s state={'complete': False, 'error': None, 'executedCount': 1, 'wsState': 1} eval_ms=4 ram=28.3/31.9GB (89%) swap=1.1/13.5GB (8%) cpu=12% browser_rss=0.57GB
  [capture-loop] iter=2550 t=337.7s state={'complete': False, 'error': None, 'executedCount': 1, 'wsState': 1} eval_ms=3 ram=28.3/31.9GB (89%) swap=1.1/13.5GB (8%) cpu=8% browser_rss=0.57GB
  [capture-loop] iter=2600 t=343.7s state={'complete': False, 'error': None, 'executedCount': 1, 'wsState': 1} eval_ms=3 ram=28.3/31.9GB (89%) swap=1.1/13.5GB (8%) cpu=8% browser_rss=0.57GB
  [capture-loop] iter=2650 t=349.8s state={'complete': False, 'error': None, 'executedCount': 1, 'wsState': 1} eval_ms=4 ram=28.3/31.9GB (89%) swap=1.1/13.5GB (8%) cpu=7% browser_rss=0.57GB
  [capture-loop] iter=2700 t=355.6s state={'complete': False, 'error': None, 'executedCount': 1, 'wsState': 1} eval_ms=3 ram=28.3/31.9GB (89%) swap=1.1/13.5GB (8%) cpu=7% browser_rss=0.57GB
  [capture-loop] iter=2750 t=361.7s state={'complete': False, 'error': None, 'executedCount': 1, 'wsState': 1} eval_ms=4 ram=28.3/31.9GB (89%) swap=1.1/13.5GB (8%) cpu=7% browser_rss=0.57GB
  [capture-loop] iter=2800 t=367.6s state={'complete': False, 'error': None, 'executedCount': 1, 'wsState': 1} eval_ms=3 ram=28.4/31.9GB (89%) swap=1.1/13.5GB (8%) cpu=7% browser_rss=0.57GB
  [capture-loop] iter=2850 t=373.6s state={'complete': False, 'error': None, 'executedCount': 1, 'wsState': 1} eval_ms=4 ram=28.4/31.9GB (89%) swap=1.1/13.5GB (8%) cpu=8% browser_rss=0.57GB
  [ComfyUI] [worker:ComfyUI-TRELLIS2]
  [ComfyUI] === WATCHDOG TICK 6 ===
  [ComfyUI] [worker:ComfyUI-TRELLIS2] [VRAM] +348MB (now 705MB) reserved=752MB peak=3390MB
  [ComfyUI] [worker:ComfyUI-TRELLIS2] Thread 0x00003974 (most recent call first):
  [ComfyUI]   File "C:\workspaces\TRELLIS2-1357\ComfyUI\.ce\.pixi\envs\trellis2-nodes\Lib\threading.py", line 359 in wait
  [ComfyUI]   File "C:\workspaces\TRELLIS2-1357\ComfyUI\.ce\.pixi\envs\trellis2-nodes\Lib\threading.py", line 655 in wait
  [ComfyUI]   File "C:\workspaces\TRELLIS2-1357\ComfyUI\.ce\.pixi\envs\trellis2-nodes\Lib\site-packages\tqdm\_monitor.py", line 60 in run
  [ComfyUI]   File "C:\workspaces\TRELLIS2-1357\ComfyUI\.ce\.pixi\envs\trellis2-nodes\Lib\threading.py", line 1075 in _bootstrap_inner
  [ComfyUI]   File "C:\workspaces\TRELLIS2-1357\ComfyUI\.ce\.pixi\envs\trellis2-nodes\Lib\threading.py", line 1032 in _bootstrap
  [ComfyUI] 
  [ComfyUI] Thread 0x000020a0 (most recent call first):
  [ComfyUI]   File "C:\workspaces\TRELLIS2-1357\ComfyUI\.ce\.pixi\envs\trellis2-nodes\Lib\threading.py", line 359 in wait
  [ComfyUI]   File "C:\workspaces\TRELLIS2-1357\ComfyUI\.ce\.pixi\envs\trellis2-nodes\Lib\threading.py", line 655 in wait
  [ComfyUI]   File "C:\workspaces\TRELLIS2-1357\ComfyUI\.ce\.pixi\envs\trellis2-nodes\Lib\site-packages\tqdm\_monitor.py", line 60 in run
  [ComfyUI]   File "C:\workspaces\TRELLIS2-1357\ComfyUI\.ce\.pixi\envs\trellis2-nodes\Lib\threading.py", line 1075 in _bootstrap_inner
  [ComfyUI]   File "C:\workspaces\TRELLIS2-1357\ComfyUI\.ce\.pixi\envs\trellis2-nodes\Lib\threading.py", line 1032 in _bootstrap
  [ComfyUI] 
  [ComfyUI] Thread 0x00003864 (most recent call first):
  [ComfyUI]   File "C:\workspaces\TRELLIS2-1357\ComfyUI\.ce\.pixi\envs\trellis2-nodes\Lib\threading.py", line 359 in wait
  [ComfyUI]   File "C:\workspaces\TRELLIS2-1357\ComfyUI\.ce\.pixi\envs\trellis2-nodes\Lib\threading.py", line 655 in wait
  [ComfyUI]   File "C:\workspaces\TRELLIS2-1357\ComfyUI\.ce\.pixi\envs\trellis2-nodes\Lib\site-packages\tqdm\_monitor.py", line 60 in run
  [ComfyUI]   File "C:\workspaces\TRELLIS2-1357\ComfyUI\.ce\.pixi\envs\trellis2-nodes\Lib\threading.py", line 1075 in _bootstrap_inner
  [ComfyUI]   File "C:\workspaces\TRELLIS2-1357\ComfyUI\.ce\.pixi\envs\trellis2-nodes\Lib\threading.py", line 1032 in _bootstrap
  [ComfyUI] 
  [ComfyUI] Thread 0x0000101c (most recent call first):
  [ComfyUI]   File "C:\workspaces\TRELLIS2-1357\ComfyUI\.ce\.pixi\envs\trellis2-nodes\Lib\threading.py", line 359 in wait
  [ComfyUI]   File "C:\workspaces\TRELLIS2-1357\ComfyUI\.ce\.pixi\envs\trellis2-nodes\Lib\threading.py", line 655 in wait
  [ComfyUI]   File "C:\workspaces\TRELLIS2-1357\ComfyUI\.ce\.pixi\envs\trellis2-nodes\Lib\site-packages\tqdm\_monitor.py", line 60 in run
  [ComfyUI]   File "C:\workspaces\TRELLIS2-1357\ComfyUI\.ce\.pixi\envs\trellis2-nodes\Lib\threading.py", line 1075 in _bootstrap_inner
  [ComfyUI]   File "C:\workspaces\TRELLIS2-1357\ComfyUI\.ce\.pixi\envs\trellis2-nodes\Lib\threading.py", line 1032 in _bootstrap
  [ComfyUI] 
  [ComfyUI] Thread 0x00003878 (most recent call first):
  [ComfyUI]   File "C:\workspaces\TRELLIS2-1357\ComfyUI\.ce\.pixi\envs\trellis2-nodes\Lib\threading.py", line 359 in wait
  [ComfyUI]   File "C:\workspaces\TRELLIS2-1357\ComfyUI\.ce\.pixi\envs\trellis2-nodes\Lib\threading.py", line 655 in wait
  [ComfyUI]   File "C:\workspaces\TRELLIS2-1357\ComfyUI\.ce\.pixi\envs\trellis2-nodes\Lib\site-packages\tqdm\_monitor.py", line 60 in run
  [ComfyUI]   File "C:\workspaces\TRELLIS2-1357\ComfyUI\.ce\.pixi\envs\trellis2-nodes\Lib\threading.py", line 1075 in _bootstrap_inner
  [ComfyUI]   File "C:\workspaces\TRELLIS2-1357\ComfyUI\.ce\.pixi\envs\trellis2-nodes\Lib\threading.py", line 1032 in _bootstrap
  [ComfyUI] 
  [ComfyUI] Thread 0x00002d90 (most recent call first):
  [ComfyUI]   File "C:\workspaces\TRELLIS2-1357\ComfyUI\.ce\.pixi\envs\trellis2-nodes\Lib\threading.py", line 359 in wait
  [ComfyUI]   File "C:\workspaces\TRELLIS2-1357\ComfyUI\.ce\.pixi\envs\trellis2-nodes\Lib\threading.py", line 655 in wait
  [ComfyUI]   File "C:\workspaces\TRELLIS2-1357\ComfyUI\.ce\.pixi\envs\trellis2-nodes\Lib\site-packages\tqdm\_monitor.py", line 60 in run
  [ComfyUI]   File "C:\workspaces\TRELLIS2-1357\ComfyUI\.ce\.pixi\envs\trellis2-nodes\Lib\threading.py", line 1075 in _bootstrap_inner
  [ComfyUI]   File "C:\workspaces\TRELLIS2-1357\ComfyUI\.ce\.pixi\envs\trellis2-nodes\Lib\threading.py", line 1032 in _bootstrap
  [ComfyUI] 
  [ComfyUI] Thread 0x0000277c (most recent call first):
  [ComfyUI]   File "C:\workspaces\TRELLIS2-1357\ComfyUI\.ce\.pixi\envs\trellis2-nodes\Lib\threading.py", line 359 in wait
  [ComfyUI]   File "C:\workspaces\TRELLIS2-1357\ComfyUI\.ce\.pixi\envs\trellis2-nodes\Lib\threading.py", line 655 in wait
  [ComfyUI]   File "C:\workspaces\TRELLIS2-1357\ComfyUI\.ce\.pixi\envs\trellis2-nodes\Lib\site-packages\tqdm\_monitor.py", line 60 in run
  [ComfyUI]   File "C:\workspaces\TRELLIS2-1357\ComfyUI\.ce\.pixi\envs\trellis2-nodes\Lib\threading.py", line 1075 in _bootstrap_inner
  [ComfyUI]   File "C:\workspaces\TRELLIS2-1357\ComfyUI\.ce\.pixi\envs\trellis2-nodes\Lib\threading.py", line 1032 in _bootstrap
  [ComfyUI] 
  [ComfyUI] Thread 0x00000cf0 (most recent call first):
  [ComfyUI]   File "C:\workspaces\TRELLIS2-1357\ComfyUI\.ce\.pixi\envs\trellis2-nodes\Lib\threading.py", line 359 in wait
  [ComfyUI]   File "C:\workspaces\TRELLIS2-1357\ComfyUI\.ce\.pixi\envs\trellis2-nodes\Lib\threading.py", line 655 in wait
  [ComfyUI]   File "C:\workspaces\TRELLIS2-1357\ComfyUI\.ce\.pixi\envs\trellis2-nodes\Lib\site-packages\tqdm\_monitor.py", line 60 in run
  [ComfyUI]   File "C:\workspaces\TRELLIS2-1357\ComfyUI\.ce\.pixi\envs\trellis2-nodes\Lib\threading.py", line 1075 in _bootstrap_inner
  [ComfyUI]   File "C:\workspaces\TRELLIS2-1357\ComfyUI\.ce\.pixi\envs\trellis2-nodes\Lib\threading.py", line 1032 in _bootstrap
  [ComfyUI] 
  [ComfyUI] Thread 0x000039e4 (most recent call first):
  [ComfyUI]   File "C:\workspaces\TRELLIS2-1357\ComfyUI\.ce\.pixi\envs\trellis2-nodes\Lib\threading.py", line 359 in wait
  [ComfyUI]   File "C:\workspaces\TRELLIS2-1357\ComfyUI\.ce\.pixi\envs\trellis2-nodes\Lib\threading.py", line 655 in wait
  [ComfyUI]   File "C:\workspaces\TRELLIS2-1357\ComfyUI\.ce\.pixi\envs\trellis2-nodes\Lib\site-packages\tqdm\_monitor.py", line 60 in run
  [ComfyUI]   File "C:\workspaces\TRELLIS2-1357\ComfyUI\.ce\.pixi\envs\trellis2-nodes\Lib\threading.py", line 1075 in _bootstrap_inner
  [ComfyUI]   File "C:\workspaces\TRELLIS2-1357\ComfyUI\.ce\.pixi\envs\trellis2-nodes\Lib\threading.py", line 1032 in _bootstrap
  [ComfyUI] 
  [ComfyUI] Thread 0x00003310 (most recent call first):
  [ComfyUI]   File "C:\workspaces\TRELLIS2-1357\ComfyUI\.ce\.pixi\envs\trellis2-nodes\Lib\threading.py", line 359 in wait
  [ComfyUI]   File "C:\workspaces\TRELLIS2-1357\ComfyUI\.ce\.pixi\envs\trellis2-nodes\Lib\threading.py", line 655 in wait
  [ComfyUI]   File "C:\workspaces\TRELLIS2-1357\ComfyUI\.ce\.pixi\envs\trellis2-nodes\Lib\site-packages\tqdm\_monitor.py", line 60 in run
  [ComfyUI]   File "C:\workspaces\TRELLIS2-1357\ComfyUI\.ce\.pixi\envs\trellis2-nodes\Lib\threading.py", line 1075 in _bootstrap_inner
  [ComfyUI]   File "C:\workspaces\TRELLIS2-1357\ComfyUI\.ce\.pixi\envs\trellis2-nodes\Lib\threading.py", line 1032 in _bootstrap
  [ComfyUI] 
  [ComfyUI] Thread 0x000032d0 (most recent call first):
  [ComfyUI]   File "C:\workspaces\TRELLIS2-1357\ComfyUI\.ce\.pixi\envs\trellis2-nodes\Lib\threading.py", line 359 in wait
  [ComfyUI]   File "C:\workspaces\TRELLIS2-1357\ComfyUI\.ce\.pixi\envs\trellis2-nodes\Lib\threading.py", line 655 in wait
  [ComfyUI]   File "C:\workspaces\TRELLIS2-1357\ComfyUI\.ce\.pixi\envs\trellis2-nodes\Lib\site-packages\tqdm\_monitor.py", line 60 in run
  [ComfyUI]   File "C:\workspaces\TRELLIS2-1357\ComfyUI\.ce\.pixi\envs\trellis2-nodes\Lib\threading.py", line 1075 in _bootstrap_inner
  [ComfyUI]   File "C:\workspaces\TRELLIS2-1357\ComfyUI\.ce\.pixi\envs\trellis2-nodes\Lib\threading.py", line 1032 in _bootstrap
  [ComfyUI] 
  [ComfyUI] Thread 0x00002ca8 (most recent call first):
  [ComfyUI]   File "C:\workspaces\TRELLIS2-1357\ComfyUI\.ce\.pixi\envs\trellis2-nodes\Lib\threading.py", line 359 in wait
  [ComfyUI]   File "C:\workspaces\TRELLIS2-1357\ComfyUI\.ce\.pixi\envs\trellis2-nodes\Lib\threading.py", line 655 in wait
  [ComfyUI]   File "C:\workspaces\TRELLIS2-1357\ComfyUI\.ce\.pixi\envs\trellis2-nodes\Lib\site-packages\tqdm\_monitor.py", line 60 in run
  [ComfyUI]   File "C:\workspaces\TRELLIS2-1357\ComfyUI\.ce\.pixi\envs\trellis2-nodes\Lib\threading.py", line 1075 in _bootstrap_inner
  [ComfyUI]   File "C:\workspaces\TRELLIS2-1357\ComfyUI\.ce\.pixi\envs\trellis2-nodes\Lib\threading.py", line 1032 in _bootstrap
  [ComfyUI] 
  [ComfyUI] Thread 0x0000399c (most recent call first):
  [ComfyUI]   File "C:\workspaces\TRELLIS2-1357\ComfyUI\.ce\.pixi\envs\trellis2-nodes\Lib\threading.py", line 359 in wait
  [ComfyUI]   File "C:\workspaces\TRELLIS2-1357\ComfyUI\.ce\.pixi\envs\trellis2-nodes\Lib\threading.py", line 655 in wait
  [ComfyUI]   File "C:\workspaces\TRELLIS2-1357\ComfyUI\.ce\.pixi\envs\trellis2-nodes\Lib\site-packages\tqdm\_monitor.py", line 60 in run
  [ComfyUI]   File "C:\workspaces\TRELLIS2-1357\ComfyUI\.ce\.pixi\envs\trellis2-nodes\Lib\threading.py", line 1075 in _bootstrap_inner
  [ComfyUI]   File "C:\workspaces\TRELLIS2-1357\ComfyUI\.ce\.pixi\envs\trellis2-nodes\Lib\threading.py", line 1032 in _bootstrap
  [ComfyUI] 
  [ComfyUI] Thread 0x000041a4 (most recent call first):
  [ComfyUI]   File "C:\workspaces\TRELLIS2-1357\ComfyUI\.ce\.pixi\envs\trellis2-nodes\Lib\threading.py", line 359 in wait
  [ComfyUI]   File "C:\workspaces\TRELLIS2-1357\ComfyUI\.ce\.pixi\envs\trellis2-nodes\Lib\threading.py", line 655 in wait
  [ComfyUI]   File "C:\workspaces\TRELLIS2-1357\ComfyUI\.ce\.pixi\envs\trellis2-nodes\Lib\site-packages\tqdm\_monitor.py", line 60 in run
  [ComfyUI]   File "C:\workspaces\TRELLIS2-1357\ComfyUI\.ce\.pixi\envs\trellis2-nodes\Lib\threading.py", line 1075 in _bootstrap_inner
  [ComfyUI]   File "C:\workspaces\TRELLIS2-1357\ComfyUI\.ce\.pixi\envs\trellis2-nodes\Lib\threading.py", line 1032 in _bootstrap
  [ComfyUI] 
  [ComfyUI] Thread 0x000043c0 (most recent call first):
  [ComfyUI]   File "C:\workspaces\TRELLIS2-1357\ComfyUI\.ce\.pixi\envs\trellis2-nodes\Lib\threading.py", line 359 in wait
  [ComfyUI]   File "C:\workspaces\TRELLIS2-1357\ComfyUI\.ce\.pixi\envs\trellis2-nodes\Lib\threading.py", line 655 in wait
  [ComfyUI]   File "C:\workspaces\TRELLIS2-1357\ComfyUI\.ce\.pixi\envs\trellis2-nodes\Lib\site-packages\tqdm\_monitor.py", line 60 in run
  [ComfyUI]   File "C:\workspaces\TRELLIS2-1357\ComfyUI\.ce\.pixi\envs\trellis2-nodes\Lib\threading.py", line 1075 in _bootstrap_inner
  [ComfyUI]   File "C:\workspaces\TRELLIS2-1357\ComfyUI\.ce\.pixi\envs\trellis2-nodes\Lib\threading.py", line 1032 in _bootstrap
  [ComfyUI] 
  [ComfyUI] Thread 0x00003a3c (most recent call first):
  [ComfyUI]   File "C:\workspaces\TRELLIS2-1357\ComfyUI\.ce\.pixi\envs\trellis2-nodes\Lib\threading.py", line 359 in wait
  [ComfyUI]   File "C:\workspaces\TRELLIS2-1357\ComfyUI\.ce\.pixi\envs\trellis2-nodes\Lib\threading.py", line 655 in wait
  [ComfyUI]   File "C:\workspaces\TRELLIS2-1357\ComfyUI\.ce\.pixi\envs\trellis2-nodes\Lib\site-packages\tqdm\_monitor.py", line 60 in run
  [ComfyUI]   File "C:\workspaces\TRELLIS2-1357\ComfyUI\.ce\.pixi\envs\trellis2-nodes\Lib\threading.py", line 1075 in _bootstrap_inner
  [ComfyUI]   File "C:\workspaces\TRELLIS2-1357\ComfyUI\.ce\.pixi\envs\trellis2-nodes\Lib\threading.py", line 1032 in _bootstrap
  [ComfyUI] 
  [ComfyUI] Thread 0x000042e0 (most recent call first):
  [ComfyUI]   File "C:\workspaces\TRELLIS2-1357\ComfyUI\.ce\.pixi\envs\trellis2-nodes\Lib\threading.py", line 359 in wait
  [ComfyUI]   File "C:\workspaces\TRELLIS2-1357\ComfyUI\.ce\.pixi\envs\trellis2-nodes\Lib\threading.py", line 655 in wait
  [ComfyUI]   File "C:\workspaces\TRELLIS2-1357\ComfyUI\.ce\.pixi\envs\trellis2-nodes\Lib\site-packages\tqdm\_monitor.py", line 60 in run
  [ComfyUI]   File "C:\workspaces\TRELLIS2-1357\ComfyUI\.ce\.pixi\envs\trellis2-nodes\Lib\threading.py", line 1075 in _bootstrap_inner
  [ComfyUI]   File "C:\workspaces\TRELLIS2-1357\ComfyUI\.ce\.pixi\envs\trellis2-nodes\Lib\threading.py", line 1032 in _bootstrap
  [ComfyUI] 
  [ComfyUI] Thread 0x00003ee4 (most recent call first):
  [ComfyUI]   File "C:\workspaces\TRELLIS2-1357\ComfyUI\.ce\.pixi\envs\trellis2-nodes\Lib\threading.py", line 359 in wait
  [ComfyUI]   File "C:\workspaces\TRELLIS2-1357\ComfyUI\.ce\.pixi\envs\trellis2-nodes\Lib\threading.py", line 655 in wait
  [ComfyUI]   File "C:\workspaces\TRELLIS2-1357\ComfyUI\.ce\.pixi\envs\trellis2-nodes\Lib\site-packages\tqdm\_monitor.py", line 60 in run
  [ComfyUI]   File "C:\workspaces\TRELLIS2-1357\ComfyUI\.ce\.pixi\envs\trellis2-nodes\Lib\threading.py", line 1075 in _bootstrap_inner
  [ComfyUI]   File "C:\workspaces\TRELLIS2-1357\ComfyUI\.ce\.pixi\envs\trellis2-nodes\Lib\threading.py", line 1032 in _bootstrap
  [ComfyUI] 
  [ComfyUI] Thread 0x00003830 (most recent call first):
  [ComfyUI]   File "C:\workspaces\TRELLIS2-1357\ComfyUI\.ce\.pixi\envs\trellis2-nodes\Lib\threading.py", line 359 in wait
  [ComfyUI]   File "C:\workspaces\TRELLIS2-1357\ComfyUI\.ce\.pixi\envs\trellis2-nodes\Lib\threading.py", line 655 in wait
  [ComfyUI]   File "C:\workspaces\TRELLIS2-1357\ComfyUI\.ce\.pixi\envs\trellis2-nodes\Lib\site-packages\tqdm\_monitor.py", line 60 in run
  [ComfyUI]   File "C:\workspaces\TRELLIS2-1357\ComfyUI\.ce\.pixi\envs\trellis2-nodes\Lib\threading.py", line 1075 in _bootstrap_inner
  [ComfyUI]   File "C:\workspaces\TRELLIS2-1357\ComfyUI\.ce\.pixi\envs\trellis2-nodes\Lib\threading.py", line 1032 in _bootstrap
  [ComfyUI] 
  [ComfyUI] Thread 0x00000fc0 (most recent call first):
  [ComfyUI]   File "C:\workspaces\TRELLIS2-1357\ComfyUI\.ce\.pixi\envs\trellis2-nodes\Lib\threading.py", line 359 in wait
  [ComfyUI]   File "C:\workspaces\TRELLIS2-1357\ComfyUI\.ce\.pixi\envs\trellis2-nodes\Lib\threading.py", line 655 in wait
  [ComfyUI]   File "C:\workspaces\TRELLIS2-1357\ComfyUI\.ce\.pixi\envs\trellis2-nodes\Lib\site-packages\tqdm\_monitor.py", line 60 in run
  [ComfyUI]   File "C:\workspaces\TRELLIS2-1357\ComfyUI\.ce\.pixi\envs\trellis2-nodes\Lib\threading.py", line 1075 in _bootstrap_inner
  [ComfyUI]   File "C:\workspaces\TRELLIS2-1357\ComfyUI\.ce\.pixi\envs\trellis2-nodes\Lib\threading.py", line 1032 in _bootstrap
  [ComfyUI] 
  [ComfyUI] Thread 0x0000281c (most recent call first):
  [ComfyUI]   File "C:\workspaces\TRELLIS2-1357\ComfyUI\.ce\.pixi\envs\trellis2-nodes\Lib\threading.py", line 359 in wait
  [ComfyUI]   File "C:\workspaces\TRELLIS2-1357\ComfyUI\.ce\.pixi\envs\trellis2-nodes\Lib\threading.py", line 655 in wait
  [ComfyUI]   File "C:\workspaces\TRELLIS2-1357\ComfyUI\.ce\.pixi\envs\trellis2-nodes\Lib\site-packages\tqdm\_monitor.py", line 60 in run
  [ComfyUI]   File "C:\workspaces\TRELLIS2-1357\ComfyUI\.ce\.pixi\envs\trellis2-nodes\Lib\threading.py", line 1075 in _bootstrap_inner
  [ComfyUI]   File "C:\workspaces\TRELLIS2-1357\ComfyUI\.ce\.pixi\envs\trellis2-nodes\Lib\threading.py", line 1032 in _bootstrap
  [ComfyUI] 
  [ComfyUI] Thread 0x000010a4 (most recent call first):
  [ComfyUI]   File "C:\Users\ContainerAdministrator\AppData\Local\Temp\comfyui_pvenv_pd2bk2zm\persistent_worker.py", line 82 in wlog
  [ComfyUI]   File "C:\Users\ContainerAdministrator\AppData\Local\Temp\comfyui_pvenv_pd2bk2zm\persistent_worker.py", line 124 in _vram_poller
  [ComfyUI]   File "C:\workspaces\TRELLIS2-1357\ComfyUI\.ce\.pixi\envs\trellis2-nodes\Lib\threading.py", line 1012 in run
  [ComfyUI]   File "C:\workspaces\TRELLIS2-1357\ComfyUI\.ce\.pixi\envs\trellis2-nodes\Lib\threading.py", line 1075 in _bootstrap_inner
  [ComfyUI]   File "C:\workspaces\TRELLIS2-1357\ComfyUI\.ce\.pixi\envs\trellis2-nodes\Lib\threading.py", line 1032 in _bootstrap
  [ComfyUI] 
  [ComfyUI] Current thread 0x00003114 (most recent call first):
  [ComfyUI]   File "C:\Users\ContainerAdministrator\AppData\Local\Temp\comfyui_pvenv_pd2bk2zm\persistent_worker.py", line 52 in _watchdog
  [ComfyUI]   File "C:\workspaces\TRELLIS2-1357\ComfyUI\.ce\.pixi\envs\trellis2-nodes\Lib\threading.py", line 1012 in run
  [ComfyUI]   File "C:\workspaces\TRELLIS2-1357\ComfyUI\.ce\.pixi\envs\trellis2-nodes\Lib\threading.py", line 1075 in _bootstrap_inner
  [ComfyUI]   File "C:\workspaces\TRELLIS2-1357\ComfyUI\.ce\.pixi\envs\trellis2-nodes\Lib\threading.py", line 1032 in _bootstrap
  [ComfyUI] 
  [ComfyUI] Thread 0x00002e9c (most recent call first):
  [ComfyUI]   File "C:\workspaces\TRELLIS2-1357\ComfyUI\.ce\.pixi\envs\trellis2-nodes\Lib\site-packages\cumesh_vb\remeshing.py", line 740 in remesh_narrow_band_dc_quad
  [ComfyUI]   File "C:\workspaces\TRELLIS2-1357\ComfyUI\custom_nodes\ComfyUI-TRELLIS2\nodes\nodes_unwrap.py", line 378 in execute
  [ComfyUI]   File "C:\workspaces\TRELLIS2-1357\ComfyUI\comfy_api\latest\_io.py", line 1833 in EXECUTE_NORMALIZED
  [ComfyUI]   File "C:\Users\ContainerAdministrator\AppData\Local\Temp\comfyui_pvenv_pd2bk2zm\persistent_worker.py", line 1762 in main
  [ComfyUI]   File "C:\Users\ContainerAdministrator\AppData\Local\Temp\comfyui_pvenv_pd2bk2zm\persistent_worker.py", line 1807 in <module>
  [ComfyUI] 
  [ComfyUI] Sparse Grid:   0%|          | 0/5 [00:00<?, ?it/s]
  [ComfyUI] [worker:ComfyUI-TRELLIS2] === END ===
  [ComfyUI] 
  [ComfyUI] 
  [ComfyUI] Sparse Grid: 100%|██████████| 5/5 [00:00<00:00, 27.22it/s]
  [ComfyUI] [worker:ComfyUI-TRELLIS2] Dual Contouring ...
  [ComfyUI] [worker:ComfyUI-TRELLIS2] Quad Topology ...
  [ComfyUI] [worker:ComfyUI-TRELLIS2] Re-indexing vertices ...
  [ComfyUI] [worker:ComfyUI-TRELLIS2] Removing Inner Layer for 2588338 quads ...
  [ComfyUI] [worker:ComfyUI-TRELLIS2] [VRAM] +684MB (now 1390MB) reserved=1514MB peak=3390MB
  [capture-loop] iter=2900 t=379.4s state={'complete': False, 'error': None, 'executedCount': 1, 'wsState': 1} eval_ms=4 ram=27.6/31.9GB (87%) swap=1.1/13.5GB (8%) cpu=8% browser_rss=0.57GB
  [ComfyUI] [worker:ComfyUI-TRELLIS2] Re-indexing vertices after quad filtering ...
  [ComfyUI] [worker:ComfyUI-TRELLIS2] Triangulation ...
  [ComfyUI] [worker:ComfyUI-TRELLIS2] [ProcessMesh] After remesh: 1450097 verts, 2480390 faces (alloc=357MB)
  [ComfyUI] [worker:ComfyUI-TRELLIS2] [ProcessMesh] Removing floaters (area_threshold=0.001)... (alloc=9MB)
  [ComfyUI] [worker:ComfyUI-TRELLIS2] [ProcessMesh] After floater removal: 1200642 verts, 2291868 faces (alloc=9MB)
  [ComfyUI] [worker:ComfyUI-TRELLIS2] [VRAM] -1381MB (now 9MB) reserved=1514MB peak=3390MB
  [ComfyUI] [worker:ComfyUI-TRELLIS2] [ProcessMesh] Simplifying to 500000 faces... (alloc=9MB)
  [ComfyUI] 
  [ComfyUI] Simplifying:   0%|          | 0/1791868 [00:00<?, ?it/s]
  [ComfyUI] Simplifying [thres=1.00e-08]:   0%|          | 0/1791868 [00:00<?, ?it/s]
  [ComfyUI] Simplifying [thres=1.00e-08]:   2%|▏         | 35948/1791868 [00:00<00:01, 1221329.90it/s]
  [ComfyUI] Simplifying [thres=1.00e-08]:   3%|▎         | 58987/1791868 [00:00<00:01, 1074837.89it/s]
  [ComfyUI] Simplifying [thres=1.00e-07]:   4%|▍         | 76184/1791868 [00:00<00:01, 969468.80it/s]
  [ComfyUI] Simplifying [thres=1.00e-07]:  13%|█▎        | 234163/1791868 [00:00<00:00, 2203960.25it/s]
  [ComfyUI] Simplifying [thres=1.00e-07]:  13%|█▎        | 234163/1791868 [00:00<00:00, 2203960.25it/s]
  [ComfyUI] Simplifying [thres=1.00e-07]:  21%|██        | 378282/1791868 [00:00<00:00, 2203960.25it/s]
  [ComfyUI] Simplifying [thres=1.00e-07]:  28%|██▊       | 508701/1791868 [00:00<00:00, 2203960.25it/s]
  [ComfyUI] Simplifying [thres=1.00e-07]:  35%|███▍      | 626191/1791868 [00:00<00:00, 2203960.25it/s]
  [ComfyUI] Simplifying [thres=1.00e-07]:  41%|████      | 731422/1791868 [00:00<00:00, 2203960.25it/s]
  [ComfyUI] Simplifying [thres=1.00e-07]:  46%|████▌     | 825441/1791868 [00:00<00:00, 2203960.25it/s]
  [ComfyUI] Simplifying [thres=1.00e-07]:  51%|█████     | 908109/1791868 [00:00<00:00, 4382255.16it/s]
  [ComfyUI] Simplifying [thres=1.00e-07]:  51%|█████     | 908109/1791868 [00:00<00:00, 4382255.16it/s]
  [ComfyUI] Simplifying [thres=1.00e-07]:  55%|█████▍    | 980416/1791868 [00:00<00:00, 4382255.16it/s]
  [ComfyUI] Simplifying [thres=1.00e-07]:  58%|█████▊    | 1043294/1791868 [00:00<00:00, 4382255.16it/s]
  [ComfyUI] Simplifying [thres=1.00e-07]:  61%|██████▏   | 1097728/1791868 [00:00<00:00, 4382255.16it/s]
  [ComfyUI] Simplifying [thres=1.00e-07]:  64%|██████▍   | 1144580/1791868 [00:00<00:00, 4382255.16it/s]
  [ComfyUI] Simplifying [thres=1.00e-07]:  66%|██████▌   | 1184931/1791868 [00:00<00:00, 4382255.16it/s]
  [ComfyUI] Simplifying [thres=1.00e-07]:  68%|██████▊   | 1219049/1791868 [00:00<00:00, 4382255.16it/s]
  [ComfyUI] Simplifying [thres=1.00e-07]:  70%|██████▉   | 1247680/1791868 [00:00<00:00, 4382255.16it/s]
  [ComfyUI] Simplifying [thres=1.00e-07]:  71%|███████   | 1271629/1791868 [00:00<00:00, 4382255.16it/s]
  [ComfyUI] Simplifying [thres=1.00e-07]:  72%|███████▏  | 1291324/1791868 [00:00<00:00, 4382255.16it/s]
  [ComfyUI] Simplifying [thres=1.00e-07]:  73%|███████▎  | 1307513/1791868 [00:00<00:00, 4382255.16it/s]
  [ComfyUI] Simplifying [thres=1.00e-07]:  74%|███████▎  | 1320749/1791868 [00:00<00:00, 4382255.16it/s]
  [ComfyUI] Simplifying [thres=1.00e-07]:  74%|███████▍  | 1331326/1791868 [00:00<00:00, 4382255.16it/s]
  [ComfyUI] Simplifying [thres=1.00e-07]:  75%|███████▍  | 1339896/1791868 [00:00<00:00, 3190332.02it/s]
  [ComfyUI] Simplifying [thres=1.00e-06]:  75%|███████▍  | 1339896/1791868 [00:00<00:00, 3190332.02it/s]
  [ComfyUI] Simplifying [thres=1.00e-06]:  79%|███████▉  | 1421119/1791868 [00:00<00:00, 3190332.02it/s]
  [ComfyUI] Simplifying [thres=1.00e-06]:  83%|████████▎ | 1490208/1791868 [00:00<00:00, 3190332.02it/s]
  [ComfyUI] Simplifying [thres=1.00e-06]:  87%|████████▋ | 1551622/1791868 [00:00<00:00, 3190332.02it/s]
  [ComfyUI] Simplifying [thres=1.00e-06]:  90%|████████▉ | 1607458/1791868 [00:00<00:00, 3190332.02it/s]
  [ComfyUI] Simplifying [thres=1.00e-06]:  93%|█████████▎| 1658408/1791868 [00:00<00:00, 3190332.02it/s]
  [ComfyUI] Simplifying [thres=1.00e-06]:  95%|█████████▌| 1705257/1791868 [00:00<00:00, 3190332.02it/s]
  [ComfyUI] Simplifying [thres=1.00e-06]:  98%|█████████▊| 1748042/1791868 [00:00<00:00, 3190332.02it/s]
  [ComfyUI] Simplifying [thres=1.00e-06]: 100%|█████████▉| 1787138/1791868 [00:00<00:00, 3190332.02it/s]
  [ComfyUI] Simplifying [thres=1.00e-06]: 100%|██████████| 1791868/1791868 [00:00<00:00, 3561828.18it/s]
  [ComfyUI] [worker:ComfyUI-TRELLIS2] [ProcessMesh] After simplify: 249561 verts, 468736 faces (alloc=9MB)
  [ComfyUI] [worker:ComfyUI-TRELLIS2] [ProcessMesh] Welding vertices (digits=4)... (alloc=9MB)
  [ComfyUI] [worker:ComfyUI-TRELLIS2] [ProcessMesh] After weld: 249561 -> 243034 verts, 468731 faces (alloc=17MB)
  [ComfyUI] [worker:ComfyUI-TRELLIS2] [ProcessMesh] UV unwrapping... (alloc=9MB)
  [ComfyUI] [worker:ComfyUI-TRELLIS2] Get 6478 clusters after fast clustering
  [ComfyUI] 
  [ComfyUI] Adding clusters to xatlas:   0%|          | 0/6478 [00:00<?, ?it/s]
  [ComfyUI] Adding clusters to xatlas:  10%|▉         | 618/6478 [00:00<00:00, 6154.43it/s]
  [capture-loop] iter=2950 t=385.4s state={'complete': False, 'error': None, 'executedCount': 1, 'wsState': 1} eval_ms=2 ram=25.9/31.9GB (81%) swap=1.1/13.5GB (8%) cpu=10% browser_rss=0.57GB
  [ComfyUI] Adding clusters to xatlas:  21%|██        | 1333/6478 [00:00<00:00, 6700.67it/s]
  [ComfyUI] Adding clusters to xatlas:  32%|███▏      | 2067/6478 [00:00<00:00, 6970.00it/s]
  [ComfyUI] Adding clusters to xatlas:  43%|████▎     | 2794/6478 [00:00<00:00, 7086.28it/s]
  [ComfyUI] Adding clusters to xatlas:  55%|█████▍    | 3536/6478 [00:00<00:00, 7193.38it/s]
  [ComfyUI] Adding clusters to xatlas:  66%|██████▌   | 4256/6478 [00:00<00:00, 7175.79it/s]
  [ComfyUI] Adding clusters to xatlas:  77%|███████▋  | 4974/6478 [00:00<00:00, 7147.00it/s]
  [ComfyUI] Adding clusters to xatlas:  88%|████████▊ | 5719/6478 [00:00<00:00, 7230.55it/s]
  [ComfyUI] Adding clusters to xatlas: 100%|█████████▉| 6457/6478 [00:00<00:00, 7276.33it/s]
  [ComfyUI] Adding clusters to xatlas: 100%|██████████| 6478/6478 [00:00<00:00, 7132.86it/s]
  [ComfyUI] 
  [ComfyUI] xatlas: Computing charts:   0%|          | 0/100 [00:00<?, ?it/s]
  [ComfyUI] xatlas: Computing charts:   0%|          | 0/100 [00:00<?, ?it/s]
  [ComfyUI] xatlas: Computing charts:   1%|          | 1/100 [00:00<00:00, 613.56it/s]
  [ComfyUI] xatlas: Computing charts:   2%|▏         | 2/100 [00:00<00:15,  6.43it/s]
  [ComfyUI] xatlas: Computing charts:   3%|▎         | 3/100 [00:00<00:12,  7.78it/s]
  [ComfyUI] xatlas: Computing charts:   4%|▍         | 4/100 [00:00<00:12,  7.98it/s]
  [ComfyUI] xatlas: Computing charts:   5%|▌         | 5/100 [00:00<00:11,  7.96it/s]
  [ComfyUI] xatlas: Computing charts:   6%|▌         | 6/100 [00:00<00:11,  8.52it/s]
  [ComfyUI] xatlas: Computing charts:   7%|▋         | 7/100 [00:00<00:10,  8.51it/s]
  [ComfyUI] xatlas: Computing charts:   8%|▊         | 8/100 [00:00<00:09,  9.29it/s]
  [ComfyUI] xatlas: Computing charts:   9%|▉         | 9/100 [00:00<00:10,  9.06it/s]
  [ComfyUI] xatlas: Computing charts:  10%|█         | 10/100 [00:01<00:09,  9.94it/s]
  [ComfyUI] xatlas: Computing charts:  11%|█         | 11/100 [00:01<00:08, 10.05it/s]
  [ComfyUI] xatlas: Computing charts:  12%|█▏        | 12/100 [00:01<00:08, 10.38it/s]
  [ComfyUI] xatlas: Computing charts:  13%|█▎        | 13/100 [00:01<00:08, 10.72it/s]
  [ComfyUI] xatlas: Computing charts:  14%|█▍        | 14/100 [00:01<00:07, 11.10it/s]
  [ComfyUI] xatlas: Computing charts:  15%|█▌        | 15/100 [00:01<00:07, 11.62it/s]
  [ComfyUI] xatlas: Computing charts:  16%|█▌        | 16/100 [00:01<00:07, 11.87it/s]
  [ComfyUI] xatlas: Computing charts:  17%|█▋        | 17/100 [00:01<00:06, 12.29it/s]
  [ComfyUI] xatlas: Computing charts:  18%|█▊        | 18/100 [00:01<00:06, 12.76it/s]
  [ComfyUI] xatlas: Computing charts:  19%|█▉        | 19/100 [00:01<00:06, 13.22it/s]
  [ComfyUI] xatlas: Computing charts:  20%|██        | 20/100 [00:01<00:05, 13.59it/s]
  [ComfyUI] xatlas: Computing charts:  21%|██        | 21/100 [00:01<00:05, 13.90it/s]
  [ComfyUI] xatlas: Computing charts:  22%|██▏       | 22/100 [00:01<00:05, 14.27it/s]
  [ComfyUI] xatlas: Computing charts:  23%|██▎       | 23/100 [00:01<00:05, 14.62it/s]
  [ComfyUI] xatlas: Computing charts:  24%|██▍       | 24/100 [00:01<00:05, 14.94it/s]
  [ComfyUI] xatlas: Computing charts:  25%|██▌       | 25/100 [00:01<00:04, 15.26it/s]
  [ComfyUI] xatlas: Computing charts:  26%|██▌       | 26/100 [00:01<00:04, 15.55it/s]
  [ComfyUI] xatlas: Computing charts:  27%|██▋       | 27/100 [00:01<00:04, 15.96it/s]
  [ComfyUI] xatlas: Computing charts:  28%|██▊       | 28/100 [00:01<00:04, 16.29it/s]
  [ComfyUI] xatlas: Computing charts:  29%|██▉       | 29/100 [00:01<00:04, 16.65it/s]
  [ComfyUI] xatlas: Computing charts:  30%|███       | 30/100 [00:01<00:04, 17.00it/s]
  [ComfyUI] xatlas: Computing charts:  31%|███       | 31/100 [00:01<00:03, 17.35it/s]
  [ComfyUI] xatlas: Computing charts:  32%|███▏      | 32/100 [00:01<00:03, 17.68it/s]
  [ComfyUI] xatlas: Computing charts:  33%|███▎      | 33/100 [00:01<00:03, 17.97it/s]
  [ComfyUI] xatlas: Computing charts:  34%|███▍      | 34/100 [00:01<00:03, 18.32it/s]
  [ComfyUI] xatlas: Computing charts:  35%|███▌      | 35/100 [00:01<00:03, 18.67it/s]
  [ComfyUI] xatlas: Computing charts:  36%|███▌      | 36/100 [00:01<00:03, 18.98it/s]
  [ComfyUI] xatlas: Computing charts:  37%|███▋      | 37/100 [00:01<00:03, 19.38it/s]
  [ComfyUI] xatlas: Computing charts:  38%|███▊      | 38/100 [00:01<00:03, 19.74it/s]
  [ComfyUI] xatlas: Computing charts:  39%|███▉      | 39/100 [00:01<00:03, 20.10it/s]
  [ComfyUI] xatlas: Computing charts:  40%|████      | 40/100 [00:01<00:02, 20.46it/s]
  [ComfyUI] xatlas: Computing charts:  41%|████      | 41/100 [00:01<00:02, 20.83it/s]
  [ComfyUI] xatlas: Computing charts:  42%|████▏     | 42/100 [00:01<00:02, 21.19it/s]
  [ComfyUI] xatlas: Computing charts:  43%|████▎     | 43/100 [00:01<00:02, 21.55it/s]
  [ComfyUI] xatlas: Computing charts:  44%|████▍     | 44/100 [00:02<00:02, 21.91it/s]
  [ComfyUI] xatlas: Computing charts:  45%|████▌     | 45/100 [00:02<00:02, 22.28it/s]
  [ComfyUI] xatlas: Computing charts:  46%|████▌     | 46/100 [00:02<00:02, 22.67it/s]
  [ComfyUI] xatlas: Computing charts:  47%|████▋     | 47/100 [00:02<00:02, 23.05it/s]
  [ComfyUI] xatlas: Computing charts:  48%|████▊     | 48/100 [00:02<00:02, 23.47it/s]
  [ComfyUI] xatlas: Computing charts:  49%|████▉     | 49/100 [00:02<00:02, 23.86it/s]
  [ComfyUI] xatlas: Computing charts:  50%|█████     | 50/100 [00:02<00:02, 24.26it/s]
  [ComfyUI] xatlas: Computing charts:  51%|█████     | 51/100 [00:02<00:01, 24.66it/s]
  [ComfyUI] xatlas: Computing charts:  52%|█████▏    | 52/100 [00:02<00:01, 25.06it/s]
  [ComfyUI] xatlas: Computing charts:  53%|█████▎    | 53/100 [00:02<00:01, 25.48it/s]
  [ComfyUI] xatlas: Computing charts:  54%|█████▍    | 54/100 [00:02<00:01, 25.90it/s]
  [ComfyUI] xatlas: Computing charts:  55%|█████▌    | 55/100 [00:02<00:01, 26.03it/s]
  [ComfyUI] xatlas: Computing charts:  56%|█████▌    | 56/100 [00:03<00:02, 16.89it/s]
  [capture-loop] iter=3000 t=391.5s state={'complete': False, 'error': None, 'executedCount': 1, 'wsState': 1} eval_ms=4 ram=26.2/31.9GB (82%) swap=1.1/13.5GB (8%) cpu=44% browser_rss=0.57GB
  [ComfyUI] xatlas: Computing charts:  57%|█████▋    | 57/100 [00:04<00:03, 11.75it/s]
  [ComfyUI] xatlas: Computing charts: 100%|██████████| 100/100 [00:06<00:00, 15.45it/s]
  [ComfyUI] xatlas: Computing charts: 100%|██████████| 100/100 [00:06<00:00, 15.45it/s]
  [ComfyUI] 
  [ComfyUI] xatlas: Packing charts:   0%|          | 0/100 [00:00<?, ?it/s]
  [ComfyUI] xatlas: Packing charts:   0%|          | 0/100 [00:00<?, ?it/s]
  [ComfyUI] xatlas: Packing charts:   1%|          | 1/100 [00:00<00:21,  4.64it/s]
  [ComfyUI] xatlas: Packing charts:   2%|▏         | 2/100 [00:00<00:15,  6.47it/s]
  [ComfyUI] xatlas: Packing charts:   3%|▎         | 3/100 [00:00<00:12,  7.88it/s]
  [ComfyUI] xatlas: Packing charts:   4%|▍         | 4/100 [00:00<00:10,  9.16it/s]
  [ComfyUI] xatlas: Packing charts:   5%|▌         | 5/100 [00:00<00:09, 10.32it/s]
  [ComfyUI] xatlas: Packing charts:   6%|▌         | 6/100 [00:00<00:08, 11.50it/s]
  [ComfyUI] xatlas: Packing charts:   7%|▋         | 7/100 [00:00<00:07, 12.66it/s]
  [ComfyUI] xatlas: Packing charts:   8%|▊         | 8/100 [00:00<00:06, 13.78it/s]
  [ComfyUI] xatlas: Packing charts:   9%|▉         | 9/100 [00:00<00:06, 14.87it/s]
  [ComfyUI] xatlas: Packing charts:  10%|█         | 10/100 [00:00<00:05, 15.98it/s]
  [ComfyUI] xatlas: Packing charts:  11%|█         | 11/100 [00:00<00:05, 17.02it/s]
  [ComfyUI] xatlas: Packing charts:  12%|█▏        | 12/100 [00:00<00:04, 18.05it/s]
  [ComfyUI] xatlas: Packing charts:  13%|█▎        | 13/100 [00:00<00:04, 19.03it/s]
  [ComfyUI] xatlas: Packing charts:  14%|█▍        | 14/100 [00:00<00:04, 20.03it/s]
  [ComfyUI] xatlas: Packing charts:  15%|█▌        | 15/100 [00:00<00:04, 21.03it/s]
  [ComfyUI] xatlas: Packing charts:  16%|█▌        | 16/100 [00:00<00:03, 22.02it/s]
  [ComfyUI] xatlas: Packing charts:  17%|█▋        | 17/100 [00:00<00:03, 23.05it/s]
  [ComfyUI] xatlas: Packing charts:  18%|█▊        | 18/100 [00:00<00:03, 24.07it/s]
  [ComfyUI] xatlas: Packing charts:  19%|█▉        | 19/100 [00:00<00:03, 25.06it/s]
  [ComfyUI] xatlas: Packing charts:  20%|██        | 20/100 [00:00<00:03, 26.06it/s]
  [ComfyUI] xatlas: Packing charts:  21%|██        | 21/100 [00:00<00:02, 27.07it/s]
  [ComfyUI] xatlas: Packing charts:  22%|██▏       | 22/100 [00:00<00:02, 28.03it/s]
  [ComfyUI] xatlas: Packing charts:  23%|██▎       | 23/100 [00:00<00:02, 29.03it/s]
  [ComfyUI] xatlas: Packing charts:  24%|██▍       | 24/100 [00:00<00:02, 30.03it/s]
  [ComfyUI] xatlas: Packing charts:  25%|██▌       | 25/100 [00:00<00:02, 31.04it/s]
  [ComfyUI] xatlas: Packing charts:  26%|██▌       | 26/100 [00:00<00:02, 32.07it/s]
  [ComfyUI] xatlas: Packing charts:  27%|██▋       | 27/100 [00:00<00:02, 33.10it/s]
  [ComfyUI] xatlas: Packing charts:  28%|██▊       | 28/100 [00:00<00:02, 34.14it/s]
  [ComfyUI] xatlas: Packing charts:  29%|██▉       | 29/100 [00:00<00:02, 35.20it/s]
  [ComfyUI] xatlas: Packing charts:  30%|███       | 30/100 [00:00<00:01, 36.24it/s]
  [ComfyUI] xatlas: Packing charts:  31%|███       | 31/100 [00:00<00:01, 37.30it/s]
  [ComfyUI] xatlas: Packing charts:  32%|███▏      | 32/100 [00:00<00:01, 38.38it/s]
  [ComfyUI] xatlas: Packing charts:  33%|███▎      | 33/100 [00:00<00:01, 39.48it/s]
  [ComfyUI] xatlas: Packing charts:  34%|███▍      | 34/100 [00:00<00:01, 40.53it/s]
  [ComfyUI] xatlas: Packing charts:  35%|███▌      | 35/100 [00:00<00:01, 41.64it/s]
  [ComfyUI] xatlas: Packing charts:  36%|███▌      | 36/100 [00:00<00:01, 42.73it/s]
  [ComfyUI] xatlas: Packing charts:  37%|███▋      | 37/100 [00:00<00:01, 43.79it/s]
  [ComfyUI] xatlas: Packing charts:  38%|███▊      | 38/100 [00:00<00:01, 44.89it/s]
  [ComfyUI] xatlas: Packing charts:  39%|███▉      | 39/100 [00:00<00:01, 45.98it/s]
  [ComfyUI] xatlas: Packing charts:  40%|████      | 40/100 [00:00<00:01, 47.06it/s]
  [ComfyUI] xatlas: Packing charts:  41%|████      | 41/100 [00:00<00:01, 48.15it/s]
  [ComfyUI] xatlas: Packing charts:  42%|████▏     | 42/100 [00:00<00:01, 49.26it/s]
  [ComfyUI] xatlas: Packing charts:  43%|████▎     | 43/100 [00:00<00:01, 50.37it/s]
  [ComfyUI] xatlas: Packing charts:  44%|████▍     | 44/100 [00:00<00:01, 51.47it/s]
  [ComfyUI] xatlas: Packing charts:  45%|████▌     | 45/100 [00:00<00:01, 52.54it/s]
  [ComfyUI] xatlas: Packing charts:  46%|████▌     | 46/100 [00:00<00:01, 53.64it/s]
  [ComfyUI] xatlas: Packing charts:  47%|████▋     | 47/100 [00:00<00:00, 54.73it/s]
  [ComfyUI] xatlas: Packing charts:  48%|████▊     | 48/100 [00:00<00:00, 55.86it/s]
  [ComfyUI] xatlas: Packing charts:  49%|████▉     | 49/100 [00:00<00:00, 56.95it/s]
  [ComfyUI] xatlas: Packing charts:  50%|█████     | 50/100 [00:00<00:00, 58.05it/s]
  [ComfyUI] xatlas: Packing charts:  51%|█████     | 51/100 [00:00<00:00, 59.13it/s]
  [ComfyUI] xatlas: Packing charts:  52%|█████▏    | 52/100 [00:00<00:00, 60.21it/s]
  [ComfyUI] xatlas: Packing charts:  53%|█████▎    | 53/100 [00:00<00:00, 61.33it/s]
  [ComfyUI] xatlas: Packing charts:  54%|█████▍    | 54/100 [00:00<00:00, 62.44it/s]
  [ComfyUI] xatlas: Packing charts:  55%|█████▌    | 55/100 [00:00<00:00, 63.52it/s]
  [ComfyUI] xatlas: Packing charts:  56%|█████▌    | 56/100 [00:00<00:00, 64.64it/s]
  [ComfyUI] xatlas: Packing charts:  57%|█████▋    | 57/100 [00:00<00:00, 65.71it/s]
  [ComfyUI] xatlas: Packing charts:  58%|█████▊    | 58/100 [00:00<00:00, 66.82it/s]
  [ComfyUI] xatlas: Packing charts:  59%|█████▉    | 59/100 [00:00<00:00, 67.93it/s]
  [ComfyUI] xatlas: Packing charts:  60%|██████    | 60/100 [00:00<00:00, 68.99it/s]
  [ComfyUI] xatlas: Packing charts:  61%|██████    | 61/100 [00:00<00:00, 70.10it/s]
  [ComfyUI] xatlas: Packing charts:  62%|██████▏   | 62/100 [00:00<00:00, 71.20it/s]
  [ComfyUI] xatlas: Packing charts:  63%|██████▎   | 63/100 [00:00<00:00, 72.30it/s]
  [ComfyUI] xatlas: Packing charts:  64%|██████▍   | 64/100 [00:00<00:00, 73.40it/s]
  [ComfyUI] xatlas: Packing charts:  65%|██████▌   | 65/100 [00:00<00:00, 74.50it/s]
  [ComfyUI] xatlas: Packing charts:  66%|██████▌   | 66/100 [00:00<00:00, 75.60it/s]
  [ComfyUI] xatlas: Packing charts:  67%|██████▋   | 67/100 [00:00<00:00, 76.70it/s]
  [ComfyUI] xatlas: Packing charts:  68%|██████▊   | 68/100 [00:00<00:00, 77.79it/s]
  [ComfyUI] xatlas: Packing charts:  69%|██████▉   | 69/100 [00:00<00:00, 78.89it/s]
  [ComfyUI] xatlas: Packing charts:  70%|███████   | 70/100 [00:00<00:00, 79.98it/s]
  [ComfyUI] xatlas: Packing charts:  71%|███████   | 71/100 [00:00<00:00, 81.07it/s]
  [ComfyUI] xatlas: Packing charts:  72%|███████▏  | 72/100 [00:00<00:00, 82.15it/s]
  [ComfyUI] xatlas: Packing charts:  73%|███████▎  | 73/100 [00:00<00:00, 83.24it/s]
  [ComfyUI] xatlas: Packing charts:  74%|███████▍  | 74/100 [00:00<00:00, 84.38it/s]
  [ComfyUI] xatlas: Packing charts:  75%|███████▌  | 75/100 [00:00<00:00, 85.47it/s]
  [ComfyUI] xatlas: Packing charts:  76%|███████▌  | 76/100 [00:00<00:00, 86.55it/s]
  [ComfyUI] xatlas: Packing charts:  77%|███████▋  | 77/100 [00:00<00:00, 87.64it/s]
  [ComfyUI] xatlas: Packing charts:  78%|███████▊  | 78/100 [00:00<00:00, 88.77it/s]
  [ComfyUI] xatlas: Packing charts:  79%|███████▉  | 79/100 [00:00<00:00, 89.86it/s]
  [ComfyUI] xatlas: Packing charts:  80%|████████  | 80/100 [00:00<00:00, 90.94it/s]
  [ComfyUI] xatlas: Packing charts:  81%|████████  | 81/100 [00:00<00:00, 92.07it/s]
  [ComfyUI] xatlas: Packing charts:  82%|████████▏ | 82/100 [00:00<00:00, 93.15it/s]
  [ComfyUI] xatlas: Packing charts:  83%|████████▎ | 83/100 [00:00<00:00, 94.23it/s]
  [ComfyUI] xatlas: Packing charts:  84%|████████▍ | 84/100 [00:00<00:00, 95.36it/s]
  [ComfyUI] xatlas: Packing charts:  85%|████████▌ | 85/100 [00:00<00:00, 96.43it/s]
  [ComfyUI] xatlas: Packing charts:  86%|████████▌ | 86/100 [00:00<00:00, 97.51it/s]
  [ComfyUI] xatlas: Packing charts:  87%|████████▋ | 87/100 [00:00<00:00, 98.58it/s]
  [ComfyUI] xatlas: Packing charts:  88%|████████▊ | 88/100 [00:00<00:00, 99.72it/s]
  [ComfyUI] xatlas: Packing charts:  89%|████████▉ | 89/100 [00:00<00:00, 100.78it/s]
  [ComfyUI] xatlas: Packing charts:  90%|█████████ | 90/100 [00:00<00:00, 101.85it/s]
  [ComfyUI] xatlas: Packing charts:  91%|█████████ | 91/100 [00:00<00:00, 102.99it/s]
  [ComfyUI] xatlas: Packing charts:  92%|█████████▏| 92/100 [00:00<00:00, 104.05it/s]
  [ComfyUI] xatlas: Packing charts:  93%|█████████▎| 93/100 [00:00<00:00, 105.11it/s]
  [ComfyUI] xatlas: Packing charts:  94%|█████████▍| 94/100 [00:00<00:00, 106.18it/s]
  [ComfyUI] xatlas: Packing charts:  95%|█████████▌| 95/100 [00:00<00:00, 107.31it/s]
  [ComfyUI] xatlas: Packing charts:  96%|█████████▌| 96/100 [00:00<00:00, 108.37it/s]
  [ComfyUI] xatlas: Packing charts:  97%|█████████▋| 97/100 [00:00<00:00, 109.50it/s]
  [ComfyUI] xatlas: Packing charts:  98%|█████████▊| 98/100 [00:00<00:00, 110.56it/s]
  [ComfyUI] xatlas: Packing charts:  99%|█████████▉| 99/100 [00:00<00:00, 111.69it/s]
  [ComfyUI] xatlas: Packing charts: 100%|██████████| 100/100 [00:00<00:00, 112.74it/s]
  [ComfyUI] xatlas: Packing charts: 100%|██████████| 100/100 [00:00<00:00, 112.46it/s]
  [ComfyUI] 
  [ComfyUI] xatlas: Building output meshes:   0%|          | 0/100 [00:00<?, ?it/s]
  [ComfyUI] xatlas: Building output meshes:   0%|          | 0/100 [00:00<?, ?it/s]
  [ComfyUI] xatlas: Building output meshes:   1%|          | 1/100 [00:00<00:00, 1854.25it/s]
  [ComfyUI] xatlas: Building output meshes:   2%|▏         | 2/100 [00:00<00:00, 3708.49it/s]
  [ComfyUI] xatlas: Building output meshes:   3%|▎         | 3/100 [00:00<00:00, 2758.81it/s]
  [ComfyUI] xatlas: Building output meshes:   4%|▍         | 4/100 [00:00<00:00, 2502.57it/s]
  [ComfyUI] xatlas: Building output meshes:   5%|▌         | 5/100 [00:00<00:00, 3128.21it/s]
  [ComfyUI] xatlas: Building output meshes:   6%|▌         | 6/100 [00:00<00:00, 2779.22it/s]
  [ComfyUI] xatlas: Building output meshes:   7%|▋         | 7/100 [00:00<00:00, 3242.42it/s]
  [ComfyUI] xatlas: Building output meshes:   8%|▊         | 8/100 [00:00<00:00, 2997.27it/s]
  [ComfyUI] xatlas: Building output meshes:   9%|▉         | 9/100 [00:00<00:00, 2818.33it/s]
  [ComfyUI] xatlas: Building output meshes:  10%|█         | 10/100 [00:00<00:00, 3131.48it/s]
  [ComfyUI] xatlas: Building output meshes:  11%|█         | 11/100 [00:00<00:00, 2916.76it/s]
  [ComfyUI] xatlas: Building output meshes:  12%|█▏        | 12/100 [00:00<00:00, 2775.23it/s]
  [ComfyUI] xatlas: Building output meshes:  13%|█▎        | 13/100 [00:00<00:00, 3006.50it/s]
  [ComfyUI] xatlas: Building output meshes:  14%|█▍        | 14/100 [00:00<00:00, 2862.87it/s]
  [ComfyUI] xatlas: Building output meshes:  15%|█▌        | 15/100 [00:00<00:00, 3067.36it/s]
  [ComfyUI] xatlas: Building output meshes:  16%|█▌        | 16/100 [00:00<00:00, 2940.79it/s]
  [ComfyUI] xatlas: Building output meshes:  17%|█▋        | 17/100 [00:00<00:00, 3124.59it/s]
  [ComfyUI] xatlas: Building output meshes:  18%|█▊        | 18/100 [00:00<00:00, 2981.38it/s]
  [ComfyUI] xatlas: Building output meshes:  19%|█▉        | 19/100 [00:00<00:00, 3147.01it/s]
  [ComfyUI] xatlas: Building output meshes:  20%|██        | 20/100 [00:00<00:00, 3029.58it/s]
  [ComfyUI] xatlas: Building output meshes:  21%|██        | 21/100 [00:00<00:00, 3181.06it/s]
  [ComfyUI] xatlas: Building output meshes:  22%|██▏       | 22/100 [00:00<00:00, 3064.18it/s]
  [ComfyUI] xatlas: Building output meshes:  23%|██▎       | 23/100 [00:00<00:00, 3203.46it/s]
  [ComfyUI] xatlas: Building output meshes:  24%|██▍       | 24/100 [00:00<00:00, 3097.24it/s]
  [ComfyUI] xatlas: Building output meshes:  25%|██▌       | 25/100 [00:00<00:00, 3226.29it/s]
  [ComfyUI] xatlas: Building output meshes:  26%|██▌       | 26/100 [00:00<00:00, 3138.82it/s]
  [ComfyUI] xatlas: Building output meshes:  27%|██▋       | 27/100 [00:00<00:00, 3067.42it/s]
  [ComfyUI] xatlas: Building output meshes:  28%|██▊       | 28/100 [00:00<00:00, 3181.03it/s]
  [ComfyUI] xatlas: Building output meshes:  29%|██▉       | 29/100 [00:00<00:00, 3111.02it/s]
  [ComfyUI] xatlas: Building output meshes:  30%|███       | 30/100 [00:00<00:00, 3218.30it/s]
  [ComfyUI] xatlas: Building output meshes:  31%|███       | 31/100 [00:00<00:00, 3148.80it/s]
  [ComfyUI] xatlas: Building output meshes:  32%|███▏      | 32/100 [00:00<00:00, 980.04it/s]
  [ComfyUI] xatlas: Building output meshes:  33%|███▎      | 33/100 [00:00<00:00, 1010.67it/s]
  [ComfyUI] xatlas: Building output meshes:  34%|███▍      | 34/100 [00:00<00:00, 1025.07it/s]
  [ComfyUI] xatlas: Building output meshes:  35%|███▌      | 35/100 [00:00<00:00, 1055.22it/s]
  [ComfyUI] xatlas: Building output meshes:  36%|███▌      | 36/100 [00:00<00:00, 1068.63it/s]
  [ComfyUI] xatlas: Building output meshes:  37%|███▋      | 37/100 [00:00<00:00, 1081.82it/s]
  [ComfyUI] xatlas: Building output meshes:  38%|███▊      | 38/100 [00:00<00:00, 1111.06it/s]
  [ComfyUI] xatlas: Building output meshes:  39%|███▉      | 39/100 [00:00<00:00, 1123.24it/s]
  [ComfyUI] xatlas: Building output meshes:  40%|████      | 40/100 [00:00<00:00, 1152.04it/s]
  [ComfyUI] xatlas: Building output meshes:  41%|████      | 41/100 [00:00<00:00, 1161.75it/s]
  [ComfyUI] xatlas: Building output meshes:  42%|████▏     | 42/100 [00:00<00:00, 1171.68it/s]
  [ComfyUI] xatlas: Building output meshes:  43%|████▎     | 43/100 [00:00<00:00, 1199.58it/s]
  [ComfyUI] xatlas: Building output meshes:  44%|████▍     | 44/100 [00:00<00:00, 1209.91it/s]
  [ComfyUI] xatlas: Building output meshes:  45%|████▌     | 45/100 [00:00<00:00, 1237.41it/s]
  [ComfyUI] xatlas: Building output meshes:  46%|████▌     | 46/100 [00:00<00:00, 1245.06it/s]
  [ComfyUI] xatlas: Building output meshes:  47%|████▋     | 47/100 [00:00<00:00, 1272.12it/s]
  [ComfyUI] xatlas: Building output meshes:  48%|████▊     | 48/100 [00:00<00:00, 1279.64it/s]
  [ComfyUI] xatlas: Building output meshes:  49%|████▉     | 49/100 [00:00<00:00, 1306.30it/s]
  [ComfyUI] xatlas: Building output meshes:  50%|█████     | 50/100 [00:00<00:00, 1313.02it/s]
  [ComfyUI] xatlas: Building output meshes:  51%|█████     | 51/100 [00:00<00:00, 1339.28it/s]
  [ComfyUI] xatlas: Building output meshes:  52%|█████▏    | 52/100 [00:00<00:00, 1345.51it/s]
  [ComfyUI] xatlas: Building output meshes:  53%|█████▎    | 53/100 [00:00<00:00, 1371.39it/s]
  [ComfyUI] xatlas: Building output meshes:  54%|█████▍    | 54/100 [00:00<00:00, 1378.59it/s]
  [ComfyUI] xatlas: Building output meshes:  55%|█████▌    | 55/100 [00:00<00:00, 1404.12it/s]
  [ComfyUI] xatlas: Building output meshes:  56%|█████▌    | 56/100 [00:00<00:00, 1409.21it/s]
  [ComfyUI] xatlas: Building output meshes:  57%|█████▋    | 57/100 [00:00<00:00, 1434.37it/s]
  [ComfyUI] xatlas: Building output meshes:  58%|█████▊    | 58/100 [00:00<00:00, 1439.67it/s]
  [ComfyUI] xatlas: Building output meshes:  59%|█████▉    | 59/100 [00:00<00:00, 1464.49it/s]
  [ComfyUI] xatlas: Building output meshes:  60%|██████    | 60/100 [00:00<00:00, 1470.04it/s]
  [ComfyUI] xatlas: Building output meshes:  61%|██████    | 61/100 [00:00<00:00, 1494.54it/s]
  [ComfyUI] xatlas: Building output meshes:  62%|██████▏   | 62/100 [00:00<00:00, 1497.81it/s]
  [ComfyUI] xatlas: Building output meshes:  63%|██████▎   | 63/100 [00:00<00:00, 1521.97it/s]
  [ComfyUI] xatlas: Building output meshes:  64%|██████▍   | 64/100 [00:00<00:00, 1525.18it/s]
  [ComfyUI] xatlas: Building output meshes:  65%|██████▌   | 65/100 [00:00<00:00, 1528.96it/s]
  [ComfyUI] xatlas: Building output meshes:  66%|██████▌   | 66/100 [00:00<00:00, 1552.48it/s]
  [ComfyUI] xatlas: Building output meshes:  67%|██████▋   | 67/100 [00:00<00:00, 1555.94it/s]
  [ComfyUI] xatlas: Building output meshes:  68%|██████▊   | 68/100 [00:00<00:00, 1579.16it/s]
  [ComfyUI] xatlas: Building output meshes:  69%|██████▉   | 69/100 [00:00<00:00, 1581.58it/s]
  [ComfyUI] xatlas: Building output meshes:  70%|███████   | 70/100 [00:00<00:00, 1583.32it/s]
  [ComfyUI] xatlas: Building output meshes:  71%|███████   | 71/100 [00:00<00:00, 1605.94it/s]
  [ComfyUI] xatlas: Building output meshes:  72%|███████▏  | 72/100 [00:00<00:00, 1609.56it/s]
  [ComfyUI] xatlas: Building output meshes:  73%|███████▎  | 73/100 [00:00<00:00, 1631.91it/s]
  [ComfyUI] xatlas: Building output meshes:  74%|███████▍  | 74/100 [00:00<00:00, 1633.51it/s]
  [ComfyUI] xatlas: Building output meshes:  75%|███████▌  | 75/100 [00:00<00:00, 1655.59it/s]
  [ComfyUI] xatlas: Building output meshes:  76%|███████▌  | 76/100 [00:00<00:00, 717.92it/s]
  [ComfyUI] xatlas: Building output meshes:  77%|███████▋  | 77/100 [00:00<00:00, 727.37it/s]
  [ComfyUI] xatlas: Building output meshes:  78%|███████▊  | 78/100 [00:00<00:00, 733.19it/s]
  [ComfyUI] xatlas: Building output meshes:  79%|███████▉  | 79/100 [00:00<00:00, 738.97it/s]
  [ComfyUI] xatlas: Building output meshes:  80%|████████  | 80/100 [00:00<00:00, 748.32it/s]
  [ComfyUI] xatlas: Building output meshes:  81%|████████  | 81/100 [00:00<00:00, 753.98it/s]
  [ComfyUI] xatlas: Building output meshes:  82%|████████▏ | 82/100 [00:00<00:00, 763.29it/s]
  [ComfyUI] xatlas: Building output meshes:  83%|████████▎ | 83/100 [00:00<00:00, 768.66it/s]
  [ComfyUI] xatlas: Building output meshes:  84%|████████▍ | 84/100 [00:00<00:00, 777.92it/s]
  [ComfyUI] xatlas: Building output meshes:  85%|████████▌ | 85/100 [00:00<00:00, 787.18it/s]
  [ComfyUI] xatlas: Building output meshes:  86%|████████▌ | 86/100 [00:00<00:00, 792.34it/s]
  [ComfyUI] xatlas: Building output meshes:  87%|████████▋ | 87/100 [00:00<00:00, 801.56it/s]
  [ComfyUI] xatlas: Building output meshes:  88%|████████▊ | 88/100 [00:00<00:00, 806.92it/s]
  [ComfyUI] xatlas: Building output meshes:  89%|████████▉ | 89/100 [00:00<00:00, 816.09it/s]
  [ComfyUI] xatlas: Building output meshes:  90%|█████████ | 90/100 [00:00<00:00, 821.36it/s]
  [ComfyUI] xatlas: Building output meshes:  91%|█████████ | 91/100 [00:00<00:00, 830.48it/s]
  [ComfyUI] xatlas: Building output meshes:  92%|█████████▏| 92/100 [00:00<00:00, 835.63it/s]
  [ComfyUI] xatlas: Building output meshes:  93%|█████████▎| 93/100 [00:00<00:00, 844.71it/s]
  [ComfyUI] xatlas: Building output meshes:  94%|█████████▍| 94/100 [00:00<00:00, 849.43it/s]
  [ComfyUI] xatlas: Building output meshes:  95%|█████████▌| 95/100 [00:00<00:00, 854.48it/s]
  [ComfyUI] xatlas: Building output meshes:  96%|█████████▌| 96/100 [00:00<00:00, 863.47it/s]
  [ComfyUI] xatlas: Building output meshes:  97%|█████████▋| 97/100 [00:00<00:00, 872.47it/s]
  [ComfyUI] xatlas: Building output meshes:  98%|█████████▊| 98/100 [00:00<00:00, 877.04it/s]
  [ComfyUI] xatlas: Building output meshes:  99%|█████████▉| 99/100 [00:00<00:00, 885.98it/s]
  [ComfyUI] xatlas: Building output meshes: 100%|██████████| 100/100 [00:00<00:00, 890.44it/s]
  [ComfyUI] xatlas: Building output meshes: 100%|██████████| 100/100 [00:00<00:00, 881.64it/s]
  [ComfyUI] 
  [ComfyUI] Gathering results from xatlas:   0%|          | 0/6478 [00:00<?, ?it/s]
  [ComfyUI] Gathering results from xatlas:  29%|██▉       | 1892/6478 [00:00<00:00, 18829.02it/s]
  [ComfyUI] Gathering results from xatlas:  60%|██████    | 3895/6478 [00:00<00:00, 19496.40it/s]
  [ComfyUI] Gathering results from xatlas:  91%|█████████ | 5896/6478 [00:00<00:00, 19699.79it/s]
  [ComfyUI] Gathering results from xatlas: 100%|██████████| 6478/6478 [00:00<00:00, 19687.90it/s]
  [ComfyUI] [worker:ComfyUI-TRELLIS2] [ProcessMesh] After UV unwrap: 356148 verts, 468731 faces (alloc=9MB)
  [ComfyUI] [worker:ComfyUI-TRELLIS2] [ProcessMesh] Done: 356148 verts, 468731 faces (alloc=9MB)
  [ComfyUI] [worker:ComfyUI-TRELLIS2] [VRAM] ProcessMesh done: alloc=9MB reserved=18MB peak=1465MB
  [ComfyUI] [SubprocessWorker] got response: ok
  [ComfyUI] [comfy-env] Trellis2ProcessMesh done (70.81s): result: NodeOutput
  [ComfyUI] [VRAM] After Trellis2ProcessMesh: 1271 / 24575 MB
  [ComfyUI] [comfy-env] SubprocessWorker: C:\workspaces\TRELLIS2-1357\ComfyUI\.ce\.pixi\envs\geometrypack-main\python.exe
  [ComfyUI] [VRAM] Loaded: SubprocessModel (0 MB), SubprocessModel (0 MB), SubprocessModel (0 MB), SubprocessModel (0 MB), SubprocessModel (0 MB)
  [ComfyUI] [comfy-env] env_vars: {'KMP_DUPLICATE_LIB_OK': 'TRUE', 'COMFYUI_BASE': 'C:\\workspaces\\TRELLIS2-1357\\ComfyUI'}
  [ComfyUI] [comfy-env] Running GeomPackPreviewMeshVTK: mode: 'fields', trimesh: Trimesh
  [ComfyUI] [VRAM] Before GeomPackPreviewMeshVTK: 1271 / 24575 MB
  [ComfyUI] [VRAM] Loaded: SubprocessModel (0 MB), SubprocessModel (0 MB), SubprocessModel (0 MB), SubprocessModel (0 MB), SubprocessModel (0 MB)
  [ComfyUI] [SubprocessWorker] call_method: nodes.main.visualization.preview_mesh_vtk.PreviewMeshVTKNode.EXECUTE_NORMALIZED
  [ComfyUI] [SubprocessWorker] acquired lock, ensuring started...
  [ComfyUI] [comfy-env] geometrypack-main: Library/bin has 609 DLLs
  [ComfyUI] [ComfyUI-GeometryPack] python: C:\workspaces\TRELLIS2-1357\ComfyUI\.ce\.pixi\envs\geometrypack-main\python.exe
  [ComfyUI] [ComfyUI-GeometryPack] sys_path sent to worker: ['C:\\workspaces\\TRELLIS2-1357\\ComfyUI', 'C:\\workspaces\\TRELLIS2-1357\\ComfyUI\\custom_nodes\\ComfyUI-GeometryPack', 'C:\\workspaces\\TRELLIS2-1357\\ComfyUI\\.ce\\.pixi\\envs\\geometrypack-main\\Lib\\site-packages', 'C:\\workspaces\\TRELLIS2-1357\\ComfyUI\\custom_nodes\\ComfyUI-GeometryPack']
  [ComfyUI] [SubprocessWorker] is_pixi=True, python=C:\workspaces\TRELLIS2-1357\ComfyUI\.ce\.pixi\envs\geometrypack-main\python.exe
  [ComfyUI] [SubprocessWorker] launching cmd=['C:\\Users\\ContainerAdministrator\\.pixi\\bin\\pixi.exe', 'run', '--as-is', '--manifest-path', 'C:\\workspaces\\TRELLIS2-1357\\ComfyUI\\.ce\\pixi.toml', '-e', 'geometrypack-main', 'python', 'C:\\Users\\ContainerAdministrator\\AppData\\Local\\Temp\\comfyui_pvenv_i331qhq3\\persistent_worker.py', 'tcp://127.0.0.1:60367']...
  Frame 82 saved (frame_081.jpg, t=397.4s)
  [capture-periodic] freeze=4ms shot=119ms unfreeze=3ms saved=True
  [capture-loop] iter=3050 t=397.6s state={'complete': False, 'error': None, 'executedCount': 1, 'wsState': 1} eval_ms=4 ram=24.3/31.9GB (76%) swap=1.1/13.5GB (8%) cpu=15% browser_rss=0.57GB
  [ComfyUI] [worker:ComfyUI-GeometryPack] WARNING: WARNING: You need pytorch with cu130 or higher to use optimized CUDA operations.
  [ComfyUI] [SubprocessWorker] worker started/confirmed
  [ComfyUI] [SubprocessWorker] serializing kwargs to shm...
  [ComfyUI] [SubprocessWorker] created 1 shm blocks
  [ComfyUI] [SubprocessWorker] sending request via socket...
  [ComfyUI] [SubprocessWorker] call_id=1 sending call_method
  [capture-loop] iter=3100 t=403.6s state={'complete': False, 'error': None, 'executedCount': 1, 'wsState': 1} eval_ms=4 ram=24.6/31.9GB (77%) swap=1.1/13.5GB (8%) cpu=8% browser_rss=0.57GB
  [ComfyUI] [worker:ComfyUI-GeometryPack] INFO: Preparing preview: Mesh - 356148 vertices, 468731 faces
  [ComfyUI] [worker:ComfyUI-GeometryPack] INFO: Mode: fields
  [ComfyUI] [worker:ComfyUI-GeometryPack] INFO: Visual data - has_visual: True, kind: texture, texture: True, vertex_colors: False
  [ComfyUI] [worker:ComfyUI-GeometryPack] INFO: Using fields mode - VTP export
  [ComfyUI] [worker:ComfyUI-GeometryPack] INFO: Exporting mesh to VTP: C:\workspaces\TRELLIS2-1357\ComfyUI\output\preview_vtk_b3fe7dbf.vtp
  [ComfyUI] [worker:ComfyUI-GeometryPack] INFO: Adding normals field (356148 vertices)
  [ComfyUI] [worker:ComfyUI-GeometryPack] INFO: Export complete: 356148 vertices, 468731 faces
  [ComfyUI] [worker:ComfyUI-GeometryPack] INFO: Exported VTP to: C:\workspaces\TRELLIS2-1357\ComfyUI\output\preview_vtk_b3fe7dbf.vtp
  [ComfyUI] [worker:ComfyUI-GeometryPack] INFO: Fields mode info: watertight=False, volume=None, area=3.8160142383359954, no fields
  [ComfyUI] [SubprocessWorker] got response: ok
  [ComfyUI] [comfy-env] GeomPackPreviewMeshVTK done (12.24s): result: NodeOutput
  [ComfyUI] [VRAM] After GeomPackPreviewMeshVTK: 1271 / 24575 MB
  [ComfyUI] [VRAM] Loaded: SubprocessModel (0 MB), SubprocessModel (0 MB), SubprocessModel (0 MB), SubprocessModel (0 MB), SubprocessModel (0 MB)
  [ComfyUI] Prompt executed in 407.50 seconds
  Node executed (2 total), capturing...
  Frame 83 saved (frame_082.jpg, t=408.0s)
  [capture-node] freeze=4ms shot=121ms unfreeze=0ms saved=True
  Execution complete (t=408.0s)
  Captured 83 unique frames over 408.36s
  [debug] iframes: 1
  [debug]   iframe[0]: src=http://127.0.0.1:41899/extensions/ComfyUI-GeometryPack/viewer_vtk.html?v=1778328, canvas=486x384, rafFrozen=False
  [timing] trigger_3d_previews: 0.0s
  Saved high-quality screenshot: geometry_only_1024_executed.png
  [timing] final_screenshot: 0.5s
    Captured 84 video frames