  [ComfyUI] [ComfyUI-TRELLIS2] Health check: ok
  [ComfyUI] [ComfyUI-TRELLIS2] Health check: ok
Capturing execution frames: refinement.json
  [ComfyUI] [SubprocessWorker] call_id=36 sending model_to_device
  [ComfyUI] [SubprocessWorker] call_id=36 sending model_to_device
  [ComfyUI] [comfy-env] [VRAM] After offload 'SparseStructureFlowModel_2' (2466 MB): 1271 / 24575 MB
  [ComfyUI] [comfy-env] [VRAM] After offload 'SparseStructureFlowModel_2' (2466 MB): 1271 / 24575 MB
  [ComfyUI] [comfy-env] [VRAM] Before offload 'SLatFlowModel_6' (2464 MB) -> cpu: 1271 / 24575 MB
  [ComfyUI] [comfy-env] [VRAM] Before offload 'SLatFlowModel_6' (2464 MB) -> cpu: 1271 / 24575 MB
  [ComfyUI] [ComfyUI-TRELLIS2] Health check: ping (timeout=5.0s)...
  [ComfyUI] [ComfyUI-TRELLIS2] Health check: ping (timeout=5.0s)...
  [ComfyUI] [ComfyUI-TRELLIS2] Health check: ok
  [ComfyUI] [ComfyUI-TRELLIS2] Health check: ok
  [ComfyUI] [SubprocessWorker] call_id=37 sending model_to_device
  [ComfyUI] [SubprocessWorker] call_id=37 sending model_to_device
  [ComfyUI] [comfy-env] [VRAM] After offload 'SLatFlowModel_6' (2464 MB): 1271 / 24575 MB
  [ComfyUI] [comfy-env] [VRAM] After offload 'SLatFlowModel_6' (2464 MB): 1271 / 24575 MB
  [ComfyUI] [comfy-env] [VRAM] Before offload 'SLatFlowModel_4' (2464 MB) -> cpu: 1271 / 24575 MB
  [ComfyUI] [comfy-env] [VRAM] Before offload 'SLatFlowModel_4' (2464 MB) -> cpu: 1271 / 24575 MB
  [ComfyUI] [ComfyUI-TRELLIS2] Health check: ping (timeout=5.0s)...
  [ComfyUI] [ComfyUI-TRELLIS2] Health check: ping (timeout=5.0s)...
  [ComfyUI] [ComfyUI-TRELLIS2] Health check: ok
  [ComfyUI] [ComfyUI-TRELLIS2] Health check: ok
  [ComfyUI] [SubprocessWorker] call_id=38 sending model_to_device
  [ComfyUI] [SubprocessWorker] call_id=38 sending model_to_device
  [ComfyUI] [comfy-env] [VRAM] After offload 'SLatFlowModel_4' (2464 MB): 1271 / 24575 MB
  [ComfyUI] [comfy-env] [VRAM] After offload 'SLatFlowModel_4' (2464 MB): 1271 / 24575 MB
  [ComfyUI] [comfy-env] [VRAM] Before offload 'DINOv3ViT_1' (1156 MB) -> cpu: 1271 / 24575 MB
  [ComfyUI] [comfy-env] [VRAM] Before offload 'DINOv3ViT_1' (1156 MB) -> cpu: 1271 / 24575 MB
  [ComfyUI] [ComfyUI-TRELLIS2] Health check: ping (timeout=5.0s)...
  [ComfyUI] [ComfyUI-TRELLIS2] Health check: ping (timeout=5.0s)...
  [ComfyUI] [ComfyUI-TRELLIS2] Health check: ok
  [ComfyUI] [ComfyUI-TRELLIS2] Health check: ok
  [ComfyUI] [SubprocessWorker] call_id=39 sending model_to_device
  [ComfyUI] [SubprocessWorker] call_id=39 sending model_to_device
  [ComfyUI] [comfy-env] [VRAM] After offload 'DINOv3ViT_1' (1156 MB): 1271 / 24575 MB
  [ComfyUI] [comfy-env] [VRAM] After offload 'DINOv3ViT_1' (1156 MB): 1271 / 24575 MB
  [ComfyUI] [comfy-env] [VRAM] Before offload 'FlexiDualGridVaeDecoder_5' (904 MB) -> cpu: 1271 / 24575 MB
  [ComfyUI] [comfy-env] [VRAM] Before offload 'FlexiDualGridVaeDecoder_5' (904 MB) -> cpu: 1271 / 24575 MB
  [ComfyUI] [ComfyUI-TRELLIS2] Health check: ping (timeout=5.0s)...
  [ComfyUI] [ComfyUI-TRELLIS2] Health check: ping (timeout=5.0s)...
  [ComfyUI] [ComfyUI-TRELLIS2] Health check: ok
  [ComfyUI] [ComfyUI-TRELLIS2] Health check: ok
  [ComfyUI] [SubprocessWorker] call_id=40 sending model_to_device
  [ComfyUI] [SubprocessWorker] call_id=40 sending model_to_device
  [ComfyUI] [comfy-env] [VRAM] After offload 'FlexiDualGridVaeDecoder_5' (904 MB): 1271 / 24575 MB
  [ComfyUI] [comfy-env] [VRAM] After offload 'FlexiDualGridVaeDecoder_5' (904 MB): 1271 / 24575 MB
  [ComfyUI] [comfy-env] [VRAM] Before offload 'SparseUnetVaeDecoder_7' (904 MB) -> cpu: 1271 / 24575 MB
  [ComfyUI] [comfy-env] [VRAM] Before offload 'SparseUnetVaeDecoder_7' (904 MB) -> cpu: 1271 / 24575 MB
  [ComfyUI] [ComfyUI-TRELLIS2] Health check: ping (timeout=5.0s)...
  [ComfyUI] [ComfyUI-TRELLIS2] Health check: ping (timeout=5.0s)...
  [ComfyUI] [ComfyUI-TRELLIS2] Health check: ok
  [ComfyUI] [ComfyUI-TRELLIS2] Health check: ok
  [ComfyUI] [SubprocessWorker] call_id=41 sending model_to_device
  [ComfyUI] [SubprocessWorker] call_id=41 sending model_to_device
  [ComfyUI] [comfy-env] [VRAM] After offload 'SparseUnetVaeDecoder_7' (904 MB): 1271 / 24575 MB
  [ComfyUI] [comfy-env] [VRAM] After offload 'SparseUnetVaeDecoder_7' (904 MB): 1271 / 24575 MB
  [ComfyUI] [comfy-env] [VRAM] Before offload 'SparseStructureDecoder_3' (140 MB) -> cpu: 1271 / 24575 MB
  [ComfyUI] [comfy-env] [VRAM] Before offload 'SparseStructureDecoder_3' (140 MB) -> cpu: 1271 / 24575 MB
  [ComfyUI] [ComfyUI-TRELLIS2] Health check: ping (timeout=5.0s)...
  [ComfyUI] [ComfyUI-TRELLIS2] Health check: ping (timeout=5.0s)...
  [ComfyUI] [ComfyUI-TRELLIS2] Health check: ok
  [ComfyUI] [ComfyUI-TRELLIS2] Health check: ok
  [ComfyUI] [SubprocessWorker] call_id=42 sending model_to_device
  [ComfyUI] [SubprocessWorker] call_id=42 sending model_to_device
  [ComfyUI] [comfy-env] [VRAM] After offload 'SparseStructureDecoder_3' (140 MB): 1271 / 24575 MB
  [ComfyUI] [comfy-env] [VRAM] After offload 'SparseStructureDecoder_3' (140 MB): 1271 / 24575 MB
  Frame 1 saved (frame_000.jpg, t=0.0s)
  Validating workflow...
  [ComfyUI] === /validate endpoint called ===
  [ComfyUI] === /validate endpoint called ===
  [ComfyUI] Received JSON with keys: ['prompt']
  [ComfyUI] Received JSON with keys: ['prompt']
  [ComfyUI] Prompt has 8 nodes
  [ComfyUI] Prompt has 8 nodes
  Queuing workflow for execution...
  [ComfyUI]   Node 1: LoadTrellis2Models
  [ComfyUI]   Node 1: LoadTrellis2Models
  [ComfyUI]     Inputs: {"resolution": "512", "precision": "auto", "attn_backend": "auto"}
  [ComfyUI]     Inputs: {"resolution": "512", "precision": "auto", "attn_backend": "auto"}
  [ComfyUI]   Node 2: LoadImage
  [ComfyUI]   Node 2: LoadImage
  [ComfyUI]     Inputs: {"image": "pineapple.webp"}
  [ComfyUI]     Inputs: {"image": "pineapple.webp"}
  [ComfyUI]   Node 3: InvertMask
  [ComfyUI]   Node 3: InvertMask
  [ComfyUI]     Inputs: {"mask": ["2", 1]}
  [ComfyUI]     Inputs: {"mask": ["2", 1]}
  [ComfyUI]   Node 4: Trellis2GetConditioning
  [ComfyUI]   Node 4: Trellis2GetConditioning
  [ComfyUI]     Inputs: {"background_color": "black", "model_config": ["1", 0], "image": ["2", 0], "mask": ["3", 0]}
  [ComfyUI]     Inputs: {"background_color": "black", "model_config": ["1", 0], "image": ["2", 0], "mask": ["3", 0]}
  [ComfyUI]   Node 11: Trellis2EncodeMesh
  [ComfyUI]   Node 11: Trellis2EncodeMesh
  [ComfyUI]     Inputs: {"resolution": 1024, "model_config": ["1", 0], "mesh": ["12", 0]}
  [ComfyUI]     Inputs: {"resolution": 1024, "model_config": ["1", 0], "mesh": ["12", 0]}
  [ComfyUI]   Node 12: GeomPackLoadMesh
  [ComfyUI]   Node 12: GeomPackLoadMesh
  [ComfyUI]     Inputs: {"file_path": "3d/lowwrap.stl"}
  [ComfyUI]     Inputs: {"file_path": "3d/lowwrap.stl"}
  [ComfyUI]   Node 13: GeomPackPreviewMeshDual
  [ComfyUI]   Node 13: GeomPackPreviewMeshDual
  [ComfyUI]     Inputs: {"layout": "side_by_side", "mode": "fields", "opacity_1": 1, "opacity_2": 1, "preview_dual": "{\"show_edges\":false,\"camera_state\":\"{\\\"position\\\":[-2.5165764235737056,-0.0656252651797762,0.2063
  [ComfyUI]     Inputs: {"layout": "side_by_side", "mode": "fields", "opacity_1": 1, "opacity_2": 1, "preview_dual": "{\"show_edges\":false,\"camera_state\":\"{\\\"position\\\":[-2.5165764235737056,-0.0656252651797762,0.2063
  [ComfyUI]   Node 21: Trellis2RefineMesh
  [ComfyUI]   Node 21: Trellis2RefineMesh
  [ComfyUI]     Inputs: {"seed": 559812319, "shape_guidance_strength": 6.5, "shape_guidance_rescale": 0.05, "shape_sampling_steps": 12, "max_tokens": 49152, "model_config": ["1", 0], "conditioning": ["4", 0], "shape_latent":
  [ComfyUI]     Inputs: {"seed": 559812319, "shape_guidance_strength": 6.5, "shape_guidance_rescale": 0.05, "shape_sampling_steps": 12, "max_tokens": 49152, "model_config": ["1", 0], "conditioning": ["4", 0], "shape_latent":
  [ComfyUI] Generated prompt_id: 67539120-0b12-4870-8786-afcd137f5d14
  [ComfyUI] Generated prompt_id: 67539120-0b12-4870-8786-afcd137f5d14
  [ComfyUI] Calling execution.validate_prompt()...
  [ComfyUI] Calling execution.validate_prompt()...
  [ComfyUI] Validation result: valid=True
  [ComfyUI] Validation result: valid=True
  [ComfyUI] === Validation PASSED ===
  [ComfyUI] === Validation PASSED ===
  [ComfyUI] got prompt
  [ComfyUI] got prompt
  [ComfyUI] [comfy-env] Running GeomPackLoadMesh: file_path: '3d/lowwrap.stl'
  [ComfyUI] [comfy-env] Running GeomPackLoadMesh: file_path: '3d/lowwrap.stl'
  [ComfyUI] [VRAM] Before GeomPackLoadMesh: 1271 / 24575 MB
  [ComfyUI] [VRAM] Before GeomPackLoadMesh: 1271 / 24575 MB
  [ComfyUI] [SubprocessWorker] call_method: nodes.io.load_mesh.LoadMesh.EXECUTE_NORMALIZED
  [ComfyUI] [SubprocessWorker] call_method: nodes.io.load_mesh.LoadMesh.EXECUTE_NORMALIZED
  [ComfyUI] [SubprocessWorker] acquired lock, ensuring started...
  [ComfyUI] [SubprocessWorker] acquired lock, ensuring started...
  [ComfyUI] [ComfyUI-GeometryPack] Health check: ping (timeout=5.0s)...
  [ComfyUI] [ComfyUI-GeometryPack] Health check: ping (timeout=5.0s)...
  [ComfyUI] [ComfyUI-GeometryPack] Health check: ok
  [ComfyUI] [ComfyUI-GeometryPack] Health check: ok
  [ComfyUI] [SubprocessWorker] worker started/confirmed
  [ComfyUI] [SubprocessWorker] worker started/confirmed
  [ComfyUI] [SubprocessWorker] serializing kwargs to shm...
  [ComfyUI] [SubprocessWorker] serializing kwargs to shm...
  [ComfyUI] [SubprocessWorker] created 0 shm blocks
  [ComfyUI] [SubprocessWorker] created 0 shm blocks
  [ComfyUI] [SubprocessWorker] sending request via socket...
  [ComfyUI] [SubprocessWorker] sending request via socket...
  [ComfyUI] [SubprocessWorker] call_id=6 sending call_method
  [ComfyUI] [SubprocessWorker] call_id=6 sending call_method
  [ComfyUI] [worker:ComfyUI-GeometryPack] INFO: Found mesh in input folder: 3d/lowwrap.stl
  [ComfyUI] [worker:ComfyUI-GeometryPack] INFO: Found mesh in input folder: 3d/lowwrap.stl
  [ComfyUI] [worker:ComfyUI-GeometryPack] INFO: Loading: C:\workspaces\TRELLIS2-2130\ComfyUI\input\3d/lowwrap.stl
  [ComfyUI] [worker:ComfyUI-GeometryPack] INFO: Loading: C:\workspaces\TRELLIS2-2130\ComfyUI\input\3d/lowwrap.stl
  [ComfyUI] [worker:ComfyUI-GeometryPack] INFO: Initial mesh: 1851 vertices, 3698 faces
  [ComfyUI] [worker:ComfyUI-GeometryPack] INFO: Initial mesh: 1851 vertices, 3698 faces
  [ComfyUI] [worker:ComfyUI-GeometryPack] INFO: Successfully loaded: 1851 vertices, 3698 faces
  [ComfyUI] [worker:ComfyUI-GeometryPack] INFO: Successfully loaded: 1851 vertices, 3698 faces
  [ComfyUI] [worker:ComfyUI-GeometryPack] INFO: Loaded: 1851 vertices, 3698 faces
  [ComfyUI] [worker:ComfyUI-GeometryPack] INFO: Loaded: 1851 vertices, 3698 faces
  [ComfyUI] [SubprocessWorker] got response: ok
  [ComfyUI] [SubprocessWorker] got response: ok
  [ComfyUI] [comfy-env] GeomPackLoadMesh done (0.05s): result: NodeOutput
  [ComfyUI] [comfy-env] GeomPackLoadMesh done (0.05s): result: NodeOutput
  [ComfyUI] [VRAM] After GeomPackLoadMesh: 1271 / 24575 MB
  [ComfyUI] [VRAM] After GeomPackLoadMesh: 1271 / 24575 MB
  [ComfyUI] [comfy-env] Running LoadTrellis2Models: resolution: '512', precision: 'auto', attn_backend: 'auto'
  [ComfyUI] [comfy-env] Running LoadTrellis2Models: resolution: '512', precision: 'auto', attn_backend: 'auto'
  [ComfyUI] [VRAM] Before LoadTrellis2Models: 1271 / 24575 MB
  [ComfyUI] [VRAM] Before LoadTrellis2Models: 1271 / 24575 MB
  [ComfyUI] [SubprocessWorker] call_method: nodes.nodes_loader.LoadTrellis2Models.EXECUTE_NORMALIZED
  [ComfyUI] [SubprocessWorker] call_method: nodes.nodes_loader.LoadTrellis2Models.EXECUTE_NORMALIZED
  [ComfyUI] [SubprocessWorker] acquired lock, ensuring started...
  [ComfyUI] [SubprocessWorker] acquired lock, ensuring started...
  [ComfyUI] [ComfyUI-TRELLIS2] Health check: ping (timeout=5.0s)...
  [ComfyUI] [ComfyUI-TRELLIS2] Health check: ping (timeout=5.0s)...
  [ComfyUI] [ComfyUI-TRELLIS2] Health check: ok
  [ComfyUI] [ComfyUI-TRELLIS2] Health check: ok
  [ComfyUI] [SubprocessWorker] worker started/confirmed
  [ComfyUI] [SubprocessWorker] worker started/confirmed
  [ComfyUI] [SubprocessWorker] serializing kwargs to shm...
  [ComfyUI] [SubprocessWorker] serializing kwargs to shm...
  [ComfyUI] [SubprocessWorker] created 0 shm blocks
  [ComfyUI] [SubprocessWorker] created 0 shm blocks
  [ComfyUI] [SubprocessWorker] sending request via socket...
  [ComfyUI] [SubprocessWorker] sending request via socket...
  [ComfyUI] [SubprocessWorker] call_id=43 sending call_method
  [ComfyUI] [SubprocessWorker] call_id=43 sending call_method
  [ComfyUI] [SubprocessWorker] got response: ok
  [ComfyUI] [SubprocessWorker] got response: ok
  [ComfyUI] [comfy-env] LoadTrellis2Models done (0.03s): result: NodeOutput
  [ComfyUI] [comfy-env] LoadTrellis2Models done (0.03s): result: NodeOutput
  [ComfyUI] [VRAM] After LoadTrellis2Models: 1271 / 24575 MB
  [ComfyUI] [VRAM] After LoadTrellis2Models: 1271 / 24575 MB
  [ComfyUI] [comfy-env] Running Trellis2EncodeMesh: resolution: 1024, model_config: dict, mesh: Trimesh
  [ComfyUI] [comfy-env] Running Trellis2EncodeMesh: resolution: 1024, model_config: dict, mesh: Trimesh
  [ComfyUI] [VRAM] Before Trellis2EncodeMesh: 1271 / 24575 MB
  [ComfyUI] [VRAM] Before Trellis2EncodeMesh: 1271 / 24575 MB
  [ComfyUI] [SubprocessWorker] call_method: nodes.nodes_inference.Trellis2EncodeMesh.EXECUTE_NORMALIZED
  [ComfyUI] [SubprocessWorker] call_method: nodes.nodes_inference.Trellis2EncodeMesh.EXECUTE_NORMALIZED
  [ComfyUI] [SubprocessWorker] acquired lock, ensuring started...
  [ComfyUI] [SubprocessWorker] acquired lock, ensuring started...
  [ComfyUI] [ComfyUI-TRELLIS2] Health check: ping (timeout=5.0s)...
  [ComfyUI] [ComfyUI-TRELLIS2] Health check: ping (timeout=5.0s)...
  [ComfyUI] [ComfyUI-TRELLIS2] Health check: ok
  [ComfyUI] [ComfyUI-TRELLIS2] Health check: ok
  [ComfyUI] [SubprocessWorker] worker started/confirmed
  [ComfyUI] [SubprocessWorker] worker started/confirmed
  [ComfyUI] [SubprocessWorker] serializing kwargs to shm...
  [ComfyUI] [SubprocessWorker] serializing kwargs to shm...
  [ComfyUI] [SubprocessWorker] created 1 shm blocks
  [ComfyUI] [SubprocessWorker] created 1 shm blocks
  [ComfyUI] [SubprocessWorker] sending request via socket...
  [ComfyUI] [SubprocessWorker] sending request via socket...
  [ComfyUI] [SubprocessWorker] call_id=44 sending call_method
  [ComfyUI] [SubprocessWorker] call_id=44 sending call_method
  [ComfyUI] [SubprocessWorker] callback 'report_progress' from call_id=44
  [ComfyUI] [SubprocessWorker] callback 'report_progress' from call_id=44
  Frame 2 saved (frame_001.jpg, t=2.3s)
  [capture-periodic] freeze=4ms shot=116ms unfreeze=5ms saved=True
  Frame 3 saved (frame_002.jpg, t=4.5s)
  [capture-periodic] freeze=4ms shot=106ms unfreeze=5ms saved=True
  [ComfyUI] [worker:ComfyUI-TRELLIS2] [encode] voxelized: 2772800 voxels at resolution=1024
  [ComfyUI] [worker:ComfyUI-TRELLIS2] [encode] voxelized: 2772800 voxels at resolution=1024
  [ComfyUI] [worker:ComfyUI-TRELLIS2] [encode] voxel_indices: cpu, dual_vertices: cpu, intersected: cpu
  [ComfyUI] [worker:ComfyUI-TRELLIS2] [encode] voxel_indices: cpu, dual_vertices: cpu, intersected: cpu
  [ComfyUI] [worker:ComfyUI-TRELLIS2] [encode] coords: torch.Size([2772800, 4]) cuda:0
  [ComfyUI] [worker:ComfyUI-TRELLIS2] [encode] coords: torch.Size([2772800, 4]) cuda:0
  [ComfyUI] [worker:ComfyUI-TRELLIS2] [encode] pre-load: alloc=51MB
  [ComfyUI] [worker:ComfyUI-TRELLIS2] [encode] pre-load: alloc=51MB
  [capture-loop] iter=50 t=6.1s state={'complete': False, 'error': None, 'executedCount': 0, 'wsState': 1} eval_ms=27 ram=19.2/31.9GB (60%) swap=0.8/9.5GB (8%) cpu=14% browser_rss=0.63GB
  [ComfyUI] [SubprocessWorker] callback 'report_progress' from call_id=44
  [ComfyUI] [SubprocessWorker] callback 'report_progress' from call_id=44
  Frame 4 saved (frame_003.jpg, t=6.7s)
  [capture-periodic] freeze=8ms shot=170ms unfreeze=9ms saved=True
  [ComfyUI] [SubprocessWorker] callback 'report_progress' from call_id=44
  [ComfyUI] [SubprocessWorker] callback 'report_progress' from call_id=44
  [ComfyUI] [SubprocessWorker] callback 'report_progress' from call_id=44
  [ComfyUI] [SubprocessWorker] callback 'report_progress' from call_id=44
  [ComfyUI] [worker:ComfyUI-TRELLIS2] [TRELLIS2] Built FlexiDualGridVaeEncoder on CPU: dtype=torch.bfloat16, 3.7s
  [ComfyUI] [worker:ComfyUI-TRELLIS2] [TRELLIS2] Built FlexiDualGridVaeEncoder on CPU: dtype=torch.bfloat16, 3.7s
  [ComfyUI] [SubprocessWorker] callback 'request_vram_budget' from call_id=44
  [ComfyUI] [SubprocessWorker] callback 'request_vram_budget' from call_id=44
  [ComfyUI] [comfy-env] VRAM request: 0.71GB, free before eviction: 24.44GB
  [ComfyUI] [comfy-env] VRAM request: 0.71GB, free before eviction: 24.44GB
  [ComfyUI] [comfy-env] VRAM after eviction: 24.44GB
  [ComfyUI] [comfy-env] VRAM after eviction: 24.44GB
  [ComfyUI] [worker:ComfyUI-TRELLIS2]
  [ComfyUI] [worker:ComfyUI-TRELLIS2]
  [ComfyUI] === WATCHDOG TICK 3 ===
  [ComfyUI] === WATCHDOG TICK 3 ===
  [ComfyUI] [worker:ComfyUI-TRELLIS2] Thread 0x00000c2c (most recent call first):
  [ComfyUI] [worker:ComfyUI-TRELLIS2] Thread 0x00000c2c (most recent call first):
  [ComfyUI]   File "C:\Users\ContainerUser\AppData\Local\Programs\comfy-env\.pixi\envs\trellis2-nodes\lib\threading.py", line 324 in wait
  [ComfyUI]   File "C:\Users\ContainerUser\AppData\Local\Programs\comfy-env\.pixi\envs\trellis2-nodes\lib\threading.py", line 324 in wait
  [ComfyUI]   File "C:\Users\ContainerUser\AppData\Local\Programs\comfy-env\.pixi\envs\trellis2-nodes\lib\threading.py", line 607 in wait
  [ComfyUI]   File "C:\Users\ContainerUser\AppData\Local\Programs\comfy-env\.pixi\envs\trellis2-nodes\lib\threading.py", line 607 in wait
  [ComfyUI]   File "C:\Users\ContainerUser\AppData\Local\Programs\comfy-env\.pixi\envs\trellis2-nodes\lib\site-packages\tqdm\_monitor.py", line 60 in run
  [ComfyUI]   File "C:\Users\ContainerUser\AppData\Local\Programs\comfy-env\.pixi\envs\trellis2-nodes\lib\site-packages\tqdm\_monitor.py", line 60 in run
  [ComfyUI]   File "C:\Users\ContainerUser\AppData\Local\Programs\comfy-env\.pixi\envs\trellis2-nodes\lib\threading.py", line 1016 in _bootstrap_inner
  [ComfyUI]   File "C:\Users\ContainerUser\AppData\Local\Programs\comfy-env\.pixi\envs\trellis2-nodes\lib\threading.py", line 1016 in _bootstrap_inner
  [ComfyUI]   File "C:\Users\ContainerUser\AppData\Local\Programs\comfy-env\.pixi\envs\trellis2-nodes\lib\threading.py", line 973 in _bootstrap
  [ComfyUI]   File "C:\Users\ContainerUser\AppData\Local\Programs\comfy-env\.pixi\envs\trellis2-nodes\lib\threading.py", line 973 in _bootstrap
  [ComfyUI] 
  [ComfyUI] 
  [ComfyUI] Thread 0x0000102c (most recent call first):
  [ComfyUI] Thread 0x0000102c (most recent call first):
  [ComfyUI]   File "C:\Users\ContainerUser\AppData\Local\Temp\comfyui_pvenv_ceqbupwl\persistent_worker.py", line 106 in _vram_poller
  [ComfyUI]   File "C:\Users\ContainerUser\AppData\Local\Temp\comfyui_pvenv_ceqbupwl\persistent_worker.py", line 106 in _vram_poller
  [ComfyUI]   File "C:\Users\ContainerUser\AppData\Local\Programs\comfy-env\.pixi\envs\trellis2-nodes\lib\threading.py", line 953 in run
  [ComfyUI]   File "C:\Users\ContainerUser\AppData\Local\Programs\comfy-env\.pixi\envs\trellis2-nodes\lib\threading.py", line 953 in run
  [ComfyUI]   File "C:\Users\ContainerUser\AppData\Local\Programs\comfy-env\.pixi\envs\trellis2-nodes\lib\threading.py", line 1016 in _bootstrap_inner
  [ComfyUI]   File "C:\Users\ContainerUser\AppData\Local\Programs\comfy-env\.pixi\envs\trellis2-nodes\lib\threading.py", line 1016 in _bootstrap_inner
  [ComfyUI]   File "C:\Users\ContainerUser\AppData\Local\Programs\comfy-env\.pixi\envs\trellis2-nodes\lib\threading.py", line 973 in _bootstrap
  [ComfyUI]   File "C:\Users\ContainerUser\AppData\Local\Programs\comfy-env\.pixi\envs\trellis2-nodes\lib\threading.py", line 973 in _bootstrap
  [ComfyUI] 
  [ComfyUI] 
  [ComfyUI] Current thread 0x00002100 (most recent call first):
  [ComfyUI] Current thread 0x00002100 (most recent call first):
  [ComfyUI]   File "C:\Users\ContainerUser\AppData\Local\Temp\comfyui_pvenv_ceqbupwl\persistent_worker.py", line 52 in _watchdog
  [ComfyUI]   File "C:\Users\ContainerUser\AppData\Local\Temp\comfyui_pvenv_ceqbupwl\persistent_worker.py", line 52 in _watchdog
  [ComfyUI]   File "C:\Users\ContainerUser\AppData\Local\Programs\comfy-env\.pixi\envs\trellis2-nodes\lib\threading.py", line 953 in run
  [ComfyUI]   File "C:\Users\ContainerUser\AppData\Local\Programs\comfy-env\.pixi\envs\trellis2-nodes\lib\threading.py", line 953 in run
  [ComfyUI]   File "C:\Users\ContainerUser\AppData\Local\Programs\comfy-env\.pixi\envs\trellis2-nodes\lib\threading.py", line 1016 in _bootstrap_inner
  [ComfyUI]   File "C:\Users\ContainerUser\AppData\Local\Programs\comfy-env\.pixi\envs\trellis2-nodes\lib\threading.py", line 1016 in _bootstrap_inner
  [ComfyUI]   File "C:\Users\ContainerUser\AppData\Local\Programs\comfy-env\.pixi\envs\trellis2-nodes\lib\threading.py", line 973 in _bootstrap
  [ComfyUI]   File "C:\Users\ContainerUser\AppData\Local\Programs\comfy-env\.pixi\envs\trellis2-nodes\lib\threading.py", line 973 in _bootstrap
  [ComfyUI] 
  [ComfyUI] 
  [ComfyUI] Thread 0x00002980 (most recent call first):
  [ComfyUI] Thread 0x00002980 (most recent call first):
  [ComfyUI]   File "C:\Users\ContainerUser\AppData\Local\Programs\comfy-env\.pixi\envs\trellis2-nodes\lib\site-packages\torch\nn\modules\module.py", line 1367 in convert
  [ComfyUI]   File "C:\Users\ContainerUser\AppData\Local\Programs\comfy-env\.pixi\envs\trellis2-nodes\lib\site-packages\torch\nn\modules\module.py", line 1367 in convert
  [ComfyUI]   File "C:\Users\ContainerUser\AppData\Local\Programs\comfy-env\.pixi\envs\trellis2-nodes\lib\site-packages\torch\nn\modules\module.py", line 964 in _apply
  [ComfyUI]   File "C:\Users\ContainerUser\AppData\Local\Programs\comfy-env\.pixi\envs\trellis2-nodes\lib\site-packages\torch\nn\modules\module.py", line 964 in _apply
  [ComfyUI]   File "C:\Users\ContainerUser\AppData\Local\Programs\comfy-env\.pixi\envs\trellis2-nodes\lib\site-packages\torch\nn\modules\module.py", line 1381 in to
  [ComfyUI]   File "C:\Users\ContainerUser\AppData\Local\Programs\comfy-env\.pixi\envs\trellis2-nodes\lib\site-packages\torch\nn\modules\module.py", line 1381 in to
  [ComfyUI]   File "C:\Users\ContainerUser\AppData\Local\Temp\comfyui_pvenv_ceqbupwl\persistent_worker.py", line 1341 in _hooked_to
  [ComfyUI]   File "C:\Users\ContainerUser\AppData\Local\Temp\comfyui_pvenv_ceqbupwl\persistent_worker.py", line 1341 in _hooked_to
  [ComfyUI]   File "C:\workspaces\TRELLIS2-2130\ComfyUI\comfy\model_patcher.py", line 916 in load
  [ComfyUI]   File "C:\workspaces\TRELLIS2-2130\ComfyUI\comfy\model_patcher.py", line 916 in load
  [ComfyUI]   File "C:\workspaces\TRELLIS2-2130\ComfyUI\comfy\model_patcher.py", line 1110 in partially_load
  [ComfyUI]   File "C:\workspaces\TRELLIS2-2130\ComfyUI\comfy\model_patcher.py", line 1110 in partially_load
  [ComfyUI]   File "C:\workspaces\TRELLIS2-2130\ComfyUI\comfy\model_management.py", line 607 in model_use_more_vram
  [ComfyUI]   File "C:\workspaces\TRELLIS2-2130\ComfyUI\comfy\model_management.py", line 607 in model_use_more_vram
  [ComfyUI]   File "C:\workspaces\TRELLIS2-2130\ComfyUI\comfy\model_management.py", line 579 in model_load
  [ComfyUI]   File "C:\workspaces\TRELLIS2-2130\ComfyUI\comfy\model_management.py", line 579 in model_load
  [ComfyUI]   File "C:\workspaces\TRELLIS2-2130\ComfyUI\comfy\model_management.py", line 817 in load_models_gpu
  [ComfyUI]   File "C:\workspaces\TRELLIS2-2130\ComfyUI\comfy\model_management.py", line 817 in load_models_gpu
  [ComfyUI]   File "C:\Users\ContainerUser\AppData\Local\Temp\comfyui_pvenv_ceqbupwl\persistent_worker.py", line 1539 in _shimmed_load_models_gpu
  [ComfyUI]   File "C:\Users\ContainerUser\AppData\Local\Temp\comfyui_pvenv_ceqbupwl\persistent_worker.py", line 1539 in _shimmed_load_models_gpu
  [ComfyUI]   File "C:\workspaces\TRELLIS2-2130\ComfyUI\custom_nodes\ComfyUI-TRELLIS2\nodes\stages.py", line 312 in _load_model
  [ComfyUI]   File "C:\workspaces\TRELLIS2-2130\ComfyUI\custom_nodes\ComfyUI-TRELLIS2\nodes\stages.py", line 312 in _load_model
  [ComfyUI]   File "C:\workspaces\TRELLIS2-2130\ComfyUI\custom_nodes\ComfyUI-TRELLIS2\nodes\stages.py", line 132 in _encode_mesh_to_shape_slat
  [ComfyUI]   File "C:\workspaces\TRELLIS2-2130\ComfyUI\custom_nodes\ComfyUI-TRELLIS2\nodes\stages.py", line 132 in _encode_mesh_to_shape_slat
  [ComfyUI]   File "C:\workspaces\TRELLIS2-2130\ComfyUI\custom_nodes\ComfyUI-TRELLIS2\nodes\stages.py", line 1498 in run_encode_mesh
  [ComfyUI]   File "C:\workspaces\TRELLIS2-2130\ComfyUI\custom_nodes\ComfyUI-TRELLIS2\nodes\stages.py", line 1498 in run_encode_mesh
  [ComfyUI]   File "C:\workspaces\TRELLIS2-2130\ComfyUI\custom_nodes\ComfyUI-TRELLIS2\nodes\nodes_inference.py", line 414 in execute
  [ComfyUI]   File "C:\workspaces\TRELLIS2-2130\ComfyUI\custom_nodes\ComfyUI-TRELLIS2\nodes\nodes_inference.py", line 414 in execute
  [ComfyUI]   File "C:\workspaces\TRELLIS2-2130\ComfyUI\comfy_api\latest\_io.py", line 1833 in EXECUTE_NORMALIZED
  [ComfyUI]   File "C:\workspaces\TRELLIS2-2130\ComfyUI\comfy_api\latest\_io.py", line 1833 in EXECUTE_NORMALIZED
  [ComfyUI]   File "C:\Users\ContainerUser\AppData\Local\Temp\comfyui_pvenv_ceqbupwl\persistent_worker.py", line 1762 in main
  [ComfyUI]   File "C:\Users\ContainerUser\AppData\Local\Temp\comfyui_pvenv_ceqbupwl\persistent_worker.py", line 1762 in main
  [ComfyUI]   File "C:\Users\ContainerUser\AppData\Local\Temp\comfyui_pvenv_ceqbupwl\persistent_worker.py", line 1807 in <module>
  [ComfyUI]   File "C:\Users\ContainerUser\AppData\Local\Temp\comfyui_pvenv_ceqbupwl\persistent_worker.py", line 1807 in <module>
  [ComfyUI] 
  [ComfyUI] 
  [ComfyUI] [worker:ComfyUI-TRELLIS2] === END ===
  [ComfyUI] [worker:ComfyUI-TRELLIS2] === END ===
  [ComfyUI] 
  [ComfyUI] 
  [ComfyUI] [worker:ComfyUI-TRELLIS2] [VRAM] +225MB (now 363MB) reserved=372MB peak=2691MB
  [ComfyUI] [worker:ComfyUI-TRELLIS2] [VRAM] +225MB (now 363MB) reserved=372MB peak=2691MB
  [ComfyUI] [worker:ComfyUI-TRELLIS2] [TRELLIS2] shape_slat_encoder -> GPU: 0.6s
  [ComfyUI] [worker:ComfyUI-TRELLIS2] [TRELLIS2] shape_slat_encoder -> GPU: 0.6s
  [ComfyUI] [worker:ComfyUI-TRELLIS2] [encode] encoder loaded: alloc=739MB
  [ComfyUI] [worker:ComfyUI-TRELLIS2] [encode] encoder loaded: alloc=739MB
  [ComfyUI] [worker:ComfyUI-TRELLIS2] [encode] vertex_feats: torch.Size([2772800, 3]) cuda:0 alloc=755MB
  [ComfyUI] [worker:ComfyUI-TRELLIS2] [encode] vertex_feats: torch.Size([2772800, 3]) cuda:0 alloc=755MB
  [ComfyUI] [worker:ComfyUI-TRELLIS2] [encode] vertices_sparse built: alloc=755MB
  [ComfyUI] [worker:ComfyUI-TRELLIS2] [encode] vertices_sparse built: alloc=755MB
  [ComfyUI] [worker:ComfyUI-TRELLIS2] [encode] intersected_sparse built: alloc=771MB
  [ComfyUI] [worker:ComfyUI-TRELLIS2] [encode] intersected_sparse built: alloc=771MB
  [ComfyUI] [worker:ComfyUI-TRELLIS2] [encode] starting encoder forward...
  [ComfyUI] [worker:ComfyUI-TRELLIS2] [encode] starting encoder forward...
  [ComfyUI] [worker:ComfyUI-TRELLIS2] [sparse-conv] N=2,772,800 Ci=64 Co=16 feats=676MB cache=623MB (miss) w_dev=cuda:0 alloc=2814MB
  [ComfyUI] [worker:ComfyUI-TRELLIS2] [sparse-conv] N=2,772,800 Ci=64 Co=16 feats=676MB cache=623MB (miss) w_dev=cuda:0 alloc=2814MB
  [ComfyUI] [worker:ComfyUI-TRELLIS2] [VRAM] +2622MB (now 2985MB) reserved=3836MB peak=2985MB
  [ComfyUI] [worker:ComfyUI-TRELLIS2] [VRAM] +2622MB (now 2985MB) reserved=3836MB peak=2985MB
  Frame 5 saved (frame_004.jpg, t=11.3s)
  [capture-periodic] freeze=4ms shot=111ms unfreeze=5ms saved=True
  [ComfyUI] [worker:ComfyUI-TRELLIS2] [VRAM] +256MB (now 3241MB) reserved=3836MB peak=3241MB
  [ComfyUI] [worker:ComfyUI-TRELLIS2] [VRAM] +256MB (now 3241MB) reserved=3836MB peak=3241MB
  [capture-loop] iter=100 t=12.6s state={'complete': False, 'error': None, 'executedCount': 0, 'wsState': 1} eval_ms=4 ram=19.3/31.9GB (60%) swap=0.7/9.5GB (7%) cpu=33% browser_rss=0.60GB
  [ComfyUI] [worker:ComfyUI-TRELLIS2] [VRAM] -254MB (now 2988MB) reserved=3836MB peak=3241MB
  [ComfyUI] [worker:ComfyUI-TRELLIS2] [VRAM] -254MB (now 2988MB) reserved=3836MB peak=3241MB
  [ComfyUI] [worker:ComfyUI-TRELLIS2] [VRAM] +256MB (now 3244MB) reserved=3836MB peak=3244MB
  [ComfyUI] [worker:ComfyUI-TRELLIS2] [VRAM] +256MB (now 3244MB) reserved=3836MB peak=3244MB
  [ComfyUI] [worker:ComfyUI-TRELLIS2] [VRAM] -256MB (now 2988MB) reserved=3836MB peak=3244MB
  [ComfyUI] [worker:ComfyUI-TRELLIS2] [VRAM] -256MB (now 2988MB) reserved=3836MB peak=3244MB
  [ComfyUI] [worker:ComfyUI-TRELLIS2] [VRAM] +256MB (now 3244MB) reserved=3836MB peak=3244MB
  [ComfyUI] [worker:ComfyUI-TRELLIS2] [VRAM] +256MB (now 3244MB) reserved=3836MB peak=3244MB
  [ComfyUI] [worker:ComfyUI-TRELLIS2] [VRAM] -251MB (now 2993MB) reserved=3836MB peak=3244MB
  [ComfyUI] [worker:ComfyUI-TRELLIS2] [VRAM] -251MB (now 2993MB) reserved=3836MB peak=3244MB
  [capture-loop] iter=150 t=18.5s state={'complete': False, 'error': None, 'executedCount': 0, 'wsState': 1} eval_ms=4 ram=19.3/31.9GB (61%) swap=0.7/9.5GB (7%) cpu=4% browser_rss=0.60GB
  [ComfyUI] [worker:ComfyUI-TRELLIS2] [sparse-conv] out=169MB alloc=2993MB
  [ComfyUI] [worker:ComfyUI-TRELLIS2] [sparse-conv] out=169MB alloc=2993MB
  [ComfyUI] [worker:ComfyUI-TRELLIS2] [sparse-conv] N=692,157 Ci=128 Co=128 feats=337MB cache=155MB (miss) w_dev=cuda:0 alloc=4038MB
  [ComfyUI] [worker:ComfyUI-TRELLIS2] [sparse-conv] N=692,157 Ci=128 Co=128 feats=337MB cache=155MB (miss) w_dev=cuda:0 alloc=4038MB
  [ComfyUI] [worker:ComfyUI-TRELLIS2] [VRAM] +1383MB (now 4376MB) reserved=5188MB peak=4376MB
  [ComfyUI] [worker:ComfyUI-TRELLIS2] [VRAM] +1383MB (now 4376MB) reserved=5188MB peak=4376MB
  [ComfyUI] [worker:ComfyUI-TRELLIS2] [VRAM] +256MB (now 4633MB) reserved=5190MB peak=4633MB
  [ComfyUI] [worker:ComfyUI-TRELLIS2] [VRAM] +256MB (now 4633MB) reserved=5190MB peak=4633MB
  [ComfyUI] [worker:ComfyUI-TRELLIS2] [VRAM] -256MB (now 4377MB) reserved=5190MB peak=4633MB
  [ComfyUI] [worker:ComfyUI-TRELLIS2] [VRAM] -256MB (now 4377MB) reserved=5190MB peak=4633MB
  [ComfyUI] [worker:ComfyUI-TRELLIS2] [VRAM] +256MB (now 4633MB) reserved=5190MB peak=4633MB
  [ComfyUI] [worker:ComfyUI-TRELLIS2] [VRAM] +256MB (now 4633MB) reserved=5190MB peak=4633MB
  [capture-loop] iter=200 t=24.3s state={'complete': False, 'error': None, 'executedCount': 0, 'wsState': 1} eval_ms=6 ram=19.3/31.9GB (61%) swap=0.7/9.5GB (7%) cpu=4% browser_rss=0.60GB
  [ComfyUI] [worker:ComfyUI-TRELLIS2] [VRAM] -256MB (now 4377MB) reserved=5190MB peak=4633MB
  [ComfyUI] [worker:ComfyUI-TRELLIS2] [VRAM] -256MB (now 4377MB) reserved=5190MB peak=4633MB
  [ComfyUI] [worker:ComfyUI-TRELLIS2] [VRAM] +256MB (now 4633MB) reserved=5190MB peak=4633MB
  [ComfyUI] [worker:ComfyUI-TRELLIS2] [VRAM] +256MB (now 4633MB) reserved=5190MB peak=4633MB
  [ComfyUI] [worker:ComfyUI-TRELLIS2] [sparse-conv] out=337MB alloc=4379MB
  [ComfyUI] [worker:ComfyUI-TRELLIS2] [sparse-conv] out=337MB alloc=4379MB
  [ComfyUI] [worker:ComfyUI-TRELLIS2] [sparse-conv] N=692,157 Ci=128 Co=128 feats=337MB cache=158MB (hit) w_dev=cuda:0 alloc=2012MB
  [ComfyUI] [worker:ComfyUI-TRELLIS2] [sparse-conv] N=692,157 Ci=128 Co=128 feats=337MB cache=158MB (hit) w_dev=cuda:0 alloc=2012MB
  [ComfyUI] [worker:ComfyUI-TRELLIS2] [sparse-conv] out=337MB alloc=2350MB
  [ComfyUI] [worker:ComfyUI-TRELLIS2] [sparse-conv] out=337MB alloc=2350MB
  [ComfyUI] [worker:ComfyUI-TRELLIS2] [sparse-conv] N=692,157 Ci=128 Co=128 feats=337MB cache=158MB (hit) w_dev=cuda:0 alloc=2012MB
  [ComfyUI] [worker:ComfyUI-TRELLIS2] [sparse-conv] N=692,157 Ci=128 Co=128 feats=337MB cache=158MB (hit) w_dev=cuda:0 alloc=2012MB
  [ComfyUI] [worker:ComfyUI-TRELLIS2] [sparse-conv] out=337MB alloc=2350MB
  [ComfyUI] [worker:ComfyUI-TRELLIS2] [sparse-conv] out=337MB alloc=2350MB
  [ComfyUI] [worker:ComfyUI-TRELLIS2] [sparse-conv] N=692,157 Ci=128 Co=128 feats=337MB cache=158MB (hit) w_dev=cuda:0 alloc=2012MB
  [ComfyUI] [worker:ComfyUI-TRELLIS2] [sparse-conv] N=692,157 Ci=128 Co=128 feats=337MB cache=158MB (hit) w_dev=cuda:0 alloc=2012MB
  [ComfyUI] [worker:ComfyUI-TRELLIS2] [sparse-conv] out=337MB alloc=2350MB
  [ComfyUI] [worker:ComfyUI-TRELLIS2] [sparse-conv] out=337MB alloc=2350MB
  [ComfyUI] [worker:ComfyUI-TRELLIS2] [sparse-conv] N=692,157 Ci=128 Co=128 feats=337MB cache=158MB (hit) w_dev=cuda:0 alloc=2012MB
  [ComfyUI] [worker:ComfyUI-TRELLIS2] [sparse-conv] N=692,157 Ci=128 Co=128 feats=337MB cache=158MB (hit) w_dev=cuda:0 alloc=2012MB
  [ComfyUI] [worker:ComfyUI-TRELLIS2] [sparse-conv] out=337MB alloc=2350MB
  [ComfyUI] [worker:ComfyUI-TRELLIS2] [sparse-conv] out=337MB alloc=2350MB
  [ComfyUI] [worker:ComfyUI-TRELLIS2] [sparse-conv] N=692,157 Ci=128 Co=32 feats=337MB cache=158MB (hit) w_dev=cuda:0 alloc=2349MB
  [ComfyUI] [worker:ComfyUI-TRELLIS2] [sparse-conv] N=692,157 Ci=128 Co=32 feats=337MB cache=158MB (hit) w_dev=cuda:0 alloc=2349MB
  [ComfyUI] [worker:ComfyUI-TRELLIS2] [VRAM] -2285MB (now 2348MB) reserved=6880MB peak=4635MB
  [ComfyUI] [worker:ComfyUI-TRELLIS2] [VRAM] -2285MB (now 2348MB) reserved=6880MB peak=4635MB
  [ComfyUI] [worker:ComfyUI-TRELLIS2] [VRAM] +340MB (now 2689MB) reserved=6880MB peak=4635MB
  [ComfyUI] [worker:ComfyUI-TRELLIS2] [VRAM] +340MB (now 2689MB) reserved=6880MB peak=4635MB
  [ComfyUI] [worker:ComfyUI-TRELLIS2] [sparse-conv] out=84MB alloc=2433MB
  [ComfyUI] [worker:ComfyUI-TRELLIS2] [sparse-conv] out=84MB alloc=2433MB
  [ComfyUI] [worker:ComfyUI-TRELLIS2] [sparse-conv] N=172,383 Ci=256 Co=256 feats=168MB cache=38MB (miss) w_dev=cuda:0 alloc=2909MB
  [ComfyUI] [worker:ComfyUI-TRELLIS2] [sparse-conv] N=172,383 Ci=256 Co=256 feats=168MB cache=38MB (miss) w_dev=cuda:0 alloc=2909MB
  [ComfyUI] [worker:ComfyUI-TRELLIS2] [VRAM] +644MB (now 3334MB) reserved=6882MB peak=4635MB
  [ComfyUI] [worker:ComfyUI-TRELLIS2] [VRAM] +644MB (now 3334MB) reserved=6882MB peak=4635MB
  [capture-loop] iter=250 t=30.1s state={'complete': False, 'error': None, 'executedCount': 0, 'wsState': 1} eval_ms=4 ram=19.3/31.9GB (61%) swap=0.7/9.5GB (7%) cpu=4% browser_rss=0.60GB
  [ComfyUI] [worker:ComfyUI-TRELLIS2] [sparse-conv] out=168MB alloc=3078MB
  [ComfyUI] [worker:ComfyUI-TRELLIS2] [sparse-conv] out=168MB alloc=3078MB
  [ComfyUI] [worker:ComfyUI-TRELLIS2] [sparse-conv] N=172,383 Ci=256 Co=256 feats=168MB cache=39MB (hit) w_dev=cuda:0 alloc=1898MB
  [ComfyUI] [worker:ComfyUI-TRELLIS2] [sparse-conv] N=172,383 Ci=256 Co=256 feats=168MB cache=39MB (hit) w_dev=cuda:0 alloc=1898MB
  [ComfyUI] [worker:ComfyUI-TRELLIS2] [sparse-conv] out=168MB alloc=2067MB
  [ComfyUI] [worker:ComfyUI-TRELLIS2] [sparse-conv] out=168MB alloc=2067MB
  [ComfyUI] [worker:ComfyUI-TRELLIS2] [sparse-conv] N=172,383 Ci=256 Co=256 feats=168MB cache=39MB (hit) w_dev=cuda:0 alloc=1898MB
  [ComfyUI] [worker:ComfyUI-TRELLIS2] [sparse-conv] N=172,383 Ci=256 Co=256 feats=168MB cache=39MB (hit) w_dev=cuda:0 alloc=1898MB
  [ComfyUI] [worker:ComfyUI-TRELLIS2] [sparse-conv] out=168MB alloc=2067MB
  [ComfyUI] [worker:ComfyUI-TRELLIS2] [sparse-conv] out=168MB alloc=2067MB
  [ComfyUI] [worker:ComfyUI-TRELLIS2] [sparse-conv] N=172,383 Ci=256 Co=256 feats=168MB cache=39MB (hit) w_dev=cuda:0 alloc=1898MB
  [ComfyUI] [worker:ComfyUI-TRELLIS2] [sparse-conv] N=172,383 Ci=256 Co=256 feats=168MB cache=39MB (hit) w_dev=cuda:0 alloc=1898MB
  [ComfyUI] [worker:ComfyUI-TRELLIS2] [sparse-conv] out=168MB alloc=2067MB
  [ComfyUI] [worker:ComfyUI-TRELLIS2] [sparse-conv] out=168MB alloc=2067MB
  [ComfyUI] [worker:ComfyUI-TRELLIS2] [sparse-conv] N=172,383 Ci=256 Co=256 feats=168MB cache=39MB (hit) w_dev=cuda:0 alloc=1898MB
  [ComfyUI] [worker:ComfyUI-TRELLIS2] [sparse-conv] N=172,383 Ci=256 Co=256 feats=168MB cache=39MB (hit) w_dev=cuda:0 alloc=1898MB
  [ComfyUI] [worker:ComfyUI-TRELLIS2] [sparse-conv] out=168MB alloc=2067MB
  [ComfyUI] [worker:ComfyUI-TRELLIS2] [sparse-conv] out=168MB alloc=2067MB
  [ComfyUI] [worker:ComfyUI-TRELLIS2] [sparse-conv] N=172,383 Ci=256 Co=256 feats=168MB cache=39MB (hit) w_dev=cuda:0 alloc=1898MB
  [ComfyUI] [worker:ComfyUI-TRELLIS2] [sparse-conv] N=172,383 Ci=256 Co=256 feats=168MB cache=39MB (hit) w_dev=cuda:0 alloc=1898MB
  [ComfyUI] [worker:ComfyUI-TRELLIS2] [sparse-conv] out=168MB alloc=2067MB
  [ComfyUI] [worker:ComfyUI-TRELLIS2] [sparse-conv] out=168MB alloc=2067MB
  [ComfyUI] [worker:ComfyUI-TRELLIS2] [sparse-conv] N=172,383 Ci=256 Co=256 feats=168MB cache=39MB (hit) w_dev=cuda:0 alloc=1898MB
  [ComfyUI] [worker:ComfyUI-TRELLIS2] [sparse-conv] N=172,383 Ci=256 Co=256 feats=168MB cache=39MB (hit) w_dev=cuda:0 alloc=1898MB
  [ComfyUI] [worker:ComfyUI-TRELLIS2] [sparse-conv] out=168MB alloc=2067MB
  [ComfyUI] [worker:ComfyUI-TRELLIS2] [sparse-conv] out=168MB alloc=2067MB
  [ComfyUI] [worker:ComfyUI-TRELLIS2] [sparse-conv] N=172,383 Ci=256 Co=256 feats=168MB cache=39MB (hit) w_dev=cuda:0 alloc=1898MB
  [ComfyUI] [worker:ComfyUI-TRELLIS2] [sparse-conv] N=172,383 Ci=256 Co=256 feats=168MB cache=39MB (hit) w_dev=cuda:0 alloc=1898MB
  [ComfyUI] [worker:ComfyUI-TRELLIS2] [sparse-conv] out=168MB alloc=2067MB
  [ComfyUI] [worker:ComfyUI-TRELLIS2] [sparse-conv] out=168MB alloc=2067MB
  [ComfyUI] [worker:ComfyUI-TRELLIS2] [sparse-conv] N=172,383 Ci=256 Co=256 feats=168MB cache=39MB (hit) w_dev=cuda:0 alloc=1898MB
  [ComfyUI] [worker:ComfyUI-TRELLIS2] [sparse-conv] N=172,383 Ci=256 Co=256 feats=168MB cache=39MB (hit) w_dev=cuda:0 alloc=1898MB
  [ComfyUI] [worker:ComfyUI-TRELLIS2] [sparse-conv] out=168MB alloc=2067MB
  [ComfyUI] [worker:ComfyUI-TRELLIS2] [sparse-conv] out=168MB alloc=2067MB
  [ComfyUI] [worker:ComfyUI-TRELLIS2] [sparse-conv] N=172,383 Ci=256 Co=64 feats=168MB cache=39MB (hit) w_dev=cuda:0 alloc=2062MB
  [ComfyUI] [worker:ComfyUI-TRELLIS2] [sparse-conv] N=172,383 Ci=256 Co=64 feats=168MB cache=39MB (hit) w_dev=cuda:0 alloc=2062MB
  [ComfyUI] [worker:ComfyUI-TRELLIS2] [VRAM] -1272MB (now 2062MB) reserved=6882MB peak=4635MB
  [ComfyUI] [worker:ComfyUI-TRELLIS2] [VRAM] -1272MB (now 2062MB) reserved=6882MB peak=4635MB
  [ComfyUI] [worker:ComfyUI-TRELLIS2] [VRAM] +298MB (now 2360MB) reserved=6882MB peak=4635MB
  [ComfyUI] [worker:ComfyUI-TRELLIS2] [VRAM] +298MB (now 2360MB) reserved=6882MB peak=4635MB
  [ComfyUI] [worker:ComfyUI-TRELLIS2] [sparse-conv] out=42MB alloc=2104MB
  [ComfyUI] [worker:ComfyUI-TRELLIS2] [sparse-conv] out=42MB alloc=2104MB
  [ComfyUI] [worker:ComfyUI-TRELLIS2] [sparse-conv] N=42,764 Ci=512 Co=512 feats=83MB cache=9MB (miss) w_dev=cuda:0 alloc=2349MB
  [ComfyUI] [worker:ComfyUI-TRELLIS2] [sparse-conv] N=42,764 Ci=512 Co=512 feats=83MB cache=9MB (miss) w_dev=cuda:0 alloc=2349MB
  [ComfyUI] [worker:ComfyUI-TRELLIS2] [VRAM] +328MB (now 2688MB) reserved=6886MB peak=4635MB
  [ComfyUI] [worker:ComfyUI-TRELLIS2] [VRAM] +328MB (now 2688MB) reserved=6886MB peak=4635MB
  [ComfyUI] [worker:ComfyUI-TRELLIS2] [VRAM] -256MB (now 2432MB) reserved=6886MB peak=4635MB
  [ComfyUI] [worker:ComfyUI-TRELLIS2] [VRAM] -256MB (now 2432MB) reserved=6886MB peak=4635MB
  [ComfyUI] [worker:ComfyUI-TRELLIS2] [sparse-conv] out=83MB alloc=2432MB
  [ComfyUI] [worker:ComfyUI-TRELLIS2] [sparse-conv] out=83MB alloc=2432MB
  [ComfyUI] [worker:ComfyUI-TRELLIS2] [sparse-conv] N=42,764 Ci=512 Co=512 feats=83MB cache=9MB (hit) w_dev=cuda:0 alloc=1846MB
  [ComfyUI] [worker:ComfyUI-TRELLIS2] [sparse-conv] N=42,764 Ci=512 Co=512 feats=83MB cache=9MB (hit) w_dev=cuda:0 alloc=1846MB
  [ComfyUI] [worker:ComfyUI-TRELLIS2] [sparse-conv] out=83MB alloc=1930MB
  [ComfyUI] [worker:ComfyUI-TRELLIS2] [sparse-conv] out=83MB alloc=1930MB
  [ComfyUI] [worker:ComfyUI-TRELLIS2] [sparse-conv] N=42,764 Ci=512 Co=512 feats=83MB cache=9MB (hit) w_dev=cuda:0 alloc=1846MB
  [ComfyUI] [worker:ComfyUI-TRELLIS2] [sparse-conv] N=42,764 Ci=512 Co=512 feats=83MB cache=9MB (hit) w_dev=cuda:0 alloc=1846MB
  [ComfyUI] [worker:ComfyUI-TRELLIS2] [sparse-conv] out=83MB alloc=1930MB
  [ComfyUI] [worker:ComfyUI-TRELLIS2] [sparse-conv] out=83MB alloc=1930MB
  [ComfyUI] [worker:ComfyUI-TRELLIS2] [sparse-conv] N=42,764 Ci=512 Co=512 feats=83MB cache=9MB (hit) w_dev=cuda:0 alloc=1846MB
  [ComfyUI] [worker:ComfyUI-TRELLIS2] [sparse-conv] N=42,764 Ci=512 Co=512 feats=83MB cache=9MB (hit) w_dev=cuda:0 alloc=1846MB
  [ComfyUI] [worker:ComfyUI-TRELLIS2] [sparse-conv] out=83MB alloc=1930MB
  [ComfyUI] [worker:ComfyUI-TRELLIS2] [sparse-conv] out=83MB alloc=1930MB
  [ComfyUI] [worker:ComfyUI-TRELLIS2] [sparse-conv] N=42,764 Ci=512 Co=512 feats=83MB cache=9MB (hit) w_dev=cuda:0 alloc=1846MB
  [ComfyUI] [worker:ComfyUI-TRELLIS2] [sparse-conv] N=42,764 Ci=512 Co=512 feats=83MB cache=9MB (hit) w_dev=cuda:0 alloc=1846MB
  [ComfyUI] [worker:ComfyUI-TRELLIS2] [sparse-conv] out=83MB alloc=1930MB
  [ComfyUI] [worker:ComfyUI-TRELLIS2] [sparse-conv] out=83MB alloc=1930MB
  [ComfyUI] [worker:ComfyUI-TRELLIS2] [sparse-conv] N=42,764 Ci=512 Co=512 feats=83MB cache=9MB (hit) w_dev=cuda:0 alloc=1846MB
  [ComfyUI] [worker:ComfyUI-TRELLIS2] [sparse-conv] N=42,764 Ci=512 Co=512 feats=83MB cache=9MB (hit) w_dev=cuda:0 alloc=1846MB
  [ComfyUI] [worker:ComfyUI-TRELLIS2] [sparse-conv] out=83MB alloc=1930MB
  [ComfyUI] [worker:ComfyUI-TRELLIS2] [sparse-conv] out=83MB alloc=1930MB
  [ComfyUI] [worker:ComfyUI-TRELLIS2] [sparse-conv] N=42,764 Ci=512 Co=512 feats=83MB cache=9MB (hit) w_dev=cuda:0 alloc=1846MB
  [ComfyUI] [worker:ComfyUI-TRELLIS2] [sparse-conv] N=42,764 Ci=512 Co=512 feats=83MB cache=9MB (hit) w_dev=cuda:0 alloc=1846MB
  [ComfyUI] [worker:ComfyUI-TRELLIS2] [sparse-conv] out=83MB alloc=1930MB
  [ComfyUI] [worker:ComfyUI-TRELLIS2] [sparse-conv] out=83MB alloc=1930MB
  [ComfyUI] [worker:ComfyUI-TRELLIS2] [sparse-conv] N=42,764 Ci=512 Co=512 feats=83MB cache=9MB (hit) w_dev=cuda:0 alloc=1846MB
  [ComfyUI] [worker:ComfyUI-TRELLIS2] [sparse-conv] N=42,764 Ci=512 Co=512 feats=83MB cache=9MB (hit) w_dev=cuda:0 alloc=1846MB
  [ComfyUI] [worker:ComfyUI-TRELLIS2] [sparse-conv] out=83MB alloc=1930MB
  [ComfyUI] [worker:ComfyUI-TRELLIS2] [sparse-conv] out=83MB alloc=1930MB
  [ComfyUI] [worker:ComfyUI-TRELLIS2] [sparse-conv] N=42,764 Ci=512 Co=512 feats=83MB cache=9MB (hit) w_dev=cuda:0 alloc=1846MB
  [ComfyUI] [worker:ComfyUI-TRELLIS2] [sparse-conv] N=42,764 Ci=512 Co=512 feats=83MB cache=9MB (hit) w_dev=cuda:0 alloc=1846MB
  [ComfyUI] [worker:ComfyUI-TRELLIS2] [sparse-conv] out=83MB alloc=1930MB
  [ComfyUI] [worker:ComfyUI-TRELLIS2] [sparse-conv] out=83MB alloc=1930MB
  [ComfyUI] [worker:ComfyUI-TRELLIS2] [sparse-conv] N=42,764 Ci=512 Co=512 feats=83MB cache=9MB (hit) w_dev=cuda:0 alloc=1846MB
  [ComfyUI] [worker:ComfyUI-TRELLIS2] [sparse-conv] N=42,764 Ci=512 Co=512 feats=83MB cache=9MB (hit) w_dev=cuda:0 alloc=1846MB
  [ComfyUI] [worker:ComfyUI-TRELLIS2] [sparse-conv] out=83MB alloc=1930MB
  [ComfyUI] [worker:ComfyUI-TRELLIS2] [sparse-conv] out=83MB alloc=1930MB
  [ComfyUI] [worker:ComfyUI-TRELLIS2] [sparse-conv] N=42,764 Ci=512 Co=512 feats=83MB cache=9MB (hit) w_dev=cuda:0 alloc=1846MB
  [ComfyUI] [worker:ComfyUI-TRELLIS2] [sparse-conv] N=42,764 Ci=512 Co=512 feats=83MB cache=9MB (hit) w_dev=cuda:0 alloc=1846MB
  [ComfyUI] [worker:ComfyUI-TRELLIS2] [sparse-conv] out=83MB alloc=1930MB
  [ComfyUI] [worker:ComfyUI-TRELLIS2] [sparse-conv] out=83MB alloc=1930MB
  [ComfyUI] [worker:ComfyUI-TRELLIS2] [sparse-conv] N=42,764 Ci=512 Co=512 feats=83MB cache=9MB (hit) w_dev=cuda:0 alloc=1846MB
  [ComfyUI] [worker:ComfyUI-TRELLIS2] [sparse-conv] N=42,764 Ci=512 Co=512 feats=83MB cache=9MB (hit) w_dev=cuda:0 alloc=1846MB
  [ComfyUI] [worker:ComfyUI-TRELLIS2] [sparse-conv] out=83MB alloc=1930MB
  [ComfyUI] [worker:ComfyUI-TRELLIS2] [sparse-conv] out=83MB alloc=1930MB
  [ComfyUI] [worker:ComfyUI-TRELLIS2] [sparse-conv] N=42,764 Ci=512 Co=512 feats=83MB cache=9MB (hit) w_dev=cuda:0 alloc=1846MB
  [ComfyUI] [worker:ComfyUI-TRELLIS2] [sparse-conv] N=42,764 Ci=512 Co=512 feats=83MB cache=9MB (hit) w_dev=cuda:0 alloc=1846MB
  [ComfyUI] [worker:ComfyUI-TRELLIS2] [sparse-conv] out=83MB alloc=1930MB
  [ComfyUI] [worker:ComfyUI-TRELLIS2] [sparse-conv] out=83MB alloc=1930MB
  [ComfyUI] [worker:ComfyUI-TRELLIS2] [sparse-conv] N=42,764 Ci=512 Co=512 feats=83MB cache=9MB (hit) w_dev=cuda:0 alloc=1846MB
  [ComfyUI] [worker:ComfyUI-TRELLIS2] [sparse-conv] N=42,764 Ci=512 Co=512 feats=83MB cache=9MB (hit) w_dev=cuda:0 alloc=1846MB
  [ComfyUI] [worker:ComfyUI-TRELLIS2] [sparse-conv] out=83MB alloc=1930MB
  [ComfyUI] [worker:ComfyUI-TRELLIS2] [sparse-conv] out=83MB alloc=1930MB
  [ComfyUI] [worker:ComfyUI-TRELLIS2] [sparse-conv] N=42,764 Ci=512 Co=512 feats=83MB cache=9MB (hit) w_dev=cuda:0 alloc=1846MB
  [ComfyUI] [worker:ComfyUI-TRELLIS2] [sparse-conv] N=42,764 Ci=512 Co=512 feats=83MB cache=9MB (hit) w_dev=cuda:0 alloc=1846MB
  [ComfyUI] [worker:ComfyUI-TRELLIS2] [sparse-conv] out=83MB alloc=1930MB
  [ComfyUI] [worker:ComfyUI-TRELLIS2] [sparse-conv] out=83MB alloc=1930MB
  [ComfyUI] [worker:ComfyUI-TRELLIS2] [sparse-conv] N=42,764 Ci=512 Co=512 feats=83MB cache=9MB (hit) w_dev=cuda:0 alloc=1846MB
  [ComfyUI] [worker:ComfyUI-TRELLIS2] [sparse-conv] N=42,764 Ci=512 Co=512 feats=83MB cache=9MB (hit) w_dev=cuda:0 alloc=1846MB
  [ComfyUI] [worker:ComfyUI-TRELLIS2] [sparse-conv] out=83MB alloc=1930MB
  [ComfyUI] [worker:ComfyUI-TRELLIS2] [sparse-conv] out=83MB alloc=1930MB
  [ComfyUI] [worker:ComfyUI-TRELLIS2] [sparse-conv] N=42,764 Ci=512 Co=512 feats=83MB cache=9MB (hit) w_dev=cuda:0 alloc=1846MB
  [ComfyUI] [worker:ComfyUI-TRELLIS2] [sparse-conv] N=42,764 Ci=512 Co=512 feats=83MB cache=9MB (hit) w_dev=cuda:0 alloc=1846MB
  [ComfyUI] [worker:ComfyUI-TRELLIS2] [sparse-conv] out=83MB alloc=1930MB
  [ComfyUI] [worker:ComfyUI-TRELLIS2] [sparse-conv] out=83MB alloc=1930MB
  [ComfyUI] [worker:ComfyUI-TRELLIS2] [sparse-conv] N=42,764 Ci=512 Co=128 feats=83MB cache=9MB (hit) w_dev=cuda:0 alloc=1910MB
  [ComfyUI] [worker:ComfyUI-TRELLIS2] [sparse-conv] N=42,764 Ci=512 Co=128 feats=83MB cache=9MB (hit) w_dev=cuda:0 alloc=1910MB
  [ComfyUI] [worker:ComfyUI-TRELLIS2] [VRAM] -246MB (now 2186MB) reserved=6886MB peak=4635MB
  [ComfyUI] [worker:ComfyUI-TRELLIS2] [VRAM] -246MB (now 2186MB) reserved=6886MB peak=4635MB
  [ComfyUI] [worker:ComfyUI-TRELLIS2] [VRAM] -236MB (now 1951MB) reserved=6886MB peak=4635MB
  [ComfyUI] [worker:ComfyUI-TRELLIS2] [VRAM] -236MB (now 1951MB) reserved=6886MB peak=4635MB
  [capture-loop] iter=300 t=36.0s state={'complete': False, 'error': None, 'executedCount': 0, 'wsState': 1} eval_ms=4 ram=19.3/31.9GB (61%) swap=0.7/9.5GB (7%) cpu=4% browser_rss=0.59GB
  [ComfyUI] [worker:ComfyUI-TRELLIS2] [VRAM] +256MB (now 2207MB) reserved=6886MB peak=4635MB
  [ComfyUI] [worker:ComfyUI-TRELLIS2] [VRAM] +256MB (now 2207MB) reserved=6886MB peak=4635MB
  [ComfyUI] [worker:ComfyUI-TRELLIS2] [VRAM] -256MB (now 1951MB) reserved=6886MB peak=4635MB
  [ComfyUI] [worker:ComfyUI-TRELLIS2] [VRAM] -256MB (now 1951MB) reserved=6886MB peak=4635MB
  [ComfyUI] [worker:ComfyUI-TRELLIS2] [VRAM] +256MB (now 2207MB) reserved=6886MB peak=4635MB
  [ComfyUI] [worker:ComfyUI-TRELLIS2] [VRAM] +256MB (now 2207MB) reserved=6886MB peak=4635MB
  [ComfyUI] [worker:ComfyUI-TRELLIS2] [VRAM] -256MB (now 1951MB) reserved=6886MB peak=4635MB
  [ComfyUI] [worker:ComfyUI-TRELLIS2] [VRAM] -256MB (now 1951MB) reserved=6886MB peak=4635MB
  [capture-loop] iter=350 t=41.8s state={'complete': False, 'error': None, 'executedCount': 0, 'wsState': 1} eval_ms=4 ram=19.4/31.9GB (61%) swap=0.7/9.5GB (7%) cpu=4% browser_rss=0.59GB
  [ComfyUI] [worker:ComfyUI-TRELLIS2] [VRAM] +256MB (now 2207MB) reserved=6886MB peak=4635MB
  [ComfyUI] [worker:ComfyUI-TRELLIS2] [VRAM] +256MB (now 2207MB) reserved=6886MB peak=4635MB
  [ComfyUI] [worker:ComfyUI-TRELLIS2] [VRAM] -215MB (now 1993MB) reserved=6886MB peak=4635MB
  [ComfyUI] [worker:ComfyUI-TRELLIS2] [VRAM] -215MB (now 1993MB) reserved=6886MB peak=4635MB
  [ComfyUI] [worker:ComfyUI-TRELLIS2] [VRAM] +256MB (now 2249MB) reserved=6886MB peak=4635MB
  [ComfyUI] [worker:ComfyUI-TRELLIS2] [VRAM] +256MB (now 2249MB) reserved=6886MB peak=4635MB
  [ComfyUI] [worker:ComfyUI-TRELLIS2] [VRAM] -256MB (now 1993MB) reserved=6886MB peak=4635MB
  [ComfyUI] [worker:ComfyUI-TRELLIS2] [VRAM] -256MB (now 1993MB) reserved=6886MB peak=4635MB
  [capture-loop] iter=400 t=47.7s state={'complete': False, 'error': None, 'executedCount': 0, 'wsState': 1} eval_ms=4 ram=19.4/31.9GB (61%) swap=0.7/9.5GB (7%) cpu=4% browser_rss=0.59GB
  [ComfyUI] [worker:ComfyUI-TRELLIS2] [VRAM] +256MB (now 2249MB) reserved=6886MB peak=4635MB
  [ComfyUI] [worker:ComfyUI-TRELLIS2] [VRAM] +256MB (now 2249MB) reserved=6886MB peak=4635MB
  [ComfyUI] [worker:ComfyUI-TRELLIS2] [VRAM] -256MB (now 1993MB) reserved=6886MB peak=4635MB
  [ComfyUI] [worker:ComfyUI-TRELLIS2] [VRAM] -256MB (now 1993MB) reserved=6886MB peak=4635MB
  [ComfyUI] [worker:ComfyUI-TRELLIS2] [VRAM] +256MB (now 2249MB) reserved=6886MB peak=4635MB
  [ComfyUI] [worker:ComfyUI-TRELLIS2] [VRAM] +256MB (now 2249MB) reserved=6886MB peak=4635MB
  [ComfyUI] [worker:ComfyUI-TRELLIS2] [VRAM] -256MB (now 1993MB) reserved=6886MB peak=4635MB
  [ComfyUI] [worker:ComfyUI-TRELLIS2] [VRAM] -256MB (now 1993MB) reserved=6886MB peak=4635MB
  [ComfyUI] [worker:ComfyUI-TRELLIS2] [sparse-conv] out=20MB alloc=1930MB
  [ComfyUI] [worker:ComfyUI-TRELLIS2] [sparse-conv] out=20MB alloc=1930MB
  [ComfyUI] [worker:ComfyUI-TRELLIS2] [sparse-conv] N=10,576 Ci=1024 Co=1024 feats=41MB cache=2MB (miss) w_dev=cuda:0 alloc=2137MB
  [ComfyUI] [worker:ComfyUI-TRELLIS2] [sparse-conv] N=10,576 Ci=1024 Co=1024 feats=41MB cache=2MB (miss) w_dev=cuda:0 alloc=2137MB
  [ComfyUI] [worker:ComfyUI-TRELLIS2] [VRAM] +441MB (now 2434MB) reserved=6886MB peak=4635MB
  [ComfyUI] [worker:ComfyUI-TRELLIS2] [VRAM] +441MB (now 2434MB) reserved=6886MB peak=4635MB
  [capture-loop] iter=450 t=53.5s state={'complete': False, 'error': None, 'executedCount': 0, 'wsState': 1} eval_ms=4 ram=19.4/31.9GB (61%) swap=0.7/9.5GB (7%) cpu=4% browser_rss=0.59GB
  [ComfyUI] [worker:ComfyUI-TRELLIS2] [VRAM] -298MB (now 2137MB) reserved=6886MB peak=4635MB
  [ComfyUI] [worker:ComfyUI-TRELLIS2] [VRAM] -298MB (now 2137MB) reserved=6886MB peak=4635MB
  [ComfyUI] [worker:ComfyUI-TRELLIS2] [VRAM] +338MB (now 2476MB) reserved=6886MB peak=4635MB
  [ComfyUI] [worker:ComfyUI-TRELLIS2] [VRAM] +338MB (now 2476MB) reserved=6886MB peak=4635MB
  [ComfyUI] [worker:ComfyUI-TRELLIS2] [VRAM] -256MB (now 2220MB) reserved=6886MB peak=4635MB
  [ComfyUI] [worker:ComfyUI-TRELLIS2] [VRAM] -256MB (now 2220MB) reserved=6886MB peak=4635MB
  [ComfyUI] [worker:ComfyUI-TRELLIS2] [VRAM] +256MB (now 2476MB) reserved=6886MB peak=4635MB
  [ComfyUI] [worker:ComfyUI-TRELLIS2] [VRAM] +256MB (now 2476MB) reserved=6886MB peak=4635MB
  [capture-loop] iter=500 t=59.3s state={'complete': False, 'error': None, 'executedCount': 0, 'wsState': 1} eval_ms=4 ram=19.4/31.9GB (61%) swap=0.7/9.5GB (7%) cpu=4% browser_rss=0.59GB
  [ComfyUI] [worker:ComfyUI-TRELLIS2] [VRAM] -256MB (now 2220MB) reserved=6886MB peak=4635MB
  [ComfyUI] [worker:ComfyUI-TRELLIS2] [VRAM] -256MB (now 2220MB) reserved=6886MB peak=4635MB
  [ComfyUI] [worker:ComfyUI-TRELLIS2] [VRAM] +256MB (now 2476MB) reserved=6886MB peak=4635MB
  [ComfyUI] [worker:ComfyUI-TRELLIS2] [VRAM] +256MB (now 2476MB) reserved=6886MB peak=4635MB
  [ComfyUI] [worker:ComfyUI-TRELLIS2] [VRAM] -256MB (now 2220MB) reserved=6886MB peak=4635MB
  [ComfyUI] [worker:ComfyUI-TRELLIS2] [VRAM] -256MB (now 2220MB) reserved=6886MB peak=4635MB
  [ComfyUI] [worker:ComfyUI-TRELLIS2] [sparse-conv] out=41MB alloc=2178MB
  [ComfyUI] [worker:ComfyUI-TRELLIS2] [sparse-conv] out=41MB alloc=2178MB
  [ComfyUI] [worker:ComfyUI-TRELLIS2] [sparse-conv] N=10,576 Ci=1024 Co=1024 feats=41MB cache=2MB (hit) w_dev=cuda:0 alloc=1888MB
  [ComfyUI] [worker:ComfyUI-TRELLIS2] [sparse-conv] N=10,576 Ci=1024 Co=1024 feats=41MB cache=2MB (hit) w_dev=cuda:0 alloc=1888MB
  [ComfyUI] [worker:ComfyUI-TRELLIS2] [sparse-conv] out=41MB alloc=1930MB
  [ComfyUI] [worker:ComfyUI-TRELLIS2] [sparse-conv] out=41MB alloc=1930MB
  [ComfyUI] [worker:ComfyUI-TRELLIS2] [sparse-conv] N=10,576 Ci=1024 Co=1024 feats=41MB cache=2MB (hit) w_dev=cuda:0 alloc=1888MB
  [ComfyUI] [worker:ComfyUI-TRELLIS2] [sparse-conv] N=10,576 Ci=1024 Co=1024 feats=41MB cache=2MB (hit) w_dev=cuda:0 alloc=1888MB
  [ComfyUI] [worker:ComfyUI-TRELLIS2] [sparse-conv] out=41MB alloc=1930MB
  [ComfyUI] [worker:ComfyUI-TRELLIS2] [sparse-conv] out=41MB alloc=1930MB
  [ComfyUI] [worker:ComfyUI-TRELLIS2] [sparse-conv] N=10,576 Ci=1024 Co=1024 feats=41MB cache=2MB (hit) w_dev=cuda:0 alloc=1888MB
  [ComfyUI] [worker:ComfyUI-TRELLIS2] [sparse-conv] N=10,576 Ci=1024 Co=1024 feats=41MB cache=2MB (hit) w_dev=cuda:0 alloc=1888MB
  [ComfyUI] [worker:ComfyUI-TRELLIS2] [sparse-conv] out=41MB alloc=1930MB
  [ComfyUI] [worker:ComfyUI-TRELLIS2] [sparse-conv] out=41MB alloc=1930MB
  [ComfyUI] [worker:ComfyUI-TRELLIS2] [sparse-conv] N=10,576 Ci=1024 Co=1024 feats=41MB cache=2MB (hit) w_dev=cuda:0 alloc=1888MB
  [ComfyUI] [worker:ComfyUI-TRELLIS2] [sparse-conv] N=10,576 Ci=1024 Co=1024 feats=41MB cache=2MB (hit) w_dev=cuda:0 alloc=1888MB
  [ComfyUI] [worker:ComfyUI-TRELLIS2] [sparse-conv] out=41MB alloc=1930MB
  [ComfyUI] [worker:ComfyUI-TRELLIS2] [sparse-conv] out=41MB alloc=1930MB
  [ComfyUI] [worker:ComfyUI-TRELLIS2] [VRAM] -575MB (now 1645MB) reserved=6886MB peak=4635MB
  [ComfyUI] [worker:ComfyUI-TRELLIS2] [VRAM] -575MB (now 1645MB) reserved=6886MB peak=4635MB
  [ComfyUI] [SubprocessWorker] callback 'report_progress' from call_id=44
  [ComfyUI] [SubprocessWorker] callback 'report_progress' from call_id=44
  [ComfyUI] [SubprocessWorker] got response: ok
  [ComfyUI] [SubprocessWorker] got response: ok
  [ComfyUI] [comfy-env] Created 1 model patchers: ['FlexiDualGridVaeEncoder_8']
  [ComfyUI] [comfy-env] Created 1 model patchers: ['FlexiDualGridVaeEncoder_8']
  [ComfyUI] [comfy-env] Trellis2EncodeMesh done (63.47s): result: NodeOutput
  [ComfyUI] [comfy-env] Trellis2EncodeMesh done (63.47s): result: NodeOutput
  [ComfyUI] [VRAM] After Trellis2EncodeMesh: 1271 / 24575 MB
  [ComfyUI] [VRAM] After Trellis2EncodeMesh: 1271 / 24575 MB
  [ComfyUI] [VRAM] Loaded: SubprocessModel (0 MB)
  [ComfyUI] [VRAM] Loaded: SubprocessModel (0 MB)
  [ComfyUI] [comfy-env] Running Trellis2GetConditioning: background_color: 'black', model_config: dict, image: torch.float32 [1,1038,1038,3] cpu, mask: torch.float32 [1,1038,1038] cpu
  [ComfyUI] [comfy-env] Running Trellis2GetConditioning: background_color: 'black', model_config: dict, image: torch.float32 [1,1038,1038,3] cpu, mask: torch.float32 [1,1038,1038] cpu
  [ComfyUI] [VRAM] Before Trellis2GetConditioning: 1271 / 24575 MB
  [ComfyUI] [VRAM] Before Trellis2GetConditioning: 1271 / 24575 MB
  [ComfyUI] [VRAM] Loaded: SubprocessModel (0 MB)
  [ComfyUI] [VRAM] Loaded: SubprocessModel (0 MB)
  [ComfyUI] [SubprocessWorker] call_method: nodes.nodes_inference.Trellis2GetConditioning.EXECUTE_NORMALIZED
  [ComfyUI] [SubprocessWorker] call_method: nodes.nodes_inference.Trellis2GetConditioning.EXECUTE_NORMALIZED
  [ComfyUI] [SubprocessWorker] acquired lock, ensuring started...
  [ComfyUI] [SubprocessWorker] acquired lock, ensuring started...
  [ComfyUI] [ComfyUI-TRELLIS2] Health check: ping (timeout=5.0s)...
  [ComfyUI] [ComfyUI-TRELLIS2] Health check: ping (timeout=5.0s)...
  [ComfyUI] [ComfyUI-TRELLIS2] Health check: ok
  [ComfyUI] [ComfyUI-TRELLIS2] Health check: ok
  [ComfyUI] [SubprocessWorker] worker started/confirmed
  [ComfyUI] [SubprocessWorker] worker started/confirmed
  [ComfyUI] [comfy-env] PRE-SERIALIZE 'image' shape: torch.Size([1, 1038, 1038, 3])
  [ComfyUI] [comfy-env] PRE-SERIALIZE 'image' shape: torch.Size([1, 1038, 1038, 3])
  [ComfyUI] [comfy-env] PRE-SERIALIZE 'mask' shape: torch.Size([1, 1038, 1038])
  [ComfyUI] [comfy-env] PRE-SERIALIZE 'mask' shape: torch.Size([1, 1038, 1038])
  [ComfyUI] [SubprocessWorker] serializing kwargs to shm...
  [ComfyUI] [SubprocessWorker] serializing kwargs to shm...
  [ComfyUI] [SubprocessWorker] created 0 shm blocks
  [ComfyUI] [SubprocessWorker] created 0 shm blocks
  [ComfyUI] [SubprocessWorker] sending request via socket...
  [ComfyUI] [SubprocessWorker] sending request via socket...
  [ComfyUI] [SubprocessWorker] call_id=45 sending call_method
  [ComfyUI] [SubprocessWorker] call_id=45 sending call_method
  [ComfyUI] [worker:ComfyUI-TRELLIS2] [comfy-env] _from_shm got dict with keys: ['__type__', 'strategy', 'manager_path', 'storage_key', 'storage_size']
  [ComfyUI] [worker:ComfyUI-TRELLIS2] [comfy-env] _from_shm got dict with keys: ['__type__', 'strategy', 'manager_path', 'storage_key', 'storage_size']
  [ComfyUI] [worker:ComfyUI-TRELLIS2] [comfy-env] DESERIALIZE TensorRef: tensor_size=[1, 1038, 1038, 3]
  [ComfyUI] [worker:ComfyUI-TRELLIS2] [comfy-env] DESERIALIZE TensorRef: tensor_size=[1, 1038, 1038, 3]
  [ComfyUI] [worker:ComfyUI-TRELLIS2] [comfy-env] DESERIALIZED tensor shape: torch.Size([1, 1038, 1038, 3])
  [ComfyUI] [worker:ComfyUI-TRELLIS2] [comfy-env] DESERIALIZED tensor shape: torch.Size([1, 1038, 1038, 3])
  [ComfyUI] [worker:ComfyUI-TRELLIS2] [comfy-env] _from_shm got dict with keys: ['__type__', 'strategy', 'manager_path', 'storage_key', 'storage_size']
  [ComfyUI] [worker:ComfyUI-TRELLIS2] [comfy-env] _from_shm got dict with keys: ['__type__', 'strategy', 'manager_path', 'storage_key', 'storage_size']
  [ComfyUI] [worker:ComfyUI-TRELLIS2] [comfy-env] DESERIALIZE TensorRef: tensor_size=[1, 1038, 1038]
  [ComfyUI] [worker:ComfyUI-TRELLIS2] [comfy-env] DESERIALIZE TensorRef: tensor_size=[1, 1038, 1038]
  [ComfyUI] [worker:ComfyUI-TRELLIS2] [comfy-env] DESERIALIZED tensor shape: torch.Size([1, 1038, 1038])
  [ComfyUI] [worker:ComfyUI-TRELLIS2] [comfy-env] DESERIALIZED tensor shape: torch.Size([1, 1038, 1038])
  Frame 6 saved (frame_005.jpg, t=63.8s)
  [capture-periodic] freeze=12ms shot=187ms unfreeze=11ms saved=True
  [ComfyUI] [worker:ComfyUI-TRELLIS2] [VRAM] -1637MB (now 9MB) reserved=16MB peak=4635MB
  [ComfyUI] [worker:ComfyUI-TRELLIS2] [VRAM] -1637MB (now 9MB) reserved=16MB peak=4635MB
  [ComfyUI] [SubprocessWorker] callback 'request_vram_budget' from call_id=45
  [ComfyUI] [SubprocessWorker] callback 'request_vram_budget' from call_id=45
  [ComfyUI] [comfy-env] VRAM request: 1.21GB, free before eviction: 24.44GB
  [ComfyUI] [comfy-env] VRAM request: 1.21GB, free before eviction: 24.44GB
  [ComfyUI] [comfy-env] VRAM after eviction: 24.44GB
  [ComfyUI] [comfy-env] VRAM after eviction: 24.44GB
  [ComfyUI] [worker:ComfyUI-TRELLIS2] [TRELLIS2] DinoV3 conditioning: dtype=torch.bfloat16
  [ComfyUI] [worker:ComfyUI-TRELLIS2] [TRELLIS2] DinoV3 conditioning: dtype=torch.bfloat16
  [ComfyUI] [SubprocessWorker] callback 'report_progress' from call_id=45
  [ComfyUI] [SubprocessWorker] callback 'report_progress' from call_id=45
  [ComfyUI] [SubprocessWorker] callback 'report_progress' from call_id=45
  [ComfyUI] [SubprocessWorker] callback 'report_progress' from call_id=45
  [ComfyUI] [SubprocessWorker] callback 'report_progress' from call_id=45
  [ComfyUI] [SubprocessWorker] callback 'report_progress' from call_id=45
  [ComfyUI] [SubprocessWorker] callback 'report_progress' from call_id=45
  [ComfyUI] [SubprocessWorker] callback 'report_progress' from call_id=45
  [ComfyUI] [worker:ComfyUI-TRELLIS2] [VRAM] +370MB (now 379MB) reserved=1218MB peak=4635MB
  [ComfyUI] [worker:ComfyUI-TRELLIS2] [VRAM] +370MB (now 379MB) reserved=1218MB peak=4635MB
  [ComfyUI] [SubprocessWorker] callback 'report_progress' from call_id=45
  [ComfyUI] [SubprocessWorker] callback 'report_progress' from call_id=45
  [ComfyUI] [SubprocessWorker] got response: ok
  [ComfyUI] [SubprocessWorker] got response: ok
  [ComfyUI] [comfy-env] Trellis2GetConditioning done (1.50s): result: NodeOutput
  [ComfyUI] [comfy-env] Trellis2GetConditioning done (1.50s): result: NodeOutput
  [ComfyUI] [VRAM] After Trellis2GetConditioning: 1271 / 24575 MB
  [ComfyUI] [VRAM] After Trellis2GetConditioning: 1271 / 24575 MB
  [ComfyUI] [VRAM] Loaded: SubprocessModel (0 MB)
  [ComfyUI] [VRAM] Loaded: SubprocessModel (0 MB)
  [ComfyUI] [comfy-env] Running Trellis2RefineMesh: seed: 559812319, shape_guidance_strength: 6.5, shape_guidance_rescale: 0.05, shape_sampling_steps: 12, max_tokens: 49152, model_config: dict, conditioning: dict, shape_latent: dict
  [ComfyUI] [comfy-env] Running Trellis2RefineMesh: seed: 559812319, shape_guidance_strength: 6.5, shape_guidance_rescale: 0.05, shape_sampling_steps: 12, max_tokens: 49152, model_config: dict, conditioning: dict, shape_latent: dict
  [ComfyUI] [VRAM] Before Trellis2RefineMesh: 1271 / 24575 MB
  [ComfyUI] [VRAM] Before Trellis2RefineMesh: 1271 / 24575 MB
  [ComfyUI] [VRAM] Loaded: SubprocessModel (0 MB)
  [ComfyUI] [VRAM] Loaded: SubprocessModel (0 MB)
  [ComfyUI] [SubprocessWorker] call_method: nodes.nodes_inference.Trellis2RefineMesh.EXECUTE_NORMALIZED
  [ComfyUI] [SubprocessWorker] call_method: nodes.nodes_inference.Trellis2RefineMesh.EXECUTE_NORMALIZED
  [ComfyUI] [SubprocessWorker] acquired lock, ensuring started...
  [ComfyUI] [SubprocessWorker] acquired lock, ensuring started...
  [ComfyUI] [ComfyUI-TRELLIS2] Health check: ping (timeout=5.0s)...
  [ComfyUI] [ComfyUI-TRELLIS2] Health check: ping (timeout=5.0s)...
  [ComfyUI] [ComfyUI-TRELLIS2] Health check: ok
  [ComfyUI] [ComfyUI-TRELLIS2] Health check: ok
  [ComfyUI] [SubprocessWorker] worker started/confirmed
  [ComfyUI] [SubprocessWorker] worker started/confirmed
  [ComfyUI] [SubprocessWorker] serializing kwargs to shm...
  [ComfyUI] [SubprocessWorker] serializing kwargs to shm...
  [ComfyUI] [SubprocessWorker] created 0 shm blocks
  [ComfyUI] [SubprocessWorker] created 0 shm blocks
  [ComfyUI] [SubprocessWorker] sending request via socket...
  [ComfyUI] [SubprocessWorker] sending request via socket...
  [ComfyUI] [SubprocessWorker] call_id=46 sending call_method
  [ComfyUI] [SubprocessWorker] call_id=46 sending call_method
  [ComfyUI] [worker:ComfyUI-TRELLIS2] [comfy-env] _from_shm got dict with keys: ['__type__', 'strategy', 'manager_path', 'storage_key', 'storage_size']
  [ComfyUI] [worker:ComfyUI-TRELLIS2] [comfy-env] _from_shm got dict with keys: ['__type__', 'strategy', 'manager_path', 'storage_key', 'storage_size']
  [ComfyUI] [worker:ComfyUI-TRELLIS2] [comfy-env] DESERIALIZE TensorRef: tensor_size=[1, 1029, 1024]
  [ComfyUI] [worker:ComfyUI-TRELLIS2] [comfy-env] DESERIALIZE TensorRef: tensor_size=[1, 1029, 1024]
  [ComfyUI] [worker:ComfyUI-TRELLIS2] [comfy-env] DESERIALIZED tensor shape: torch.Size([1, 1029, 1024])
  [ComfyUI] [worker:ComfyUI-TRELLIS2] [comfy-env] DESERIALIZED tensor shape: torch.Size([1, 1029, 1024])
  [ComfyUI] [worker:ComfyUI-TRELLIS2] [comfy-env] _from_shm got dict with keys: ['__type__', 'strategy', 'manager_path', 'storage_key', 'storage_size']
  [ComfyUI] [worker:ComfyUI-TRELLIS2] [comfy-env] _from_shm got dict with keys: ['__type__', 'strategy', 'manager_path', 'storage_key', 'storage_size']
  [ComfyUI] [worker:ComfyUI-TRELLIS2] [comfy-env] DESERIALIZE TensorRef: tensor_size=[1, 1029, 1024]
  [ComfyUI] [worker:ComfyUI-TRELLIS2] [comfy-env] DESERIALIZE TensorRef: tensor_size=[1, 1029, 1024]
  [ComfyUI] [worker:ComfyUI-TRELLIS2] [comfy-env] DESERIALIZED tensor shape: torch.Size([1, 1029, 1024])
  [ComfyUI] [worker:ComfyUI-TRELLIS2] [comfy-env] DESERIALIZED tensor shape: torch.Size([1, 1029, 1024])
  [ComfyUI] [worker:ComfyUI-TRELLIS2] [comfy-env] _from_shm got dict with keys: ['__type__', 'strategy', 'manager_path', 'storage_key', 'storage_size']
  [ComfyUI] [worker:ComfyUI-TRELLIS2] [comfy-env] _from_shm got dict with keys: ['__type__', 'strategy', 'manager_path', 'storage_key', 'storage_size']
  [ComfyUI] [worker:ComfyUI-TRELLIS2] [comfy-env] DESERIALIZE TensorRef: tensor_size=[10576, 32]
  [ComfyUI] [worker:ComfyUI-TRELLIS2] [comfy-env] DESERIALIZE TensorRef: tensor_size=[10576, 32]
  [ComfyUI] [worker:ComfyUI-TRELLIS2] [comfy-env] DESERIALIZED tensor shape: torch.Size([10576, 32])
  [ComfyUI] [worker:ComfyUI-TRELLIS2] [comfy-env] DESERIALIZED tensor shape: torch.Size([10576, 32])
  [ComfyUI] [worker:ComfyUI-TRELLIS2] [comfy-env] _from_shm got dict with keys: ['__type__', 'strategy', 'manager_path', 'storage_key', 'storage_size']
  [ComfyUI] [worker:ComfyUI-TRELLIS2] [comfy-env] _from_shm got dict with keys: ['__type__', 'strategy', 'manager_path', 'storage_key', 'storage_size']
  [ComfyUI] [worker:ComfyUI-TRELLIS2] [comfy-env] DESERIALIZE TensorRef: tensor_size=[10576, 4]
  [ComfyUI] [worker:ComfyUI-TRELLIS2] [comfy-env] DESERIALIZE TensorRef: tensor_size=[10576, 4]
  [ComfyUI] [worker:ComfyUI-TRELLIS2] [comfy-env] DESERIALIZED tensor shape: torch.Size([10576, 4])
  [ComfyUI] [worker:ComfyUI-TRELLIS2] [comfy-env] DESERIALIZED tensor shape: torch.Size([10576, 4])
  [ComfyUI] [worker:ComfyUI-TRELLIS2] [comfy-env] _from_shm got dict with keys: ['__type__', 'strategy', 'manager_path', 'storage_key', 'storage_size']
  [ComfyUI] [worker:ComfyUI-TRELLIS2] [comfy-env] _from_shm got dict with keys: ['__type__', 'strategy', 'manager_path', 'storage_key', 'storage_size']
  [ComfyUI] [worker:ComfyUI-TRELLIS2] [comfy-env] DESERIALIZE TensorRef: tensor_size=[1851, 3]
  [ComfyUI] [worker:ComfyUI-TRELLIS2] [comfy-env] DESERIALIZE TensorRef: tensor_size=[1851, 3]
  [ComfyUI] [worker:ComfyUI-TRELLIS2] [comfy-env] DESERIALIZED tensor shape: torch.Size([1851, 3])
  [ComfyUI] [worker:ComfyUI-TRELLIS2] [comfy-env] DESERIALIZED tensor shape: torch.Size([1851, 3])
  [ComfyUI] [worker:ComfyUI-TRELLIS2] [comfy-env] _from_shm got dict with keys: ['__type__', 'strategy', 'manager_path', 'storage_key', 'storage_size']
  [ComfyUI] [worker:ComfyUI-TRELLIS2] [comfy-env] _from_shm got dict with keys: ['__type__', 'strategy', 'manager_path', 'storage_key', 'storage_size']
  [capture-loop] iter=550 t=65.4s state={'complete': False, 'error': None, 'executedCount': 0, 'wsState': 1} eval_ms=14 ram=19.5/31.9GB (61%) swap=0.7/9.4GB (7%) cpu=12% browser_rss=0.60GB
  [ComfyUI] [worker:ComfyUI-TRELLIS2] [comfy-env] DESERIALIZE TensorRef: tensor_size=[3698, 3]
  [ComfyUI] [worker:ComfyUI-TRELLIS2] [comfy-env] DESERIALIZE TensorRef: tensor_size=[3698, 3]
  [ComfyUI] [worker:ComfyUI-TRELLIS2] [comfy-env] DESERIALIZED tensor shape: torch.Size([3698, 3])
  [ComfyUI] [worker:ComfyUI-TRELLIS2] [comfy-env] DESERIALIZED tensor shape: torch.Size([3698, 3])
  [ComfyUI] [SubprocessWorker] callback 'report_progress' from call_id=46
  [ComfyUI] [SubprocessWorker] callback 'report_progress' from call_id=46
  [ComfyUI] [SubprocessWorker] callback 'request_vram_budget' from call_id=46
  [ComfyUI] [SubprocessWorker] callback 'request_vram_budget' from call_id=46
  [ComfyUI] [comfy-env] VRAM request: 0.95GB, free before eviction: 24.44GB
  [ComfyUI] [comfy-env] VRAM request: 0.95GB, free before eviction: 24.44GB
  [ComfyUI] [comfy-env] VRAM after eviction: 24.44GB
  [ComfyUI] [comfy-env] VRAM after eviction: 24.44GB
  [ComfyUI] [worker:ComfyUI-TRELLIS2] [TRELLIS2] shape_slat_decoder -> GPU: 0.5s
  [ComfyUI] [worker:ComfyUI-TRELLIS2] [TRELLIS2] shape_slat_decoder -> GPU: 0.5s
  [ComfyUI] [worker:ComfyUI-TRELLIS2] [vae] set max_voxels_per_tile=1000000 on 40 SparseConv3d modules
  [ComfyUI] [worker:ComfyUI-TRELLIS2] [vae] set max_voxels_per_tile=1000000 on 40 SparseConv3d modules
  [ComfyUI] [worker:ComfyUI-TRELLIS2] [sparse-conv] N=10,576 Ci=1024 Co=1024 feats=20MB cache=2MB (miss) w_dev=cuda:0 alloc=959MB
  [ComfyUI] [worker:ComfyUI-TRELLIS2] [sparse-conv] N=10,576 Ci=1024 Co=1024 feats=20MB cache=2MB (miss) w_dev=cuda:0 alloc=959MB
  Frame 7 saved (frame_006.jpg, t=66.1s)
  [capture-periodic] freeze=4ms shot=102ms unfreeze=5ms saved=True
  [ComfyUI] [worker:ComfyUI-TRELLIS2] [VRAM] +662MB (now 1041MB) reserved=1310MB peak=4635MB
  [ComfyUI] [worker:ComfyUI-TRELLIS2] [VRAM] +662MB (now 1041MB) reserved=1310MB peak=4635MB
  [ComfyUI] [worker:ComfyUI-TRELLIS2] [VRAM] +256MB (now 1297MB) reserved=1310MB peak=4635MB
  [ComfyUI] [worker:ComfyUI-TRELLIS2] [VRAM] +256MB (now 1297MB) reserved=1310MB peak=4635MB
  [ComfyUI] [worker:ComfyUI-TRELLIS2] [VRAM] -256MB (now 1041MB) reserved=1310MB peak=4635MB
  [ComfyUI] [worker:ComfyUI-TRELLIS2] [VRAM] -256MB (now 1041MB) reserved=1310MB peak=4635MB
  [ComfyUI] [worker:ComfyUI-TRELLIS2] [VRAM] +256MB (now 1297MB) reserved=1310MB peak=4635MB
  [ComfyUI] [worker:ComfyUI-TRELLIS2] [VRAM] +256MB (now 1297MB) reserved=1310MB peak=4635MB
  [ComfyUI] [worker:ComfyUI-TRELLIS2]
  [ComfyUI] [worker:ComfyUI-TRELLIS2]
  [ComfyUI] === WATCHDOG TICK 4 ===
  [ComfyUI] === WATCHDOG TICK 4 ===
  [ComfyUI] [worker:ComfyUI-TRELLIS2] Thread 0x00000c2c (most recent call first):
  [ComfyUI] [worker:ComfyUI-TRELLIS2] Thread 0x00000c2c (most recent call first):
  [ComfyUI]   File "C:\Users\ContainerUser\AppData\Local\Programs\comfy-env\.pixi\envs\trellis2-nodes\lib\threading.py", line 324 in wait
  [ComfyUI]   File "C:\Users\ContainerUser\AppData\Local\Programs\comfy-env\.pixi\envs\trellis2-nodes\lib\threading.py", line 324 in wait
  [ComfyUI]   File "C:\Users\ContainerUser\AppData\Local\Programs\comfy-env\.pixi\envs\trellis2-nodes\lib\threading.py", line 607 in wait
  [ComfyUI]   File "C:\Users\ContainerUser\AppData\Local\Programs\comfy-env\.pixi\envs\trellis2-nodes\lib\threading.py", line 607 in wait
  [ComfyUI]   File "C:\Users\ContainerUser\AppData\Local\Programs\comfy-env\.pixi\envs\trellis2-nodes\lib\site-packages\tqdm\_monitor.py", line 60 in run
  [ComfyUI]   File "C:\Users\ContainerUser\AppData\Local\Programs\comfy-env\.pixi\envs\trellis2-nodes\lib\site-packages\tqdm\_monitor.py", line 60 in run
  [ComfyUI]   File "C:\Users\ContainerUser\AppData\Local\Programs\comfy-env\.pixi\envs\trellis2-nodes\lib\threading.py", line 1016 in _bootstrap_inner
  [ComfyUI]   File "C:\Users\ContainerUser\AppData\Local\Programs\comfy-env\.pixi\envs\trellis2-nodes\lib\threading.py", line 1016 in _bootstrap_inner
  [ComfyUI]   File "C:\Users\ContainerUser\AppData\Local\Programs\comfy-env\.pixi\envs\trellis2-nodes\lib\threading.py", line 973 in _bootstrap
  [ComfyUI]   File "C:\Users\ContainerUser\AppData\Local\Programs\comfy-env\.pixi\envs\trellis2-nodes\lib\threading.py", line 973 in _bootstrap
  [ComfyUI] 
  [ComfyUI] 
  [ComfyUI] Thread 0x0000102c (most recent call first):
  [ComfyUI] Thread 0x0000102c (most recent call first):
  [ComfyUI]   File "C:\Users\ContainerUser\AppData\Local\Temp\comfyui_pvenv_ceqbupwl\persistent_worker.py", line 106 in _vram_poller
  [ComfyUI]   File "C:\Users\ContainerUser\AppData\Local\Temp\comfyui_pvenv_ceqbupwl\persistent_worker.py", line 106 in _vram_poller
  [ComfyUI]   File "C:\Users\ContainerUser\AppData\Local\Programs\comfy-env\.pixi\envs\trellis2-nodes\lib\threading.py", line 953 in run
  [ComfyUI]   File "C:\Users\ContainerUser\AppData\Local\Programs\comfy-env\.pixi\envs\trellis2-nodes\lib\threading.py", line 953 in run
  [ComfyUI]   File "C:\Users\ContainerUser\AppData\Local\Programs\comfy-env\.pixi\envs\trellis2-nodes\lib\threading.py", line 1016 in _bootstrap_inner
  [ComfyUI]   File "C:\Users\ContainerUser\AppData\Local\Programs\comfy-env\.pixi\envs\trellis2-nodes\lib\threading.py", line 1016 in _bootstrap_inner
  [ComfyUI]   File "C:\Users\ContainerUser\AppData\Local\Programs\comfy-env\.pixi\envs\trellis2-nodes\lib\threading.py", line 973 in _bootstrap
  [ComfyUI]   File "C:\Users\ContainerUser\AppData\Local\Programs\comfy-env\.pixi\envs\trellis2-nodes\lib\threading.py", line 973 in _bootstrap
  [ComfyUI] 
  [ComfyUI] 
  [ComfyUI] Current thread 0x00002100 (most recent call first):
  [ComfyUI] Current thread 0x00002100 (most recent call first):
  [ComfyUI]   File "C:\Users\ContainerUser\AppData\Local\Temp\comfyui_pvenv_ceqbupwl\persistent_worker.py", line 52 in _watchdog
  [ComfyUI]   File "C:\Users\ContainerUser\AppData\Local\Temp\comfyui_pvenv_ceqbupwl\persistent_worker.py", line 52 in _watchdog
  [ComfyUI]   File "C:\Users\ContainerUser\AppData\Local\Programs\comfy-env\.pixi\envs\trellis2-nodes\lib\threading.py", line 953 in run
  [ComfyUI]   File "C:\Users\ContainerUser\AppData\Local\Programs\comfy-env\.pixi\envs\trellis2-nodes\lib\threading.py", line 953 in run
  [ComfyUI]   File "C:\Users\ContainerUser\AppData\Local\Programs\comfy-env\.pixi\envs\trellis2-nodes\lib\threading.py", line 1016 in _bootstrap_inner
  [ComfyUI]   File "C:\Users\ContainerUser\AppData\Local\Programs\comfy-env\.pixi\envs\trellis2-nodes\lib\threading.py", line 1016 in _bootstrap_inner
  [ComfyUI]   File "C:\Users\ContainerUser\AppData\Local\Programs\comfy-env\.pixi\envs\trellis2-nodes\lib\threading.py", line 973 in _bootstrap
  [ComfyUI]   File "C:\Users\ContainerUser\AppData\Local\Programs\comfy-env\.pixi\envs\trellis2-nodes\lib\threading.py", line 973 in _bootstrap
  [ComfyUI] 
  [ComfyUI] 
  [ComfyUI] Thread 0x00002980 (most recent call first):
  [ComfyUI] Thread 0x00002980 (most recent call first):
  [ComfyUI]   File "C:\Users\ContainerUser\AppData\Local\Programs\comfy-env\.pixi\envs\trellis2-nodes\lib\site-packages\torch\cuda\__init__.py", line 1108 in synchronize
  [ComfyUI]   File "C:\Users\ContainerUser\AppData\Local\Programs\comfy-env\.pixi\envs\trellis2-nodes\lib\site-packages\torch\cuda\__init__.py", line 1108 in synchronize
  [ComfyUI]   File "C:\Users\ContainerUser\AppData\Local\Programs\comfy-env\.pixi\envs\trellis2-nodes\Lib\site-packages\triton\testing.py", line 188 in do_bench
  [ComfyUI]   File "C:\Users\ContainerUser\AppData\Local\Programs\comfy-env\.pixi\envs\trellis2-nodes\Lib\site-packages\triton\testing.py", line 188 in do_bench
  [ComfyUI]   File "C:\Users\ContainerUser\AppData\Local\Programs\comfy-env\.pixi\envs\trellis2-nodes\Lib\site-packages\triton\runtime\autotuner.py", line 164 in _bench
  [ComfyUI]   File "C:\Users\ContainerUser\AppData\Local\Programs\comfy-env\.pixi\envs\trellis2-nodes\Lib\site-packages\triton\runtime\autotuner.py", line 164 in _bench
  [ComfyUI]   File "C:\Users\ContainerUser\AppData\Local\Programs\comfy-env\.pixi\envs\trellis2-nodes\Lib\site-packages\flex_gemm_ap\utils\autotuner.py", line 67 in <dictcomp>
  [ComfyUI]   File "C:\Users\ContainerUser\AppData\Local\Programs\comfy-env\.pixi\envs\trellis2-nodes\Lib\site-packages\flex_gemm_ap\utils\autotuner.py", line 67 in <dictcomp>
  [ComfyUI]   File "C:\Users\ContainerUser\AppData\Local\Programs\comfy-env\.pixi\envs\trellis2-nodes\Lib\site-packages\flex_gemm_ap\utils\autotuner.py", line 67 in run
  [ComfyUI]   File "C:\Users\ContainerUser\AppData\Local\Programs\comfy-env\.pixi\envs\trellis2-nodes\Lib\site-packages\flex_gemm_ap\utils\autotuner.py", line 67 in run
  [ComfyUI]   File "C:\Users\ContainerUser\AppData\Local\Programs\comfy-env\.pixi\envs\trellis2-nodes\Lib\site-packages\triton\runtime\jit.py", line 370 in <lambda>
  [ComfyUI]   File "C:\Users\ContainerUser\AppData\Local\Programs\comfy-env\.pixi\envs\trellis2-nodes\Lib\site-packages\triton\runtime\jit.py", line 370 in <lambda>
  [ComfyUI]   File "C:\Users\ContainerUser\AppData\Local\Programs\comfy-env\.pixi\envs\trellis2-nodes\Lib\site-packages\flex_gemm_ap\kernels\triton\spconv\sparse_submanifold_conv_fwd_masked_implicit_gemm_splitk.py", line 164 in sparse_submanifold_conv_fwd_masked_implicit_gemm_splitk
  [ComfyUI]   File "C:\Users\ContainerUser\AppData\Local\Programs\comfy-env\.pixi\envs\trellis2-nodes\Lib\site-packages\flex_gemm_ap\kernels\triton\spconv\sparse_submanifold_conv_fwd_masked_implicit_gemm_splitk.py", line 164 in sparse_submanifold_conv_fwd_masked_implicit_gemm_splitk
  [ComfyUI]   File "C:\Users\ContainerUser\AppData\Local\Programs\comfy-env\.pixi\envs\trellis2-nodes\Lib\site-packages\flex_gemm_ap\utils\autotuner.py", line 265 in __call__
  [ComfyUI]   File "C:\Users\ContainerUser\AppData\Local\Programs\comfy-env\.pixi\envs\trellis2-nodes\Lib\site-packages\flex_gemm_ap\utils\autotuner.py", line 265 in __call__
  [ComfyUI]   File "C:\Users\ContainerUser\AppData\Local\Programs\comfy-env\.pixi\envs\trellis2-nodes\Lib\site-packages\flex_gemm_ap\ops\spconv\submanifold_conv3d.py", line 336 in _sparse_submanifold_conv_forward
  [ComfyUI]   File "C:\Users\ContainerUser\AppData\Local\Programs\comfy-env\.pixi\envs\trellis2-nodes\Lib\site-packages\flex_gemm_ap\ops\spconv\submanifold_conv3d.py", line 336 in _sparse_submanifold_conv_forward
  [ComfyUI]   File "C:\Users\ContainerUser\AppData\Local\Programs\comfy-env\.pixi\envs\trellis2-nodes\Lib\site-packages\comfy_sparse_attn\ops_sparse.py", line 267 in _flex_gemm_conv3d_forward
  [ComfyUI]   File "C:\Users\ContainerUser\AppData\Local\Programs\comfy-env\.pixi\envs\trellis2-nodes\Lib\site-packages\comfy_sparse_attn\ops_sparse.py", line 267 in _flex_gemm_conv3d_forward
  [ComfyUI]   File "C:\Users\ContainerUser\AppData\Local\Programs\comfy-env\.pixi\envs\trellis2-nodes\Lib\site-packages\comfy_sparse_attn\ops_sparse.py", line 545 in _forward
  [ComfyUI]   File "C:\Users\ContainerUser\AppData\Local\Programs\comfy-env\.pixi\envs\trellis2-nodes\Lib\site-packages\comfy_sparse_attn\ops_sparse.py", line 545 in _forward
  [ComfyUI]   File "C:\Users\ContainerUser\AppData\Local\Programs\comfy-env\.pixi\envs\trellis2-nodes\Lib\site-packages\comfy_sparse_attn\ops_sparse.py", line 560 in forward_comfy_cast_weights
  [ComfyUI]   File "C:\Users\ContainerUser\AppData\Local\Programs\comfy-env\.pixi\envs\trellis2-nodes\Lib\site-packages\comfy_sparse_attn\ops_sparse.py", line 560 in forward_comfy_cast_weights
  [ComfyUI]   File "C:\Users\ContainerUser\AppData\Local\Programs\comfy-env\.pixi\envs\trellis2-nodes\Lib\site-packages\comfy_sparse_attn\ops_sparse.py", line 571 in forward
  [ComfyUI]   File "C:\Users\ContainerUser\AppData\Local\Programs\comfy-env\.pixi\envs\trellis2-nodes\Lib\site-packages\comfy_sparse_attn\ops_sparse.py", line 571 in forward
  [ComfyUI]   File "C:\Users\ContainerUser\AppData\Local\Programs\comfy-env\.pixi\envs\trellis2-nodes\lib\site-packages\torch\nn\modules\module.py", line 1787 in _call_impl
  [ComfyUI]   File "C:\Users\ContainerUser\AppData\Local\Programs\comfy-env\.pixi\envs\trellis2-nodes\lib\site-packages\torch\nn\modules\module.py", line 1787 in _call_impl
  [ComfyUI]   File "C:\Users\ContainerUser\AppData\Local\Programs\comfy-env\.pixi\envs\trellis2-nodes\lib\site-packages\torch\nn\modules\module.py", line 1776 in _wrapped_call_impl
  [ComfyUI]   File "C:\Users\ContainerUser\AppData\Local\Programs\comfy-env\.pixi\envs\trellis2-nodes\lib\site-packages\torch\nn\modules\module.py", line 1776 in _wrapped_call_impl
  [ComfyUI]   File "C:\workspaces\TRELLIS2-2130\ComfyUI\custom_nodes\ComfyUI-TRELLIS2\nodes\trellis2\vae.py", line 793 in _forward
  [ComfyUI]   File "C:\workspaces\TRELLIS2-2130\ComfyUI\custom_nodes\ComfyUI-TRELLIS2\nodes\trellis2\vae.py", line 793 in _forward
  [ComfyUI]   File "C:\workspaces\TRELLIS2-2130\ComfyUI\custom_nodes\ComfyUI-TRELLIS2\nodes\trellis2\vae.py", line 852 in forward
  [ComfyUI]   File "C:\workspaces\TRELLIS2-2130\ComfyUI\custom_nodes\ComfyUI-TRELLIS2\nodes\trellis2\vae.py", line 852 in forward
  [ComfyUI]   File "C:\Users\ContainerUser\AppData\Local\Programs\comfy-env\.pixi\envs\trellis2-nodes\lib\site-packages\torch\nn\modules\module.py", line 1787 in _call_impl
  [ComfyUI]   File "C:\Users\ContainerUser\AppData\Local\Programs\comfy-env\.pixi\envs\trellis2-nodes\lib\site-packages\torch\nn\modules\module.py", line 1787 in _call_impl
  [ComfyUI]   File "C:\Users\ContainerUser\AppData\Local\Programs\comfy-env\.pixi\envs\trellis2-nodes\lib\site-packages\torch\nn\modules\module.py", line 1776 in _wrapped_call_impl
  [ComfyUI]   File "C:\Users\ContainerUser\AppData\Local\Programs\comfy-env\.pixi\envs\trellis2-nodes\lib\site-packages\torch\nn\modules\module.py", line 1776 in _wrapped_call_impl
  [ComfyUI]   File "C:\workspaces\TRELLIS2-2130\ComfyUI\custom_nodes\ComfyUI-TRELLIS2\nodes\trellis2\vae.py", line 1115 in upsample
  [ComfyUI]   File "C:\workspaces\TRELLIS2-2130\ComfyUI\custom_nodes\ComfyUI-TRELLIS2\nodes\trellis2\vae.py", line 1115 in upsample
  [ComfyUI]   File "C:\workspaces\TRELLIS2-2130\ComfyUI\custom_nodes\ComfyUI-TRELLIS2\nodes\stages.py", line 1683 in run_refine_mesh
  [ComfyUI]   File "C:\workspaces\TRELLIS2-2130\ComfyUI\custom_nodes\ComfyUI-TRELLIS2\nodes\stages.py", line 1683 in run_refine_mesh
  [ComfyUI]   File "C:\workspaces\TRELLIS2-2130\ComfyUI\custom_nodes\ComfyUI-TRELLIS2\nodes\nodes_inference.py", line 572 in execute
  [ComfyUI]   File "C:\workspaces\TRELLIS2-2130\ComfyUI\custom_nodes\ComfyUI-TRELLIS2\nodes\nodes_inference.py", line 572 in execute
  [ComfyUI]   File "C:\workspaces\TRELLIS2-2130\ComfyUI\comfy_api\latest\_io.py", line 1833 in EXECUTE_NORMALIZED
  [ComfyUI]   File "C:\workspaces\TRELLIS2-2130\ComfyUI\comfy_api\latest\_io.py", line 1833 in EXECUTE_NORMALIZED
  [ComfyUI]   File "C:\Users\ContainerUser\AppData\Local\Temp\comfyui_pvenv_ceqbupwl\persistent_worker.py", line 1762 in main
  [ComfyUI]   File "C:\Users\ContainerUser\AppData\Local\Temp\comfyui_pvenv_ceqbupwl\persistent_worker.py", line 1762 in main
  [ComfyUI]   File "C:\Users\ContainerUser\AppData\Local\Temp\comfyui_pvenv_ceqbupwl\persistent_worker.py", line 1807 in <module>
  [ComfyUI]   File "C:\Users\ContainerUser\AppData\Local\Temp\comfyui_pvenv_ceqbupwl\persistent_worker.py", line 1807 in <module>
  [ComfyUI] 
  [ComfyUI] 
  [ComfyUI] [worker:ComfyUI-TRELLIS2] === END ===
  [ComfyUI] [worker:ComfyUI-TRELLIS2] === END ===
  [ComfyUI] 
  [ComfyUI] 
  [ComfyUI] [worker:ComfyUI-TRELLIS2] [VRAM] -256MB (now 1041MB) reserved=1310MB peak=4635MB
  [ComfyUI] [worker:ComfyUI-TRELLIS2] [VRAM] -256MB (now 1041MB) reserved=1310MB peak=4635MB
  [capture-loop] iter=600 t=71.4s state={'complete': False, 'error': None, 'executedCount': 0, 'wsState': 1} eval_ms=4 ram=18.6/31.9GB (58%) swap=0.7/9.4GB (7%) cpu=6% browser_rss=0.60GB
  [ComfyUI] [worker:ComfyUI-TRELLIS2] [VRAM] +256MB (now 1297MB) reserved=1310MB peak=4635MB
  [ComfyUI] [worker:ComfyUI-TRELLIS2] [VRAM] +256MB (now 1297MB) reserved=1310MB peak=4635MB
  [ComfyUI] [worker:ComfyUI-TRELLIS2] [sparse-conv] out=20MB alloc=979MB
  [ComfyUI] [worker:ComfyUI-TRELLIS2] [sparse-conv] out=20MB alloc=979MB
  [ComfyUI] [worker:ComfyUI-TRELLIS2] [sparse-conv] N=10,576 Ci=1024 Co=1024 feats=20MB cache=2MB (miss) w_dev=cuda:0 alloc=962MB
  [ComfyUI] [worker:ComfyUI-TRELLIS2] [sparse-conv] N=10,576 Ci=1024 Co=1024 feats=20MB cache=2MB (miss) w_dev=cuda:0 alloc=962MB
  [ComfyUI] [worker:ComfyUI-TRELLIS2] [sparse-conv] out=20MB alloc=983MB
  [ComfyUI] [worker:ComfyUI-TRELLIS2] [sparse-conv] out=20MB alloc=983MB
  [ComfyUI] [worker:ComfyUI-TRELLIS2] [sparse-conv] N=10,576 Ci=1024 Co=1024 feats=20MB cache=2MB (miss) w_dev=cuda:0 alloc=962MB
  [ComfyUI] [worker:ComfyUI-TRELLIS2] [sparse-conv] N=10,576 Ci=1024 Co=1024 feats=20MB cache=2MB (miss) w_dev=cuda:0 alloc=962MB
  [ComfyUI] [worker:ComfyUI-TRELLIS2] [sparse-conv] out=20MB alloc=983MB
  [ComfyUI] [worker:ComfyUI-TRELLIS2] [sparse-conv] out=20MB alloc=983MB
  [ComfyUI] [worker:ComfyUI-TRELLIS2] [sparse-conv] N=10,576 Ci=1024 Co=1024 feats=20MB cache=2MB (miss) w_dev=cuda:0 alloc=962MB
  [ComfyUI] [worker:ComfyUI-TRELLIS2] [sparse-conv] N=10,576 Ci=1024 Co=1024 feats=20MB cache=2MB (miss) w_dev=cuda:0 alloc=962MB
  [ComfyUI] [worker:ComfyUI-TRELLIS2] [sparse-conv] out=20MB alloc=983MB
  [ComfyUI] [worker:ComfyUI-TRELLIS2] [sparse-conv] out=20MB alloc=983MB
  [ComfyUI] [worker:ComfyUI-TRELLIS2] [C2S3d] after subdiv: alloc=959MB
  [ComfyUI] [worker:ComfyUI-TRELLIS2] [C2S3d] after subdiv: alloc=959MB
  [ComfyUI] [worker:ComfyUI-TRELLIS2] [C2S3d] after norm1: alloc=980MB
  [ComfyUI] [worker:ComfyUI-TRELLIS2] [C2S3d] after norm1: alloc=980MB
  [ComfyUI] [worker:ComfyUI-TRELLIS2] [C2S3d] pre-conv1: N=10,576 Ci=1024 Co=4096 alloc=980MB
  [ComfyUI] [worker:ComfyUI-TRELLIS2] [C2S3d] pre-conv1: N=10,576 Ci=1024 Co=4096 alloc=980MB
  [ComfyUI] [worker:ComfyUI-TRELLIS2] [C2S3d] x.feats offloaded before conv1: alloc=980MB
  [ComfyUI] [worker:ComfyUI-TRELLIS2] [C2S3d] x.feats offloaded before conv1: alloc=980MB
  [ComfyUI] [worker:ComfyUI-TRELLIS2] [sparse-conv] N=10,576 Ci=1024 Co=4096 feats=20MB cache=2MB (miss) w_dev=cuda:0 alloc=982MB
  [ComfyUI] [worker:ComfyUI-TRELLIS2] [sparse-conv] N=10,576 Ci=1024 Co=4096 feats=20MB cache=2MB (miss) w_dev=cuda:0 alloc=982MB
  [ComfyUI] [worker:ComfyUI-TRELLIS2] [VRAM] -315MB (now 982MB) reserved=1056MB peak=4635MB
  [ComfyUI] [worker:ComfyUI-TRELLIS2] [VRAM] -315MB (now 982MB) reserved=1056MB peak=4635MB
  [ComfyUI] [worker:ComfyUI-TRELLIS2] [VRAM] +338MB (now 1321MB) reserved=1396MB peak=4635MB
  [ComfyUI] [worker:ComfyUI-TRELLIS2] [VRAM] +338MB (now 1321MB) reserved=1396MB peak=4635MB
  [ComfyUI] [worker:ComfyUI-TRELLIS2] [VRAM] -256MB (now 1065MB) reserved=1396MB peak=4635MB
  [ComfyUI] [worker:ComfyUI-TRELLIS2] [VRAM] -256MB (now 1065MB) reserved=1396MB peak=4635MB
  [ComfyUI] [worker:ComfyUI-TRELLIS2] [VRAM] +256MB (now 1321MB) reserved=1396MB peak=4635MB
  [ComfyUI] [worker:ComfyUI-TRELLIS2] [VRAM] +256MB (now 1321MB) reserved=1396MB peak=4635MB
  [capture-loop] iter=650 t=77.2s state={'complete': False, 'error': None, 'executedCount': 0, 'wsState': 1} eval_ms=5 ram=18.6/31.9GB (58%) swap=0.7/9.4GB (7%) cpu=4% browser_rss=0.60GB
  [ComfyUI] [worker:ComfyUI-TRELLIS2] [sparse-conv] out=82MB alloc=1065MB
  [ComfyUI] [worker:ComfyUI-TRELLIS2] [sparse-conv] out=82MB alloc=1065MB
  [ComfyUI] [worker:ComfyUI-TRELLIS2] [C2S3d] post-conv1: h=torch.Size([10576, 4096]) alloc=1044MB
  [ComfyUI] [worker:ComfyUI-TRELLIS2] [C2S3d] post-conv1: h=torch.Size([10576, 4096]) alloc=1044MB
  [ComfyUI] [worker:ComfyUI-TRELLIS2] [C2S3d] x.feats restored from CPU: alloc=1065MB
  [ComfyUI] [worker:ComfyUI-TRELLIS2] [C2S3d] x.feats restored from CPU: alloc=1065MB
  [ComfyUI] [worker:ComfyUI-TRELLIS2] [C2S3d] pre-C2S(h): alloc=1065MB
  [ComfyUI] [worker:ComfyUI-TRELLIS2] [C2S3d] pre-C2S(h): alloc=1065MB
  [ComfyUI] [worker:ComfyUI-TRELLIS2] [C2S] scatter: 10,576�4096 -> 42,764�512 in=82MB out=41MB alloc=1067MB
  [ComfyUI] [worker:ComfyUI-TRELLIS2] [C2S] scatter: 10,576�4096 -> 42,764�512 in=82MB out=41MB alloc=1067MB
  [ComfyUI] [worker:ComfyUI-TRELLIS2] [C2S] scatter done: alloc=1109MB
  [ComfyUI] [worker:ComfyUI-TRELLIS2] [C2S] scatter done: alloc=1109MB
  [ComfyUI] [worker:ComfyUI-TRELLIS2] [C2S3d] post-C2S(h): h=torch.Size([42764, 512]) alloc=1025MB
  [ComfyUI] [worker:ComfyUI-TRELLIS2] [C2S3d] post-C2S(h): h=torch.Size([42764, 512]) alloc=1025MB
  [ComfyUI] [worker:ComfyUI-TRELLIS2] [C2S] scatter: 10,576�1024 -> 42,764�128 in=20MB out=10MB alloc=1027MB
  [ComfyUI] [worker:ComfyUI-TRELLIS2] [C2S] scatter: 10,576�1024 -> 42,764�128 in=20MB out=10MB alloc=1027MB
  [ComfyUI] [worker:ComfyUI-TRELLIS2] [C2S] scatter done: alloc=1037MB
  [ComfyUI] [worker:ComfyUI-TRELLIS2] [C2S] scatter done: alloc=1037MB
  [ComfyUI] [worker:ComfyUI-TRELLIS2] [C2S3d] post-C2S(x): x=torch.Size([42764, 128]) alloc=1015MB
  [ComfyUI] [worker:ComfyUI-TRELLIS2] [C2S3d] post-C2S(x): x=torch.Size([42764, 128]) alloc=1015MB
  [ComfyUI] [worker:ComfyUI-TRELLIS2] [C2S3d] post-C2S: N=42,764 h=512ch x=128ch alloc=1015MB
  [ComfyUI] [worker:ComfyUI-TRELLIS2] [C2S3d] post-C2S: N=42,764 h=512ch x=128ch alloc=1015MB
  [ComfyUI] [worker:ComfyUI-TRELLIS2] [C2S3d] x offloaded to CPU, pre-conv2: alloc=1004MB
  [ComfyUI] [worker:ComfyUI-TRELLIS2] [C2S3d] x offloaded to CPU, pre-conv2: alloc=1004MB
  [ComfyUI] [worker:ComfyUI-TRELLIS2] [C2S3d] after norm2: alloc=1004MB
  [ComfyUI] [worker:ComfyUI-TRELLIS2] [C2S3d] after norm2: alloc=1004MB
  [ComfyUI] [worker:ComfyUI-TRELLIS2] [C2S3d] after silu: alloc=1004MB
  [ComfyUI] [worker:ComfyUI-TRELLIS2] [C2S3d] after silu: alloc=1004MB
  [ComfyUI] [worker:ComfyUI-TRELLIS2] [sparse-conv] N=42,764 Ci=512 Co=512 feats=41MB cache=9MB (miss) w_dev=cuda:0 alloc=1014MB
  [ComfyUI] [worker:ComfyUI-TRELLIS2] [sparse-conv] N=42,764 Ci=512 Co=512 feats=41MB cache=9MB (miss) w_dev=cuda:0 alloc=1014MB
  [ComfyUI] [worker:ComfyUI-TRELLIS2] [VRAM] -266MB (now 1056MB) reserved=1572MB peak=4635MB
  [ComfyUI] [worker:ComfyUI-TRELLIS2] [VRAM] -266MB (now 1056MB) reserved=1572MB peak=4635MB
  [ComfyUI] [worker:ComfyUI-TRELLIS2] [sparse-conv] out=41MB alloc=1056MB
  [ComfyUI] [worker:ComfyUI-TRELLIS2] [sparse-conv] out=41MB alloc=1056MB
  [ComfyUI] [worker:ComfyUI-TRELLIS2] [C2S3d] post-conv2: alloc=1014MB
  [ComfyUI] [worker:ComfyUI-TRELLIS2] [C2S3d] post-conv2: alloc=1014MB
  [ComfyUI] [worker:ComfyUI-TRELLIS2] [C2S3d] post-conv2 (cache cleared): alloc=1004MB
  [ComfyUI] [worker:ComfyUI-TRELLIS2] [C2S3d] post-conv2 (cache cleared): alloc=1004MB
  [ComfyUI] [worker:ComfyUI-TRELLIS2] [C2S3d] after skip expand: alloc=1046MB
  [ComfyUI] [worker:ComfyUI-TRELLIS2] [C2S3d] after skip expand: alloc=1046MB
  [ComfyUI] [worker:ComfyUI-TRELLIS2] [C2S3d] post-skip: alloc=1004MB
  [ComfyUI] [worker:ComfyUI-TRELLIS2] [C2S3d] post-skip: alloc=1004MB
  [ComfyUI] [worker:ComfyUI-TRELLIS2] [sparse-conv] N=42,764 Ci=512 Co=512 feats=41MB cache=9MB (miss) w_dev=cuda:0 alloc=993MB
  [ComfyUI] [worker:ComfyUI-TRELLIS2] [sparse-conv] N=42,764 Ci=512 Co=512 feats=41MB cache=9MB (miss) w_dev=cuda:0 alloc=993MB
  [ComfyUI] [worker:ComfyUI-TRELLIS2] [sparse-conv] out=41MB alloc=1035MB
  [ComfyUI] [worker:ComfyUI-TRELLIS2] [sparse-conv] out=41MB alloc=1035MB
  [ComfyUI] [worker:ComfyUI-TRELLIS2] [sparse-conv] N=42,764 Ci=512 Co=512 feats=41MB cache=9MB (miss) w_dev=cuda:0 alloc=993MB
  [ComfyUI] [worker:ComfyUI-TRELLIS2] [sparse-conv] N=42,764 Ci=512 Co=512 feats=41MB cache=9MB (miss) w_dev=cuda:0 alloc=993MB
  [ComfyUI] [worker:ComfyUI-TRELLIS2] [sparse-conv] out=41MB alloc=1035MB
  [ComfyUI] [worker:ComfyUI-TRELLIS2] [sparse-conv] out=41MB alloc=1035MB
  [ComfyUI] [worker:ComfyUI-TRELLIS2] [sparse-conv] N=42,764 Ci=512 Co=512 feats=41MB cache=9MB (miss) w_dev=cuda:0 alloc=993MB
  [ComfyUI] [worker:ComfyUI-TRELLIS2] [sparse-conv] N=42,764 Ci=512 Co=512 feats=41MB cache=9MB (miss) w_dev=cuda:0 alloc=993MB
  [ComfyUI] [worker:ComfyUI-TRELLIS2] [sparse-conv] out=41MB alloc=1035MB
  [ComfyUI] [worker:ComfyUI-TRELLIS2] [sparse-conv] out=41MB alloc=1035MB
  [ComfyUI] [worker:ComfyUI-TRELLIS2] [sparse-conv] N=42,764 Ci=512 Co=512 feats=41MB cache=9MB (miss) w_dev=cuda:0 alloc=993MB
  [ComfyUI] [worker:ComfyUI-TRELLIS2] [sparse-conv] N=42,764 Ci=512 Co=512 feats=41MB cache=9MB (miss) w_dev=cuda:0 alloc=993MB
  [ComfyUI] [worker:ComfyUI-TRELLIS2] [sparse-conv] out=41MB alloc=1035MB
  [ComfyUI] [worker:ComfyUI-TRELLIS2] [sparse-conv] out=41MB alloc=1035MB
  [ComfyUI] [worker:ComfyUI-TRELLIS2] [sparse-conv] N=42,764 Ci=512 Co=512 feats=41MB cache=9MB (miss) w_dev=cuda:0 alloc=993MB
  [ComfyUI] [worker:ComfyUI-TRELLIS2] [sparse-conv] N=42,764 Ci=512 Co=512 feats=41MB cache=9MB (miss) w_dev=cuda:0 alloc=993MB
  [ComfyUI] [worker:ComfyUI-TRELLIS2] [sparse-conv] out=41MB alloc=1035MB
  [ComfyUI] [worker:ComfyUI-TRELLIS2] [sparse-conv] out=41MB alloc=1035MB
  [ComfyUI] [worker:ComfyUI-TRELLIS2] [sparse-conv] N=42,764 Ci=512 Co=512 feats=41MB cache=9MB (miss) w_dev=cuda:0 alloc=993MB
  [ComfyUI] [worker:ComfyUI-TRELLIS2] [sparse-conv] N=42,764 Ci=512 Co=512 feats=41MB cache=9MB (miss) w_dev=cuda:0 alloc=993MB
  [ComfyUI] [worker:ComfyUI-TRELLIS2] [sparse-conv] out=41MB alloc=1035MB
  [ComfyUI] [worker:ComfyUI-TRELLIS2] [sparse-conv] out=41MB alloc=1035MB
  [ComfyUI] [worker:ComfyUI-TRELLIS2] [sparse-conv] N=42,764 Ci=512 Co=512 feats=41MB cache=9MB (miss) w_dev=cuda:0 alloc=993MB
  [ComfyUI] [worker:ComfyUI-TRELLIS2] [sparse-conv] N=42,764 Ci=512 Co=512 feats=41MB cache=9MB (miss) w_dev=cuda:0 alloc=993MB
  [ComfyUI] [worker:ComfyUI-TRELLIS2] [sparse-conv] out=41MB alloc=1035MB
  [ComfyUI] [worker:ComfyUI-TRELLIS2] [sparse-conv] out=41MB alloc=1035MB
  [ComfyUI] [worker:ComfyUI-TRELLIS2] [sparse-conv] N=42,764 Ci=512 Co=512 feats=41MB cache=9MB (miss) w_dev=cuda:0 alloc=993MB
  [ComfyUI] [worker:ComfyUI-TRELLIS2] [sparse-conv] N=42,764 Ci=512 Co=512 feats=41MB cache=9MB (miss) w_dev=cuda:0 alloc=993MB
  [ComfyUI] [worker:ComfyUI-TRELLIS2] [sparse-conv] out=41MB alloc=1035MB
  [ComfyUI] [worker:ComfyUI-TRELLIS2] [sparse-conv] out=41MB alloc=1035MB
  [ComfyUI] [worker:ComfyUI-TRELLIS2] [sparse-conv] N=42,764 Ci=512 Co=512 feats=41MB cache=9MB (miss) w_dev=cuda:0 alloc=993MB
  [ComfyUI] [worker:ComfyUI-TRELLIS2] [sparse-conv] N=42,764 Ci=512 Co=512 feats=41MB cache=9MB (miss) w_dev=cuda:0 alloc=993MB
  [ComfyUI] [worker:ComfyUI-TRELLIS2] [sparse-conv] out=41MB alloc=1035MB
  [ComfyUI] [worker:ComfyUI-TRELLIS2] [sparse-conv] out=41MB alloc=1035MB
  [ComfyUI] [worker:ComfyUI-TRELLIS2] [sparse-conv] N=42,764 Ci=512 Co=512 feats=41MB cache=9MB (miss) w_dev=cuda:0 alloc=993MB
  [ComfyUI] [worker:ComfyUI-TRELLIS2] [sparse-conv] N=42,764 Ci=512 Co=512 feats=41MB cache=9MB (miss) w_dev=cuda:0 alloc=993MB
  [ComfyUI] [worker:ComfyUI-TRELLIS2] [sparse-conv] out=41MB alloc=1035MB
  [ComfyUI] [worker:ComfyUI-TRELLIS2] [sparse-conv] out=41MB alloc=1035MB
  [ComfyUI] [worker:ComfyUI-TRELLIS2] [sparse-conv] N=42,764 Ci=512 Co=512 feats=41MB cache=9MB (miss) w_dev=cuda:0 alloc=993MB
  [ComfyUI] [worker:ComfyUI-TRELLIS2] [sparse-conv] N=42,764 Ci=512 Co=512 feats=41MB cache=9MB (miss) w_dev=cuda:0 alloc=993MB
  [ComfyUI] [worker:ComfyUI-TRELLIS2] [sparse-conv] out=41MB alloc=1035MB
  [ComfyUI] [worker:ComfyUI-TRELLIS2] [sparse-conv] out=41MB alloc=1035MB
  [ComfyUI] [worker:ComfyUI-TRELLIS2] [sparse-conv] N=42,764 Ci=512 Co=512 feats=41MB cache=9MB (miss) w_dev=cuda:0 alloc=993MB
  [ComfyUI] [worker:ComfyUI-TRELLIS2] [sparse-conv] N=42,764 Ci=512 Co=512 feats=41MB cache=9MB (miss) w_dev=cuda:0 alloc=993MB
  [ComfyUI] [worker:ComfyUI-TRELLIS2] [sparse-conv] out=41MB alloc=1035MB
  [ComfyUI] [worker:ComfyUI-TRELLIS2] [sparse-conv] out=41MB alloc=1035MB
  [ComfyUI] [worker:ComfyUI-TRELLIS2] [sparse-conv] N=42,764 Ci=512 Co=512 feats=41MB cache=9MB (miss) w_dev=cuda:0 alloc=993MB
  [ComfyUI] [worker:ComfyUI-TRELLIS2] [sparse-conv] N=42,764 Ci=512 Co=512 feats=41MB cache=9MB (miss) w_dev=cuda:0 alloc=993MB
  [ComfyUI] [worker:ComfyUI-TRELLIS2] [sparse-conv] out=41MB alloc=1035MB
  [ComfyUI] [worker:ComfyUI-TRELLIS2] [sparse-conv] out=41MB alloc=1035MB
  [ComfyUI] [worker:ComfyUI-TRELLIS2] [sparse-conv] N=42,764 Ci=512 Co=512 feats=41MB cache=9MB (miss) w_dev=cuda:0 alloc=993MB
  [ComfyUI] [worker:ComfyUI-TRELLIS2] [sparse-conv] N=42,764 Ci=512 Co=512 feats=41MB cache=9MB (miss) w_dev=cuda:0 alloc=993MB
  [ComfyUI] [worker:ComfyUI-TRELLIS2] [sparse-conv] out=41MB alloc=1035MB
  [ComfyUI] [worker:ComfyUI-TRELLIS2] [sparse-conv] out=41MB alloc=1035MB
  [ComfyUI] [worker:ComfyUI-TRELLIS2] [sparse-conv] N=42,764 Ci=512 Co=512 feats=41MB cache=9MB (miss) w_dev=cuda:0 alloc=993MB
  [ComfyUI] [worker:ComfyUI-TRELLIS2] [sparse-conv] N=42,764 Ci=512 Co=512 feats=41MB cache=9MB (miss) w_dev=cuda:0 alloc=993MB
  [ComfyUI] [worker:ComfyUI-TRELLIS2] [sparse-conv] out=41MB alloc=1035MB
  [ComfyUI] [worker:ComfyUI-TRELLIS2] [sparse-conv] out=41MB alloc=1035MB
  [ComfyUI] [worker:ComfyUI-TRELLIS2] [sparse-conv] N=42,764 Ci=512 Co=512 feats=41MB cache=9MB (miss) w_dev=cuda:0 alloc=993MB
  [ComfyUI] [worker:ComfyUI-TRELLIS2] [sparse-conv] N=42,764 Ci=512 Co=512 feats=41MB cache=9MB (miss) w_dev=cuda:0 alloc=993MB
  [ComfyUI] [worker:ComfyUI-TRELLIS2] [sparse-conv] out=41MB alloc=1035MB
  [ComfyUI] [worker:ComfyUI-TRELLIS2] [sparse-conv] out=41MB alloc=1035MB
  [ComfyUI] [worker:ComfyUI-TRELLIS2] [C2S3d] after subdiv: alloc=984MB
  [ComfyUI] [worker:ComfyUI-TRELLIS2] [C2S3d] after subdiv: alloc=984MB
  [ComfyUI] [worker:ComfyUI-TRELLIS2] [C2S3d] after norm1: alloc=1026MB
  [ComfyUI] [worker:ComfyUI-TRELLIS2] [C2S3d] after norm1: alloc=1026MB
  [ComfyUI] [worker:ComfyUI-TRELLIS2] [C2S3d] pre-conv1: N=42,764 Ci=512 Co=2048 alloc=1026MB
  [ComfyUI] [worker:ComfyUI-TRELLIS2] [C2S3d] pre-conv1: N=42,764 Ci=512 Co=2048 alloc=1026MB
  [ComfyUI] [worker:ComfyUI-TRELLIS2] [C2S3d] x.feats offloaded before conv1: alloc=1026MB
  [ComfyUI] [worker:ComfyUI-TRELLIS2] [C2S3d] x.feats offloaded before conv1: alloc=1026MB
  [ComfyUI] [worker:ComfyUI-TRELLIS2] [sparse-conv] N=42,764 Ci=512 Co=2048 feats=41MB cache=9MB (miss) w_dev=cuda:0 alloc=1036MB
  [ComfyUI] [worker:ComfyUI-TRELLIS2] [sparse-conv] N=42,764 Ci=512 Co=2048 feats=41MB cache=9MB (miss) w_dev=cuda:0 alloc=1036MB
  [ComfyUI] [worker:ComfyUI-TRELLIS2] [VRAM] +404MB (now 1460MB) reserved=1740MB peak=4635MB
  [ComfyUI] [worker:ComfyUI-TRELLIS2] [VRAM] +404MB (now 1460MB) reserved=1740MB peak=4635MB
  [ComfyUI] [worker:ComfyUI-TRELLIS2] [VRAM] -256MB (now 1204MB) reserved=1740MB peak=4635MB
  [ComfyUI] [worker:ComfyUI-TRELLIS2] [VRAM] -256MB (now 1204MB) reserved=1740MB peak=4635MB
  [ComfyUI] [worker:ComfyUI-TRELLIS2] [VRAM] +256MB (now 1460MB) reserved=1740MB peak=4635MB
  [ComfyUI] [worker:ComfyUI-TRELLIS2] [VRAM] +256MB (now 1460MB) reserved=1740MB peak=4635MB
  [capture-loop] iter=700 t=83.0s state={'complete': False, 'error': None, 'executedCount': 0, 'wsState': 1} eval_ms=4 ram=18.6/31.9GB (58%) swap=0.7/9.4GB (7%) cpu=6% browser_rss=0.59GB
  [ComfyUI] [worker:ComfyUI-TRELLIS2] [sparse-conv] out=167MB alloc=1204MB
  [ComfyUI] [worker:ComfyUI-TRELLIS2] [sparse-conv] out=167MB alloc=1204MB
  [ComfyUI] [worker:ComfyUI-TRELLIS2] [C2S3d] post-conv1: h=torch.Size([42764, 2048]) alloc=1162MB
  [ComfyUI] [worker:ComfyUI-TRELLIS2] [C2S3d] post-conv1: h=torch.Size([42764, 2048]) alloc=1162MB
  [ComfyUI] [worker:ComfyUI-TRELLIS2] [C2S3d] x.feats restored from CPU: alloc=1204MB
  [ComfyUI] [worker:ComfyUI-TRELLIS2] [C2S3d] x.feats restored from CPU: alloc=1204MB
  [ComfyUI] [worker:ComfyUI-TRELLIS2] [C2S3d] pre-C2S(h): alloc=1204MB
  [ComfyUI] [worker:ComfyUI-TRELLIS2] [C2S3d] pre-C2S(h): alloc=1204MB
  [ComfyUI] [worker:ComfyUI-TRELLIS2] [C2S] scatter: 42,764�2048 -> 172,382�256 in=167MB out=84MB alloc=1212MB
  [ComfyUI] [worker:ComfyUI-TRELLIS2] [C2S] scatter: 42,764�2048 -> 172,382�256 in=167MB out=84MB alloc=1212MB
  [ComfyUI] [worker:ComfyUI-TRELLIS2] [C2S] scatter done: alloc=1296MB
  [ComfyUI] [worker:ComfyUI-TRELLIS2] [C2S] scatter done: alloc=1296MB
  [ComfyUI] [worker:ComfyUI-TRELLIS2] [C2S3d] post-C2S(h): h=torch.Size([172382, 256]) alloc=1123MB
  [ComfyUI] [worker:ComfyUI-TRELLIS2] [C2S3d] post-C2S(h): h=torch.Size([172382, 256]) alloc=1123MB
  [ComfyUI] [worker:ComfyUI-TRELLIS2] [C2S] scatter: 42,764�512 -> 172,382�64 in=41MB out=21MB alloc=1130MB
  [ComfyUI] [worker:ComfyUI-TRELLIS2] [C2S] scatter: 42,764�512 -> 172,382�64 in=41MB out=21MB alloc=1130MB
  [ComfyUI] [worker:ComfyUI-TRELLIS2] [C2S] scatter done: alloc=1151MB
  [ComfyUI] [worker:ComfyUI-TRELLIS2] [C2S] scatter done: alloc=1151MB
  [ComfyUI] [worker:ComfyUI-TRELLIS2] [C2S3d] post-C2S(x): x=torch.Size([172382, 64]) alloc=1105MB
  [ComfyUI] [worker:ComfyUI-TRELLIS2] [C2S3d] post-C2S(x): x=torch.Size([172382, 64]) alloc=1105MB
  [ComfyUI] [worker:ComfyUI-TRELLIS2] [C2S3d] post-C2S: N=172,382 h=256ch x=64ch alloc=1104MB
  [ComfyUI] [worker:ComfyUI-TRELLIS2] [C2S3d] post-C2S: N=172,382 h=256ch x=64ch alloc=1104MB
  [ComfyUI] [worker:ComfyUI-TRELLIS2] [C2S3d] x offloaded to CPU, pre-conv2: alloc=1081MB
  [ComfyUI] [worker:ComfyUI-TRELLIS2] [C2S3d] x offloaded to CPU, pre-conv2: alloc=1081MB
  [ComfyUI] [worker:ComfyUI-TRELLIS2] [C2S3d] after norm2: alloc=1081MB
  [ComfyUI] [worker:ComfyUI-TRELLIS2] [C2S3d] after norm2: alloc=1081MB
  [ComfyUI] [worker:ComfyUI-TRELLIS2] [C2S3d] after silu: alloc=1081MB
  [ComfyUI] [worker:ComfyUI-TRELLIS2] [C2S3d] after silu: alloc=1081MB
  [ComfyUI] [worker:ComfyUI-TRELLIS2] [sparse-conv] N=172,382 Ci=256 Co=256 feats=84MB cache=38MB (miss) w_dev=cuda:0 alloc=1120MB
  [ComfyUI] [worker:ComfyUI-TRELLIS2] [sparse-conv] N=172,382 Ci=256 Co=256 feats=84MB cache=38MB (miss) w_dev=cuda:0 alloc=1120MB
  [ComfyUI] [worker:ComfyUI-TRELLIS2] [VRAM] -256MB (now 1205MB) reserved=1404MB peak=4635MB
  [ComfyUI] [worker:ComfyUI-TRELLIS2] [VRAM] -256MB (now 1205MB) reserved=1404MB peak=4635MB
  [ComfyUI] [worker:ComfyUI-TRELLIS2] [VRAM] +256MB (now 1461MB) reserved=1660MB peak=4635MB
  [ComfyUI] [worker:ComfyUI-TRELLIS2] [VRAM] +256MB (now 1461MB) reserved=1660MB peak=4635MB
  [ComfyUI] [worker:ComfyUI-TRELLIS2] [sparse-conv] out=84MB alloc=1205MB
  [ComfyUI] [worker:ComfyUI-TRELLIS2] [sparse-conv] out=84MB alloc=1205MB
  [ComfyUI] [worker:ComfyUI-TRELLIS2] [C2S3d] post-conv2: alloc=1121MB
  [ComfyUI] [worker:ComfyUI-TRELLIS2] [C2S3d] post-conv2: alloc=1121MB
  [ComfyUI] [worker:ComfyUI-TRELLIS2] [C2S3d] post-conv2 (cache cleared): alloc=1081MB
  [ComfyUI] [worker:ComfyUI-TRELLIS2] [C2S3d] post-conv2 (cache cleared): alloc=1081MB
  [ComfyUI] [worker:ComfyUI-TRELLIS2] [C2S3d] after skip expand: alloc=1165MB
  [ComfyUI] [worker:ComfyUI-TRELLIS2] [C2S3d] after skip expand: alloc=1165MB
  [ComfyUI] [worker:ComfyUI-TRELLIS2] [C2S3d] post-skip: alloc=1081MB
  [ComfyUI] [worker:ComfyUI-TRELLIS2] [C2S3d] post-skip: alloc=1081MB
  [ComfyUI] [worker:ComfyUI-TRELLIS2] [sparse-conv] N=172,382 Ci=256 Co=256 feats=84MB cache=38MB (miss) w_dev=cuda:0 alloc=1076MB
  [ComfyUI] [worker:ComfyUI-TRELLIS2] [sparse-conv] N=172,382 Ci=256 Co=256 feats=84MB cache=38MB (miss) w_dev=cuda:0 alloc=1076MB
  [ComfyUI] [worker:ComfyUI-TRELLIS2] [sparse-conv] out=84MB alloc=1160MB
  [ComfyUI] [worker:ComfyUI-TRELLIS2] [sparse-conv] out=84MB alloc=1160MB
  [ComfyUI] [worker:ComfyUI-TRELLIS2] [sparse-conv] N=172,382 Ci=256 Co=256 feats=84MB cache=38MB (miss) w_dev=cuda:0 alloc=1076MB
  [ComfyUI] [worker:ComfyUI-TRELLIS2] [sparse-conv] N=172,382 Ci=256 Co=256 feats=84MB cache=38MB (miss) w_dev=cuda:0 alloc=1076MB
  [ComfyUI] [worker:ComfyUI-TRELLIS2] [sparse-conv] out=84MB alloc=1160MB
  [ComfyUI] [worker:ComfyUI-TRELLIS2] [sparse-conv] out=84MB alloc=1160MB
  [ComfyUI] [worker:ComfyUI-TRELLIS2] [sparse-conv] N=172,382 Ci=256 Co=256 feats=84MB cache=38MB (miss) w_dev=cuda:0 alloc=1076MB
  [ComfyUI] [worker:ComfyUI-TRELLIS2] [sparse-conv] N=172,382 Ci=256 Co=256 feats=84MB cache=38MB (miss) w_dev=cuda:0 alloc=1076MB
  [ComfyUI] [worker:ComfyUI-TRELLIS2] [sparse-conv] out=84MB alloc=1160MB
  [ComfyUI] [worker:ComfyUI-TRELLIS2] [sparse-conv] out=84MB alloc=1160MB
  [ComfyUI] [worker:ComfyUI-TRELLIS2] [sparse-conv] N=172,382 Ci=256 Co=256 feats=84MB cache=38MB (miss) w_dev=cuda:0 alloc=1076MB
  [ComfyUI] [worker:ComfyUI-TRELLIS2] [sparse-conv] N=172,382 Ci=256 Co=256 feats=84MB cache=38MB (miss) w_dev=cuda:0 alloc=1076MB
  [ComfyUI] [worker:ComfyUI-TRELLIS2] [sparse-conv] out=84MB alloc=1160MB
  [ComfyUI] [worker:ComfyUI-TRELLIS2] [sparse-conv] out=84MB alloc=1160MB
  [ComfyUI] [worker:ComfyUI-TRELLIS2] [sparse-conv] N=172,382 Ci=256 Co=256 feats=84MB cache=38MB (miss) w_dev=cuda:0 alloc=1076MB
  [ComfyUI] [worker:ComfyUI-TRELLIS2] [sparse-conv] N=172,382 Ci=256 Co=256 feats=84MB cache=38MB (miss) w_dev=cuda:0 alloc=1076MB
  [ComfyUI] [worker:ComfyUI-TRELLIS2] [sparse-conv] out=84MB alloc=1160MB
  [ComfyUI] [worker:ComfyUI-TRELLIS2] [sparse-conv] out=84MB alloc=1160MB
  [ComfyUI] [worker:ComfyUI-TRELLIS2] [sparse-conv] N=172,382 Ci=256 Co=256 feats=84MB cache=38MB (miss) w_dev=cuda:0 alloc=1076MB
  [ComfyUI] [worker:ComfyUI-TRELLIS2] [sparse-conv] N=172,382 Ci=256 Co=256 feats=84MB cache=38MB (miss) w_dev=cuda:0 alloc=1076MB
  [ComfyUI] [worker:ComfyUI-TRELLIS2] [sparse-conv] out=84MB alloc=1160MB
  [ComfyUI] [worker:ComfyUI-TRELLIS2] [sparse-conv] out=84MB alloc=1160MB
  [ComfyUI] [worker:ComfyUI-TRELLIS2] [sparse-conv] N=172,382 Ci=256 Co=256 feats=84MB cache=38MB (miss) w_dev=cuda:0 alloc=1076MB
  [ComfyUI] [worker:ComfyUI-TRELLIS2] [sparse-conv] N=172,382 Ci=256 Co=256 feats=84MB cache=38MB (miss) w_dev=cuda:0 alloc=1076MB
  [ComfyUI] [worker:ComfyUI-TRELLIS2] [sparse-conv] out=84MB alloc=1160MB
  [ComfyUI] [worker:ComfyUI-TRELLIS2] [sparse-conv] out=84MB alloc=1160MB
  [ComfyUI] [worker:ComfyUI-TRELLIS2] [sparse-conv] N=172,382 Ci=256 Co=256 feats=84MB cache=38MB (miss) w_dev=cuda:0 alloc=1076MB
  [ComfyUI] [worker:ComfyUI-TRELLIS2] [sparse-conv] N=172,382 Ci=256 Co=256 feats=84MB cache=38MB (miss) w_dev=cuda:0 alloc=1076MB
  [ComfyUI] [worker:ComfyUI-TRELLIS2] [sparse-conv] out=84MB alloc=1160MB
  [ComfyUI] [worker:ComfyUI-TRELLIS2] [sparse-conv] out=84MB alloc=1160MB
  [ComfyUI] [worker:ComfyUI-TRELLIS2] [C2S3d] after subdiv: alloc=1039MB
  [ComfyUI] [worker:ComfyUI-TRELLIS2] [C2S3d] after subdiv: alloc=1039MB
  [ComfyUI] [worker:ComfyUI-TRELLIS2] [C2S3d] after norm1: alloc=1123MB
  [ComfyUI] [worker:ComfyUI-TRELLIS2] [C2S3d] after norm1: alloc=1123MB
  [ComfyUI] [worker:ComfyUI-TRELLIS2] [C2S3d] pre-conv1: N=172,382 Ci=256 Co=1024 alloc=1123MB
  [ComfyUI] [worker:ComfyUI-TRELLIS2] [C2S3d] pre-conv1: N=172,382 Ci=256 Co=1024 alloc=1123MB
  [ComfyUI] [worker:ComfyUI-TRELLIS2] [C2S3d] x.feats offloaded before conv1: alloc=1124MB
  [ComfyUI] [worker:ComfyUI-TRELLIS2] [C2S3d] x.feats offloaded before conv1: alloc=1124MB
  [ComfyUI] [worker:ComfyUI-TRELLIS2] [sparse-conv] N=172,382 Ci=256 Co=1024 feats=84MB cache=38MB (miss) w_dev=cuda:0 alloc=1163MB
  [ComfyUI] [worker:ComfyUI-TRELLIS2] [sparse-conv] N=172,382 Ci=256 Co=1024 feats=84MB cache=38MB (miss) w_dev=cuda:0 alloc=1163MB
  [ComfyUI] [worker:ComfyUI-TRELLIS2] [VRAM] +295MB (now 1756MB) reserved=1846MB peak=4635MB
  [ComfyUI] [worker:ComfyUI-TRELLIS2] [VRAM] +295MB (now 1756MB) reserved=1846MB peak=4635MB
  [ComfyUI] [worker:ComfyUI-TRELLIS2] [sparse-conv] out=336MB alloc=1501MB
  [ComfyUI] [worker:ComfyUI-TRELLIS2] [sparse-conv] out=336MB alloc=1501MB
  [ComfyUI] [worker:ComfyUI-TRELLIS2] [C2S3d] post-conv1: h=torch.Size([172382, 1024]) alloc=1417MB
  [ComfyUI] [worker:ComfyUI-TRELLIS2] [C2S3d] post-conv1: h=torch.Size([172382, 1024]) alloc=1417MB
  [ComfyUI] [worker:ComfyUI-TRELLIS2] [C2S3d] x.feats restored from CPU: alloc=1501MB
  [ComfyUI] [worker:ComfyUI-TRELLIS2] [C2S3d] x.feats restored from CPU: alloc=1501MB
  [ComfyUI] [worker:ComfyUI-TRELLIS2] [C2S3d] pre-C2S(h): alloc=1501MB
  [ComfyUI] [worker:ComfyUI-TRELLIS2] [C2S3d] pre-C2S(h): alloc=1501MB
  [ComfyUI] [worker:ComfyUI-TRELLIS2] [C2S] scatter: 172,382�1024 -> 692,241�128 in=336MB out=169MB alloc=1528MB
  [ComfyUI] [worker:ComfyUI-TRELLIS2] [C2S] scatter: 172,382�1024 -> 692,241�128 in=336MB out=169MB alloc=1528MB
  [ComfyUI] [worker:ComfyUI-TRELLIS2] [VRAM] -228MB (now 1528MB) reserved=1846MB peak=4635MB
  [ComfyUI] [worker:ComfyUI-TRELLIS2] [VRAM] -228MB (now 1528MB) reserved=1846MB peak=4635MB
  [ComfyUI] [worker:ComfyUI-TRELLIS2] [C2S] offloaded 336MB to CPU, alloc=1192MB
  [ComfyUI] [worker:ComfyUI-TRELLIS2] [C2S] offloaded 336MB to CPU, alloc=1192MB
  [ComfyUI] [worker:ComfyUI-TRELLIS2] [C2S] scatter done: alloc=1361MB
  [ComfyUI] [worker:ComfyUI-TRELLIS2] [C2S] scatter done: alloc=1361MB
  [ComfyUI] [worker:ComfyUI-TRELLIS2] [C2S3d] post-C2S(h): h=torch.Size([692241, 128]) alloc=1344MB
  [ComfyUI] [worker:ComfyUI-TRELLIS2] [C2S3d] post-C2S(h): h=torch.Size([692241, 128]) alloc=1344MB
  [ComfyUI] [worker:ComfyUI-TRELLIS2] [C2S] scatter: 172,382�256 -> 692,241�32 in=84MB out=42MB alloc=1372MB
  [ComfyUI] [worker:ComfyUI-TRELLIS2] [C2S] scatter: 172,382�256 -> 692,241�32 in=84MB out=42MB alloc=1372MB
  [ComfyUI] [worker:ComfyUI-TRELLIS2] [C2S] scatter done: alloc=1414MB
  [ComfyUI] [worker:ComfyUI-TRELLIS2] [C2S] scatter done: alloc=1414MB
  [ComfyUI] [worker:ComfyUI-TRELLIS2] [C2S3d] post-C2S(x): x=torch.Size([692241, 32]) alloc=1312MB
  [ComfyUI] [worker:ComfyUI-TRELLIS2] [C2S3d] post-C2S(x): x=torch.Size([692241, 32]) alloc=1312MB
  [ComfyUI] [worker:ComfyUI-TRELLIS2] [C2S3d] post-C2S: N=692,241 h=128ch x=32ch alloc=1311MB
  [ComfyUI] [worker:ComfyUI-TRELLIS2] [C2S3d] post-C2S: N=692,241 h=128ch x=32ch alloc=1311MB
  [ComfyUI] [worker:ComfyUI-TRELLIS2] [C2S3d] x offloaded to CPU, pre-conv2: alloc=1258MB
  [ComfyUI] [worker:ComfyUI-TRELLIS2] [C2S3d] x offloaded to CPU, pre-conv2: alloc=1258MB
  [ComfyUI] [worker:ComfyUI-TRELLIS2] [C2S3d] after norm2: alloc=1259MB
  [ComfyUI] [worker:ComfyUI-TRELLIS2] [C2S3d] after norm2: alloc=1259MB
  [ComfyUI] [worker:ComfyUI-TRELLIS2] [C2S3d] after silu: alloc=1258MB
  [ComfyUI] [worker:ComfyUI-TRELLIS2] [C2S3d] after silu: alloc=1258MB
  [ComfyUI] [worker:ComfyUI-TRELLIS2] [sparse-conv] N=692,241 Ci=128 Co=128 feats=169MB cache=155MB (miss) w_dev=cuda:0 alloc=1414MB
  [ComfyUI] [worker:ComfyUI-TRELLIS2] [sparse-conv] N=692,241 Ci=128 Co=128 feats=169MB cache=155MB (miss) w_dev=cuda:0 alloc=1414MB
  [ComfyUI] [worker:ComfyUI-TRELLIS2] [sparse-conv] out=169MB alloc=1585MB
  [ComfyUI] [worker:ComfyUI-TRELLIS2] [sparse-conv] out=169MB alloc=1585MB
  [ComfyUI] [worker:ComfyUI-TRELLIS2] [C2S3d] post-conv2: alloc=1416MB
  [ComfyUI] [worker:ComfyUI-TRELLIS2] [C2S3d] post-conv2: alloc=1416MB
  [ComfyUI] [worker:ComfyUI-TRELLIS2] [C2S3d] post-conv2 (cache cleared): alloc=1259MB
  [ComfyUI] [worker:ComfyUI-TRELLIS2] [C2S3d] post-conv2 (cache cleared): alloc=1259MB
  [ComfyUI] [worker:ComfyUI-TRELLIS2] [C2S3d] after skip expand: alloc=1429MB
  [ComfyUI] [worker:ComfyUI-TRELLIS2] [C2S3d] after skip expand: alloc=1429MB
  [ComfyUI] [worker:ComfyUI-TRELLIS2] [C2S3d] post-skip: alloc=1258MB
  [ComfyUI] [worker:ComfyUI-TRELLIS2] [C2S3d] post-skip: alloc=1258MB
  [ComfyUI] [worker:ComfyUI-TRELLIS2] [sparse-conv] N=692,241 Ci=128 Co=128 feats=169MB cache=155MB (miss) w_dev=cuda:0 alloc=1318MB
  [ComfyUI] [worker:ComfyUI-TRELLIS2] [sparse-conv] N=692,241 Ci=128 Co=128 feats=169MB cache=155MB (miss) w_dev=cuda:0 alloc=1318MB
  [ComfyUI] [worker:ComfyUI-TRELLIS2] [sparse-conv] out=169MB alloc=1489MB
  [ComfyUI] [worker:ComfyUI-TRELLIS2] [sparse-conv] out=169MB alloc=1489MB
  [ComfyUI] [worker:ComfyUI-TRELLIS2] [sparse-conv] N=692,241 Ci=128 Co=128 feats=169MB cache=155MB (miss) w_dev=cuda:0 alloc=1319MB
  [ComfyUI] [worker:ComfyUI-TRELLIS2] [sparse-conv] N=692,241 Ci=128 Co=128 feats=169MB cache=155MB (miss) w_dev=cuda:0 alloc=1319MB
  [ComfyUI] [worker:ComfyUI-TRELLIS2] [sparse-conv] out=169MB alloc=1490MB
  [ComfyUI] [worker:ComfyUI-TRELLIS2] [sparse-conv] out=169MB alloc=1490MB
  [ComfyUI] [worker:ComfyUI-TRELLIS2] [sparse-conv] N=692,241 Ci=128 Co=128 feats=169MB cache=155MB (miss) w_dev=cuda:0 alloc=1319MB
  [ComfyUI] [worker:ComfyUI-TRELLIS2] [sparse-conv] N=692,241 Ci=128 Co=128 feats=169MB cache=155MB (miss) w_dev=cuda:0 alloc=1319MB
  [ComfyUI] [worker:ComfyUI-TRELLIS2] [sparse-conv] out=169MB alloc=1490MB
  [ComfyUI] [worker:ComfyUI-TRELLIS2] [sparse-conv] out=169MB alloc=1490MB
  [ComfyUI] [worker:ComfyUI-TRELLIS2] [sparse-conv] N=692,241 Ci=128 Co=128 feats=169MB cache=155MB (miss) w_dev=cuda:0 alloc=1319MB
  [ComfyUI] [worker:ComfyUI-TRELLIS2] [sparse-conv] N=692,241 Ci=128 Co=128 feats=169MB cache=155MB (miss) w_dev=cuda:0 alloc=1319MB
  [ComfyUI] [worker:ComfyUI-TRELLIS2] [sparse-conv] out=169MB alloc=1490MB
  [ComfyUI] [worker:ComfyUI-TRELLIS2] [sparse-conv] out=169MB alloc=1490MB
  [ComfyUI] [worker:ComfyUI-TRELLIS2] [C2S3d] after subdiv: alloc=1174MB
  [ComfyUI] [worker:ComfyUI-TRELLIS2] [C2S3d] after subdiv: alloc=1174MB
  [ComfyUI] [worker:ComfyUI-TRELLIS2] [C2S3d] after norm1: alloc=1344MB
  [ComfyUI] [worker:ComfyUI-TRELLIS2] [C2S3d] after norm1: alloc=1344MB
  [ComfyUI] [worker:ComfyUI-TRELLIS2] [C2S3d] pre-conv1: N=692,241 Ci=128 Co=512 alloc=1344MB
  [ComfyUI] [worker:ComfyUI-TRELLIS2] [C2S3d] pre-conv1: N=692,241 Ci=128 Co=512 alloc=1344MB
  [ComfyUI] [worker:ComfyUI-TRELLIS2] [C2S3d] x.feats offloaded before conv1: alloc=1350MB
  [ComfyUI] [worker:ComfyUI-TRELLIS2] [C2S3d] x.feats offloaded before conv1: alloc=1350MB
  [ComfyUI] [worker:ComfyUI-TRELLIS2] [sparse-conv] N=692,241 Ci=128 Co=512 feats=169MB cache=155MB (miss) w_dev=cuda:0 alloc=1506MB
  [ComfyUI] [worker:ComfyUI-TRELLIS2] [sparse-conv] N=692,241 Ci=128 Co=512 feats=169MB cache=155MB (miss) w_dev=cuda:0 alloc=1506MB
  [capture-loop] iter=750 t=89.0s state={'complete': False, 'error': None, 'executedCount': 0, 'wsState': 1} eval_ms=4 ram=18.8/31.9GB (59%) swap=0.7/9.4GB (7%) cpu=10% browser_rss=0.60GB
  [ComfyUI] [worker:ComfyUI-TRELLIS2] [VRAM] +910MB (now 2439MB) reserved=2746MB peak=4635MB
  [ComfyUI] [worker:ComfyUI-TRELLIS2] [VRAM] +910MB (now 2439MB) reserved=2746MB peak=4635MB
  [ComfyUI] [worker:ComfyUI-TRELLIS2] [VRAM] -256MB (now 2183MB) reserved=2746MB peak=4635MB
  [ComfyUI] [worker:ComfyUI-TRELLIS2] [VRAM] -256MB (now 2183MB) reserved=2746MB peak=4635MB
  [ComfyUI] [worker:ComfyUI-TRELLIS2] [sparse-conv] out=676MB alloc=2184MB
  [ComfyUI] [worker:ComfyUI-TRELLIS2] [sparse-conv] out=676MB alloc=2184MB
  [ComfyUI] [worker:ComfyUI-TRELLIS2] [C2S3d] post-conv1: h=torch.Size([692241, 512]) alloc=2014MB
  [ComfyUI] [worker:ComfyUI-TRELLIS2] [C2S3d] post-conv1: h=torch.Size([692241, 512]) alloc=2014MB
  [ComfyUI] [worker:ComfyUI-TRELLIS2] [C2S3d] x.feats restored from CPU: alloc=2184MB
  [ComfyUI] [worker:ComfyUI-TRELLIS2] [C2S3d] x.feats restored from CPU: alloc=2184MB
  [ComfyUI] [worker:ComfyUI-TRELLIS2] [C2S3d] pre-C2S(h): alloc=2184MB
  [ComfyUI] [worker:ComfyUI-TRELLIS2] [C2S3d] pre-C2S(h): alloc=2184MB
  [ComfyUI] [worker:ComfyUI-TRELLIS2] [C2S] scatter: 692,241�512 -> 2,773,722�64 in=676MB out=338MB alloc=2296MB
  [ComfyUI] [worker:ComfyUI-TRELLIS2] [C2S] scatter: 692,241�512 -> 2,773,722�64 in=676MB out=338MB alloc=2296MB
  [ComfyUI] [worker:ComfyUI-TRELLIS2] [C2S] offloaded 676MB to CPU, alloc=1620MB
  [ComfyUI] [worker:ComfyUI-TRELLIS2] [C2S] offloaded 676MB to CPU, alloc=1620MB
  [ComfyUI] [worker:ComfyUI-TRELLIS2] [VRAM] -225MB (now 1958MB) reserved=2152MB peak=4635MB
  [ComfyUI] [worker:ComfyUI-TRELLIS2] [VRAM] -225MB (now 1958MB) reserved=2152MB peak=4635MB
  [ComfyUI] [worker:ComfyUI-TRELLIS2] [C2S] scatter done: alloc=1958MB
  [ComfyUI] [worker:ComfyUI-TRELLIS2] [C2S] scatter done: alloc=1958MB
  [ComfyUI] [worker:ComfyUI-TRELLIS2] [C2S3d] post-C2S(h): h=torch.Size([2773722, 64]) alloc=1889MB
  [ComfyUI] [worker:ComfyUI-TRELLIS2] [C2S3d] post-C2S(h): h=torch.Size([2773722, 64]) alloc=1889MB
  [ComfyUI] [worker:ComfyUI-TRELLIS2] [C2S] scatter: 692,241�128 -> 2,773,722�16 in=169MB out=84MB alloc=2000MB
  [ComfyUI] [worker:ComfyUI-TRELLIS2] [C2S] scatter: 692,241�128 -> 2,773,722�16 in=169MB out=84MB alloc=2000MB
  [ComfyUI] [worker:ComfyUI-TRELLIS2] [C2S] scatter done: alloc=2085MB
  [ComfyUI] [worker:ComfyUI-TRELLIS2] [C2S] scatter done: alloc=2085MB
  [ComfyUI] [worker:ComfyUI-TRELLIS2] [C2S3d] post-C2S(x): x=torch.Size([2773722, 16]) alloc=1846MB
  [ComfyUI] [worker:ComfyUI-TRELLIS2] [C2S3d] post-C2S(x): x=torch.Size([2773722, 16]) alloc=1846MB
  [ComfyUI] [worker:ComfyUI-TRELLIS2] [C2S3d] post-C2S: N=2,773,722 h=64ch x=16ch alloc=1840MB
  [ComfyUI] [worker:ComfyUI-TRELLIS2] [C2S3d] post-C2S: N=2,773,722 h=64ch x=16ch alloc=1840MB
  [ComfyUI] [worker:ComfyUI-TRELLIS2] [C2S3d] x offloaded to CPU, pre-conv2: alloc=1713MB
  [ComfyUI] [worker:ComfyUI-TRELLIS2] [C2S3d] x offloaded to CPU, pre-conv2: alloc=1713MB
  [ComfyUI] [worker:ComfyUI-TRELLIS2] [C2S3d] h.feats offloaded for chunked norm2+silu: alloc=1375MB
  [ComfyUI] [worker:ComfyUI-TRELLIS2] [C2S3d] h.feats offloaded for chunked norm2+silu: alloc=1375MB
  [ComfyUI] [worker:ComfyUI-TRELLIS2] [C2S3d] after chunked norm2+silu: alloc=1713MB
  [ComfyUI] [worker:ComfyUI-TRELLIS2] [C2S3d] after chunked norm2+silu: alloc=1713MB
  [ComfyUI] [worker:ComfyUI-TRELLIS2] [sparse-conv] TILED: N=2,773,722 max_tile=1,000,000 feats=338MB alloc=1713MB
  [ComfyUI] [worker:ComfyUI-TRELLIS2] [sparse-conv] TILED: N=2,773,722 max_tile=1,000,000 feats=338MB alloc=1713MB
  [ComfyUI] [worker:ComfyUI-TRELLIS2] [sparse-conv] TILED feats offloaded to CPU, alloc=1375MB
  [ComfyUI] [worker:ComfyUI-TRELLIS2] [sparse-conv] TILED feats offloaded to CPU, alloc=1375MB
  [ComfyUI] [worker:ComfyUI-TRELLIS2] [tiled_conv] N=2,773,722 Ci=64 Co=64 K=(3, 3, 3) feats=339MB out=339MB feats_dev=cpu alloc=1375MB
  [ComfyUI] [worker:ComfyUI-TRELLIS2] [tiled_conv] N=2,773,722 Ci=64 Co=64 K=(3, 3, 3) feats=339MB out=339MB feats_dev=cpu alloc=1375MB
  [ComfyUI] [worker:ComfyUI-TRELLIS2] [tiled_conv] 4 tiles, VRAM baseline=1375MB
  [ComfyUI] [worker:ComfyUI-TRELLIS2] [tiled_conv] 4 tiles, VRAM baseline=1375MB
  [ComfyUI] 
  [ComfyUI] 
  [ComfyUI] Tiled Conv3d:   0%|          | 0/4 [00:00<?]
  [ComfyUI] Tiled Conv3d:   0%|          | 0/4 [00:00<?]
  [ComfyUI] Tiled Conv3d:   0%|          | 0/4 [00:00<?]
  [ComfyUI] Tiled Conv3d:   0%|          | 0/4 [00:00<?]
  [ComfyUI] Tiled Conv3d:  25%|██▌       | 1/4 [00:00<00:00]
  [ComfyUI] Tiled Conv3d:  25%|██▌       | 1/4 [00:00<00:00]
  [ComfyUI] Tiled Conv3d:  25%|██▌       | 1/4 [00:00<00:00]
  [ComfyUI] Tiled Conv3d:  25%|██▌       | 1/4 [00:00<00:00]
  [ComfyUI] Tiled Conv3d:  50%|█████     | 2/4 [00:00<00:00]
  [ComfyUI] Tiled Conv3d:  50%|█████     | 2/4 [00:00<00:00]
  [ComfyUI] Tiled Conv3d:  50%|█████     | 2/4 [00:00<00:00]
  [ComfyUI] Tiled Conv3d:  50%|█████     | 2/4 [00:00<00:00]
  [ComfyUI] Tiled Conv3d:  75%|███████▌  | 3/4 [00:00<00:00][worker:ComfyUI-TRELLIS2] [VRAM] -289MB (now 1669MB) reserved=1952MB peak=4635MB
  [ComfyUI] Tiled Conv3d:  75%|███████▌  | 3/4 [00:00<00:00][worker:ComfyUI-TRELLIS2] [VRAM] -289MB (now 1669MB) reserved=1952MB peak=4635MB
  [ComfyUI] 
  [ComfyUI] 
  [ComfyUI] Tiled Conv3d:  75%|███████▌  | 3/4 [00:00<00:00]
  [ComfyUI] Tiled Conv3d:  75%|███████▌  | 3/4 [00:00<00:00]
  [ComfyUI] Tiled Conv3d: 100%|██████████| 4/4 [00:00<00:00]
  [ComfyUI] Tiled Conv3d: 100%|██████████| 4/4 [00:00<00:00]
  [ComfyUI] [worker:ComfyUI-TRELLIS2] [tiled_conv] done: 2773722/2773722 voxels, tile_peak=1800MB, final=1713MB
  [ComfyUI] [worker:ComfyUI-TRELLIS2] [tiled_conv] done: 2773722/2773722 voxels, tile_peak=1800MB, final=1713MB
  [ComfyUI] [worker:ComfyUI-TRELLIS2] [sparse-conv] TILED done: out=338MB alloc=1713MB
  [ComfyUI] [worker:ComfyUI-TRELLIS2] [sparse-conv] TILED done: out=338MB alloc=1713MB
  [ComfyUI] [worker:ComfyUI-TRELLIS2] [C2S3d] post-conv2: alloc=1713MB
  [ComfyUI] [worker:ComfyUI-TRELLIS2] [C2S3d] post-conv2: alloc=1713MB
  [ComfyUI] [worker:ComfyUI-TRELLIS2] [C2S3d] post-conv2 (cache cleared): alloc=1713MB
  [ComfyUI] [worker:ComfyUI-TRELLIS2] [C2S3d] post-conv2 (cache cleared): alloc=1713MB
  [ComfyUI] [worker:ComfyUI-TRELLIS2] [C2S3d] after chunked skip: alloc=1713MB
  [ComfyUI] [worker:ComfyUI-TRELLIS2] [C2S3d] after chunked skip: alloc=1713MB
  [ComfyUI] [SubprocessWorker] callback 'report_progress' from call_id=46
  [ComfyUI] [SubprocessWorker] callback 'report_progress' from call_id=46
  [ComfyUI] [SubprocessWorker] callback 'request_vram_budget' from call_id=46
  [ComfyUI] [SubprocessWorker] callback 'request_vram_budget' from call_id=46
  [ComfyUI] [comfy-env] VRAM request: 2.58GB, free before eviction: 24.44GB
  [ComfyUI] [comfy-env] VRAM request: 2.58GB, free before eviction: 24.44GB
  [ComfyUI] [comfy-env] VRAM after eviction: 24.44GB
  [ComfyUI] [comfy-env] VRAM after eviction: 24.44GB
  [ComfyUI] [worker:ComfyUI-TRELLIS2] [VRAM] -1609MB (now 61MB) reserved=68MB peak=4635MB
  [ComfyUI] [worker:ComfyUI-TRELLIS2] [VRAM] -1609MB (now 61MB) reserved=68MB peak=4635MB
  Frame 8 saved (frame_007.jpg, t=94.3s)
  [capture-periodic] freeze=4ms shot=115ms unfreeze=5ms saved=True
  [ComfyUI] [worker:ComfyUI-TRELLIS2] [VRAM] +2278MB (now 2339MB) reserved=2404MB peak=4635MB
  [ComfyUI] [worker:ComfyUI-TRELLIS2] [VRAM] +2278MB (now 2339MB) reserved=2404MB peak=4635MB
  [ComfyUI] [worker:ComfyUI-TRELLIS2] [TRELLIS2] shape_slat_flow_model_512 -> GPU: 1.3s
  [ComfyUI] [worker:ComfyUI-TRELLIS2] [TRELLIS2] shape_slat_flow_model_512 -> GPU: 1.3s
  [capture-loop] iter=800 t=95.1s state={'complete': False, 'error': None, 'executedCount': 0, 'wsState': 1} eval_ms=4 ram=17.3/31.9GB (54%) swap=0.7/9.4GB (7%) cpu=17% browser_rss=0.60GB
  [ComfyUI] [worker:ComfyUI-TRELLIS2] [VRAM] +327MB (now 2667MB) reserved=3454MB peak=4635MB
  [ComfyUI] [worker:ComfyUI-TRELLIS2] [VRAM] +327MB (now 2667MB) reserved=3454MB peak=4635MB
  [ComfyUI] [SubprocessWorker] callback 'report_progress' from call_id=46
  [ComfyUI] [SubprocessWorker] callback 'report_progress' from call_id=46
  [ComfyUI] [worker:ComfyUI-TRELLIS2] [VRAM] +279MB (now 2946MB) reserved=3454MB peak=4635MB
  [ComfyUI] [worker:ComfyUI-TRELLIS2] [VRAM] +279MB (now 2946MB) reserved=3454MB peak=4635MB
  [ComfyUI] [SubprocessWorker] callback 'report_progress' from call_id=46
  [ComfyUI] [SubprocessWorker] callback 'report_progress' from call_id=46
  [ComfyUI] [worker:ComfyUI-TRELLIS2] [VRAM] -243MB (now 2704MB) reserved=3454MB peak=4635MB
  [ComfyUI] [worker:ComfyUI-TRELLIS2] [VRAM] -243MB (now 2704MB) reserved=3454MB peak=4635MB
  Frame 9 saved (frame_008.jpg, t=98.7s)
  [capture-periodic] freeze=4ms shot=110ms unfreeze=5ms saved=True
  [ComfyUI] [SubprocessWorker] callback 'report_progress' from call_id=46
  [ComfyUI] [SubprocessWorker] callback 'report_progress' from call_id=46
  [ComfyUI] [worker:ComfyUI-TRELLIS2] [VRAM] +219MB (now 2923MB) reserved=3454MB peak=4635MB
  [ComfyUI] [worker:ComfyUI-TRELLIS2] [VRAM] +219MB (now 2923MB) reserved=3454MB peak=4635MB
  [capture-loop] iter=850 t=101.0s state={'complete': False, 'error': None, 'executedCount': 0, 'wsState': 1} eval_ms=4 ram=17.3/31.9GB (54%) swap=0.7/9.4GB (7%) cpu=5% browser_rss=0.60GB
  Frame 10 saved (frame_009.jpg, t=101.0s)
  [capture-periodic] freeze=4ms shot=106ms unfreeze=5ms saved=True
  [ComfyUI] [worker:ComfyUI-TRELLIS2] [VRAM] -277MB (now 2646MB) reserved=3454MB peak=4635MB
  [ComfyUI] [worker:ComfyUI-TRELLIS2] [VRAM] -277MB (now 2646MB) reserved=3454MB peak=4635MB
  [ComfyUI] [SubprocessWorker] callback 'report_progress' from call_id=46
  [ComfyUI] [SubprocessWorker] callback 'report_progress' from call_id=46
  [ComfyUI] [worker:ComfyUI-TRELLIS2] [VRAM] +282MB (now 2929MB) reserved=3454MB peak=4635MB
  [ComfyUI] [worker:ComfyUI-TRELLIS2] [VRAM] +282MB (now 2929MB) reserved=3454MB peak=4635MB
  Frame 11 saved (frame_010.jpg, t=103.2s)
  [capture-periodic] freeze=4ms shot=109ms unfreeze=5ms saved=True
  [ComfyUI] [SubprocessWorker] callback 'report_progress' from call_id=46
  [ComfyUI] [SubprocessWorker] callback 'report_progress' from call_id=46
  [ComfyUI] [worker:ComfyUI-TRELLIS2] [VRAM] -204MB (now 2725MB) reserved=3454MB peak=4635MB
  [ComfyUI] [worker:ComfyUI-TRELLIS2] [VRAM] -204MB (now 2725MB) reserved=3454MB peak=4635MB
  [ComfyUI] [SubprocessWorker] callback 'report_progress' from call_id=46
  [ComfyUI] [SubprocessWorker] callback 'report_progress' from call_id=46
  Frame 12 saved (frame_011.jpg, t=105.5s)
  [capture-periodic] freeze=4ms shot=102ms unfreeze=8ms saved=True
  [ComfyUI] [SubprocessWorker] callback 'report_progress' from call_id=46
  [ComfyUI] [SubprocessWorker] callback 'report_progress' from call_id=46
  [capture-loop] iter=900 t=106.9s state={'complete': False, 'error': None, 'executedCount': 0, 'wsState': 1} eval_ms=5 ram=17.3/31.9GB (54%) swap=0.7/9.4GB (7%) cpu=5% browser_rss=0.60GB
  [ComfyUI] [worker:ComfyUI-TRELLIS2] [VRAM] +213MB (now 2939MB) reserved=3454MB peak=4635MB
  [ComfyUI] [worker:ComfyUI-TRELLIS2] [VRAM] +213MB (now 2939MB) reserved=3454MB peak=4635MB
  Frame 13 saved (frame_012.jpg, t=107.6s)
  [capture-periodic] freeze=4ms shot=105ms unfreeze=5ms saved=True
  [ComfyUI] [SubprocessWorker] callback 'report_progress' from call_id=46
  [ComfyUI] [SubprocessWorker] callback 'report_progress' from call_id=46
  [ComfyUI] [worker:ComfyUI-TRELLIS2] [VRAM] -266MB (now 2673MB) reserved=3454MB peak=4635MB
  [ComfyUI] [worker:ComfyUI-TRELLIS2] [VRAM] -266MB (now 2673MB) reserved=3454MB peak=4635MB
  Frame 14 saved (frame_013.jpg, t=109.8s)
  [capture-periodic] freeze=4ms shot=106ms unfreeze=5ms saved=True
  [ComfyUI] [SubprocessWorker] callback 'report_progress' from call_id=46
  [ComfyUI] [SubprocessWorker] callback 'report_progress' from call_id=46
  [ComfyUI] [worker:ComfyUI-TRELLIS2] [VRAM] +273MB (now 2947MB) reserved=3454MB peak=4635MB
  [ComfyUI] [worker:ComfyUI-TRELLIS2] [VRAM] +273MB (now 2947MB) reserved=3454MB peak=4635MB
  [ComfyUI] [SubprocessWorker] callback 'report_progress' from call_id=46
  [ComfyUI] [SubprocessWorker] callback 'report_progress' from call_id=46
  [ComfyUI] [worker:ComfyUI-TRELLIS2] [VRAM] -275MB (now 2672MB) reserved=3454MB peak=4635MB
  [ComfyUI] [worker:ComfyUI-TRELLIS2] [VRAM] -275MB (now 2672MB) reserved=3454MB peak=4635MB
  [ComfyUI] [SubprocessWorker] callback 'report_progress' from call_id=46
  [ComfyUI] [SubprocessWorker] callback 'report_progress' from call_id=46
  Frame 15 saved (frame_014.jpg, t=111.9s)
  [capture-periodic] freeze=4ms shot=126ms unfreeze=5ms saved=True
  [ComfyUI] [SubprocessWorker] callback 'report_progress' from call_id=46
  [ComfyUI] [SubprocessWorker] callback 'report_progress' from call_id=46
  [ComfyUI] [worker:ComfyUI-TRELLIS2] [VRAM] -467MB (now 2205MB) reserved=3454MB peak=4635MB
  [ComfyUI] [worker:ComfyUI-TRELLIS2] [VRAM] -467MB (now 2205MB) reserved=3454MB peak=4635MB
  [capture-loop] iter=950 t=112.9s state={'complete': False, 'error': None, 'executedCount': 0, 'wsState': 1} eval_ms=6 ram=17.9/31.9GB (56%) swap=0.7/9.4GB (7%) cpu=5% browser_rss=0.60GB
  [ComfyUI] [SubprocessWorker] callback 'report_progress' from call_id=46
  [ComfyUI] [SubprocessWorker] callback 'report_progress' from call_id=46
  [ComfyUI] [SubprocessWorker] callback 'request_vram_budget' from call_id=46
  [ComfyUI] [SubprocessWorker] callback 'request_vram_budget' from call_id=46
  [ComfyUI] [comfy-env] VRAM request: 0.95GB, free before eviction: 24.44GB
  [ComfyUI] [comfy-env] VRAM request: 0.95GB, free before eviction: 24.44GB
  [ComfyUI] [comfy-env] VRAM after eviction: 24.44GB
  [ComfyUI] [comfy-env] VRAM after eviction: 24.44GB
  [ComfyUI] [worker:ComfyUI-TRELLIS2] [VRAM] -1974MB (now 232MB) reserved=254MB peak=4635MB
  [ComfyUI] [worker:ComfyUI-TRELLIS2] [VRAM] -1974MB (now 232MB) reserved=254MB peak=4635MB
  [ComfyUI] [worker:ComfyUI-TRELLIS2] [TRELLIS2] shape_slat_decoder -> GPU: 0.4s
  [ComfyUI] [worker:ComfyUI-TRELLIS2] [TRELLIS2] shape_slat_decoder -> GPU: 0.4s
  [ComfyUI] [worker:ComfyUI-TRELLIS2] [vae] set max_voxels_per_tile=1000000 on 40 SparseConv3d modules
  [ComfyUI] [worker:ComfyUI-TRELLIS2] [vae] set max_voxels_per_tile=1000000 on 40 SparseConv3d modules
  [ComfyUI] [worker:ComfyUI-TRELLIS2] [UNET] level=0 block=0 SparseConvNeXtBlock3d N=10,576 ch=1024 alloc=953MB
  [ComfyUI] [worker:ComfyUI-TRELLIS2] [UNET] level=0 block=0 SparseConvNeXtBlock3d N=10,576 ch=1024 alloc=953MB
  [ComfyUI] [worker:ComfyUI-TRELLIS2] [sparse-conv] N=10,576 Ci=1024 Co=1024 feats=20MB cache=2MB (miss) w_dev=cuda:0 alloc=955MB
  [ComfyUI] [worker:ComfyUI-TRELLIS2] [sparse-conv] N=10,576 Ci=1024 Co=1024 feats=20MB cache=2MB (miss) w_dev=cuda:0 alloc=955MB
  [ComfyUI] [worker:ComfyUI-TRELLIS2] [sparse-conv] out=20MB alloc=976MB
  [ComfyUI] [worker:ComfyUI-TRELLIS2] [sparse-conv] out=20MB alloc=976MB
  [ComfyUI] [SubprocessWorker] callback 'report_progress' from call_id=46
  [ComfyUI] [SubprocessWorker] callback 'report_progress' from call_id=46
  [ComfyUI] [worker:ComfyUI-TRELLIS2] [UNET] level=0 block=1 SparseConvNeXtBlock3d N=10,576 ch=1024 alloc=955MB
  [ComfyUI] [worker:ComfyUI-TRELLIS2] [UNET] level=0 block=1 SparseConvNeXtBlock3d N=10,576 ch=1024 alloc=955MB
  [ComfyUI] [worker:ComfyUI-TRELLIS2] [sparse-conv] N=10,576 Ci=1024 Co=1024 feats=20MB cache=2MB (miss) w_dev=cuda:0 alloc=958MB
  [ComfyUI] [worker:ComfyUI-TRELLIS2] [sparse-conv] N=10,576 Ci=1024 Co=1024 feats=20MB cache=2MB (miss) w_dev=cuda:0 alloc=958MB
  [ComfyUI] [worker:ComfyUI-TRELLIS2] [sparse-conv] out=20MB alloc=979MB
  [ComfyUI] [worker:ComfyUI-TRELLIS2] [sparse-conv] out=20MB alloc=979MB
  [ComfyUI] [worker:ComfyUI-TRELLIS2] [UNET] level=0 block=2 SparseConvNeXtBlock3d N=10,576 ch=1024 alloc=956MB
  [ComfyUI] [worker:ComfyUI-TRELLIS2] [UNET] level=0 block=2 SparseConvNeXtBlock3d N=10,576 ch=1024 alloc=956MB
  [ComfyUI] [worker:ComfyUI-TRELLIS2] [sparse-conv] N=10,576 Ci=1024 Co=1024 feats=20MB cache=2MB (miss) w_dev=cuda:0 alloc=959MB
  [ComfyUI] [worker:ComfyUI-TRELLIS2] [sparse-conv] N=10,576 Ci=1024 Co=1024 feats=20MB cache=2MB (miss) w_dev=cuda:0 alloc=959MB
  [ComfyUI] [worker:ComfyUI-TRELLIS2] [sparse-conv] out=20MB alloc=980MB
  [ComfyUI] [worker:ComfyUI-TRELLIS2] [sparse-conv] out=20MB alloc=980MB
  [ComfyUI] [worker:ComfyUI-TRELLIS2] [UNET] level=0 block=3 SparseConvNeXtBlock3d N=10,576 ch=1024 alloc=955MB
  [ComfyUI] [worker:ComfyUI-TRELLIS2] [UNET] level=0 block=3 SparseConvNeXtBlock3d N=10,576 ch=1024 alloc=955MB
  [ComfyUI] [worker:ComfyUI-TRELLIS2] [sparse-conv] N=10,576 Ci=1024 Co=1024 feats=20MB cache=2MB (miss) w_dev=cuda:0 alloc=958MB
  [ComfyUI] [worker:ComfyUI-TRELLIS2] [sparse-conv] N=10,576 Ci=1024 Co=1024 feats=20MB cache=2MB (miss) w_dev=cuda:0 alloc=958MB
  [ComfyUI] [worker:ComfyUI-TRELLIS2] [sparse-conv] out=20MB alloc=979MB
  [ComfyUI] [worker:ComfyUI-TRELLIS2] [sparse-conv] out=20MB alloc=979MB
  [ComfyUI] [worker:ComfyUI-TRELLIS2] [UNET] level=0 block=4 SparseResBlockC2S3d N=10,576 ch=1024 alloc=956MB
  [ComfyUI] [worker:ComfyUI-TRELLIS2] [UNET] level=0 block=4 SparseResBlockC2S3d N=10,576 ch=1024 alloc=956MB
  [ComfyUI] [worker:ComfyUI-TRELLIS2] [C2S3d] after subdiv: alloc=956MB
  [ComfyUI] [worker:ComfyUI-TRELLIS2] [C2S3d] after subdiv: alloc=956MB
  [ComfyUI] [worker:ComfyUI-TRELLIS2] [C2S3d] after norm1: alloc=977MB
  [ComfyUI] [worker:ComfyUI-TRELLIS2] [C2S3d] after norm1: alloc=977MB
  [ComfyUI] [worker:ComfyUI-TRELLIS2] [C2S3d] pre-conv1: N=10,576 Ci=1024 Co=4096 alloc=977MB
  [ComfyUI] [worker:ComfyUI-TRELLIS2] [C2S3d] pre-conv1: N=10,576 Ci=1024 Co=4096 alloc=977MB
  [ComfyUI] [worker:ComfyUI-TRELLIS2] [C2S3d] x.feats offloaded before conv1: alloc=977MB
  [ComfyUI] [worker:ComfyUI-TRELLIS2] [C2S3d] x.feats offloaded before conv1: alloc=977MB
  [ComfyUI] [worker:ComfyUI-TRELLIS2] [sparse-conv] N=10,576 Ci=1024 Co=4096 feats=20MB cache=2MB (miss) w_dev=cuda:0 alloc=980MB
  [ComfyUI] [worker:ComfyUI-TRELLIS2] [sparse-conv] N=10,576 Ci=1024 Co=4096 feats=20MB cache=2MB (miss) w_dev=cuda:0 alloc=980MB
  [ComfyUI] [worker:ComfyUI-TRELLIS2] [sparse-conv] out=82MB alloc=1062MB
  [ComfyUI] [worker:ComfyUI-TRELLIS2] [sparse-conv] out=82MB alloc=1062MB
  [ComfyUI] [worker:ComfyUI-TRELLIS2] [C2S3d] post-conv1: h=torch.Size([10576, 4096]) alloc=1042MB
  [ComfyUI] [worker:ComfyUI-TRELLIS2] [C2S3d] post-conv1: h=torch.Size([10576, 4096]) alloc=1042MB
  Frame 16 saved (frame_015.jpg, t=114.1s)
  [capture-periodic] freeze=4ms shot=116ms unfreeze=9ms saved=True
  [ComfyUI] [worker:ComfyUI-TRELLIS2] [C2S3d] x.feats restored from CPU: alloc=1062MB
  [ComfyUI] [worker:ComfyUI-TRELLIS2] [C2S3d] x.feats restored from CPU: alloc=1062MB
  [ComfyUI] [worker:ComfyUI-TRELLIS2] [C2S3d] pre-C2S(h): alloc=1062MB
  [ComfyUI] [worker:ComfyUI-TRELLIS2] [C2S3d] pre-C2S(h): alloc=1062MB
  [ComfyUI] [worker:ComfyUI-TRELLIS2] [C2S] scatter: 10,576�4096 -> 43,543�512 in=82MB out=42MB alloc=1064MB
  [ComfyUI] [worker:ComfyUI-TRELLIS2] [C2S] scatter: 10,576�4096 -> 43,543�512 in=82MB out=42MB alloc=1064MB
  [ComfyUI] [worker:ComfyUI-TRELLIS2] [C2S] scatter done: alloc=1107MB
  [ComfyUI] [worker:ComfyUI-TRELLIS2] [C2S] scatter done: alloc=1107MB
  [ComfyUI] [worker:ComfyUI-TRELLIS2] [C2S3d] post-C2S(h): h=torch.Size([43543, 512]) alloc=1023MB
  [ComfyUI] [worker:ComfyUI-TRELLIS2] [C2S3d] post-C2S(h): h=torch.Size([43543, 512]) alloc=1023MB
  [ComfyUI] [worker:ComfyUI-TRELLIS2] [C2S] scatter: 10,576�1024 -> 43,543�128 in=20MB out=10MB alloc=1025MB
  [ComfyUI] [worker:ComfyUI-TRELLIS2] [C2S] scatter: 10,576�1024 -> 43,543�128 in=20MB out=10MB alloc=1025MB
  [ComfyUI] [worker:ComfyUI-TRELLIS2] [C2S] scatter done: alloc=1035MB
  [ComfyUI] [worker:ComfyUI-TRELLIS2] [C2S] scatter done: alloc=1035MB
  [ComfyUI] [worker:ComfyUI-TRELLIS2] [C2S3d] post-C2S(x): x=torch.Size([43543, 128]) alloc=1014MB
  [ComfyUI] [worker:ComfyUI-TRELLIS2] [C2S3d] post-C2S(x): x=torch.Size([43543, 128]) alloc=1014MB
  [ComfyUI] [worker:ComfyUI-TRELLIS2] [C2S3d] post-C2S: N=43,543 h=512ch x=128ch alloc=1014MB
  [ComfyUI] [worker:ComfyUI-TRELLIS2] [C2S3d] post-C2S: N=43,543 h=512ch x=128ch alloc=1014MB
  [ComfyUI] [worker:ComfyUI-TRELLIS2] [C2S3d] x offloaded to CPU, pre-conv2: alloc=1002MB
  [ComfyUI] [worker:ComfyUI-TRELLIS2] [C2S3d] x offloaded to CPU, pre-conv2: alloc=1002MB
  [ComfyUI] [worker:ComfyUI-TRELLIS2] [C2S3d] after norm2: alloc=1002MB
  [ComfyUI] [worker:ComfyUI-TRELLIS2] [C2S3d] after norm2: alloc=1002MB
  [ComfyUI] [worker:ComfyUI-TRELLIS2] [C2S3d] after silu: alloc=1002MB
  [ComfyUI] [worker:ComfyUI-TRELLIS2] [C2S3d] after silu: alloc=1002MB
  [ComfyUI] [worker:ComfyUI-TRELLIS2] [sparse-conv] N=43,543 Ci=512 Co=512 feats=42MB cache=9MB (miss) w_dev=cuda:0 alloc=1012MB
  [ComfyUI] [worker:ComfyUI-TRELLIS2] [sparse-conv] N=43,543 Ci=512 Co=512 feats=42MB cache=9MB (miss) w_dev=cuda:0 alloc=1012MB
  [ComfyUI] [worker:ComfyUI-TRELLIS2] [sparse-conv] out=42MB alloc=1055MB
  [ComfyUI] [worker:ComfyUI-TRELLIS2] [sparse-conv] out=42MB alloc=1055MB
  [ComfyUI] [worker:ComfyUI-TRELLIS2] [C2S3d] post-conv2: alloc=1012MB
  [ComfyUI] [worker:ComfyUI-TRELLIS2] [C2S3d] post-conv2: alloc=1012MB
  [ComfyUI] [worker:ComfyUI-TRELLIS2] [C2S3d] post-conv2 (cache cleared): alloc=1002MB
  [ComfyUI] [worker:ComfyUI-TRELLIS2] [C2S3d] post-conv2 (cache cleared): alloc=1002MB
  [ComfyUI] [worker:ComfyUI-TRELLIS2] [C2S3d] after skip expand: alloc=1045MB
  [ComfyUI] [worker:ComfyUI-TRELLIS2] [C2S3d] after skip expand: alloc=1045MB
  [ComfyUI] [worker:ComfyUI-TRELLIS2] [C2S3d] post-skip: alloc=1002MB
  [ComfyUI] [worker:ComfyUI-TRELLIS2] [C2S3d] post-skip: alloc=1002MB
  [ComfyUI] [SubprocessWorker] callback 'report_progress' from call_id=46
  [ComfyUI] [SubprocessWorker] callback 'report_progress' from call_id=46
  [ComfyUI] [worker:ComfyUI-TRELLIS2] [UNET] level=1 block=0 SparseConvNeXtBlock3d N=43,543 ch=512 alloc=981MB
  [ComfyUI] [worker:ComfyUI-TRELLIS2] [UNET] level=1 block=0 SparseConvNeXtBlock3d N=43,543 ch=512 alloc=981MB
  [ComfyUI] [worker:ComfyUI-TRELLIS2] [sparse-conv] N=43,543 Ci=512 Co=512 feats=42MB cache=9MB (miss) w_dev=cuda:0 alloc=991MB
  [ComfyUI] [worker:ComfyUI-TRELLIS2] [sparse-conv] N=43,543 Ci=512 Co=512 feats=42MB cache=9MB (miss) w_dev=cuda:0 alloc=991MB
  [ComfyUI] [worker:ComfyUI-TRELLIS2] [sparse-conv] out=42MB alloc=1033MB
  [ComfyUI] [worker:ComfyUI-TRELLIS2] [sparse-conv] out=42MB alloc=1033MB
  [ComfyUI] [worker:ComfyUI-TRELLIS2] [UNET] level=1 block=1 SparseConvNeXtBlock3d N=43,543 ch=512 alloc=981MB
  [ComfyUI] [worker:ComfyUI-TRELLIS2] [UNET] level=1 block=1 SparseConvNeXtBlock3d N=43,543 ch=512 alloc=981MB
  [ComfyUI] [worker:ComfyUI-TRELLIS2] [sparse-conv] N=43,543 Ci=512 Co=512 feats=42MB cache=9MB (miss) w_dev=cuda:0 alloc=991MB
  [ComfyUI] [worker:ComfyUI-TRELLIS2] [sparse-conv] N=43,543 Ci=512 Co=512 feats=42MB cache=9MB (miss) w_dev=cuda:0 alloc=991MB
  [ComfyUI] [worker:ComfyUI-TRELLIS2] [sparse-conv] out=42MB alloc=1033MB
  [ComfyUI] [worker:ComfyUI-TRELLIS2] [sparse-conv] out=42MB alloc=1033MB
  [ComfyUI] [worker:ComfyUI-TRELLIS2] [UNET] level=1 block=2 SparseConvNeXtBlock3d N=43,543 ch=512 alloc=981MB
  [ComfyUI] [worker:ComfyUI-TRELLIS2] [UNET] level=1 block=2 SparseConvNeXtBlock3d N=43,543 ch=512 alloc=981MB
  [ComfyUI] [worker:ComfyUI-TRELLIS2] [sparse-conv] N=43,543 Ci=512 Co=512 feats=42MB cache=9MB (miss) w_dev=cuda:0 alloc=991MB
  [ComfyUI] [worker:ComfyUI-TRELLIS2] [sparse-conv] N=43,543 Ci=512 Co=512 feats=42MB cache=9MB (miss) w_dev=cuda:0 alloc=991MB
  [ComfyUI] [worker:ComfyUI-TRELLIS2] [sparse-conv] out=42MB alloc=1033MB
  [ComfyUI] [worker:ComfyUI-TRELLIS2] [sparse-conv] out=42MB alloc=1033MB
  [ComfyUI] [worker:ComfyUI-TRELLIS2] [UNET] level=1 block=3 SparseConvNeXtBlock3d N=43,543 ch=512 alloc=981MB
  [ComfyUI] [worker:ComfyUI-TRELLIS2] [UNET] level=1 block=3 SparseConvNeXtBlock3d N=43,543 ch=512 alloc=981MB
  [ComfyUI] [worker:ComfyUI-TRELLIS2] [sparse-conv] N=43,543 Ci=512 Co=512 feats=42MB cache=9MB (miss) w_dev=cuda:0 alloc=991MB
  [ComfyUI] [worker:ComfyUI-TRELLIS2] [sparse-conv] N=43,543 Ci=512 Co=512 feats=42MB cache=9MB (miss) w_dev=cuda:0 alloc=991MB
  [ComfyUI] [worker:ComfyUI-TRELLIS2] [sparse-conv] out=42MB alloc=1033MB
  [ComfyUI] [worker:ComfyUI-TRELLIS2] [sparse-conv] out=42MB alloc=1033MB
  [ComfyUI] [worker:ComfyUI-TRELLIS2] [UNET] level=1 block=4 SparseConvNeXtBlock3d N=43,543 ch=512 alloc=981MB
  [ComfyUI] [worker:ComfyUI-TRELLIS2] [UNET] level=1 block=4 SparseConvNeXtBlock3d N=43,543 ch=512 alloc=981MB
  [ComfyUI] [worker:ComfyUI-TRELLIS2] [sparse-conv] N=43,543 Ci=512 Co=512 feats=42MB cache=9MB (miss) w_dev=cuda:0 alloc=991MB
  [ComfyUI] [worker:ComfyUI-TRELLIS2] [sparse-conv] N=43,543 Ci=512 Co=512 feats=42MB cache=9MB (miss) w_dev=cuda:0 alloc=991MB
  [ComfyUI] [worker:ComfyUI-TRELLIS2] [sparse-conv] out=42MB alloc=1033MB
  [ComfyUI] [worker:ComfyUI-TRELLIS2] [sparse-conv] out=42MB alloc=1033MB
  [ComfyUI] [worker:ComfyUI-TRELLIS2] [UNET] level=1 block=5 SparseConvNeXtBlock3d N=43,543 ch=512 alloc=981MB
  [ComfyUI] [worker:ComfyUI-TRELLIS2] [UNET] level=1 block=5 SparseConvNeXtBlock3d N=43,543 ch=512 alloc=981MB
  [ComfyUI] [worker:ComfyUI-TRELLIS2] [sparse-conv] N=43,543 Ci=512 Co=512 feats=42MB cache=9MB (miss) w_dev=cuda:0 alloc=991MB
  [ComfyUI] [worker:ComfyUI-TRELLIS2] [sparse-conv] N=43,543 Ci=512 Co=512 feats=42MB cache=9MB (miss) w_dev=cuda:0 alloc=991MB
  [ComfyUI] [worker:ComfyUI-TRELLIS2] [sparse-conv] out=42MB alloc=1033MB
  [ComfyUI] [worker:ComfyUI-TRELLIS2] [sparse-conv] out=42MB alloc=1033MB
  [ComfyUI] [worker:ComfyUI-TRELLIS2] [UNET] level=1 block=6 SparseConvNeXtBlock3d N=43,543 ch=512 alloc=981MB
  [ComfyUI] [worker:ComfyUI-TRELLIS2] [UNET] level=1 block=6 SparseConvNeXtBlock3d N=43,543 ch=512 alloc=981MB
  [ComfyUI] [worker:ComfyUI-TRELLIS2] [sparse-conv] N=43,543 Ci=512 Co=512 feats=42MB cache=9MB (miss) w_dev=cuda:0 alloc=991MB
  [ComfyUI] [worker:ComfyUI-TRELLIS2] [sparse-conv] N=43,543 Ci=512 Co=512 feats=42MB cache=9MB (miss) w_dev=cuda:0 alloc=991MB
  [ComfyUI] [worker:ComfyUI-TRELLIS2] [sparse-conv] out=42MB alloc=1033MB
  [ComfyUI] [worker:ComfyUI-TRELLIS2] [sparse-conv] out=42MB alloc=1033MB
  [ComfyUI] [SubprocessWorker] callback 'report_progress' from call_id=46
  [ComfyUI] [SubprocessWorker] callback 'report_progress' from call_id=46
  [ComfyUI] [worker:ComfyUI-TRELLIS2] [UNET] level=1 block=7 SparseConvNeXtBlock3d N=43,543 ch=512 alloc=981MB
  [ComfyUI] [worker:ComfyUI-TRELLIS2] [UNET] level=1 block=7 SparseConvNeXtBlock3d N=43,543 ch=512 alloc=981MB
  [ComfyUI] [worker:ComfyUI-TRELLIS2] [sparse-conv] N=43,543 Ci=512 Co=512 feats=42MB cache=9MB (miss) w_dev=cuda:0 alloc=991MB
  [ComfyUI] [worker:ComfyUI-TRELLIS2] [sparse-conv] N=43,543 Ci=512 Co=512 feats=42MB cache=9MB (miss) w_dev=cuda:0 alloc=991MB
  [ComfyUI] [worker:ComfyUI-TRELLIS2] [sparse-conv] out=42MB alloc=1033MB
  [ComfyUI] [worker:ComfyUI-TRELLIS2] [sparse-conv] out=42MB alloc=1033MB
  [ComfyUI] [worker:ComfyUI-TRELLIS2] [UNET] level=1 block=8 SparseConvNeXtBlock3d N=43,543 ch=512 alloc=981MB
  [ComfyUI] [worker:ComfyUI-TRELLIS2] [UNET] level=1 block=8 SparseConvNeXtBlock3d N=43,543 ch=512 alloc=981MB
  [ComfyUI] [worker:ComfyUI-TRELLIS2] [sparse-conv] N=43,543 Ci=512 Co=512 feats=42MB cache=9MB (miss) w_dev=cuda:0 alloc=991MB
  [ComfyUI] [worker:ComfyUI-TRELLIS2] [sparse-conv] N=43,543 Ci=512 Co=512 feats=42MB cache=9MB (miss) w_dev=cuda:0 alloc=991MB
  [ComfyUI] [worker:ComfyUI-TRELLIS2] [sparse-conv] out=42MB alloc=1033MB
  [ComfyUI] [worker:ComfyUI-TRELLIS2] [sparse-conv] out=42MB alloc=1033MB
  [ComfyUI] [worker:ComfyUI-TRELLIS2] [UNET] level=1 block=9 SparseConvNeXtBlock3d N=43,543 ch=512 alloc=981MB
  [ComfyUI] [worker:ComfyUI-TRELLIS2] [UNET] level=1 block=9 SparseConvNeXtBlock3d N=43,543 ch=512 alloc=981MB
  [ComfyUI] [worker:ComfyUI-TRELLIS2] [sparse-conv] N=43,543 Ci=512 Co=512 feats=42MB cache=9MB (miss) w_dev=cuda:0 alloc=991MB
  [ComfyUI] [worker:ComfyUI-TRELLIS2] [sparse-conv] N=43,543 Ci=512 Co=512 feats=42MB cache=9MB (miss) w_dev=cuda:0 alloc=991MB
  [ComfyUI] [worker:ComfyUI-TRELLIS2] [sparse-conv] out=42MB alloc=1033MB
  [ComfyUI] [worker:ComfyUI-TRELLIS2] [sparse-conv] out=42MB alloc=1033MB
  [ComfyUI] [worker:ComfyUI-TRELLIS2] [UNET] level=1 block=10 SparseConvNeXtBlock3d N=43,543 ch=512 alloc=981MB
  [ComfyUI] [worker:ComfyUI-TRELLIS2] [UNET] level=1 block=10 SparseConvNeXtBlock3d N=43,543 ch=512 alloc=981MB
  [ComfyUI] [worker:ComfyUI-TRELLIS2] [sparse-conv] N=43,543 Ci=512 Co=512 feats=42MB cache=9MB (miss) w_dev=cuda:0 alloc=991MB
  [ComfyUI] [worker:ComfyUI-TRELLIS2] [sparse-conv] N=43,543 Ci=512 Co=512 feats=42MB cache=9MB (miss) w_dev=cuda:0 alloc=991MB
  [ComfyUI] [worker:ComfyUI-TRELLIS2] [sparse-conv] out=42MB alloc=1033MB
  [ComfyUI] [worker:ComfyUI-TRELLIS2] [sparse-conv] out=42MB alloc=1033MB
  [ComfyUI] [worker:ComfyUI-TRELLIS2] [UNET] level=1 block=11 SparseConvNeXtBlock3d N=43,543 ch=512 alloc=981MB
  [ComfyUI] [worker:ComfyUI-TRELLIS2] [UNET] level=1 block=11 SparseConvNeXtBlock3d N=43,543 ch=512 alloc=981MB
  [ComfyUI] [worker:ComfyUI-TRELLIS2] [sparse-conv] N=43,543 Ci=512 Co=512 feats=42MB cache=9MB (miss) w_dev=cuda:0 alloc=991MB
  [ComfyUI] [worker:ComfyUI-TRELLIS2] [sparse-conv] N=43,543 Ci=512 Co=512 feats=42MB cache=9MB (miss) w_dev=cuda:0 alloc=991MB
  [ComfyUI] [worker:ComfyUI-TRELLIS2] [sparse-conv] out=42MB alloc=1033MB
  [ComfyUI] [worker:ComfyUI-TRELLIS2] [sparse-conv] out=42MB alloc=1033MB
  [ComfyUI] [worker:ComfyUI-TRELLIS2] [UNET] level=1 block=12 SparseConvNeXtBlock3d N=43,543 ch=512 alloc=981MB
  [ComfyUI] [worker:ComfyUI-TRELLIS2] [UNET] level=1 block=12 SparseConvNeXtBlock3d N=43,543 ch=512 alloc=981MB
  [ComfyUI] [worker:ComfyUI-TRELLIS2] [sparse-conv] N=43,543 Ci=512 Co=512 feats=42MB cache=9MB (miss) w_dev=cuda:0 alloc=991MB
  [ComfyUI] [worker:ComfyUI-TRELLIS2] [sparse-conv] N=43,543 Ci=512 Co=512 feats=42MB cache=9MB (miss) w_dev=cuda:0 alloc=991MB
  [ComfyUI] [worker:ComfyUI-TRELLIS2] [sparse-conv] out=42MB alloc=1033MB
  [ComfyUI] [worker:ComfyUI-TRELLIS2] [sparse-conv] out=42MB alloc=1033MB
  [ComfyUI] [SubprocessWorker] callback 'report_progress' from call_id=46
  [ComfyUI] [SubprocessWorker] callback 'report_progress' from call_id=46
  [ComfyUI] [worker:ComfyUI-TRELLIS2] [UNET] level=1 block=13 SparseConvNeXtBlock3d N=43,543 ch=512 alloc=981MB
  [ComfyUI] [worker:ComfyUI-TRELLIS2] [UNET] level=1 block=13 SparseConvNeXtBlock3d N=43,543 ch=512 alloc=981MB
  [ComfyUI] [worker:ComfyUI-TRELLIS2] [sparse-conv] N=43,543 Ci=512 Co=512 feats=42MB cache=9MB (miss) w_dev=cuda:0 alloc=991MB
  [ComfyUI] [worker:ComfyUI-TRELLIS2] [sparse-conv] N=43,543 Ci=512 Co=512 feats=42MB cache=9MB (miss) w_dev=cuda:0 alloc=991MB
  [ComfyUI] [worker:ComfyUI-TRELLIS2] [sparse-conv] out=42MB alloc=1033MB
  [ComfyUI] [worker:ComfyUI-TRELLIS2] [sparse-conv] out=42MB alloc=1033MB
  [ComfyUI] [worker:ComfyUI-TRELLIS2] [UNET] level=1 block=14 SparseConvNeXtBlock3d N=43,543 ch=512 alloc=981MB
  [ComfyUI] [worker:ComfyUI-TRELLIS2] [UNET] level=1 block=14 SparseConvNeXtBlock3d N=43,543 ch=512 alloc=981MB
  [ComfyUI] [worker:ComfyUI-TRELLIS2] [sparse-conv] N=43,543 Ci=512 Co=512 feats=42MB cache=9MB (miss) w_dev=cuda:0 alloc=991MB
  [ComfyUI] [worker:ComfyUI-TRELLIS2] [sparse-conv] N=43,543 Ci=512 Co=512 feats=42MB cache=9MB (miss) w_dev=cuda:0 alloc=991MB
  [ComfyUI] [worker:ComfyUI-TRELLIS2] [sparse-conv] out=42MB alloc=1033MB
  [ComfyUI] [worker:ComfyUI-TRELLIS2] [sparse-conv] out=42MB alloc=1033MB
  [ComfyUI] [worker:ComfyUI-TRELLIS2] [UNET] level=1 block=15 SparseConvNeXtBlock3d N=43,543 ch=512 alloc=981MB
  [ComfyUI] [worker:ComfyUI-TRELLIS2] [UNET] level=1 block=15 SparseConvNeXtBlock3d N=43,543 ch=512 alloc=981MB
  [ComfyUI] [worker:ComfyUI-TRELLIS2] [sparse-conv] N=43,543 Ci=512 Co=512 feats=42MB cache=9MB (miss) w_dev=cuda:0 alloc=991MB
  [ComfyUI] [worker:ComfyUI-TRELLIS2] [sparse-conv] N=43,543 Ci=512 Co=512 feats=42MB cache=9MB (miss) w_dev=cuda:0 alloc=991MB
  [ComfyUI] [worker:ComfyUI-TRELLIS2] [sparse-conv] out=42MB alloc=1033MB
  [ComfyUI] [worker:ComfyUI-TRELLIS2] [sparse-conv] out=42MB alloc=1033MB
  [ComfyUI] [worker:ComfyUI-TRELLIS2] [UNET] level=1 block=16 SparseResBlockC2S3d N=43,543 ch=512 alloc=981MB
  [ComfyUI] [worker:ComfyUI-TRELLIS2] [UNET] level=1 block=16 SparseResBlockC2S3d N=43,543 ch=512 alloc=981MB
  [ComfyUI] [worker:ComfyUI-TRELLIS2] [C2S3d] after subdiv: alloc=982MB
  [ComfyUI] [worker:ComfyUI-TRELLIS2] [C2S3d] after subdiv: alloc=982MB
  [ComfyUI] [worker:ComfyUI-TRELLIS2] [C2S3d] after norm1: alloc=1024MB
  [ComfyUI] [worker:ComfyUI-TRELLIS2] [C2S3d] after norm1: alloc=1024MB
  [ComfyUI] [worker:ComfyUI-TRELLIS2] [C2S3d] pre-conv1: N=43,543 Ci=512 Co=2048 alloc=1024MB
  [ComfyUI] [worker:ComfyUI-TRELLIS2] [C2S3d] pre-conv1: N=43,543 Ci=512 Co=2048 alloc=1024MB
  [ComfyUI] [worker:ComfyUI-TRELLIS2] [C2S3d] x.feats offloaded before conv1: alloc=1024MB
  [ComfyUI] [worker:ComfyUI-TRELLIS2] [C2S3d] x.feats offloaded before conv1: alloc=1024MB
  [ComfyUI] [worker:ComfyUI-TRELLIS2] [sparse-conv] N=43,543 Ci=512 Co=2048 feats=42MB cache=9MB (miss) w_dev=cuda:0 alloc=1034MB
  [ComfyUI] [worker:ComfyUI-TRELLIS2] [sparse-conv] N=43,543 Ci=512 Co=2048 feats=42MB cache=9MB (miss) w_dev=cuda:0 alloc=1034MB
  [ComfyUI] [worker:ComfyUI-TRELLIS2] [sparse-conv] out=170MB alloc=1204MB
  [ComfyUI] [worker:ComfyUI-TRELLIS2] [sparse-conv] out=170MB alloc=1204MB
  [ComfyUI] [worker:ComfyUI-TRELLIS2] [C2S3d] post-conv1: h=torch.Size([43543, 2048]) alloc=1162MB
  [ComfyUI] [worker:ComfyUI-TRELLIS2] [C2S3d] post-conv1: h=torch.Size([43543, 2048]) alloc=1162MB
  [ComfyUI] [worker:ComfyUI-TRELLIS2] [C2S3d] x.feats restored from CPU: alloc=1204MB
  [ComfyUI] [worker:ComfyUI-TRELLIS2] [C2S3d] x.feats restored from CPU: alloc=1204MB
  [ComfyUI] [worker:ComfyUI-TRELLIS2] [C2S3d] pre-C2S(h): alloc=1204MB
  [ComfyUI] [worker:ComfyUI-TRELLIS2] [C2S3d] pre-C2S(h): alloc=1204MB
  [ComfyUI] [worker:ComfyUI-TRELLIS2] [C2S] scatter: 43,543�2048 -> 176,235�256 in=170MB out=86MB alloc=1212MB
  [ComfyUI] [worker:ComfyUI-TRELLIS2] [C2S] scatter: 43,543�2048 -> 176,235�256 in=170MB out=86MB alloc=1212MB
  [ComfyUI] [worker:ComfyUI-TRELLIS2] [C2S] scatter done: alloc=1298MB
  [ComfyUI] [worker:ComfyUI-TRELLIS2] [C2S] scatter done: alloc=1298MB
  [ComfyUI] [worker:ComfyUI-TRELLIS2] [C2S3d] post-C2S(h): h=torch.Size([176235, 256]) alloc=1123MB
  [ComfyUI] [worker:ComfyUI-TRELLIS2] [C2S3d] post-C2S(h): h=torch.Size([176235, 256]) alloc=1123MB
  [ComfyUI] [worker:ComfyUI-TRELLIS2] [C2S] scatter: 43,543�512 -> 176,235�64 in=42MB out=21MB alloc=1130MB
  [ComfyUI] [worker:ComfyUI-TRELLIS2] [C2S] scatter: 43,543�512 -> 176,235�64 in=42MB out=21MB alloc=1130MB
  [ComfyUI] [worker:ComfyUI-TRELLIS2] [C2S] scatter done: alloc=1152MB
  [ComfyUI] [worker:ComfyUI-TRELLIS2] [C2S] scatter done: alloc=1152MB
  [ComfyUI] [worker:ComfyUI-TRELLIS2] [C2S3d] post-C2S(x): x=torch.Size([176235, 64]) alloc=1105MB
  [ComfyUI] [worker:ComfyUI-TRELLIS2] [C2S3d] post-C2S(x): x=torch.Size([176235, 64]) alloc=1105MB
  [ComfyUI] [worker:ComfyUI-TRELLIS2] [C2S3d] post-C2S: N=176,235 h=256ch x=64ch alloc=1104MB
  [ComfyUI] [worker:ComfyUI-TRELLIS2] [C2S3d] post-C2S: N=176,235 h=256ch x=64ch alloc=1104MB
  [ComfyUI] [worker:ComfyUI-TRELLIS2] [C2S3d] x offloaded to CPU, pre-conv2: alloc=1080MB
  [ComfyUI] [worker:ComfyUI-TRELLIS2] [C2S3d] x offloaded to CPU, pre-conv2: alloc=1080MB
  [ComfyUI] [worker:ComfyUI-TRELLIS2] [C2S3d] after norm2: alloc=1080MB
  [ComfyUI] [worker:ComfyUI-TRELLIS2] [C2S3d] after norm2: alloc=1080MB
  [ComfyUI] [worker:ComfyUI-TRELLIS2] [C2S3d] after silu: alloc=1080MB
  [ComfyUI] [worker:ComfyUI-TRELLIS2] [C2S3d] after silu: alloc=1080MB
  [ComfyUI] [worker:ComfyUI-TRELLIS2] [sparse-conv] N=176,235 Ci=256 Co=256 feats=86MB cache=39MB (miss) w_dev=cuda:0 alloc=1121MB
  [ComfyUI] [worker:ComfyUI-TRELLIS2] [sparse-conv] N=176,235 Ci=256 Co=256 feats=86MB cache=39MB (miss) w_dev=cuda:0 alloc=1121MB
  [ComfyUI] [worker:ComfyUI-TRELLIS2] [sparse-conv] out=86MB alloc=1207MB
  [ComfyUI] [worker:ComfyUI-TRELLIS2] [sparse-conv] out=86MB alloc=1207MB
  [ComfyUI] [worker:ComfyUI-TRELLIS2] [C2S3d] post-conv2: alloc=1121MB
  [ComfyUI] [worker:ComfyUI-TRELLIS2] [C2S3d] post-conv2: alloc=1121MB
  [ComfyUI] [worker:ComfyUI-TRELLIS2] [C2S3d] post-conv2 (cache cleared): alloc=1080MB
  [ComfyUI] [worker:ComfyUI-TRELLIS2] [C2S3d] post-conv2 (cache cleared): alloc=1080MB
  [ComfyUI] [worker:ComfyUI-TRELLIS2] [C2S3d] after skip expand: alloc=1166MB
  [ComfyUI] [worker:ComfyUI-TRELLIS2] [C2S3d] after skip expand: alloc=1166MB
  [ComfyUI] [worker:ComfyUI-TRELLIS2] [C2S3d] post-skip: alloc=1080MB
  [ComfyUI] [worker:ComfyUI-TRELLIS2] [C2S3d] post-skip: alloc=1080MB
  [ComfyUI] [SubprocessWorker] callback 'report_progress' from call_id=46
  [ComfyUI] [SubprocessWorker] callback 'report_progress' from call_id=46
  [ComfyUI] [worker:ComfyUI-TRELLIS2] [UNET] level=2 block=0 SparseConvNeXtBlock3d N=176,235 ch=256 alloc=1038MB
  [ComfyUI] [worker:ComfyUI-TRELLIS2] [UNET] level=2 block=0 SparseConvNeXtBlock3d N=176,235 ch=256 alloc=1038MB
  [ComfyUI] [worker:ComfyUI-TRELLIS2] [sparse-conv] N=176,235 Ci=256 Co=256 feats=86MB cache=39MB (miss) w_dev=cuda:0 alloc=1078MB
  [ComfyUI] [worker:ComfyUI-TRELLIS2] [sparse-conv] N=176,235 Ci=256 Co=256 feats=86MB cache=39MB (miss) w_dev=cuda:0 alloc=1078MB
  [ComfyUI] [worker:ComfyUI-TRELLIS2] [sparse-conv] out=86MB alloc=1164MB
  [ComfyUI] [worker:ComfyUI-TRELLIS2] [sparse-conv] out=86MB alloc=1164MB
  [ComfyUI] [worker:ComfyUI-TRELLIS2] [UNET] level=2 block=1 SparseConvNeXtBlock3d N=176,235 ch=256 alloc=1038MB
  [ComfyUI] [worker:ComfyUI-TRELLIS2] [UNET] level=2 block=1 SparseConvNeXtBlock3d N=176,235 ch=256 alloc=1038MB
  [ComfyUI] [worker:ComfyUI-TRELLIS2] [sparse-conv] N=176,235 Ci=256 Co=256 feats=86MB cache=39MB (miss) w_dev=cuda:0 alloc=1078MB
  [ComfyUI] [worker:ComfyUI-TRELLIS2] [sparse-conv] N=176,235 Ci=256 Co=256 feats=86MB cache=39MB (miss) w_dev=cuda:0 alloc=1078MB
  [ComfyUI] [worker:ComfyUI-TRELLIS2] [sparse-conv] out=86MB alloc=1164MB
  [ComfyUI] [worker:ComfyUI-TRELLIS2] [sparse-conv] out=86MB alloc=1164MB
  [ComfyUI] [worker:ComfyUI-TRELLIS2] [UNET] level=2 block=2 SparseConvNeXtBlock3d N=176,235 ch=256 alloc=1038MB
  [ComfyUI] [worker:ComfyUI-TRELLIS2] [UNET] level=2 block=2 SparseConvNeXtBlock3d N=176,235 ch=256 alloc=1038MB
  [ComfyUI] [worker:ComfyUI-TRELLIS2] [sparse-conv] N=176,235 Ci=256 Co=256 feats=86MB cache=39MB (miss) w_dev=cuda:0 alloc=1078MB
  [ComfyUI] [worker:ComfyUI-TRELLIS2] [sparse-conv] N=176,235 Ci=256 Co=256 feats=86MB cache=39MB (miss) w_dev=cuda:0 alloc=1078MB
  [ComfyUI] [worker:ComfyUI-TRELLIS2] [sparse-conv] out=86MB alloc=1164MB
  [ComfyUI] [worker:ComfyUI-TRELLIS2] [sparse-conv] out=86MB alloc=1164MB
  [ComfyUI] [worker:ComfyUI-TRELLIS2] [UNET] level=2 block=3 SparseConvNeXtBlock3d N=176,235 ch=256 alloc=1038MB
  [ComfyUI] [worker:ComfyUI-TRELLIS2] [UNET] level=2 block=3 SparseConvNeXtBlock3d N=176,235 ch=256 alloc=1038MB
  [ComfyUI] [worker:ComfyUI-TRELLIS2] [sparse-conv] N=176,235 Ci=256 Co=256 feats=86MB cache=39MB (miss) w_dev=cuda:0 alloc=1078MB
  [ComfyUI] [worker:ComfyUI-TRELLIS2] [sparse-conv] N=176,235 Ci=256 Co=256 feats=86MB cache=39MB (miss) w_dev=cuda:0 alloc=1078MB
  [ComfyUI] [worker:ComfyUI-TRELLIS2] [sparse-conv] out=86MB alloc=1164MB
  [ComfyUI] [worker:ComfyUI-TRELLIS2] [sparse-conv] out=86MB alloc=1164MB
  [ComfyUI] [SubprocessWorker] callback 'report_progress' from call_id=46
  [ComfyUI] [SubprocessWorker] callback 'report_progress' from call_id=46
  [ComfyUI] [worker:ComfyUI-TRELLIS2] [UNET] level=2 block=4 SparseConvNeXtBlock3d N=176,235 ch=256 alloc=1038MB
  [ComfyUI] [worker:ComfyUI-TRELLIS2] [UNET] level=2 block=4 SparseConvNeXtBlock3d N=176,235 ch=256 alloc=1038MB
  [ComfyUI] [worker:ComfyUI-TRELLIS2] [sparse-conv] N=176,235 Ci=256 Co=256 feats=86MB cache=39MB (miss) w_dev=cuda:0 alloc=1078MB
  [ComfyUI] [worker:ComfyUI-TRELLIS2] [sparse-conv] N=176,235 Ci=256 Co=256 feats=86MB cache=39MB (miss) w_dev=cuda:0 alloc=1078MB
  [ComfyUI] [worker:ComfyUI-TRELLIS2] [sparse-conv] out=86MB alloc=1164MB
  [ComfyUI] [worker:ComfyUI-TRELLIS2] [sparse-conv] out=86MB alloc=1164MB
  [ComfyUI] [worker:ComfyUI-TRELLIS2] [UNET] level=2 block=5 SparseConvNeXtBlock3d N=176,235 ch=256 alloc=1038MB
  [ComfyUI] [worker:ComfyUI-TRELLIS2] [UNET] level=2 block=5 SparseConvNeXtBlock3d N=176,235 ch=256 alloc=1038MB
  [ComfyUI] [worker:ComfyUI-TRELLIS2] [sparse-conv] N=176,235 Ci=256 Co=256 feats=86MB cache=39MB (miss) w_dev=cuda:0 alloc=1078MB
  [ComfyUI] [worker:ComfyUI-TRELLIS2] [sparse-conv] N=176,235 Ci=256 Co=256 feats=86MB cache=39MB (miss) w_dev=cuda:0 alloc=1078MB
  [ComfyUI] [worker:ComfyUI-TRELLIS2] [sparse-conv] out=86MB alloc=1164MB
  [ComfyUI] [worker:ComfyUI-TRELLIS2] [sparse-conv] out=86MB alloc=1164MB
  [ComfyUI] [worker:ComfyUI-TRELLIS2] [UNET] level=2 block=6 SparseConvNeXtBlock3d N=176,235 ch=256 alloc=1038MB
  [ComfyUI] [worker:ComfyUI-TRELLIS2] [UNET] level=2 block=6 SparseConvNeXtBlock3d N=176,235 ch=256 alloc=1038MB
  [ComfyUI] [worker:ComfyUI-TRELLIS2] [sparse-conv] N=176,235 Ci=256 Co=256 feats=86MB cache=39MB (miss) w_dev=cuda:0 alloc=1078MB
  [ComfyUI] [worker:ComfyUI-TRELLIS2] [sparse-conv] N=176,235 Ci=256 Co=256 feats=86MB cache=39MB (miss) w_dev=cuda:0 alloc=1078MB
  [ComfyUI] [worker:ComfyUI-TRELLIS2] [sparse-conv] out=86MB alloc=1164MB
  [ComfyUI] [worker:ComfyUI-TRELLIS2] [sparse-conv] out=86MB alloc=1164MB
  [ComfyUI] [worker:ComfyUI-TRELLIS2] [UNET] level=2 block=7 SparseConvNeXtBlock3d N=176,235 ch=256 alloc=1038MB
  [ComfyUI] [worker:ComfyUI-TRELLIS2] [UNET] level=2 block=7 SparseConvNeXtBlock3d N=176,235 ch=256 alloc=1038MB
  [ComfyUI] [worker:ComfyUI-TRELLIS2] [sparse-conv] N=176,235 Ci=256 Co=256 feats=86MB cache=39MB (miss) w_dev=cuda:0 alloc=1078MB
  [ComfyUI] [worker:ComfyUI-TRELLIS2] [sparse-conv] N=176,235 Ci=256 Co=256 feats=86MB cache=39MB (miss) w_dev=cuda:0 alloc=1078MB
  [ComfyUI] [worker:ComfyUI-TRELLIS2] [sparse-conv] out=86MB alloc=1164MB
  [ComfyUI] [worker:ComfyUI-TRELLIS2] [sparse-conv] out=86MB alloc=1164MB
  [ComfyUI] [worker:ComfyUI-TRELLIS2] [VRAM] +951MB (now 1183MB) reserved=1392MB peak=4635MB
  [ComfyUI] [worker:ComfyUI-TRELLIS2] [VRAM] +951MB (now 1183MB) reserved=1392MB peak=4635MB
  [ComfyUI] [worker:ComfyUI-TRELLIS2] [UNET] level=2 block=8 SparseResBlockC2S3d N=176,235 ch=256 alloc=1038MB
  [ComfyUI] [worker:ComfyUI-TRELLIS2] [UNET] level=2 block=8 SparseResBlockC2S3d N=176,235 ch=256 alloc=1038MB
  [ComfyUI] [worker:ComfyUI-TRELLIS2] [C2S3d] after subdiv: alloc=1040MB
  [ComfyUI] [worker:ComfyUI-TRELLIS2] [C2S3d] after subdiv: alloc=1040MB
  [ComfyUI] [worker:ComfyUI-TRELLIS2] [C2S3d] after norm1: alloc=1127MB
  [ComfyUI] [worker:ComfyUI-TRELLIS2] [C2S3d] after norm1: alloc=1127MB
  [ComfyUI] [worker:ComfyUI-TRELLIS2] [C2S3d] pre-conv1: N=176,235 Ci=256 Co=1024 alloc=1127MB
  [ComfyUI] [worker:ComfyUI-TRELLIS2] [C2S3d] pre-conv1: N=176,235 Ci=256 Co=1024 alloc=1127MB
  [ComfyUI] [worker:ComfyUI-TRELLIS2] [C2S3d] x.feats offloaded before conv1: alloc=1128MB
  [ComfyUI] [worker:ComfyUI-TRELLIS2] [C2S3d] x.feats offloaded before conv1: alloc=1128MB
  [ComfyUI] [worker:ComfyUI-TRELLIS2] [sparse-conv] N=176,235 Ci=256 Co=1024 feats=86MB cache=39MB (miss) w_dev=cuda:0 alloc=1169MB
  [ComfyUI] [worker:ComfyUI-TRELLIS2] [sparse-conv] N=176,235 Ci=256 Co=1024 feats=86MB cache=39MB (miss) w_dev=cuda:0 alloc=1169MB
  [ComfyUI] [worker:ComfyUI-TRELLIS2] [sparse-conv] out=344MB alloc=1513MB
  [ComfyUI] [worker:ComfyUI-TRELLIS2] [sparse-conv] out=344MB alloc=1513MB
  [ComfyUI] [worker:ComfyUI-TRELLIS2] [C2S3d] post-conv1: h=torch.Size([176235, 1024]) alloc=1427MB
  [ComfyUI] [worker:ComfyUI-TRELLIS2] [C2S3d] post-conv1: h=torch.Size([176235, 1024]) alloc=1427MB
  [ComfyUI] [worker:ComfyUI-TRELLIS2] [C2S3d] x.feats restored from CPU: alloc=1513MB
  [ComfyUI] [worker:ComfyUI-TRELLIS2] [C2S3d] x.feats restored from CPU: alloc=1513MB
  [ComfyUI] [worker:ComfyUI-TRELLIS2] [C2S3d] pre-C2S(h): alloc=1513MB
  [ComfyUI] [worker:ComfyUI-TRELLIS2] [C2S3d] pre-C2S(h): alloc=1513MB
  [ComfyUI] [worker:ComfyUI-TRELLIS2] [C2S] scatter: 176,235�1024 -> 706,918�128 in=344MB out=172MB alloc=1542MB
  [ComfyUI] [worker:ComfyUI-TRELLIS2] [C2S] scatter: 176,235�1024 -> 706,918�128 in=344MB out=172MB alloc=1542MB
  [ComfyUI] [worker:ComfyUI-TRELLIS2] [C2S] offloaded 344MB to CPU, alloc=1198MB
  [ComfyUI] [worker:ComfyUI-TRELLIS2] [C2S] offloaded 344MB to CPU, alloc=1198MB
  [ComfyUI] [worker:ComfyUI-TRELLIS2] [C2S] scatter done: alloc=1370MB
  [ComfyUI] [worker:ComfyUI-TRELLIS2] [C2S] scatter done: alloc=1370MB
  [ComfyUI] [worker:ComfyUI-TRELLIS2] [C2S3d] post-C2S(h): h=torch.Size([706918, 128]) alloc=1352MB
  [ComfyUI] [worker:ComfyUI-TRELLIS2] [C2S3d] post-C2S(h): h=torch.Size([706918, 128]) alloc=1352MB
  [ComfyUI] [worker:ComfyUI-TRELLIS2] [C2S] scatter: 176,235�256 -> 706,918�32 in=86MB out=43MB alloc=1381MB
  [ComfyUI] [worker:ComfyUI-TRELLIS2] [C2S] scatter: 176,235�256 -> 706,918�32 in=86MB out=43MB alloc=1381MB
  [ComfyUI] [worker:ComfyUI-TRELLIS2] [C2S] scatter done: alloc=1424MB
  [ComfyUI] [worker:ComfyUI-TRELLIS2] [C2S] scatter done: alloc=1424MB
  [ComfyUI] [worker:ComfyUI-TRELLIS2] [C2S3d] post-C2S(x): x=torch.Size([706918, 32]) alloc=1320MB
  [ComfyUI] [worker:ComfyUI-TRELLIS2] [C2S3d] post-C2S(x): x=torch.Size([706918, 32]) alloc=1320MB
  [ComfyUI] [worker:ComfyUI-TRELLIS2] [C2S3d] post-C2S: N=706,918 h=128ch x=32ch alloc=1319MB
  [ComfyUI] [worker:ComfyUI-TRELLIS2] [C2S3d] post-C2S: N=706,918 h=128ch x=32ch alloc=1319MB
  [ComfyUI] [worker:ComfyUI-TRELLIS2] [C2S3d] x offloaded to CPU, pre-conv2: alloc=1265MB
  [ComfyUI] [worker:ComfyUI-TRELLIS2] [C2S3d] x offloaded to CPU, pre-conv2: alloc=1265MB
  [ComfyUI] [worker:ComfyUI-TRELLIS2] [C2S3d] after norm2: alloc=1266MB
  [ComfyUI] [worker:ComfyUI-TRELLIS2] [C2S3d] after norm2: alloc=1266MB
  [ComfyUI] [worker:ComfyUI-TRELLIS2] [C2S3d] after silu: alloc=1265MB
  [ComfyUI] [worker:ComfyUI-TRELLIS2] [C2S3d] after silu: alloc=1265MB
  [ComfyUI] [worker:ComfyUI-TRELLIS2] [sparse-conv] N=706,918 Ci=128 Co=128 feats=172MB cache=159MB (miss) w_dev=cuda:0 alloc=1426MB
  [ComfyUI] [worker:ComfyUI-TRELLIS2] [sparse-conv] N=706,918 Ci=128 Co=128 feats=172MB cache=159MB (miss) w_dev=cuda:0 alloc=1426MB
  [ComfyUI] [worker:ComfyUI-TRELLIS2] [sparse-conv] out=172MB alloc=1599MB
  [ComfyUI] [worker:ComfyUI-TRELLIS2] [sparse-conv] out=172MB alloc=1599MB
  [ComfyUI] [worker:ComfyUI-TRELLIS2] [C2S3d] post-conv2: alloc=1426MB
  [ComfyUI] [worker:ComfyUI-TRELLIS2] [C2S3d] post-conv2: alloc=1426MB
  [ComfyUI] [worker:ComfyUI-TRELLIS2] [C2S3d] post-conv2 (cache cleared): alloc=1265MB
  [ComfyUI] [worker:ComfyUI-TRELLIS2] [C2S3d] post-conv2 (cache cleared): alloc=1265MB
  [ComfyUI] [worker:ComfyUI-TRELLIS2] [C2S3d] after skip expand: alloc=1437MB
  [ComfyUI] [worker:ComfyUI-TRELLIS2] [C2S3d] after skip expand: alloc=1437MB
  [ComfyUI] [worker:ComfyUI-TRELLIS2] [C2S3d] post-skip: alloc=1266MB
  [ComfyUI] [worker:ComfyUI-TRELLIS2] [C2S3d] post-skip: alloc=1266MB
  [ComfyUI] [SubprocessWorker] callback 'report_progress' from call_id=46
  [ComfyUI] [SubprocessWorker] callback 'report_progress' from call_id=46
  [ComfyUI] [worker:ComfyUI-TRELLIS2] [UNET] level=3 block=0 SparseConvNeXtBlock3d N=706,918 ch=128 alloc=1179MB
  [ComfyUI] [worker:ComfyUI-TRELLIS2] [UNET] level=3 block=0 SparseConvNeXtBlock3d N=706,918 ch=128 alloc=1179MB
  [ComfyUI] [worker:ComfyUI-TRELLIS2] [sparse-conv] N=706,918 Ci=128 Co=128 feats=172MB cache=159MB (miss) w_dev=cuda:0 alloc=1340MB
  [ComfyUI] [worker:ComfyUI-TRELLIS2] [sparse-conv] N=706,918 Ci=128 Co=128 feats=172MB cache=159MB (miss) w_dev=cuda:0 alloc=1340MB
  [ComfyUI] [worker:ComfyUI-TRELLIS2] [sparse-conv] out=172MB alloc=1513MB
  [ComfyUI] [worker:ComfyUI-TRELLIS2] [sparse-conv] out=172MB alloc=1513MB
  [ComfyUI] [worker:ComfyUI-TRELLIS2] [UNET] level=3 block=1 SparseConvNeXtBlock3d N=706,918 ch=128 alloc=1179MB
  [ComfyUI] [worker:ComfyUI-TRELLIS2] [UNET] level=3 block=1 SparseConvNeXtBlock3d N=706,918 ch=128 alloc=1179MB
  [ComfyUI] [worker:ComfyUI-TRELLIS2] [sparse-conv] N=706,918 Ci=128 Co=128 feats=172MB cache=159MB (miss) w_dev=cuda:0 alloc=1339MB
  [ComfyUI] [worker:ComfyUI-TRELLIS2] [sparse-conv] N=706,918 Ci=128 Co=128 feats=172MB cache=159MB (miss) w_dev=cuda:0 alloc=1339MB
  [ComfyUI] [worker:ComfyUI-TRELLIS2] [sparse-conv] out=172MB alloc=1512MB
  [ComfyUI] [worker:ComfyUI-TRELLIS2] [sparse-conv] out=172MB alloc=1512MB
  [ComfyUI] [SubprocessWorker] callback 'report_progress' from call_id=46
  [ComfyUI] [SubprocessWorker] callback 'report_progress' from call_id=46
  [ComfyUI] [worker:ComfyUI-TRELLIS2] [UNET] level=3 block=2 SparseConvNeXtBlock3d N=706,918 ch=128 alloc=1179MB
  [ComfyUI] [worker:ComfyUI-TRELLIS2] [UNET] level=3 block=2 SparseConvNeXtBlock3d N=706,918 ch=128 alloc=1179MB
  [ComfyUI] [worker:ComfyUI-TRELLIS2] [sparse-conv] N=706,918 Ci=128 Co=128 feats=172MB cache=159MB (miss) w_dev=cuda:0 alloc=1340MB
  [ComfyUI] [worker:ComfyUI-TRELLIS2] [sparse-conv] N=706,918 Ci=128 Co=128 feats=172MB cache=159MB (miss) w_dev=cuda:0 alloc=1340MB
  [ComfyUI] [worker:ComfyUI-TRELLIS2] [sparse-conv] out=172MB alloc=1513MB
  [ComfyUI] [worker:ComfyUI-TRELLIS2] [sparse-conv] out=172MB alloc=1513MB
  [ComfyUI] [worker:ComfyUI-TRELLIS2] [UNET] level=3 block=3 SparseConvNeXtBlock3d N=706,918 ch=128 alloc=1179MB
  [ComfyUI] [worker:ComfyUI-TRELLIS2] [UNET] level=3 block=3 SparseConvNeXtBlock3d N=706,918 ch=128 alloc=1179MB
  [ComfyUI] [worker:ComfyUI-TRELLIS2] [sparse-conv] N=706,918 Ci=128 Co=128 feats=172MB cache=159MB (miss) w_dev=cuda:0 alloc=1339MB
  [ComfyUI] [worker:ComfyUI-TRELLIS2] [sparse-conv] N=706,918 Ci=128 Co=128 feats=172MB cache=159MB (miss) w_dev=cuda:0 alloc=1339MB
  [ComfyUI] [worker:ComfyUI-TRELLIS2] [sparse-conv] out=172MB alloc=1512MB
  [ComfyUI] [worker:ComfyUI-TRELLIS2] [sparse-conv] out=172MB alloc=1512MB
  [ComfyUI] [worker:ComfyUI-TRELLIS2] [UNET] level=3 block=4 SparseResBlockC2S3d N=706,918 ch=128 alloc=1179MB
  [ComfyUI] [worker:ComfyUI-TRELLIS2] [UNET] level=3 block=4 SparseResBlockC2S3d N=706,918 ch=128 alloc=1179MB
  [ComfyUI] [worker:ComfyUI-TRELLIS2] [C2S3d] after subdiv: alloc=1190MB
  [ComfyUI] [worker:ComfyUI-TRELLIS2] [C2S3d] after subdiv: alloc=1190MB
  [ComfyUI] [worker:ComfyUI-TRELLIS2] [C2S3d] after norm1: alloc=1363MB
  [ComfyUI] [worker:ComfyUI-TRELLIS2] [C2S3d] after norm1: alloc=1363MB
  [ComfyUI] [worker:ComfyUI-TRELLIS2] [C2S3d] pre-conv1: N=706,918 Ci=128 Co=512 alloc=1363MB
  [ComfyUI] [worker:ComfyUI-TRELLIS2] [C2S3d] pre-conv1: N=706,918 Ci=128 Co=512 alloc=1363MB
  [ComfyUI] [worker:ComfyUI-TRELLIS2] [C2S3d] x.feats offloaded before conv1: alloc=1368MB
  [ComfyUI] [worker:ComfyUI-TRELLIS2] [C2S3d] x.feats offloaded before conv1: alloc=1368MB
  [ComfyUI] [worker:ComfyUI-TRELLIS2] [sparse-conv] N=706,918 Ci=128 Co=512 feats=172MB cache=159MB (miss) w_dev=cuda:0 alloc=1529MB
  [ComfyUI] [worker:ComfyUI-TRELLIS2] [sparse-conv] N=706,918 Ci=128 Co=512 feats=172MB cache=159MB (miss) w_dev=cuda:0 alloc=1529MB
  [ComfyUI] [worker:ComfyUI-TRELLIS2] [sparse-conv] out=690MB alloc=2220MB
  [ComfyUI] [worker:ComfyUI-TRELLIS2] [sparse-conv] out=690MB alloc=2220MB
  [ComfyUI] [worker:ComfyUI-TRELLIS2] [C2S3d] post-conv1: h=torch.Size([706918, 512]) alloc=2048MB
  [ComfyUI] [worker:ComfyUI-TRELLIS2] [C2S3d] post-conv1: h=torch.Size([706918, 512]) alloc=2048MB
  [ComfyUI] [worker:ComfyUI-TRELLIS2] [C2S3d] x.feats restored from CPU: alloc=2220MB
  [ComfyUI] [worker:ComfyUI-TRELLIS2] [C2S3d] x.feats restored from CPU: alloc=2220MB
  [ComfyUI] [worker:ComfyUI-TRELLIS2] [C2S3d] pre-C2S(h): alloc=2220MB
  [ComfyUI] [worker:ComfyUI-TRELLIS2] [C2S3d] pre-C2S(h): alloc=2220MB
  [ComfyUI] [worker:ComfyUI-TRELLIS2] [C2S] scatter: 706,918�512 -> 2,831,692�64 in=690MB out=345MB alloc=2334MB
  [ComfyUI] [worker:ComfyUI-TRELLIS2] [C2S] scatter: 706,918�512 -> 2,831,692�64 in=690MB out=345MB alloc=2334MB
  [ComfyUI] [worker:ComfyUI-TRELLIS2] [C2S] offloaded 690MB to CPU, alloc=1643MB
  [ComfyUI] [worker:ComfyUI-TRELLIS2] [C2S] offloaded 690MB to CPU, alloc=1643MB
  [ComfyUI] [worker:ComfyUI-TRELLIS2] [VRAM] +806MB (now 1989MB) reserved=2170MB peak=4635MB
  [ComfyUI] [worker:ComfyUI-TRELLIS2] [VRAM] +806MB (now 1989MB) reserved=2170MB peak=4635MB
  [ComfyUI] [worker:ComfyUI-TRELLIS2] [C2S] scatter done: alloc=1989MB
  [ComfyUI] [worker:ComfyUI-TRELLIS2] [C2S] scatter done: alloc=1989MB
  [ComfyUI] [worker:ComfyUI-TRELLIS2] [C2S3d] post-C2S(h): h=torch.Size([2831692, 64]) alloc=1919MB
  [ComfyUI] [worker:ComfyUI-TRELLIS2] [C2S3d] post-C2S(h): h=torch.Size([2831692, 64]) alloc=1919MB
  [ComfyUI] [worker:ComfyUI-TRELLIS2] [C2S] scatter: 706,918�128 -> 2,831,692�16 in=172MB out=86MB alloc=2032MB
  [ComfyUI] [worker:ComfyUI-TRELLIS2] [C2S] scatter: 706,918�128 -> 2,831,692�16 in=172MB out=86MB alloc=2032MB
  [ComfyUI] [worker:ComfyUI-TRELLIS2] [C2S] scatter done: alloc=2119MB
  [ComfyUI] [worker:ComfyUI-TRELLIS2] [C2S] scatter done: alloc=2119MB
  [ComfyUI] [worker:ComfyUI-TRELLIS2] [C2S3d] post-C2S(x): x=torch.Size([2831692, 16]) alloc=1876MB
  [ComfyUI] [worker:ComfyUI-TRELLIS2] [C2S3d] post-C2S(x): x=torch.Size([2831692, 16]) alloc=1876MB
  [ComfyUI] [worker:ComfyUI-TRELLIS2] [C2S3d] post-C2S: N=2,831,692 h=64ch x=16ch alloc=1871MB
  [ComfyUI] [worker:ComfyUI-TRELLIS2] [C2S3d] post-C2S: N=2,831,692 h=64ch x=16ch alloc=1871MB
  [ComfyUI] [worker:ComfyUI-TRELLIS2] [C2S3d] x offloaded to CPU, pre-conv2: alloc=1741MB
  [ComfyUI] [worker:ComfyUI-TRELLIS2] [C2S3d] x offloaded to CPU, pre-conv2: alloc=1741MB
  [ComfyUI] [worker:ComfyUI-TRELLIS2] [C2S3d] h.feats offloaded for chunked norm2+silu: alloc=1395MB
  [ComfyUI] [worker:ComfyUI-TRELLIS2] [C2S3d] h.feats offloaded for chunked norm2+silu: alloc=1395MB
  Frame 17 saved (frame_016.jpg, t=116.3s)
  [ComfyUI] [worker:ComfyUI-TRELLIS2] [C2S3d] after chunked norm2+silu: alloc=1741MB
  [ComfyUI] [worker:ComfyUI-TRELLIS2] [C2S3d] after chunked norm2+silu: alloc=1741MB
  [capture-periodic] freeze=4ms shot=192ms unfreeze=9ms saved=True
  [ComfyUI] [worker:ComfyUI-TRELLIS2] [sparse-conv] TILED: N=2,831,692 max_tile=1,000,000 feats=345MB alloc=1741MB
  [ComfyUI] [worker:ComfyUI-TRELLIS2] [sparse-conv] TILED: N=2,831,692 max_tile=1,000,000 feats=345MB alloc=1741MB
  [ComfyUI] [worker:ComfyUI-TRELLIS2] [sparse-conv] TILED feats offloaded to CPU, alloc=1395MB
  [ComfyUI] [worker:ComfyUI-TRELLIS2] [sparse-conv] TILED feats offloaded to CPU, alloc=1395MB
  [ComfyUI] [worker:ComfyUI-TRELLIS2] [tiled_conv] N=2,831,692 Ci=64 Co=64 K=(3, 3, 3) feats=346MB out=346MB feats_dev=cpu alloc=1395MB
  [ComfyUI] [worker:ComfyUI-TRELLIS2] [tiled_conv] N=2,831,692 Ci=64 Co=64 K=(3, 3, 3) feats=346MB out=346MB feats_dev=cpu alloc=1395MB
  [ComfyUI] [worker:ComfyUI-TRELLIS2] [tiled_conv] 4 tiles, VRAM baseline=1395MB
  [ComfyUI] [worker:ComfyUI-TRELLIS2] [tiled_conv] 4 tiles, VRAM baseline=1395MB
  [ComfyUI] 
  [ComfyUI] 
  [ComfyUI] Tiled Conv3d:   0%|          | 0/4 [00:00<?]
  [ComfyUI] Tiled Conv3d:   0%|          | 0/4 [00:00<?]
  [ComfyUI] Tiled Conv3d:   0%|          | 0/4 [00:00<?]
  [ComfyUI] Tiled Conv3d:   0%|          | 0/4 [00:00<?]
  [ComfyUI] Tiled Conv3d:  25%|██▌       | 1/4 [00:00<00:00]
  [ComfyUI] Tiled Conv3d:  25%|██▌       | 1/4 [00:00<00:00]
  [ComfyUI] Tiled Conv3d:  25%|██▌       | 1/4 [00:00<00:00]
  [ComfyUI] Tiled Conv3d:  25%|██▌       | 1/4 [00:00<00:00]
  [ComfyUI] Tiled Conv3d:  50%|█████     | 2/4 [00:00<00:00]
  [ComfyUI] Tiled Conv3d:  50%|█████     | 2/4 [00:00<00:00]
  [ComfyUI] Tiled Conv3d:  50%|█████     | 2/4 [00:00<00:00]
  [ComfyUI] Tiled Conv3d:  50%|█████     | 2/4 [00:00<00:00]
  [ComfyUI] Tiled Conv3d:  75%|███████▌  | 3/4 [00:00<00:00][worker:ComfyUI-TRELLIS2] [VRAM] -289MB (now 1700MB) reserved=1978MB peak=4635MB
  [ComfyUI] Tiled Conv3d:  75%|███████▌  | 3/4 [00:00<00:00][worker:ComfyUI-TRELLIS2] [VRAM] -289MB (now 1700MB) reserved=1978MB peak=4635MB
  [ComfyUI] 
  [ComfyUI] 
  [ComfyUI] Tiled Conv3d:  75%|███████▌  | 3/4 [00:00<00:00]
  [ComfyUI] Tiled Conv3d:  75%|███████▌  | 3/4 [00:00<00:00]
  [ComfyUI] Tiled Conv3d: 100%|██████████| 4/4 [00:00<00:00]
  [ComfyUI] Tiled Conv3d: 100%|██████████| 4/4 [00:00<00:00]
  [ComfyUI] Tiled Conv3d: 100%|██████████| 4/4 [00:00<00:00]
  [ComfyUI] Tiled Conv3d: 100%|██████████| 4/4 [00:00<00:00]
  [ComfyUI] [worker:ComfyUI-TRELLIS2] [tiled_conv] done: 2831692/2831692 voxels, tile_peak=1821MB, final=1741MB
  [ComfyUI] [worker:ComfyUI-TRELLIS2] [tiled_conv] done: 2831692/2831692 voxels, tile_peak=1821MB, final=1741MB
  [ComfyUI] [worker:ComfyUI-TRELLIS2] [sparse-conv] TILED done: out=345MB alloc=1741MB
  [ComfyUI] [worker:ComfyUI-TRELLIS2] [sparse-conv] TILED done: out=345MB alloc=1741MB
  [ComfyUI] [worker:ComfyUI-TRELLIS2] [C2S3d] post-conv2: alloc=1741MB
  [ComfyUI] [worker:ComfyUI-TRELLIS2] [C2S3d] post-conv2: alloc=1741MB
  [ComfyUI] [worker:ComfyUI-TRELLIS2] [C2S3d] post-conv2 (cache cleared): alloc=1741MB
  [ComfyUI] [worker:ComfyUI-TRELLIS2] [C2S3d] post-conv2 (cache cleared): alloc=1741MB
  [ComfyUI] [worker:ComfyUI-TRELLIS2] [C2S3d] after chunked skip: alloc=1741MB
  [ComfyUI] [worker:ComfyUI-TRELLIS2] [C2S3d] after chunked skip: alloc=1741MB
  [ComfyUI] [SubprocessWorker] callback 'report_progress' from call_id=46
  [ComfyUI] [SubprocessWorker] callback 'report_progress' from call_id=46
  [ComfyUI] [SubprocessWorker] callback 'report_progress' from call_id=46
  [ComfyUI] [SubprocessWorker] callback 'report_progress' from call_id=46
  [ComfyUI] [worker:ComfyUI-TRELLIS2] [FlexiDecoder] pre-cleanup: alloc=1075MB
  [ComfyUI] [worker:ComfyUI-TRELLIS2] [FlexiDecoder] pre-cleanup: alloc=1075MB
  [ComfyUI] [worker:ComfyUI-TRELLIS2] [FlexiDecoder] model to CPU: alloc=159MB
  [ComfyUI] [worker:ComfyUI-TRELLIS2] [FlexiDecoder] model to CPU: alloc=159MB
  [ComfyUI] [worker:ComfyUI-TRELLIS2] [FlexiDecoder] extra[0][0] feats=torch.Size([10576, 8]) on cuda:0, 0MB
  [ComfyUI] [worker:ComfyUI-TRELLIS2] [FlexiDecoder] extra[0][0] feats=torch.Size([10576, 8]) on cuda:0, 0MB
  [ComfyUI] [worker:ComfyUI-TRELLIS2] [FlexiDecoder] extra[0][1] feats=torch.Size([43543, 8]) on cuda:0, 0MB
  [ComfyUI] [worker:ComfyUI-TRELLIS2] [FlexiDecoder] extra[0][1] feats=torch.Size([43543, 8]) on cuda:0, 0MB
  [ComfyUI] [worker:ComfyUI-TRELLIS2] [FlexiDecoder] extra[0][2] feats=torch.Size([176235, 8]) on cuda:0, 2MB
  [ComfyUI] [worker:ComfyUI-TRELLIS2] [FlexiDecoder] extra[0][2] feats=torch.Size([176235, 8]) on cuda:0, 2MB
  [ComfyUI] [worker:ComfyUI-TRELLIS2] [FlexiDecoder] extra[0][3] feats=torch.Size([706918, 8]) on cuda:0, 10MB
  [ComfyUI] [worker:ComfyUI-TRELLIS2] [FlexiDecoder] extra[0][3] feats=torch.Size([706918, 8]) on cuda:0, 10MB
  [ComfyUI] [worker:ComfyUI-TRELLIS2] [FlexiDecoder] subs to CPU: alloc=156MB
  [ComfyUI] [worker:ComfyUI-TRELLIS2] [FlexiDecoder] subs to CPU: alloc=156MB
  [ComfyUI] [worker:ComfyUI-TRELLIS2] [FlexiDecoder] coords: torch.Size([2831692, 3]) cuda:0 32MB
  [ComfyUI] [worker:ComfyUI-TRELLIS2] [FlexiDecoder] coords: torch.Size([2831692, 3]) cuda:0 32MB
  [ComfyUI] [worker:ComfyUI-TRELLIS2] [FlexiDecoder] vertices.feats: torch.Size([2831692, 3]) cuda:0 16MB
  [ComfyUI] [worker:ComfyUI-TRELLIS2] [FlexiDecoder] vertices.feats: torch.Size([2831692, 3]) cuda:0 16MB
  [ComfyUI] [worker:ComfyUI-TRELLIS2] [FlexiDecoder] intersected.feats: torch.Size([2831692, 3]) cuda:0 8MB
  [ComfyUI] [worker:ComfyUI-TRELLIS2] [FlexiDecoder] intersected.feats: torch.Size([2831692, 3]) cuda:0 8MB
  [ComfyUI] [worker:ComfyUI-TRELLIS2] [FlexiDecoder] quad_lerp.feats: torch.Size([2831692, 1]) cuda:0 5MB
  [ComfyUI] [worker:ComfyUI-TRELLIS2] [FlexiDecoder] quad_lerp.feats: torch.Size([2831692, 1]) cuda:0 5MB
  [ComfyUI] [worker:ComfyUI-TRELLIS2] [FlexiDecoder] post-cleanup: alloc=156MB, starting mesh extraction
  [ComfyUI] [worker:ComfyUI-TRELLIS2] [FlexiDecoder] post-cleanup: alloc=156MB, starting mesh extraction
  [ComfyUI] 
  [ComfyUI] 
  [ComfyUI] Fast Tiled Decoding:   0%|          | 0/240 [00:00<?, ?it/s][worker:ComfyUI-TRELLIS2] [VRAM] -1383MB (now 318MB) reserved=566MB peak=4635MB
  [ComfyUI] Fast Tiled Decoding:   0%|          | 0/240 [00:00<?, ?it/s][worker:ComfyUI-TRELLIS2] [VRAM] -1383MB (now 318MB) reserved=566MB peak=4635MB
  [ComfyUI] 
  [ComfyUI] 
  [ComfyUI] Fast Tiled Decoding:  14%|█▍        | 34/240 [00:00<00:00, 325.94it/s]
  [ComfyUI] Fast Tiled Decoding:  14%|█▍        | 34/240 [00:00<00:00, 325.94it/s]
  [ComfyUI] Fast Tiled Decoding:  28%|██▊       | 67/240 [00:00<00:00, 327.96it/s]
  [ComfyUI] Fast Tiled Decoding:  28%|██▊       | 67/240 [00:00<00:00, 327.96it/s]
  [ComfyUI] Fast Tiled Decoding:  42%|████▏     | 100/240 [00:00<00:00, 310.77it/s]
  [ComfyUI] Fast Tiled Decoding:  42%|████▏     | 100/240 [00:00<00:00, 310.77it/s]
  Frame 18 saved (frame_017.jpg, t=118.6s)
  [ComfyUI] Fast Tiled Decoding:  55%|█████▌    | 132/240 [00:00<00:00, 299.77it/s]
  [ComfyUI] Fast Tiled Decoding:  55%|█████▌    | 132/240 [00:00<00:00, 299.77it/s]
  [capture-periodic] freeze=4ms shot=107ms unfreeze=5ms saved=True
  [ComfyUI] Fast Tiled Decoding:  68%|██████▊   | 163/240 [00:00<00:00, 297.71it/s]
  [ComfyUI] Fast Tiled Decoding:  68%|██████▊   | 163/240 [00:00<00:00, 297.71it/s]
  [ComfyUI] Fast Tiled Decoding:  84%|████████▍ | 201/240 [00:00<00:00, 321.07it/s]
  [ComfyUI] Fast Tiled Decoding:  84%|████████▍ | 201/240 [00:00<00:00, 321.07it/s]
  [ComfyUI] Fast Tiled Decoding: 100%|██████████| 240/240 [00:00<00:00, 348.16it/s]
  [ComfyUI] Fast Tiled Decoding: 100%|██████████| 240/240 [00:00<00:00, 348.16it/s]
  [ComfyUI] [SubprocessWorker] callback 'report_progress' from call_id=46
  [ComfyUI] [SubprocessWorker] callback 'report_progress' from call_id=46
  [capture-loop] iter=1000 t=119.4s state={'complete': False, 'error': None, 'executedCount': 0, 'wsState': 1} eval_ms=5 ram=20.4/31.9GB (64%) swap=0.7/9.4GB (7%) cpu=25% browser_rss=0.60GB
  [ComfyUI] [worker:ComfyUI-TRELLIS2] [VRAM] -310MB (now 9MB) reserved=432MB peak=4635MB
  [ComfyUI] [worker:ComfyUI-TRELLIS2] [VRAM] -310MB (now 9MB) reserved=432MB peak=4635MB
  [ComfyUI] [SubprocessWorker] got response: ok
  [ComfyUI] [SubprocessWorker] got response: ok
  [ComfyUI] [comfy-env] Trellis2RefineMesh done (54.62s): result: NodeOutput
  [ComfyUI] [comfy-env] Trellis2RefineMesh done (54.62s): result: NodeOutput
  [ComfyUI] [VRAM] After Trellis2RefineMesh: 1271 / 24575 MB
  [ComfyUI] [VRAM] After Trellis2RefineMesh: 1271 / 24575 MB
  [ComfyUI] [VRAM] Loaded: SubprocessModel (0 MB)
  [ComfyUI] [VRAM] Loaded: SubprocessModel (0 MB)
  [ComfyUI] [comfy-env] Running GeomPackPreviewMeshDual: layout: 'side_by_side', mode: 'fields', opacity_1: 1.0, opacity_2: 1.0, mesh_1: Trimesh, mesh_2: Trimesh
  [ComfyUI] [comfy-env] Running GeomPackPreviewMeshDual: layout: 'side_by_side', mode: 'fields', opacity_1: 1.0, opacity_2: 1.0, mesh_1: Trimesh, mesh_2: Trimesh
  [ComfyUI] [VRAM] Before GeomPackPreviewMeshDual: 1271 / 24575 MB
  [ComfyUI] [VRAM] Before GeomPackPreviewMeshDual: 1271 / 24575 MB
  [ComfyUI] [VRAM] Loaded: SubprocessModel (0 MB)
  [ComfyUI] [VRAM] Loaded: SubprocessModel (0 MB)
  [ComfyUI] [SubprocessWorker] call_method: nodes.visualization.preview_mesh_dual.PreviewMeshDualNode.EXECUTE_NORMALIZED
  [ComfyUI] [SubprocessWorker] call_method: nodes.visualization.preview_mesh_dual.PreviewMeshDualNode.EXECUTE_NORMALIZED
  [ComfyUI] [SubprocessWorker] acquired lock, ensuring started...
  [ComfyUI] [SubprocessWorker] acquired lock, ensuring started...
  [ComfyUI] [ComfyUI-GeometryPack] Health check: ping (timeout=5.0s)...
  [ComfyUI] [ComfyUI-GeometryPack] Health check: ping (timeout=5.0s)...
  [ComfyUI] [ComfyUI-GeometryPack] Health check: failed
  [ComfyUI] [ComfyUI-GeometryPack] Health check: failed
  [ComfyUI] [ComfyUI-GeometryPack] Socket unhealthy, restarting worker...
  [ComfyUI] [ComfyUI-GeometryPack] Socket unhealthy, restarting worker...
  [ComfyUI] [comfy-env] geometrypack-nodes: Library/bin has 611 DLLs
  [ComfyUI] [comfy-env] geometrypack-nodes: Library/bin has 611 DLLs
  [ComfyUI] [ComfyUI-GeometryPack] python: C:\Users\ContainerUser\AppData\Local\Programs\comfy-env\.pixi\envs\geometrypack-nodes\python.exe
  [ComfyUI] [ComfyUI-GeometryPack] python: C:\Users\ContainerUser\AppData\Local\Programs\comfy-env\.pixi\envs\geometrypack-nodes\python.exe
  [ComfyUI] [ComfyUI-GeometryPack] sys_path sent to worker: ['C:\\workspaces\\TRELLIS2-2130\\ComfyUI', 'C:\\workspaces\\TRELLIS2-2130\\ComfyUI\\custom_nodes\\ComfyUI-GeometryPack', 'C:\\Users\\ContainerUser\\AppData\\Local\\Programs\\comfy-env\\.pixi\\envs\\geometrypack-nodes\\Lib\\site-packages', 'C:\\workspaces\\TRELLIS2-2130\\ComfyUI\\custom_nodes\\ComfyUI-GeometryPack']
  [ComfyUI] [ComfyUI-GeometryPack] sys_path sent to worker: ['C:\\workspaces\\TRELLIS2-2130\\ComfyUI', 'C:\\workspaces\\TRELLIS2-2130\\ComfyUI\\custom_nodes\\ComfyUI-GeometryPack', 'C:\\Users\\ContainerUser\\AppData\\Local\\Programs\\comfy-env\\.pixi\\envs\\geometrypack-nodes\\Lib\\site-packages', 'C:\\workspaces\\TRELLIS2-2130\\ComfyUI\\custom_nodes\\ComfyUI-GeometryPack']
  [ComfyUI] [SubprocessWorker] is_pixi=True, python=C:\Users\ContainerUser\AppData\Local\Programs\comfy-env\.pixi\envs\geometrypack-nodes\python.exe
  [ComfyUI] [SubprocessWorker] is_pixi=True, python=C:\Users\ContainerUser\AppData\Local\Programs\comfy-env\.pixi\envs\geometrypack-nodes\python.exe
  [ComfyUI] [SubprocessWorker] launching cmd=['C:\\Users\\ContainerUser\\.pixi\\bin\\pixi.exe', 'run', '--as-is', '--manifest-path', 'C:\\Users\\ContainerUser\\AppData\\Local\\Programs\\comfy-env\\pixi.toml', '-e', 'geometrypack-nodes', 'python', 'C:\\Users\\ContainerUser\\AppData\\Local\\Temp\\comfyui_pvenv_w9jibkrz\\persistent_worker.py', 'tcp://127.0.0.1:60540']...
  [ComfyUI] [SubprocessWorker] launching cmd=['C:\\Users\\ContainerUser\\.pixi\\bin\\pixi.exe', 'run', '--as-is', '--manifest-path', 'C:\\Users\\ContainerUser\\AppData\\Local\\Programs\\comfy-env\\pixi.toml', '-e', 'geometrypack-nodes', 'python', 'C:\\Users\\ContainerUser\\AppData\\Local\\Temp\\comfyui_pvenv_w9jibkrz\\persistent_worker.py', 'tcp://127.0.0.1:60540']...
  Frame 19 saved (frame_018.jpg, t=120.8s)
  [capture-periodic] freeze=4ms shot=114ms unfreeze=7ms saved=True
  [ComfyUI] [worker:ComfyUI-GeometryPack] ERROR: Failed to import comfy_kitchen, Error: No module named 'comfy_kitchen', fp8 and fp4 support will not be available.
  [ComfyUI] [worker:ComfyUI-GeometryPack] ERROR: Failed to import comfy_kitchen, Error: No module named 'comfy_kitchen', fp8 and fp4 support will not be available.
  [ComfyUI] [SubprocessWorker] worker started/confirmed
  [ComfyUI] [SubprocessWorker] worker started/confirmed
  [ComfyUI] [SubprocessWorker] serializing kwargs to shm...
  [ComfyUI] [SubprocessWorker] serializing kwargs to shm...
  [ComfyUI] [SubprocessWorker] created 2 shm blocks
  [ComfyUI] [SubprocessWorker] created 2 shm blocks
  [ComfyUI] [SubprocessWorker] sending request via socket...
  [ComfyUI] [SubprocessWorker] sending request via socket...
  [ComfyUI] [SubprocessWorker] call_id=7 sending call_method
  [ComfyUI] [SubprocessWorker] call_id=7 sending call_method
  [capture-loop] iter=1050 t=125.3s state={'complete': False, 'error': None, 'executedCount': 0, 'wsState': 1} eval_ms=5 ram=20.9/31.9GB (66%) swap=0.7/9.4GB (7%) cpu=7% browser_rss=0.60GB
  [ComfyUI] [worker:ComfyUI-GeometryPack] INFO: Layout: side_by_side, Mode: fields
  [ComfyUI] [worker:ComfyUI-GeometryPack] INFO: Layout: side_by_side, Mode: fields
  [ComfyUI] [worker:ComfyUI-GeometryPack] INFO: Mesh 1: Mesh - 1851 vertices, 3698 faces
  [ComfyUI] [worker:ComfyUI-GeometryPack] INFO: Mesh 1: Mesh - 1851 vertices, 3698 faces
  [ComfyUI] [worker:ComfyUI-GeometryPack] INFO: Mesh 2: Mesh - 2837412 vertices, 5862446 faces
  [ComfyUI] [worker:ComfyUI-GeometryPack] INFO: Mesh 2: Mesh - 2837412 vertices, 5862446 faces
  [ComfyUI] [worker:ComfyUI-GeometryPack] INFO: Mesh 1 fields: ['face.stl']
  [ComfyUI] [worker:ComfyUI-GeometryPack] INFO: Mesh 1 fields: ['face.stl']
  [ComfyUI] [worker:ComfyUI-GeometryPack] INFO: Mesh 2 fields: []
  [ComfyUI] [worker:ComfyUI-GeometryPack] INFO: Mesh 2 fields: []
  [ComfyUI] [worker:ComfyUI-GeometryPack] INFO: Common fields: []
  [ComfyUI] [worker:ComfyUI-GeometryPack] INFO: Common fields: []
  [ComfyUI] [worker:ComfyUI-GeometryPack] INFO: Mesh 1 visual: kind=None, texture=False, vertex_colors=False
  [ComfyUI] [worker:ComfyUI-GeometryPack] INFO: Mesh 1 visual: kind=None, texture=False, vertex_colors=False
  [ComfyUI] [worker:ComfyUI-GeometryPack] INFO: Mesh 2 visual: kind=None, texture=False, vertex_colors=False
  [ComfyUI] [worker:ComfyUI-GeometryPack] INFO: Mesh 2 visual: kind=None, texture=False, vertex_colors=False
  [ComfyUI] [worker:ComfyUI-GeometryPack] INFO: Exporting mesh to VTP: C:\workspaces\TRELLIS2-2130\ComfyUI\output\preview_dual_1_4bd226c7.vtp
  [ComfyUI] [worker:ComfyUI-GeometryPack] INFO: Exporting mesh to VTP: C:\workspaces\TRELLIS2-2130\ComfyUI\output\preview_dual_1_4bd226c7.vtp
  [ComfyUI] [worker:ComfyUI-GeometryPack] INFO: Adding normals field (1851 vertices)
  [ComfyUI] [worker:ComfyUI-GeometryPack] INFO: Adding normals field (1851 vertices)
  [ComfyUI] [worker:ComfyUI-GeometryPack] INFO: Adding face field: stl
  [ComfyUI] [worker:ComfyUI-GeometryPack] INFO: Adding face field: stl
  [ComfyUI] [worker:ComfyUI-GeometryPack] INFO: Export complete: 1851 vertices, 3698 faces
  [ComfyUI] [worker:ComfyUI-GeometryPack] INFO: Export complete: 1851 vertices, 3698 faces
  [ComfyUI] [worker:ComfyUI-GeometryPack] INFO: Exported VTP with fields: C:\workspaces\TRELLIS2-2130\ComfyUI\output\preview_dual_1_4bd226c7.vtp
  [ComfyUI] [worker:ComfyUI-GeometryPack] INFO: Exported VTP with fields: C:\workspaces\TRELLIS2-2130\ComfyUI\output\preview_dual_1_4bd226c7.vtp
  [ComfyUI] [worker:ComfyUI-GeometryPack] INFO: Exported STL: C:\workspaces\TRELLIS2-2130\ComfyUI\output\preview_dual_2_4bd226c7.stl
  [ComfyUI] [worker:ComfyUI-GeometryPack] INFO: Exported STL: C:\workspaces\TRELLIS2-2130\ComfyUI\output\preview_dual_2_4bd226c7.stl
  [capture-loop] iter=1100 t=131.2s state={'complete': False, 'error': None, 'executedCount': 0, 'wsState': 1} eval_ms=4 ram=22.3/31.9GB (70%) swap=0.7/9.4GB (7%) cpu=6% browser_rss=0.60GB
  [ComfyUI] [worker:ComfyUI-GeometryPack] INFO: Preview ready
  [ComfyUI] [worker:ComfyUI-GeometryPack] INFO: Preview ready
  [ComfyUI] [SubprocessWorker] got response: ok
  [ComfyUI] [SubprocessWorker] got response: ok
  [ComfyUI] [comfy-env] GeomPackPreviewMeshDual done (14.73s): result: NodeOutput
  [ComfyUI] [comfy-env] GeomPackPreviewMeshDual done (14.73s): result: NodeOutput
  [ComfyUI] [VRAM] After GeomPackPreviewMeshDual: 1271 / 24575 MB
  [ComfyUI] [VRAM] After GeomPackPreviewMeshDual: 1271 / 24575 MB
  [ComfyUI] [VRAM] Loaded: SubprocessModel (0 MB)
  [ComfyUI] [VRAM] Loaded: SubprocessModel (0 MB)
  [ComfyUI] Prompt executed in 134.55 seconds
  [ComfyUI] Prompt executed in 134.55 seconds
  [ComfyUI] [comfy-env] [VRAM] Before offload 'FlexiDualGridVaeEncoder_8' (675 MB) -> cpu: 1271 / 24575 MB
  [ComfyUI] [comfy-env] [VRAM] Before offload 'FlexiDualGridVaeEncoder_8' (675 MB) -> cpu: 1271 / 24575 MB
  [ComfyUI] [ComfyUI-TRELLIS2] Health check: ping (timeout=5.0s)...
  [ComfyUI] [ComfyUI-TRELLIS2] Health check: ping (timeout=5.0s)...
  [ComfyUI] [ComfyUI-TRELLIS2] Health check: failed
  [ComfyUI] [ComfyUI-TRELLIS2] Health check: failed
  [ComfyUI] [ComfyUI-TRELLIS2] Socket unhealthy, restarting worker...
  [ComfyUI] [ComfyUI-TRELLIS2] Socket unhealthy, restarting worker...
  [ComfyUI] [comfy-env] Invalidated 8 stale model patchers (will be cleaned up during next unload)
  [ComfyUI] [comfy-env] Invalidated 8 stale model patchers (will be cleaned up during next unload)
  [ComfyUI] [comfy-env] trellis2-nodes: Library/bin has 236 DLLs
  [ComfyUI] [comfy-env] trellis2-nodes: Library/bin has 236 DLLs
  [ComfyUI] [ComfyUI-TRELLIS2] python: C:\Users\ContainerUser\AppData\Local\Programs\comfy-env\.pixi\envs\trellis2-nodes\python.exe
  [ComfyUI] [ComfyUI-TRELLIS2] python: C:\Users\ContainerUser\AppData\Local\Programs\comfy-env\.pixi\envs\trellis2-nodes\python.exe
  [ComfyUI] [ComfyUI-TRELLIS2] sys_path sent to worker: ['C:\\workspaces\\TRELLIS2-2130\\ComfyUI', 'C:\\workspaces\\TRELLIS2-2130\\ComfyUI\\custom_nodes\\ComfyUI-TRELLIS2', 'C:\\Users\\ContainerUser\\AppData\\Local\\Programs\\comfy-env\\.pixi\\envs\\trellis2-nodes\\Lib\\site-packages', 'C:\\workspaces\\TRELLIS2-2130\\ComfyUI\\custom_nodes\\ComfyUI-TRELLIS2']
  [ComfyUI] [ComfyUI-TRELLIS2] sys_path sent to worker: ['C:\\workspaces\\TRELLIS2-2130\\ComfyUI', 'C:\\workspaces\\TRELLIS2-2130\\ComfyUI\\custom_nodes\\ComfyUI-TRELLIS2', 'C:\\Users\\ContainerUser\\AppData\\Local\\Programs\\comfy-env\\.pixi\\envs\\trellis2-nodes\\Lib\\site-packages', 'C:\\workspaces\\TRELLIS2-2130\\ComfyUI\\custom_nodes\\ComfyUI-TRELLIS2']
  [ComfyUI] [SubprocessWorker] is_pixi=True, python=C:\Users\ContainerUser\AppData\Local\Programs\comfy-env\.pixi\envs\trellis2-nodes\python.exe
  [ComfyUI] [SubprocessWorker] is_pixi=True, python=C:\Users\ContainerUser\AppData\Local\Programs\comfy-env\.pixi\envs\trellis2-nodes\python.exe
  [ComfyUI] [SubprocessWorker] launching cmd=['C:\\Users\\ContainerUser\\.pixi\\bin\\pixi.exe', 'run', '--as-is', '--manifest-path', 'C:\\Users\\ContainerUser\\AppData\\Local\\Programs\\comfy-env\\pixi.toml', '-e', 'trellis2-nodes', 'python', 'C:\\Users\\ContainerUser\\AppData\\Local\\Temp\\comfyui_pvenv_ceqbupwl\\persistent_worker.py', 'tcp://127.0.0.1:60542']...
  [ComfyUI] [SubprocessWorker] launching cmd=['C:\\Users\\ContainerUser\\.pixi\\bin\\pixi.exe', 'run', '--as-is', '--manifest-path', 'C:\\Users\\ContainerUser\\AppData\\Local\\Programs\\comfy-env\\pixi.toml', '-e', 'trellis2-nodes', 'python', 'C:\\Users\\ContainerUser\\AppData\\Local\\Temp\\comfyui_pvenv_ceqbupwl\\persistent_worker.py', 'tcp://127.0.0.1:60542']...
  Node executed (1 total), capturing...
  Frame 20 saved (frame_019.jpg, t=134.9s)
  [capture-node] freeze=5ms shot=529ms unfreeze=0ms saved=True
  Execution complete (t=134.9s)
  [ComfyUI] [worker:ComfyUI-TRELLIS2] ERROR: Failed to import comfy_kitchen, Error: No module named 'comfy_kitchen', fp8 and fp4 support will not be available.
  [ComfyUI] [worker:ComfyUI-TRELLIS2] ERROR: Failed to import comfy_kitchen, Error: No module named 'comfy_kitchen', fp8 and fp4 support will not be available.
  [ComfyUI] [SubprocessWorker] call_id=47 sending model_to_device
  [ComfyUI] [SubprocessWorker] call_id=47 sending model_to_device
  [ComfyUI] Model 'FlexiDualGridVaeEncoder_8' gone from worker (restarted?), treating as offloaded
  [ComfyUI] Model 'FlexiDualGridVaeEncoder_8' gone from worker (restarted?), treating as offloaded
  [ComfyUI] [comfy-env] [VRAM] After offload 'FlexiDualGridVaeEncoder_8' (675 MB): 1271 / 24575 MB
  [ComfyUI] [comfy-env] [VRAM] After offload 'FlexiDualGridVaeEncoder_8' (675 MB): 1271 / 24575 MB
  Captured 20 unique frames over 141.1s
  [debug] iframes: 1
  [debug]   iframe[0]: src=http://127.0.0.1:41880/extensions/ComfyUI-GeometryPack/viewer_dual.html?v=177913, canvas=370x485, rafFrozen=True
  [timing] trigger_3d_previews: 0.0s
  Saved high-quality screenshot: refinement_executed.png
  [timing] final_screenshot: 0.2s
    Captured 21 video frames