Capturing execution frames: remove_background.json
  Frame 1 saved (frame_000.jpg, t=0.0s)
  Validating workflow...
  [ComfyUI] === /validate endpoint called ===
  [ComfyUI] === /validate endpoint called ===
  [ComfyUI] Received JSON with keys: ['prompt']
  [ComfyUI] Received JSON with keys: ['prompt']
  [ComfyUI] Prompt has 10 nodes
  [ComfyUI] Prompt has 10 nodes
  Queuing workflow for execution...
  [ComfyUI]   Node 1: LoadImage
  [ComfyUI]   Node 1: LoadImage
  [ComfyUI]     Inputs: {"image": "bike.webp"}
  [ComfyUI]     Inputs: {"image": "bike.webp"}
  [ComfyUI]   Node 10: MaskPreview
  [ComfyUI]   Node 10: MaskPreview
  [ComfyUI]     Inputs: {"mask": ["81", 1]}
  [ComfyUI]     Inputs: {"mask": ["81", 1]}
  [ComfyUI]   Node 69: Trellis2RemoveBackground
  [ComfyUI]   Node 69: Trellis2RemoveBackground
  [ComfyUI]     Inputs: {"low_vram": true, "image": ["1", 0]}
  [ComfyUI]     Inputs: {"low_vram": true, "image": ["1", 0]}
  [ComfyUI]   Node 76: LoadTrellis2Models
  [ComfyUI]   Node 76: LoadTrellis2Models
  [ComfyUI]     Inputs: {"resolution": "512", "precision": "auto", "attn_backend": "auto"}
  [ComfyUI]     Inputs: {"resolution": "512", "precision": "auto", "attn_backend": "auto"}
  [ComfyUI]   Node 77: Trellis2GetConditioning
  [ComfyUI]   Node 77: Trellis2GetConditioning
  [ComfyUI]     Inputs: {"background_color": "black", "model_config": ["76", 0], "image": ["81", 0], "mask": ["81", 1]}
  [ComfyUI]     Inputs: {"background_color": "black", "model_config": ["76", 0], "image": ["81", 0], "mask": ["81", 1]}
  [ComfyUI]   Node 81: Trellis2RemoveBackground
  [ComfyUI]   Node 81: Trellis2RemoveBackground
  [ComfyUI]     Inputs: {"low_vram": true, "image": ["1", 0]}
  [ComfyUI]     Inputs: {"low_vram": true, "image": ["1", 0]}
  [ComfyUI]   Node 91: Trellis2ImageToShape
  [ComfyUI]   Node 91: Trellis2ImageToShape
  [ComfyUI]     Inputs: {"seed": 613541713, "ss_guidance_strength": 6.5, "ss_guidance_rescale": 0.05, "ss_sampling_steps": 12, "shape_guidance_strength": 6.5, "shape_guidance_rescale": 0.05, "shape_sampling_steps": 12, "max_
  [ComfyUI]     Inputs: {"seed": 613541713, "ss_guidance_strength": 6.5, "ss_guidance_rescale": 0.05, "ss_sampling_steps": 12, "shape_guidance_strength": 6.5, "shape_guidance_rescale": 0.05, "shape_sampling_steps": 12, "max_
  [ComfyUI]   Node 94: GeomPackPreviewMeshVTK
  [ComfyUI]   Node 94: GeomPackPreviewMeshVTK
  [ComfyUI]     Inputs: {"mode": "fields", "preview_vtk": "{\"show_edges\":false,\"camera_state\":\"\",\"selected_field\":\"\",\"selected_channel\":\"magnitude\",\"selected_colormap\":\"erdc_rainbow_bright\"}", "trimesh": ["
  [ComfyUI]     Inputs: {"mode": "fields", "preview_vtk": "{\"show_edges\":false,\"camera_state\":\"\",\"selected_field\":\"\",\"selected_channel\":\"magnitude\",\"selected_colormap\":\"erdc_rainbow_bright\"}", "trimesh": ["
  [ComfyUI]   Node 96: Trellis2ShapeToTexturedMesh
  [ComfyUI]   Node 96: Trellis2ShapeToTexturedMesh
  [ComfyUI]     Inputs: {"seed": 1478027007, "tex_guidance_strength": 3, "tex_guidance_rescale": 0.2, "tex_sampling_steps": 12, "model_config": ["76", 0], "conditioning": ["77", 0], "shape_slat": ["91", 1], "subs": ["91", 2]
  [ComfyUI]     Inputs: {"seed": 1478027007, "tex_guidance_strength": 3, "tex_guidance_rescale": 0.2, "tex_sampling_steps": 12, "model_config": ["76", 0], "conditioning": ["77", 0], "shape_slat": ["91", 1], "subs": ["91", 2]
  [ComfyUI]   Node 97: Trellis2ProcessMesh
  [ComfyUI]   Node 97: Trellis2ProcessMesh
  [ComfyUI]     Inputs: {"remesh": "on", "remesh.remesh_band": 1, "remesh.remove_inner_faces": true, "target_face_count": 500000, "floater_threshold": 0.001, "weld_vertices": true, "weld_digits": 4, "chart_cone_angle": 90, "
  [ComfyUI]     Inputs: {"remesh": "on", "remesh.remesh_band": 1, "remesh.remove_inner_faces": true, "target_face_count": 500000, "floater_threshold": 0.001, "weld_vertices": true, "weld_digits": 4, "chart_cone_angle": 90, "
  [ComfyUI] Generated prompt_id: 7c5c5316-e415-466a-b4b9-555a5402f4d0
  [ComfyUI] Generated prompt_id: 7c5c5316-e415-466a-b4b9-555a5402f4d0
  [ComfyUI] Calling execution.validate_prompt()...
  [ComfyUI] Calling execution.validate_prompt()...
  [ComfyUI] Validation result: valid=True
  [ComfyUI] Validation result: valid=True
  [ComfyUI] === Validation PASSED ===
  [ComfyUI] === Validation PASSED ===
  [ComfyUI] got prompt
  [ComfyUI] got prompt
  [ComfyUI] [comfy-env] Running Trellis2RemoveBackground: low_vram: True, image: torch.float32 [1,2560,3840,3] cpu
  [ComfyUI] [comfy-env] Running Trellis2RemoveBackground: low_vram: True, image: torch.float32 [1,2560,3840,3] cpu
  [ComfyUI] [VRAM] Before Trellis2RemoveBackground: 1271 / 24575 MB
  [ComfyUI] [VRAM] Before Trellis2RemoveBackground: 1271 / 24575 MB
  [ComfyUI] [SubprocessWorker] call_method: nodes.nodes_inference.Trellis2RemoveBackground.EXECUTE_NORMALIZED
  [ComfyUI] [SubprocessWorker] call_method: nodes.nodes_inference.Trellis2RemoveBackground.EXECUTE_NORMALIZED
  [ComfyUI] [SubprocessWorker] acquired lock, ensuring started...
  [ComfyUI] [SubprocessWorker] acquired lock, ensuring started...
  [ComfyUI] [ComfyUI-TRELLIS2] Health check: ping (timeout=5.0s)...
  [ComfyUI] [ComfyUI-TRELLIS2] Health check: ping (timeout=5.0s)...
  [ComfyUI] [ComfyUI-TRELLIS2] Health check: failed
  [ComfyUI] [ComfyUI-TRELLIS2] Health check: failed
  [ComfyUI] [ComfyUI-TRELLIS2] Socket unhealthy, restarting worker...
  [ComfyUI] [ComfyUI-TRELLIS2] Socket unhealthy, restarting worker...
  [ComfyUI] [comfy-env] Invalidated 8 stale model patchers (will be cleaned up during next unload)
  [ComfyUI] [comfy-env] Invalidated 8 stale model patchers (will be cleaned up during next unload)
  [ComfyUI] [comfy-env] trellis2-nodes: Library/bin has 234 DLLs
  [ComfyUI] [comfy-env] trellis2-nodes: Library/bin has 234 DLLs
  [ComfyUI] [ComfyUI-TRELLIS2] python: C:\workspaces\TRELLIS2-1326\ComfyUI\.ce\.pixi\envs\trellis2-nodes\python.exe
  [ComfyUI] [ComfyUI-TRELLIS2] python: C:\workspaces\TRELLIS2-1326\ComfyUI\.ce\.pixi\envs\trellis2-nodes\python.exe
  [ComfyUI] [ComfyUI-TRELLIS2] sys_path sent to worker: ['C:\\workspaces\\TRELLIS2-1326\\ComfyUI', 'C:\\workspaces\\TRELLIS2-1326\\ComfyUI\\custom_nodes\\ComfyUI-TRELLIS2', 'C:\\workspaces\\TRELLIS2-1326\\ComfyUI\\.ce\\.pixi\\envs\\trellis2-nodes\\Lib\\site-packages', 'C:\\workspaces\\TRELLIS2-1326\\ComfyUI\\custom_nodes\\ComfyUI-TRELLIS2']
  [ComfyUI] [ComfyUI-TRELLIS2] sys_path sent to worker: ['C:\\workspaces\\TRELLIS2-1326\\ComfyUI', 'C:\\workspaces\\TRELLIS2-1326\\ComfyUI\\custom_nodes\\ComfyUI-TRELLIS2', 'C:\\workspaces\\TRELLIS2-1326\\ComfyUI\\.ce\\.pixi\\envs\\trellis2-nodes\\Lib\\site-packages', 'C:\\workspaces\\TRELLIS2-1326\\ComfyUI\\custom_nodes\\ComfyUI-TRELLIS2']
  [ComfyUI] [SubprocessWorker] is_pixi=True, python=C:\workspaces\TRELLIS2-1326\ComfyUI\.ce\.pixi\envs\trellis2-nodes\python.exe
  [ComfyUI] [SubprocessWorker] is_pixi=True, python=C:\workspaces\TRELLIS2-1326\ComfyUI\.ce\.pixi\envs\trellis2-nodes\python.exe
  [ComfyUI] [SubprocessWorker] launching cmd=['C:\\Users\\ContainerAdministrator\\.pixi\\bin\\pixi.exe', 'run', '--as-is', '--manifest-path', 'C:\\workspaces\\TRELLIS2-1326\\ComfyUI\\.ce\\pixi.toml', '-e', 'trellis2-nodes', 'python', 'C:\\Users\\ContainerAdministrator\\AppData\\Local\\Temp\\comfyui_pvenv_n3nh8bk5\\persistent_worker.py', 'tcp://127.0.0.1:58361']...
  [ComfyUI] [SubprocessWorker] launching cmd=['C:\\Users\\ContainerAdministrator\\.pixi\\bin\\pixi.exe', 'run', '--as-is', '--manifest-path', 'C:\\workspaces\\TRELLIS2-1326\\ComfyUI\\.ce\\pixi.toml', '-e', 'trellis2-nodes', 'python', 'C:\\Users\\ContainerAdministrator\\AppData\\Local\\Temp\\comfyui_pvenv_n3nh8bk5\\persistent_worker.py', 'tcp://127.0.0.1:58361']...
  Frame 2 saved (frame_001.jpg, t=2.3s)
  [capture-periodic] freeze=4ms shot=109ms unfreeze=3ms saved=True
  Frame 3 saved (frame_002.jpg, t=4.5s)
  [capture-periodic] freeze=3ms shot=97ms unfreeze=4ms saved=True
  [capture-loop] iter=50 t=5.9s state={'complete': False, 'error': None, 'executedCount': 0, 'wsState': 1} eval_ms=4 ram=8.1/31.9GB (26%) swap=2.5/14.3GB (18%) cpu=6% browser_rss=0.90GB
  [ComfyUI] [worker:ComfyUI-TRELLIS2] WARNING: WARNING: You need pytorch with cu130 or higher to use optimized CUDA operations.
  [ComfyUI] [worker:ComfyUI-TRELLIS2] WARNING: WARNING: You need pytorch with cu130 or higher to use optimized CUDA operations.
  [ComfyUI] [SubprocessWorker] worker started/confirmed
  [ComfyUI] [SubprocessWorker] worker started/confirmed
  [ComfyUI] [comfy-env] PRE-SERIALIZE 'image' shape: torch.Size([1, 2560, 3840, 3])
  [ComfyUI] [comfy-env] PRE-SERIALIZE 'image' shape: torch.Size([1, 2560, 3840, 3])
  [ComfyUI] [SubprocessWorker] serializing kwargs to shm...
  [ComfyUI] [SubprocessWorker] serializing kwargs to shm...
  [ComfyUI] [SubprocessWorker] created 0 shm blocks
  [ComfyUI] [SubprocessWorker] created 0 shm blocks
  [ComfyUI] [SubprocessWorker] sending request via socket...
  [ComfyUI] [SubprocessWorker] sending request via socket...
  [ComfyUI] [SubprocessWorker] call_id=48 sending call_method
  [ComfyUI] [SubprocessWorker] call_id=48 sending call_method
  [ComfyUI] [worker:ComfyUI-TRELLIS2] [comfy-env] _from_shm got dict with keys: ['__type__', 'strategy', 'manager_path', 'storage_key', 'storage_size']
  [ComfyUI] [worker:ComfyUI-TRELLIS2] [comfy-env] _from_shm got dict with keys: ['__type__', 'strategy', 'manager_path', 'storage_key', 'storage_size']
  [ComfyUI] [worker:ComfyUI-TRELLIS2] [comfy-env] DESERIALIZE TensorRef: tensor_size=[1, 2560, 3840, 3]
  [ComfyUI] [worker:ComfyUI-TRELLIS2] [comfy-env] DESERIALIZE TensorRef: tensor_size=[1, 2560, 3840, 3]
  [ComfyUI] [worker:ComfyUI-TRELLIS2] [comfy-env] DESERIALIZED tensor shape: torch.Size([1, 2560, 3840, 3])
  [ComfyUI] [worker:ComfyUI-TRELLIS2] [comfy-env] DESERIALIZED tensor shape: torch.Size([1, 2560, 3840, 3])
  [capture-loop] iter=100 t=11.7s state={'complete': False, 'error': None, 'executedCount': 0, 'wsState': 1} eval_ms=3 ram=8.3/31.9GB (26%) swap=2.5/14.3GB (17%) cpu=7% browser_rss=0.89GB
  [ComfyUI] A new version of the following files was downloaded from https://huggingface.co/ZhengPeng7/BiRefNet:
  [ComfyUI] A new version of the following files was downloaded from https://huggingface.co/ZhengPeng7/BiRefNet:
  [ComfyUI] - BiRefNet_config.py
  [ComfyUI] - BiRefNet_config.py
  [ComfyUI] . Make sure to double-check they do not contain any added malicious code. To avoid downloading new versions of the code file, you can pin a revision.
  [ComfyUI] . Make sure to double-check they do not contain any added malicious code. To avoid downloading new versions of the code file, you can pin a revision.
  [ComfyUI] A new version of the following files was downloaded from https://huggingface.co/ZhengPeng7/BiRefNet:
  [ComfyUI] A new version of the following files was downloaded from https://huggingface.co/ZhengPeng7/BiRefNet:
  [ComfyUI] - birefnet.py
  [ComfyUI] - birefnet.py
  [ComfyUI] . Make sure to double-check they do not contain any added malicious code. To avoid downloading new versions of the code file, you can pin a revision.
  [ComfyUI] . Make sure to double-check they do not contain any added malicious code. To avoid downloading new versions of the code file, you can pin a revision.
  [capture-loop] iter=150 t=17.4s state={'complete': False, 'error': None, 'executedCount': 0, 'wsState': 1} eval_ms=3 ram=8.4/31.9GB (26%) swap=2.5/14.3GB (17%) cpu=4% browser_rss=0.89GB
  [ComfyUI] C:\workspaces\TRELLIS2-1326\ComfyUI\.ce\.pixi\envs\trellis2-nodes\lib\site-packages\torch\nn\modules\module.py:1370: UserWarning: expandable_segments not supported on this platform (Triggered internally at C:\actions-runner\_work\pytorch\pytorch\pytorch\c10/cuda/CUDAAllocatorConfig.h:39.)
  [ComfyUI] C:\workspaces\TRELLIS2-1326\ComfyUI\.ce\.pixi\envs\trellis2-nodes\lib\site-packages\torch\nn\modules\module.py:1370: UserWarning: expandable_segments not supported on this platform (Triggered internally at C:\actions-runner\_work\pytorch\pytorch\pytorch\c10/cuda/CUDAAllocatorConfig.h:39.)
  [ComfyUI]   return t.to(
  [ComfyUI]   return t.to(
  [ComfyUI] [worker:ComfyUI-TRELLIS2] [VRAM] +304MB (now 304MB) reserved=350MB peak=304MB
  [ComfyUI] [worker:ComfyUI-TRELLIS2] [VRAM] +304MB (now 304MB) reserved=350MB peak=304MB
  [capture-loop] iter=200 t=23.4s state={'complete': False, 'error': None, 'executedCount': 0, 'wsState': 1} eval_ms=4 ram=8.8/31.9GB (28%) swap=2.5/14.3GB (17%) cpu=14% browser_rss=0.89GB
  [ComfyUI] [worker:ComfyUI-TRELLIS2] [VRAM] +750MB (now 1055MB) reserved=2164MB peak=1499MB
  [ComfyUI] [worker:ComfyUI-TRELLIS2] [VRAM] +750MB (now 1055MB) reserved=2164MB peak=1499MB
  [ComfyUI] [worker:ComfyUI-TRELLIS2] [VRAM] -910MB (now 146MB) reserved=4634MB peak=1499MB
  [ComfyUI] [worker:ComfyUI-TRELLIS2] [VRAM] -910MB (now 146MB) reserved=4634MB peak=1499MB
  [ComfyUI] [SubprocessWorker] got response: ok
  [ComfyUI] [SubprocessWorker] got response: ok
  [ComfyUI] [comfy-env] [VRAM] Before offload 'FlexiDualGridVaeEncoder_8' (675 MB) -> cpu: 1271 / 24575 MB
  [ComfyUI] [comfy-env] [VRAM] Before offload 'FlexiDualGridVaeEncoder_8' (675 MB) -> cpu: 1271 / 24575 MB
  [ComfyUI] [ComfyUI-TRELLIS2] Health check: ping (timeout=5.0s)...
  [ComfyUI] [ComfyUI-TRELLIS2] Health check: ping (timeout=5.0s)...
  [ComfyUI] [ComfyUI-TRELLIS2] Health check: ok
  [ComfyUI] [ComfyUI-TRELLIS2] Health check: ok
  [ComfyUI] [SubprocessWorker] call_id=49 sending model_to_device
  [ComfyUI] [SubprocessWorker] call_id=49 sending model_to_device
  [ComfyUI] Model 'FlexiDualGridVaeEncoder_8' gone from worker (restarted?), treating as offloaded
  [ComfyUI] Model 'FlexiDualGridVaeEncoder_8' gone from worker (restarted?), treating as offloaded
  [ComfyUI] [comfy-env] [VRAM] After offload 'FlexiDualGridVaeEncoder_8' (675 MB): 1271 / 24575 MB
  [ComfyUI] [comfy-env] [VRAM] After offload 'FlexiDualGridVaeEncoder_8' (675 MB): 1271 / 24575 MB
  [ComfyUI] [comfy-env] [VRAM] Before offload 'SparseUnetVaeDecoder_7' (904 MB) -> cpu: 1271 / 24575 MB
  [ComfyUI] [comfy-env] [VRAM] Before offload 'SparseUnetVaeDecoder_7' (904 MB) -> cpu: 1271 / 24575 MB
  [ComfyUI] [ComfyUI-TRELLIS2] Health check: ping (timeout=5.0s)...
  [ComfyUI] [ComfyUI-TRELLIS2] Health check: ping (timeout=5.0s)...
  [ComfyUI] [ComfyUI-TRELLIS2] Health check: ok
  [ComfyUI] [ComfyUI-TRELLIS2] Health check: ok
  [ComfyUI] [SubprocessWorker] call_id=50 sending model_to_device
  [ComfyUI] [SubprocessWorker] call_id=50 sending model_to_device
  [ComfyUI] Model 'SparseUnetVaeDecoder_7' gone from worker (restarted?), treating as offloaded
  [ComfyUI] Model 'SparseUnetVaeDecoder_7' gone from worker (restarted?), treating as offloaded
  [ComfyUI] [comfy-env] [VRAM] After offload 'SparseUnetVaeDecoder_7' (904 MB): 1271 / 24575 MB
  [ComfyUI] [comfy-env] [VRAM] After offload 'SparseUnetVaeDecoder_7' (904 MB): 1271 / 24575 MB
  [ComfyUI] [comfy-env] [VRAM] Before offload 'SLatFlowModel_6' (2464 MB) -> cpu: 1271 / 24575 MB
  [ComfyUI] [comfy-env] [VRAM] Before offload 'SLatFlowModel_6' (2464 MB) -> cpu: 1271 / 24575 MB
  [ComfyUI] [ComfyUI-TRELLIS2] Health check: ping (timeout=5.0s)...
  [ComfyUI] [ComfyUI-TRELLIS2] Health check: ping (timeout=5.0s)...
  [ComfyUI] [ComfyUI-TRELLIS2] Health check: ok
  [ComfyUI] [ComfyUI-TRELLIS2] Health check: ok
  [ComfyUI] [SubprocessWorker] call_id=51 sending model_to_device
  [ComfyUI] [SubprocessWorker] call_id=51 sending model_to_device
  [ComfyUI] Model 'SLatFlowModel_6' gone from worker (restarted?), treating as offloaded
  [ComfyUI] Model 'SLatFlowModel_6' gone from worker (restarted?), treating as offloaded
  [ComfyUI] [comfy-env] [VRAM] After offload 'SLatFlowModel_6' (2464 MB): 1271 / 24575 MB
  [ComfyUI] [comfy-env] [VRAM] After offload 'SLatFlowModel_6' (2464 MB): 1271 / 24575 MB
  [ComfyUI] [comfy-env] [VRAM] Before offload 'FlexiDualGridVaeDecoder_5' (904 MB) -> cpu: 1271 / 24575 MB
  [ComfyUI] [comfy-env] [VRAM] Before offload 'FlexiDualGridVaeDecoder_5' (904 MB) -> cpu: 1271 / 24575 MB
  [ComfyUI] [ComfyUI-TRELLIS2] Health check: ping (timeout=5.0s)...
  [ComfyUI] [ComfyUI-TRELLIS2] Health check: ping (timeout=5.0s)...
  [ComfyUI] [ComfyUI-TRELLIS2] Health check: ok
  [ComfyUI] [ComfyUI-TRELLIS2] Health check: ok
  [ComfyUI] [SubprocessWorker] call_id=52 sending model_to_device
  [ComfyUI] [SubprocessWorker] call_id=52 sending model_to_device
  [ComfyUI] Model 'FlexiDualGridVaeDecoder_5' gone from worker (restarted?), treating as offloaded
  [ComfyUI] Model 'FlexiDualGridVaeDecoder_5' gone from worker (restarted?), treating as offloaded
  [ComfyUI] [comfy-env] [VRAM] After offload 'FlexiDualGridVaeDecoder_5' (904 MB): 1271 / 24575 MB
  [ComfyUI] [comfy-env] [VRAM] After offload 'FlexiDualGridVaeDecoder_5' (904 MB): 1271 / 24575 MB
  [ComfyUI] [comfy-env] [VRAM] Before offload 'SLatFlowModel_4' (2464 MB) -> cpu: 1271 / 24575 MB
  [ComfyUI] [comfy-env] [VRAM] Before offload 'SLatFlowModel_4' (2464 MB) -> cpu: 1271 / 24575 MB
  [ComfyUI] [ComfyUI-TRELLIS2] Health check: ping (timeout=5.0s)...
  [ComfyUI] [ComfyUI-TRELLIS2] Health check: ping (timeout=5.0s)...
  [ComfyUI] [ComfyUI-TRELLIS2] Health check: ok
  [ComfyUI] [ComfyUI-TRELLIS2] Health check: ok
  [ComfyUI] [SubprocessWorker] call_id=53 sending model_to_device
  [ComfyUI] [SubprocessWorker] call_id=53 sending model_to_device
  [ComfyUI] Model 'SLatFlowModel_4' gone from worker (restarted?), treating as offloaded
  [ComfyUI] Model 'SLatFlowModel_4' gone from worker (restarted?), treating as offloaded
  [ComfyUI] [comfy-env] [VRAM] After offload 'SLatFlowModel_4' (2464 MB): 1271 / 24575 MB
  [ComfyUI] [comfy-env] [VRAM] After offload 'SLatFlowModel_4' (2464 MB): 1271 / 24575 MB
  [ComfyUI] [comfy-env] [VRAM] Before offload 'SparseStructureDecoder_3' (140 MB) -> cpu: 1271 / 24575 MB
  [ComfyUI] [comfy-env] [VRAM] Before offload 'SparseStructureDecoder_3' (140 MB) -> cpu: 1271 / 24575 MB
  [ComfyUI] [ComfyUI-TRELLIS2] Health check: ping (timeout=5.0s)...
  [ComfyUI] [ComfyUI-TRELLIS2] Health check: ping (timeout=5.0s)...
  [ComfyUI] [ComfyUI-TRELLIS2] Health check: ok
  [ComfyUI] [ComfyUI-TRELLIS2] Health check: ok
  [ComfyUI] [SubprocessWorker] call_id=54 sending model_to_device
  [ComfyUI] [SubprocessWorker] call_id=54 sending model_to_device
  [ComfyUI] Model 'SparseStructureDecoder_3' gone from worker (restarted?), treating as offloaded
  [ComfyUI] Model 'SparseStructureDecoder_3' gone from worker (restarted?), treating as offloaded
  [ComfyUI] [comfy-env] [VRAM] After offload 'SparseStructureDecoder_3' (140 MB): 1271 / 24575 MB
  [ComfyUI] [comfy-env] [VRAM] After offload 'SparseStructureDecoder_3' (140 MB): 1271 / 24575 MB
  [ComfyUI] [comfy-env] [VRAM] Before offload 'SparseStructureFlowModel_2' (2466 MB) -> cpu: 1271 / 24575 MB
  [ComfyUI] [comfy-env] [VRAM] Before offload 'SparseStructureFlowModel_2' (2466 MB) -> cpu: 1271 / 24575 MB
  [ComfyUI] [ComfyUI-TRELLIS2] Health check: ping (timeout=5.0s)...
  [ComfyUI] [ComfyUI-TRELLIS2] Health check: ping (timeout=5.0s)...
  [ComfyUI] [ComfyUI-TRELLIS2] Health check: ok
  [ComfyUI] [ComfyUI-TRELLIS2] Health check: ok
  [ComfyUI] [SubprocessWorker] call_id=55 sending model_to_device
  [ComfyUI] [SubprocessWorker] call_id=55 sending model_to_device
  [ComfyUI] Model 'SparseStructureFlowModel_2' gone from worker (restarted?), treating as offloaded
  [ComfyUI] Model 'SparseStructureFlowModel_2' gone from worker (restarted?), treating as offloaded
  [ComfyUI] [comfy-env] [VRAM] After offload 'SparseStructureFlowModel_2' (2466 MB): 1271 / 24575 MB
  [ComfyUI] [comfy-env] [VRAM] After offload 'SparseStructureFlowModel_2' (2466 MB): 1271 / 24575 MB
  [ComfyUI] [comfy-env] [VRAM] Before offload 'DINOv3ViT_1' (1156 MB) -> cpu: 1271 / 24575 MB
  [ComfyUI] [comfy-env] [VRAM] Before offload 'DINOv3ViT_1' (1156 MB) -> cpu: 1271 / 24575 MB
  [ComfyUI] [ComfyUI-TRELLIS2] Health check: ping (timeout=5.0s)...
  [ComfyUI] [ComfyUI-TRELLIS2] Health check: ping (timeout=5.0s)...
  [ComfyUI] [ComfyUI-TRELLIS2] Health check: ok
  [ComfyUI] [ComfyUI-TRELLIS2] Health check: ok
  [ComfyUI] [SubprocessWorker] call_id=56 sending model_to_device
  [ComfyUI] [SubprocessWorker] call_id=56 sending model_to_device
  [ComfyUI] Model 'DINOv3ViT_1' gone from worker (restarted?), treating as offloaded
  [ComfyUI] Model 'DINOv3ViT_1' gone from worker (restarted?), treating as offloaded
  [ComfyUI] [comfy-env] [VRAM] After offload 'DINOv3ViT_1' (1156 MB): 1271 / 24575 MB
  [ComfyUI] [comfy-env] [VRAM] After offload 'DINOv3ViT_1' (1156 MB): 1271 / 24575 MB
  [ComfyUI] [comfy-env] Created 1 model patchers: ['BiRefNet_1']
  [ComfyUI] [comfy-env] Created 1 model patchers: ['BiRefNet_1']
  [ComfyUI] [comfy-env] Trellis2RemoveBackground done (24.97s): result: NodeOutput
  [ComfyUI] [comfy-env] Trellis2RemoveBackground done (24.97s): result: NodeOutput
  [ComfyUI] [VRAM] After Trellis2RemoveBackground: 1271 / 24575 MB
  [ComfyUI] [VRAM] After Trellis2RemoveBackground: 1271 / 24575 MB
  [ComfyUI] [VRAM] Loaded: SubprocessModel (0 MB)
  [ComfyUI] [VRAM] Loaded: SubprocessModel (0 MB)
  [ComfyUI] [comfy-env] Running LoadTrellis2Models: resolution: '512', precision: 'auto', attn_backend: 'auto'
  [ComfyUI] [comfy-env] Running LoadTrellis2Models: resolution: '512', precision: 'auto', attn_backend: 'auto'
  [ComfyUI] [VRAM] Before LoadTrellis2Models: 1271 / 24575 MB
  [ComfyUI] [VRAM] Before LoadTrellis2Models: 1271 / 24575 MB
  [ComfyUI] [VRAM] Loaded: SubprocessModel (0 MB)
  [ComfyUI] [VRAM] Loaded: SubprocessModel (0 MB)
  [ComfyUI] [SubprocessWorker] call_method: nodes.nodes_loader.LoadTrellis2Models.EXECUTE_NORMALIZED
  [ComfyUI] [SubprocessWorker] call_method: nodes.nodes_loader.LoadTrellis2Models.EXECUTE_NORMALIZED
  [ComfyUI] [SubprocessWorker] acquired lock, ensuring started...
  [ComfyUI] [SubprocessWorker] acquired lock, ensuring started...
  [ComfyUI] [ComfyUI-TRELLIS2] Health check: ping (timeout=5.0s)...
  [ComfyUI] [ComfyUI-TRELLIS2] Health check: ping (timeout=5.0s)...
  [ComfyUI] [ComfyUI-TRELLIS2] Health check: ok
  [ComfyUI] [ComfyUI-TRELLIS2] Health check: ok
  [ComfyUI] [SubprocessWorker] worker started/confirmed
  [ComfyUI] [SubprocessWorker] worker started/confirmed
  [ComfyUI] [SubprocessWorker] serializing kwargs to shm...
  [ComfyUI] [SubprocessWorker] serializing kwargs to shm...
  [ComfyUI] [SubprocessWorker] created 0 shm blocks
  [ComfyUI] [SubprocessWorker] created 0 shm blocks
  [ComfyUI] [SubprocessWorker] sending request via socket...
  [ComfyUI] [SubprocessWorker] sending request via socket...
  [ComfyUI] [SubprocessWorker] call_id=57 sending call_method
  [ComfyUI] [SubprocessWorker] call_id=57 sending call_method
  Node executed (1 total), capturing...
  [ComfyUI] [SubprocessWorker] callback 'report_progress' from call_id=57
  [ComfyUI] [SubprocessWorker] callback 'report_progress' from call_id=57
  [ComfyUI] [SubprocessWorker] callback 'report_progress' from call_id=57
  [ComfyUI] [SubprocessWorker] callback 'report_progress' from call_id=57
  [ComfyUI] [worker:ComfyUI-TRELLIS2] [TRELLIS2] Config loaded: 9 models registered
  [ComfyUI] [worker:ComfyUI-TRELLIS2] [TRELLIS2] Config loaded: 9 models registered
  [ComfyUI] [SubprocessWorker] got response: ok
  [ComfyUI] [SubprocessWorker] got response: ok
  [ComfyUI] [comfy-env] LoadTrellis2Models done (0.04s): result: NodeOutput
  [ComfyUI] [comfy-env] LoadTrellis2Models done (0.04s): result: NodeOutput
  [ComfyUI] [VRAM] After LoadTrellis2Models: 1271 / 24575 MB
  [ComfyUI] [VRAM] After LoadTrellis2Models: 1271 / 24575 MB
  [ComfyUI] [VRAM] Loaded: SubprocessModel (0 MB)
  [ComfyUI] [VRAM] Loaded: SubprocessModel (0 MB)
  [ComfyUI] [comfy-env] Running Trellis2GetConditioning: background_color: 'black', model_config: dict, image: torch.float32 [1,2560,3840,3] cpu, mask: torch.float32 [1,2560,3840] cpu
  [ComfyUI] [comfy-env] Running Trellis2GetConditioning: background_color: 'black', model_config: dict, image: torch.float32 [1,2560,3840,3] cpu, mask: torch.float32 [1,2560,3840] cpu
  [ComfyUI] [VRAM] Before Trellis2GetConditioning: 1271 / 24575 MB
  [ComfyUI] [VRAM] Before Trellis2GetConditioning: 1271 / 24575 MB
  [ComfyUI] [VRAM] Loaded: SubprocessModel (0 MB)
  [ComfyUI] [VRAM] Loaded: SubprocessModel (0 MB)
  [ComfyUI] [SubprocessWorker] call_method: nodes.nodes_inference.Trellis2GetConditioning.EXECUTE_NORMALIZED
  [ComfyUI] [SubprocessWorker] call_method: nodes.nodes_inference.Trellis2GetConditioning.EXECUTE_NORMALIZED
  [ComfyUI] [SubprocessWorker] acquired lock, ensuring started...
  [ComfyUI] [SubprocessWorker] acquired lock, ensuring started...
  [ComfyUI] [ComfyUI-TRELLIS2] Health check: ping (timeout=5.0s)...
  [ComfyUI] [ComfyUI-TRELLIS2] Health check: ping (timeout=5.0s)...
  [ComfyUI] [ComfyUI-TRELLIS2] Health check: ok
  [ComfyUI] [ComfyUI-TRELLIS2] Health check: ok
  [ComfyUI] [SubprocessWorker] worker started/confirmed
  [ComfyUI] [SubprocessWorker] worker started/confirmed
  [ComfyUI] [comfy-env] PRE-SERIALIZE 'image' shape: torch.Size([1, 2560, 3840, 3])
  [ComfyUI] [comfy-env] PRE-SERIALIZE 'image' shape: torch.Size([1, 2560, 3840, 3])
  [ComfyUI] [comfy-env] PRE-SERIALIZE 'mask' shape: torch.Size([1, 2560, 3840])
  [ComfyUI] [comfy-env] PRE-SERIALIZE 'mask' shape: torch.Size([1, 2560, 3840])
  [ComfyUI] [SubprocessWorker] serializing kwargs to shm...
  [ComfyUI] [SubprocessWorker] serializing kwargs to shm...
  [ComfyUI] [SubprocessWorker] created 0 shm blocks
  [ComfyUI] [SubprocessWorker] created 0 shm blocks
  [ComfyUI] [SubprocessWorker] sending request via socket...
  [ComfyUI] [SubprocessWorker] sending request via socket...
  [ComfyUI] [SubprocessWorker] call_id=58 sending call_method
  [ComfyUI] [SubprocessWorker] call_id=58 sending call_method
  [ComfyUI] [worker:ComfyUI-TRELLIS2] [comfy-env] _from_shm got dict with keys: ['__type__', 'strategy', 'manager_path', 'storage_key', 'storage_size']
  [ComfyUI] [worker:ComfyUI-TRELLIS2] [comfy-env] _from_shm got dict with keys: ['__type__', 'strategy', 'manager_path', 'storage_key', 'storage_size']
  [ComfyUI] [worker:ComfyUI-TRELLIS2] [comfy-env] DESERIALIZE TensorRef: tensor_size=[1, 2560, 3840, 3]
  [ComfyUI] [worker:ComfyUI-TRELLIS2] [comfy-env] DESERIALIZE TensorRef: tensor_size=[1, 2560, 3840, 3]
  [ComfyUI] [worker:ComfyUI-TRELLIS2] [comfy-env] DESERIALIZED tensor shape: torch.Size([1, 2560, 3840, 3])
  [ComfyUI] [worker:ComfyUI-TRELLIS2] [comfy-env] DESERIALIZED tensor shape: torch.Size([1, 2560, 3840, 3])
  [ComfyUI] [worker:ComfyUI-TRELLIS2] [comfy-env] _from_shm got dict with keys: ['__type__', 'strategy', 'manager_path', 'storage_key', 'storage_size']
  [ComfyUI] [worker:ComfyUI-TRELLIS2] [comfy-env] _from_shm got dict with keys: ['__type__', 'strategy', 'manager_path', 'storage_key', 'storage_size']
  [ComfyUI] [worker:ComfyUI-TRELLIS2] [comfy-env] DESERIALIZE TensorRef: tensor_size=[1, 2560, 3840]
  [ComfyUI] [worker:ComfyUI-TRELLIS2] [comfy-env] DESERIALIZE TensorRef: tensor_size=[1, 2560, 3840]
  [ComfyUI] [worker:ComfyUI-TRELLIS2] [comfy-env] DESERIALIZED tensor shape: torch.Size([1, 2560, 3840])
  [ComfyUI] [worker:ComfyUI-TRELLIS2] [comfy-env] DESERIALIZED tensor shape: torch.Size([1, 2560, 3840])
  Frame 4 saved (frame_003.jpg, t=26.4s)
  [capture-node] freeze=4ms shot=101ms unfreeze=3ms saved=True
  [ComfyUI] [SubprocessWorker] callback 'request_vram_budget' from call_id=58
  [ComfyUI] [SubprocessWorker] callback 'request_vram_budget' from call_id=58
  [ComfyUI] [comfy-env] VRAM request: 1.21GB, free before eviction: 24.44GB
  [ComfyUI] [comfy-env] VRAM request: 1.21GB, free before eviction: 24.44GB
  [ComfyUI] [comfy-env] VRAM after eviction: 24.44GB
  [ComfyUI] [comfy-env] VRAM after eviction: 24.44GB
  [ComfyUI] [worker:ComfyUI-TRELLIS2] [VRAM] +279MB (now 425MB) reserved=434MB peak=1499MB
  [ComfyUI] [worker:ComfyUI-TRELLIS2] [VRAM] +279MB (now 425MB) reserved=434MB peak=1499MB
  [ComfyUI] [worker:ComfyUI-TRELLIS2] [TRELLIS2] DinoV3 conditioning: dtype=torch.bfloat16
  [ComfyUI] [worker:ComfyUI-TRELLIS2] [TRELLIS2] DinoV3 conditioning: dtype=torch.bfloat16
  [ComfyUI] [worker:ComfyUI-TRELLIS2] [comfy.attention_sparse] Dense attention: attention_sage
  [ComfyUI] [worker:ComfyUI-TRELLIS2] [comfy.attention_sparse] Dense attention: attention_sage
  [ComfyUI] [worker:ComfyUI-TRELLIS2] [VRAM] +763MB (now 1188MB) reserved=1210MB peak=1499MB
  [ComfyUI] [worker:ComfyUI-TRELLIS2] [VRAM] +763MB (now 1188MB) reserved=1210MB peak=1499MB
  [ComfyUI] [SubprocessWorker] callback 'report_progress' from call_id=58
  [ComfyUI] [SubprocessWorker] callback 'report_progress' from call_id=58
  [ComfyUI] [SubprocessWorker] callback 'report_progress' from call_id=58
  [ComfyUI] [SubprocessWorker] callback 'report_progress' from call_id=58
  [ComfyUI] [SubprocessWorker] callback 'report_progress' from call_id=58
  [ComfyUI] [SubprocessWorker] callback 'report_progress' from call_id=58
  [capture-loop] iter=250 t=29.6s state={'complete': False, 'error': None, 'executedCount': 1, 'wsState': 1} eval_ms=5 ram=10.6/31.9GB (33%) swap=2.5/14.3GB (17%) cpu=18% browser_rss=0.90GB
  [ComfyUI] [SubprocessWorker] callback 'report_progress' from call_id=58
  [ComfyUI] [SubprocessWorker] callback 'report_progress' from call_id=58
  [ComfyUI] [SubprocessWorker] got response: ok
  [ComfyUI] [SubprocessWorker] got response: ok
  [ComfyUI] [comfy-env] Created 1 model patchers: ['DINOv3ViT_2']
  [ComfyUI] [comfy-env] Created 1 model patchers: ['DINOv3ViT_2']
  [ComfyUI] [comfy-env] Trellis2GetConditioning done (3.96s): result: NodeOutput
  [ComfyUI] [comfy-env] Trellis2GetConditioning done (3.96s): result: NodeOutput
  [ComfyUI] [VRAM] After Trellis2GetConditioning: 1271 / 24575 MB
  [ComfyUI] [VRAM] After Trellis2GetConditioning: 1271 / 24575 MB
  [ComfyUI] [VRAM] Loaded: SubprocessModel (0 MB), SubprocessModel (0 MB)
  [ComfyUI] [VRAM] Loaded: SubprocessModel (0 MB), SubprocessModel (0 MB)
  [ComfyUI] [comfy-env] Running Trellis2ImageToShape: seed: 613541713, ss_guidance_strength: 6.5, ss_guidance_rescale: 0.05, ss_sampling_steps: 12, shape_guidance_strength: 6.5, shape_guidance_rescale: 0.05, shape_sampling_steps: 12, max_tokens: 49152, model_config: dict, conditioning: dict
  [ComfyUI] [comfy-env] Running Trellis2ImageToShape: seed: 613541713, ss_guidance_strength: 6.5, ss_guidance_rescale: 0.05, ss_sampling_steps: 12, shape_guidance_strength: 6.5, shape_guidance_rescale: 0.05, shape_sampling_steps: 12, max_tokens: 49152, model_config: dict, conditioning: dict
  [ComfyUI] [VRAM] Before Trellis2ImageToShape: 1271 / 24575 MB
  [ComfyUI] [VRAM] Before Trellis2ImageToShape: 1271 / 24575 MB
  [ComfyUI] [VRAM] Loaded: SubprocessModel (0 MB), SubprocessModel (0 MB)
  [ComfyUI] [VRAM] Loaded: SubprocessModel (0 MB), SubprocessModel (0 MB)
  [ComfyUI] [SubprocessWorker] call_method: nodes.nodes_inference.Trellis2ImageToShape.EXECUTE_NORMALIZED
  [ComfyUI] [SubprocessWorker] call_method: nodes.nodes_inference.Trellis2ImageToShape.EXECUTE_NORMALIZED
  [ComfyUI] [SubprocessWorker] acquired lock, ensuring started...
  [ComfyUI] [SubprocessWorker] acquired lock, ensuring started...
  [ComfyUI] [ComfyUI-TRELLIS2] Health check: ping (timeout=5.0s)...
  [ComfyUI] [ComfyUI-TRELLIS2] Health check: ping (timeout=5.0s)...
  [ComfyUI] [ComfyUI-TRELLIS2] Health check: ok
  [ComfyUI] [ComfyUI-TRELLIS2] Health check: ok
  [ComfyUI] [SubprocessWorker] worker started/confirmed
  [ComfyUI] [SubprocessWorker] worker started/confirmed
  [ComfyUI] [SubprocessWorker] serializing kwargs to shm...
  [ComfyUI] [SubprocessWorker] serializing kwargs to shm...
  [ComfyUI] [SubprocessWorker] created 0 shm blocks
  [ComfyUI] [SubprocessWorker] created 0 shm blocks
  [ComfyUI] [SubprocessWorker] sending request via socket...
  [ComfyUI] [SubprocessWorker] sending request via socket...
  [ComfyUI] [SubprocessWorker] call_id=59 sending call_method
  [ComfyUI] [SubprocessWorker] call_id=59 sending call_method
  [ComfyUI] [worker:ComfyUI-TRELLIS2] [comfy-env] _from_shm got dict with keys: ['__type__', 'strategy', 'manager_path', 'storage_key', 'storage_size']
  [ComfyUI] [worker:ComfyUI-TRELLIS2] [comfy-env] _from_shm got dict with keys: ['__type__', 'strategy', 'manager_path', 'storage_key', 'storage_size']
  [ComfyUI] [worker:ComfyUI-TRELLIS2] [comfy-env] DESERIALIZE TensorRef: tensor_size=[1, 1029, 1024]
  [ComfyUI] [worker:ComfyUI-TRELLIS2] [comfy-env] DESERIALIZE TensorRef: tensor_size=[1, 1029, 1024]
  [ComfyUI] [worker:ComfyUI-TRELLIS2] [comfy-env] DESERIALIZED tensor shape: torch.Size([1, 1029, 1024])
  [ComfyUI] [worker:ComfyUI-TRELLIS2] [comfy-env] DESERIALIZED tensor shape: torch.Size([1, 1029, 1024])
  [ComfyUI] [worker:ComfyUI-TRELLIS2] [comfy-env] _from_shm got dict with keys: ['__type__', 'strategy', 'manager_path', 'storage_key', 'storage_size']
  [ComfyUI] [worker:ComfyUI-TRELLIS2] [comfy-env] _from_shm got dict with keys: ['__type__', 'strategy', 'manager_path', 'storage_key', 'storage_size']
  [ComfyUI] [worker:ComfyUI-TRELLIS2] [comfy-env] DESERIALIZE TensorRef: tensor_size=[1, 1029, 1024]
  [ComfyUI] [worker:ComfyUI-TRELLIS2] [comfy-env] DESERIALIZE TensorRef: tensor_size=[1, 1029, 1024]
  [ComfyUI] [worker:ComfyUI-TRELLIS2] [comfy-env] DESERIALIZED tensor shape: torch.Size([1, 1029, 1024])
  [ComfyUI] [worker:ComfyUI-TRELLIS2] [comfy-env] DESERIALIZED tensor shape: torch.Size([1, 1029, 1024])
  [ComfyUI] [worker:ComfyUI-TRELLIS2] [VRAM] -1180MB (now 9MB) reserved=72MB peak=1499MB
  [ComfyUI] [worker:ComfyUI-TRELLIS2] [VRAM] -1180MB (now 9MB) reserved=72MB peak=1499MB
  Frame 5 saved (frame_004.jpg, t=30.8s)
  [capture-periodic] freeze=3ms shot=108ms unfreeze=3ms saved=True
  [ComfyUI] [SubprocessWorker] callback 'report_progress' from call_id=59
  [ComfyUI] [SubprocessWorker] callback 'report_progress' from call_id=59
  [ComfyUI] [SubprocessWorker] callback 'report_progress' from call_id=59
  [ComfyUI] [SubprocessWorker] callback 'report_progress' from call_id=59
  [ComfyUI] [SubprocessWorker] callback 'report_progress' from call_id=59
  [ComfyUI] [SubprocessWorker] callback 'report_progress' from call_id=59
  [ComfyUI] [worker:ComfyUI-TRELLIS2] [TRELLIS2] Built SparseStructureFlowModel on CPU: dtype=torch.bfloat16, 0.2s
  [ComfyUI] [worker:ComfyUI-TRELLIS2] [TRELLIS2] Built SparseStructureFlowModel on CPU: dtype=torch.bfloat16, 0.2s
  [ComfyUI] [SubprocessWorker] callback 'request_vram_budget' from call_id=59
  [ComfyUI] [SubprocessWorker] callback 'request_vram_budget' from call_id=59
  [ComfyUI] [comfy-env] VRAM request: 2.59GB, free before eviction: 24.44GB
  [ComfyUI] [comfy-env] VRAM request: 2.59GB, free before eviction: 24.44GB
  [ComfyUI] [comfy-env] VRAM after eviction: 24.44GB
  [ComfyUI] [comfy-env] VRAM after eviction: 24.44GB
  [ComfyUI] [worker:ComfyUI-TRELLIS2] [VRAM] +227MB (now 236MB) reserved=264MB peak=1499MB
  [ComfyUI] [worker:ComfyUI-TRELLIS2] [VRAM] +227MB (now 236MB) reserved=264MB peak=1499MB
  [ComfyUI] [worker:ComfyUI-TRELLIS2] [VRAM] +936MB (now 1172MB) reserved=1200MB peak=1499MB
  [ComfyUI] [worker:ComfyUI-TRELLIS2] [VRAM] +936MB (now 1172MB) reserved=1200MB peak=1499MB
  Frame 6 saved (frame_005.jpg, t=33.0s)
  [capture-periodic] freeze=3ms shot=104ms unfreeze=3ms saved=True
  [ComfyUI] [worker:ComfyUI-TRELLIS2] [VRAM] +871MB (now 2044MB) reserved=2072MB peak=2044MB
  [ComfyUI] [worker:ComfyUI-TRELLIS2] [VRAM] +871MB (now 2044MB) reserved=2072MB peak=2044MB
  [ComfyUI] [worker:ComfyUI-TRELLIS2] [VRAM] +453MB (now 2497MB) reserved=2574MB peak=2497MB
  [ComfyUI] [worker:ComfyUI-TRELLIS2] [VRAM] +453MB (now 2497MB) reserved=2574MB peak=2497MB
  [ComfyUI] [worker:ComfyUI-TRELLIS2] [TRELLIS2] sparse_structure_flow_model -> GPU: 3.7s
  [ComfyUI] [worker:ComfyUI-TRELLIS2] [TRELLIS2] sparse_structure_flow_model -> GPU: 3.7s
  [capture-loop] iter=300 t=35.6s state={'complete': False, 'error': None, 'executedCount': 1, 'wsState': 1} eval_ms=4 ram=11.8/31.9GB (37%) swap=2.5/14.3GB (17%) cpu=14% browser_rss=0.90GB
  [ComfyUI] [SubprocessWorker] callback 'report_progress' from call_id=59
  [ComfyUI] [SubprocessWorker] callback 'report_progress' from call_id=59
  [ComfyUI] [SubprocessWorker] callback 'report_progress' from call_id=59
  [ComfyUI] [SubprocessWorker] callback 'report_progress' from call_id=59
  [ComfyUI] [SubprocessWorker] callback 'report_progress' from call_id=59
  [ComfyUI] [SubprocessWorker] callback 'report_progress' from call_id=59
  Frame 7 saved (frame_006.jpg, t=37.5s)
  [capture-periodic] freeze=4ms shot=106ms unfreeze=3ms saved=True
  [ComfyUI] [SubprocessWorker] callback 'report_progress' from call_id=59
  [ComfyUI] [SubprocessWorker] callback 'report_progress' from call_id=59
  [ComfyUI] [SubprocessWorker] callback 'report_progress' from call_id=59
  [ComfyUI] [SubprocessWorker] callback 'report_progress' from call_id=59
  [ComfyUI] [SubprocessWorker] callback 'report_progress' from call_id=59
  [ComfyUI] [SubprocessWorker] callback 'report_progress' from call_id=59
  [ComfyUI] [SubprocessWorker] callback 'report_progress' from call_id=59
  [ComfyUI] [SubprocessWorker] callback 'report_progress' from call_id=59
  [ComfyUI] [SubprocessWorker] callback 'report_progress' from call_id=59
  [ComfyUI] [SubprocessWorker] callback 'report_progress' from call_id=59
  Frame 8 saved (frame_007.jpg, t=39.6s)
  [capture-periodic] freeze=3ms shot=107ms unfreeze=4ms saved=True
  [ComfyUI] [SubprocessWorker] callback 'report_progress' from call_id=59
  [ComfyUI] [SubprocessWorker] callback 'report_progress' from call_id=59
  [ComfyUI] [SubprocessWorker] callback 'report_progress' from call_id=59
  [ComfyUI] [SubprocessWorker] callback 'report_progress' from call_id=59
  [ComfyUI] [SubprocessWorker] callback 'report_progress' from call_id=59
  [ComfyUI] [SubprocessWorker] callback 'report_progress' from call_id=59
  [ComfyUI] [SubprocessWorker] callback 'report_progress' from call_id=59
  [ComfyUI] [SubprocessWorker] callback 'report_progress' from call_id=59
  [capture-loop] iter=350 t=41.5s state={'complete': False, 'error': None, 'executedCount': 1, 'wsState': 1} eval_ms=3 ram=12.1/31.9GB (38%) swap=2.5/14.3GB (17%) cpu=11% browser_rss=0.91GB
  [ComfyUI] [worker:ComfyUI-TRELLIS2] [VRAM] -496MB (now 2002MB) reserved=2896MB peak=2667MB
  [ComfyUI] [worker:ComfyUI-TRELLIS2] [VRAM] -496MB (now 2002MB) reserved=2896MB peak=2667MB
  Frame 9 saved (frame_008.jpg, t=41.8s)
  [capture-periodic] freeze=3ms shot=109ms unfreeze=3ms saved=True
  [ComfyUI] [SubprocessWorker] callback 'report_progress' from call_id=59
  [ComfyUI] [SubprocessWorker] callback 'report_progress' from call_id=59
  [ComfyUI] [SubprocessWorker] callback 'report_progress' from call_id=59
  [ComfyUI] [SubprocessWorker] callback 'report_progress' from call_id=59
  [ComfyUI] [SubprocessWorker] callback 'report_progress' from call_id=59
  [ComfyUI] [SubprocessWorker] callback 'report_progress' from call_id=59
  [ComfyUI] [worker:ComfyUI-TRELLIS2] [TRELLIS2] Built SparseStructureDecoder on CPU: dtype=torch.bfloat16, 0.2s
  [ComfyUI] [worker:ComfyUI-TRELLIS2] [TRELLIS2] Built SparseStructureDecoder on CPU: dtype=torch.bfloat16, 0.2s
  [ComfyUI] [SubprocessWorker] callback 'request_vram_budget' from call_id=59
  [ComfyUI] [SubprocessWorker] callback 'request_vram_budget' from call_id=59
  [ComfyUI] [comfy-env] VRAM request: 0.15GB, free before eviction: 24.44GB
  [ComfyUI] [comfy-env] VRAM request: 0.15GB, free before eviction: 24.44GB
  [ComfyUI] [comfy-env] VRAM after eviction: 24.44GB
  [ComfyUI] [comfy-env] VRAM after eviction: 24.44GB
  [ComfyUI] [worker:ComfyUI-TRELLIS2] [TRELLIS2] sparse_structure_decoder -> GPU: 0.1s
  [ComfyUI] [worker:ComfyUI-TRELLIS2] [TRELLIS2] sparse_structure_decoder -> GPU: 0.1s
  [ComfyUI] [SubprocessWorker] callback 'report_progress' from call_id=59
  [ComfyUI] [SubprocessWorker] callback 'report_progress' from call_id=59
  [ComfyUI] [worker:ComfyUI-TRELLIS2] [VRAM] -1985MB (now 17MB) reserved=72MB peak=2667MB
  [ComfyUI] [worker:ComfyUI-TRELLIS2] [VRAM] -1985MB (now 17MB) reserved=72MB peak=2667MB
  [ComfyUI] [SubprocessWorker] callback 'report_progress' from call_id=59
  [ComfyUI] [SubprocessWorker] callback 'report_progress' from call_id=59
  [ComfyUI] [SubprocessWorker] callback 'report_progress' from call_id=59
  [ComfyUI] [SubprocessWorker] callback 'report_progress' from call_id=59
  [ComfyUI] [SubprocessWorker] callback 'report_progress' from call_id=59
  [ComfyUI] [SubprocessWorker] callback 'report_progress' from call_id=59
  [ComfyUI] [worker:ComfyUI-TRELLIS2] [TRELLIS2] Built SLatFlowModel on CPU: dtype=torch.bfloat16, 0.2s
  [ComfyUI] [worker:ComfyUI-TRELLIS2] [TRELLIS2] Built SLatFlowModel on CPU: dtype=torch.bfloat16, 0.2s
  [ComfyUI] [SubprocessWorker] callback 'request_vram_budget' from call_id=59
  [ComfyUI] [SubprocessWorker] callback 'request_vram_budget' from call_id=59
  [ComfyUI] [comfy-env] VRAM request: 2.58GB, free before eviction: 24.44GB
  [ComfyUI] [comfy-env] VRAM request: 2.58GB, free before eviction: 24.44GB
  [ComfyUI] [comfy-env] VRAM after eviction: 24.44GB
  [ComfyUI] [comfy-env] VRAM after eviction: 24.44GB
  [ComfyUI] [worker:ComfyUI-TRELLIS2] [VRAM] +1395MB (now 1412MB) reserved=1440MB peak=2667MB
  [ComfyUI] [worker:ComfyUI-TRELLIS2] [VRAM] +1395MB (now 1412MB) reserved=1440MB peak=2667MB
  [ComfyUI] [worker:ComfyUI-TRELLIS2] [VRAM] +1085MB (now 2497MB) reserved=2574MB peak=2667MB
  [ComfyUI] [worker:ComfyUI-TRELLIS2] [VRAM] +1085MB (now 2497MB) reserved=2574MB peak=2667MB
  [ComfyUI] [worker:ComfyUI-TRELLIS2] [TRELLIS2] shape_slat_flow_model_512 -> GPU: 2.1s
  [ComfyUI] [worker:ComfyUI-TRELLIS2] [TRELLIS2] shape_slat_flow_model_512 -> GPU: 2.1s
  [ComfyUI] [worker:ComfyUI-TRELLIS2] [33m[comfy-attn] Varlen attention: sage2[0m
  [ComfyUI] [worker:ComfyUI-TRELLIS2] [33m[comfy-attn] Varlen attention: sage2[0m
  [ComfyUI] [SubprocessWorker] callback 'report_progress' from call_id=59
  [ComfyUI] [SubprocessWorker] callback 'report_progress' from call_id=59
  Frame 10 saved (frame_009.jpg, t=46.2s)
  [capture-periodic] freeze=4ms shot=107ms unfreeze=4ms saved=True
  [ComfyUI] [SubprocessWorker] callback 'report_progress' from call_id=59
  [ComfyUI] [SubprocessWorker] callback 'report_progress' from call_id=59
  [ComfyUI] [SubprocessWorker] callback 'report_progress' from call_id=59
  [ComfyUI] [SubprocessWorker] callback 'report_progress' from call_id=59
  [capture-loop] iter=400 t=47.5s state={'complete': False, 'error': None, 'executedCount': 1, 'wsState': 1} eval_ms=3 ram=14.7/31.9GB (46%) swap=2.5/14.3GB (17%) cpu=13% browser_rss=0.91GB
  [ComfyUI] [SubprocessWorker] callback 'report_progress' from call_id=59
  [ComfyUI] [SubprocessWorker] callback 'report_progress' from call_id=59
  [ComfyUI] [SubprocessWorker] callback 'report_progress' from call_id=59
  [ComfyUI] [SubprocessWorker] callback 'report_progress' from call_id=59
  Frame 11 saved (frame_010.jpg, t=48.5s)
  [capture-periodic] freeze=3ms shot=106ms unfreeze=3ms saved=True
  [ComfyUI] [SubprocessWorker] callback 'report_progress' from call_id=59
  [ComfyUI] [SubprocessWorker] callback 'report_progress' from call_id=59
  [ComfyUI] [SubprocessWorker] callback 'report_progress' from call_id=59
  [ComfyUI] [SubprocessWorker] callback 'report_progress' from call_id=59
  [ComfyUI] [SubprocessWorker] callback 'report_progress' from call_id=59
  [ComfyUI] [SubprocessWorker] callback 'report_progress' from call_id=59
  Frame 12 saved (frame_011.jpg, t=50.7s)
  [capture-periodic] freeze=3ms shot=100ms unfreeze=4ms saved=True
  [ComfyUI] [SubprocessWorker] callback 'report_progress' from call_id=59
  [ComfyUI] [SubprocessWorker] callback 'report_progress' from call_id=59
  [ComfyUI] [SubprocessWorker] callback 'report_progress' from call_id=59
  [ComfyUI] [SubprocessWorker] callback 'report_progress' from call_id=59
  [ComfyUI] [SubprocessWorker] callback 'report_progress' from call_id=59
  [ComfyUI] [SubprocessWorker] callback 'report_progress' from call_id=59
  [ComfyUI] [SubprocessWorker] callback 'report_progress' from call_id=59
  [ComfyUI] [SubprocessWorker] callback 'report_progress' from call_id=59
  [ComfyUI] [worker:ComfyUI-TRELLIS2] [VRAM] -334MB (now 2163MB) reserved=2650MB peak=2667MB
  [ComfyUI] [worker:ComfyUI-TRELLIS2] [VRAM] -334MB (now 2163MB) reserved=2650MB peak=2667MB
  Frame 13 saved (frame_012.jpg, t=52.8s)
  [capture-periodic] freeze=3ms shot=100ms unfreeze=3ms saved=True
  [ComfyUI] [SubprocessWorker] callback 'report_progress' from call_id=59
  [ComfyUI] [SubprocessWorker] callback 'report_progress' from call_id=59
  [ComfyUI] [worker:ComfyUI-TRELLIS2] [VRAM] -2146MB (now 17MB) reserved=74MB peak=2667MB
  [ComfyUI] [worker:ComfyUI-TRELLIS2] [VRAM] -2146MB (now 17MB) reserved=74MB peak=2667MB
  [capture-loop] iter=450 t=53.6s state={'complete': False, 'error': None, 'executedCount': 1, 'wsState': 1} eval_ms=11 ram=18.2/31.9GB (57%) swap=2.5/14.3GB (17%) cpu=13% browser_rss=0.91GB
  Frame 14 saved (frame_013.jpg, t=55.0s)
  [capture-periodic] freeze=4ms shot=161ms unfreeze=5ms saved=True
  [ComfyUI] [SubprocessWorker] callback 'report_progress' from call_id=59
  [ComfyUI] [SubprocessWorker] callback 'report_progress' from call_id=59
  [ComfyUI] [SubprocessWorker] callback 'report_progress' from call_id=59
  [ComfyUI] [SubprocessWorker] callback 'report_progress' from call_id=59
  [ComfyUI] [worker:ComfyUI-TRELLIS2] [TRELLIS2] Built FlexiDualGridVaeDecoder on CPU: dtype=torch.bfloat16, 5.1s
  [ComfyUI] [worker:ComfyUI-TRELLIS2] [TRELLIS2] Built FlexiDualGridVaeDecoder on CPU: dtype=torch.bfloat16, 5.1s
  [ComfyUI] [SubprocessWorker] callback 'request_vram_budget' from call_id=59
  [ComfyUI] [SubprocessWorker] callback 'request_vram_budget' from call_id=59
  [ComfyUI] [comfy-env] VRAM request: 0.95GB, free before eviction: 24.44GB
  [ComfyUI] [comfy-env] VRAM request: 0.95GB, free before eviction: 24.44GB
  [ComfyUI] [comfy-env] VRAM after eviction: 24.44GB
  [ComfyUI] [comfy-env] VRAM after eviction: 24.44GB
  [ComfyUI] [worker:ComfyUI-TRELLIS2] [VRAM] +216MB (now 233MB) reserved=290MB peak=2667MB
  [ComfyUI] [worker:ComfyUI-TRELLIS2] [VRAM] +216MB (now 233MB) reserved=290MB peak=2667MB
  [ComfyUI] [worker:ComfyUI-TRELLIS2] [TRELLIS2] shape_slat_decoder -> GPU: 0.6s
  [ComfyUI] [worker:ComfyUI-TRELLIS2] [TRELLIS2] shape_slat_decoder -> GPU: 0.6s
  [ComfyUI] [worker:ComfyUI-TRELLIS2] [vae] set max_voxels_per_tile=1000000 on 40 SparseConv3d modules
  [ComfyUI] [worker:ComfyUI-TRELLIS2] [vae] set max_voxels_per_tile=1000000 on 40 SparseConv3d modules
  [ComfyUI] [worker:ComfyUI-TRELLIS2] [UNET] level=0 block=0 SparseConvNeXtBlock3d N=1,112 ch=1024 alloc=935MB
  [ComfyUI] [worker:ComfyUI-TRELLIS2] [UNET] level=0 block=0 SparseConvNeXtBlock3d N=1,112 ch=1024 alloc=935MB
  [ComfyUI] [worker:ComfyUI-TRELLIS2] [sparse-conv] N=1,112 Ci=1024 Co=1024 feats=2MB cache=0MB (miss) w_dev=cuda:0 alloc=935MB
  [ComfyUI] [worker:ComfyUI-TRELLIS2] [sparse-conv] N=1,112 Ci=1024 Co=1024 feats=2MB cache=0MB (miss) w_dev=cuda:0 alloc=935MB
  [ComfyUI] [worker:ComfyUI-TRELLIS2] [VRAM] +959MB (now 1193MB) reserved=1212MB peak=2667MB
  [ComfyUI] [worker:ComfyUI-TRELLIS2] [VRAM] +959MB (now 1193MB) reserved=1212MB peak=2667MB
  Frame 15 saved (frame_014.jpg, t=59.4s)
  [capture-periodic] freeze=3ms shot=106ms unfreeze=3ms saved=True
  [capture-loop] iter=500 t=59.9s state={'complete': False, 'error': None, 'executedCount': 1, 'wsState': 1} eval_ms=4 ram=17.1/31.9GB (54%) swap=2.4/14.3GB (17%) cpu=39% browser_rss=0.91GB
  [ComfyUI] [worker:ComfyUI-TRELLIS2]
  [ComfyUI] [worker:ComfyUI-TRELLIS2]
  [ComfyUI] === WATCHDOG TICK 1 ===
  [ComfyUI] === WATCHDOG TICK 1 ===
  [ComfyUI] [worker:ComfyUI-TRELLIS2] Thread 0x00001f78 (most recent call first):
  [ComfyUI] [worker:ComfyUI-TRELLIS2] Thread 0x00001f78 (most recent call first):
  [ComfyUI]   File "C:\workspaces\TRELLIS2-1326\ComfyUI\.ce\.pixi\envs\trellis2-nodes\lib\threading.py", line 324 in wait
  [ComfyUI]   File "C:\workspaces\TRELLIS2-1326\ComfyUI\.ce\.pixi\envs\trellis2-nodes\lib\threading.py", line 324 in wait
  [ComfyUI]   File "C:\workspaces\TRELLIS2-1326\ComfyUI\.ce\.pixi\envs\trellis2-nodes\lib\threading.py", line 607 in wait
  [ComfyUI]   File "C:\workspaces\TRELLIS2-1326\ComfyUI\.ce\.pixi\envs\trellis2-nodes\lib\threading.py", line 607 in wait
  [ComfyUI]   File "C:\workspaces\TRELLIS2-1326\ComfyUI\.ce\.pixi\envs\trellis2-nodes\lib\site-packages\tqdm\_monitor.py", line 60 in run
  [ComfyUI]   File "C:\workspaces\TRELLIS2-1326\ComfyUI\.ce\.pixi\envs\trellis2-nodes\lib\site-packages\tqdm\_monitor.py", line 60 in run
  [ComfyUI]   File "C:\workspaces\TRELLIS2-1326\ComfyUI\.ce\.pixi\envs\trellis2-nodes\lib\threading.py", line 1016 in _bootstrap_inner
  [ComfyUI]   File "C:\workspaces\TRELLIS2-1326\ComfyUI\.ce\.pixi\envs\trellis2-nodes\lib\threading.py", line 1016 in _bootstrap_inner
  [ComfyUI]   File "C:\workspaces\TRELLIS2-1326\ComfyUI\.ce\.pixi\envs\trellis2-nodes\lib\threading.py", line 973 in _bootstrap
  [ComfyUI]   File "C:\workspaces\TRELLIS2-1326\ComfyUI\.ce\.pixi\envs\trellis2-nodes\lib\threading.py", line 973 in _bootstrap
  [ComfyUI] 
  [ComfyUI] 
  [ComfyUI] Thread 0x00002120 (most recent call first):
  [ComfyUI] Thread 0x00002120 (most recent call first):
  [ComfyUI]   File "C:\Users\ContainerAdministrator\AppData\Local\Temp\comfyui_pvenv_n3nh8bk5\persistent_worker.py", line 106 in _vram_poller
  [ComfyUI]   File "C:\Users\ContainerAdministrator\AppData\Local\Temp\comfyui_pvenv_n3nh8bk5\persistent_worker.py", line 106 in _vram_poller
  [ComfyUI]   File "C:\workspaces\TRELLIS2-1326\ComfyUI\.ce\.pixi\envs\trellis2-nodes\lib\threading.py", line 953 in run
  [ComfyUI]   File "C:\workspaces\TRELLIS2-1326\ComfyUI\.ce\.pixi\envs\trellis2-nodes\lib\threading.py", line 953 in run
  [ComfyUI]   File "C:\workspaces\TRELLIS2-1326\ComfyUI\.ce\.pixi\envs\trellis2-nodes\lib\threading.py", line 1016 in _bootstrap_inner
  [ComfyUI]   File "C:\workspaces\TRELLIS2-1326\ComfyUI\.ce\.pixi\envs\trellis2-nodes\lib\threading.py", line 1016 in _bootstrap_inner
  [ComfyUI]   File "C:\workspaces\TRELLIS2-1326\ComfyUI\.ce\.pixi\envs\trellis2-nodes\lib\threading.py", line 973 in _bootstrap
  [ComfyUI]   File "C:\workspaces\TRELLIS2-1326\ComfyUI\.ce\.pixi\envs\trellis2-nodes\lib\threading.py", line 973 in _bootstrap
  [ComfyUI] 
  [ComfyUI] 
  [ComfyUI] Current thread 0x0000377c (most recent call first):
  [ComfyUI] Current thread 0x0000377c (most recent call first):
  [ComfyUI]   File "C:\Users\ContainerAdministrator\AppData\Local\Temp\comfyui_pvenv_n3nh8bk5\persistent_worker.py", line 52 in _watchdog
  [ComfyUI]   File "C:\Users\ContainerAdministrator\AppData\Local\Temp\comfyui_pvenv_n3nh8bk5\persistent_worker.py", line 52 in _watchdog
  [ComfyUI]   File "C:\workspaces\TRELLIS2-1326\ComfyUI\.ce\.pixi\envs\trellis2-nodes\lib\threading.py", line 953 in run
  [ComfyUI]   File "C:\workspaces\TRELLIS2-1326\ComfyUI\.ce\.pixi\envs\trellis2-nodes\lib\threading.py", line 953 in run
  [ComfyUI]   File "C:\workspaces\TRELLIS2-1326\ComfyUI\.ce\.pixi\envs\trellis2-nodes\lib\threading.py", line 1016 in _bootstrap_inner
  [ComfyUI]   File "C:\workspaces\TRELLIS2-1326\ComfyUI\.ce\.pixi\envs\trellis2-nodes\lib\threading.py", line 1016 in _bootstrap_inner
  [ComfyUI]   File "C:\workspaces\TRELLIS2-1326\ComfyUI\.ce\.pixi\envs\trellis2-nodes\lib\threading.py", line 973 in _bootstrap
  [ComfyUI]   File "C:\workspaces\TRELLIS2-1326\ComfyUI\.ce\.pixi\envs\trellis2-nodes\lib\threading.py", line 973 in _bootstrap
  [ComfyUI] 
  [ComfyUI] 
  [ComfyUI] Thread 0x00002b64 (most recent call first):
  [ComfyUI] Thread 0x00002b64 (most recent call first):
  [ComfyUI]   File "C:\workspaces\TRELLIS2-1326\ComfyUI\.ce\.pixi\envs\trellis2-nodes\lib\site-packages\torch\cuda\__init__.py", line 1162 in synchronize
  [ComfyUI]   File "C:\workspaces\TRELLIS2-1326\ComfyUI\.ce\.pixi\envs\trellis2-nodes\lib\site-packages\torch\cuda\__init__.py", line 1162 in synchronize
  [ComfyUI]   File "C:\workspaces\TRELLIS2-1326\ComfyUI\.ce\.pixi\envs\trellis2-nodes\Lib\site-packages\triton\testing.py", line 188 in do_bench
  [ComfyUI]   File "C:\workspaces\TRELLIS2-1326\ComfyUI\.ce\.pixi\envs\trellis2-nodes\Lib\site-packages\triton\testing.py", line 188 in do_bench
  [ComfyUI]   File "C:\workspaces\TRELLIS2-1326\ComfyUI\.ce\.pixi\envs\trellis2-nodes\Lib\site-packages\triton\runtime\autotuner.py", line 164 in _bench
  [ComfyUI]   File "C:\workspaces\TRELLIS2-1326\ComfyUI\.ce\.pixi\envs\trellis2-nodes\Lib\site-packages\triton\runtime\autotuner.py", line 164 in _bench
  [ComfyUI]   File "C:\workspaces\TRELLIS2-1326\ComfyUI\.ce\.pixi\envs\trellis2-nodes\Lib\site-packages\flex_gemm_ap\utils\autotuner.py", line 67 in <dictcomp>
  [ComfyUI]   File "C:\workspaces\TRELLIS2-1326\ComfyUI\.ce\.pixi\envs\trellis2-nodes\Lib\site-packages\flex_gemm_ap\utils\autotuner.py", line 67 in <dictcomp>
  [ComfyUI]   File "C:\workspaces\TRELLIS2-1326\ComfyUI\.ce\.pixi\envs\trellis2-nodes\Lib\site-packages\flex_gemm_ap\utils\autotuner.py", line 67 in run
  [ComfyUI]   File "C:\workspaces\TRELLIS2-1326\ComfyUI\.ce\.pixi\envs\trellis2-nodes\Lib\site-packages\flex_gemm_ap\utils\autotuner.py", line 67 in run
  [ComfyUI]   File "C:\workspaces\TRELLIS2-1326\ComfyUI\.ce\.pixi\envs\trellis2-nodes\Lib\site-packages\triton\runtime\jit.py", line 370 in <lambda>
  [ComfyUI]   File "C:\workspaces\TRELLIS2-1326\ComfyUI\.ce\.pixi\envs\trellis2-nodes\Lib\site-packages\triton\runtime\jit.py", line 370 in <lambda>
  [ComfyUI]   File "C:\workspaces\TRELLIS2-1326\ComfyUI\.ce\.pixi\envs\trellis2-nodes\Lib\site-packages\flex_gemm_ap\kernels\triton\spconv\sparse_submanifold_conv_fwd_masked_implicit_gemm_splitk.py", line 164 in sparse_submanifold_conv_fwd_masked_implicit_gemm_splitk
  [ComfyUI]   File "C:\workspaces\TRELLIS2-1326\ComfyUI\.ce\.pixi\envs\trellis2-nodes\Lib\site-packages\flex_gemm_ap\kernels\triton\spconv\sparse_submanifold_conv_fwd_masked_implicit_gemm_splitk.py", line 164 in sparse_submanifold_conv_fwd_masked_implicit_gemm_splitk
  [ComfyUI]   File "C:\workspaces\TRELLIS2-1326\ComfyUI\.ce\.pixi\envs\trellis2-nodes\Lib\site-packages\flex_gemm_ap\utils\autotuner.py", line 277 in _benchmark
  [ComfyUI]   File "C:\workspaces\TRELLIS2-1326\ComfyUI\.ce\.pixi\envs\trellis2-nodes\Lib\site-packages\flex_gemm_ap\utils\autotuner.py", line 277 in _benchmark
  [ComfyUI]   File "C:\workspaces\TRELLIS2-1326\ComfyUI\.ce\.pixi\envs\trellis2-nodes\Lib\site-packages\flex_gemm_ap\utils\autotuner.py", line 256 in __call__
  [ComfyUI]   File "C:\workspaces\TRELLIS2-1326\ComfyUI\.ce\.pixi\envs\trellis2-nodes\Lib\site-packages\flex_gemm_ap\utils\autotuner.py", line 256 in __call__
  [ComfyUI]   File "C:\workspaces\TRELLIS2-1326\ComfyUI\.ce\.pixi\envs\trellis2-nodes\Lib\site-packages\flex_gemm_ap\ops\spconv\submanifold_conv3d.py", line 336 in _sparse_submanifold_conv_forward
  [ComfyUI]   File "C:\workspaces\TRELLIS2-1326\ComfyUI\.ce\.pixi\envs\trellis2-nodes\Lib\site-packages\flex_gemm_ap\ops\spconv\submanifold_conv3d.py", line 336 in _sparse_submanifold_conv_forward
  [ComfyUI]   File "C:\workspaces\TRELLIS2-1326\ComfyUI\comfy\ops_sparse.py", line 267 in _flex_gemm_conv3d_forward
  [ComfyUI]   File "C:\workspaces\TRELLIS2-1326\ComfyUI\comfy\ops_sparse.py", line 267 in _flex_gemm_conv3d_forward
  [ComfyUI]   File "C:\workspaces\TRELLIS2-1326\ComfyUI\comfy\ops_sparse.py", line 545 in _forward
  [ComfyUI]   File "C:\workspaces\TRELLIS2-1326\ComfyUI\comfy\ops_sparse.py", line 545 in _forward
  [ComfyUI]   File "C:\workspaces\TRELLIS2-1326\ComfyUI\comfy\ops_sparse.py", line 560 in forward_comfy_cast_weights
  [ComfyUI]   File "C:\workspaces\TRELLIS2-1326\ComfyUI\comfy\ops_sparse.py", line 560 in forward_comfy_cast_weights
  [ComfyUI]   File "C:\workspaces\TRELLIS2-1326\ComfyUI\comfy\ops_sparse.py", line 571 in forward
  [ComfyUI]   File "C:\workspaces\TRELLIS2-1326\ComfyUI\comfy\ops_sparse.py", line 571 in forward
  [ComfyUI]   File "C:\workspaces\TRELLIS2-1326\ComfyUI\.ce\.pixi\envs\trellis2-nodes\lib\site-packages\torch\nn\modules\module.py", line 1790 in _call_impl
  [ComfyUI]   File "C:\workspaces\TRELLIS2-1326\ComfyUI\.ce\.pixi\envs\trellis2-nodes\lib\site-packages\torch\nn\modules\module.py", line 1790 in _call_impl
  [ComfyUI]   File "C:\workspaces\TRELLIS2-1326\ComfyUI\.ce\.pixi\envs\trellis2-nodes\lib\site-packages\torch\nn\modules\module.py", line 1779 in _wrapped_call_impl
  [ComfyUI]   File "C:\workspaces\TRELLIS2-1326\ComfyUI\.ce\.pixi\envs\trellis2-nodes\lib\site-packages\torch\nn\modules\module.py", line 1779 in _wrapped_call_impl
  [ComfyUI]   File "C:\workspaces\TRELLIS2-1326\ComfyUI\custom_nodes\ComfyUI-TRELLIS2\nodes\trellis2\vae.py", line 793 in _forward
  [ComfyUI]   File "C:\workspaces\TRELLIS2-1326\ComfyUI\custom_nodes\ComfyUI-TRELLIS2\nodes\trellis2\vae.py", line 793 in _forward
  [ComfyUI]   File "C:\workspaces\TRELLIS2-1326\ComfyUI\custom_nodes\ComfyUI-TRELLIS2\nodes\trellis2\vae.py", line 852 in forward
  [ComfyUI]   File "C:\workspaces\TRELLIS2-1326\ComfyUI\custom_nodes\ComfyUI-TRELLIS2\nodes\trellis2\vae.py", line 852 in forward
  [ComfyUI]   File "C:\workspaces\TRELLIS2-1326\ComfyUI\.ce\.pixi\envs\trellis2-nodes\lib\site-packages\torch\nn\modules\module.py", line 1790 in _call_impl
  [ComfyUI]   File "C:\workspaces\TRELLIS2-1326\ComfyUI\.ce\.pixi\envs\trellis2-nodes\lib\site-packages\torch\nn\modules\module.py", line 1790 in _call_impl
  [ComfyUI]   File "C:\workspaces\TRELLIS2-1326\ComfyUI\.ce\.pixi\envs\trellis2-nodes\lib\site-packages\torch\nn\modules\module.py", line 1779 in _wrapped_call_impl
  [ComfyUI]   File "C:\workspaces\TRELLIS2-1326\ComfyUI\.ce\.pixi\envs\trellis2-nodes\lib\site-packages\torch\nn\modules\module.py", line 1779 in _wrapped_call_impl
  [ComfyUI]   File "C:\workspaces\TRELLIS2-1326\ComfyUI\custom_nodes\ComfyUI-TRELLIS2\nodes\trellis2\vae.py", line 1080 in forward
  [ComfyUI]   File "C:\workspaces\TRELLIS2-1326\ComfyUI\custom_nodes\ComfyUI-TRELLIS2\nodes\trellis2\vae.py", line 1080 in forward
  [ComfyUI]   File "C:\workspaces\TRELLIS2-1326\ComfyUI\custom_nodes\ComfyUI-TRELLIS2\nodes\trellis2\vae.py", line 1335 in forward
  [ComfyUI]   File "C:\workspaces\TRELLIS2-1326\ComfyUI\custom_nodes\ComfyUI-TRELLIS2\nodes\trellis2\vae.py", line 1335 in forward
  [ComfyUI]   File "C:\workspaces\TRELLIS2-1326\ComfyUI\.ce\.pixi\envs\trellis2-nodes\lib\site-packages\torch\nn\modules\module.py", line 1790 in _call_impl
  [ComfyUI]   File "C:\workspaces\TRELLIS2-1326\ComfyUI\.ce\.pixi\envs\trellis2-nodes\lib\site-packages\torch\nn\modules\module.py", line 1790 in _call_impl
  [ComfyUI]   File "C:\workspaces\TRELLIS2-1326\ComfyUI\.ce\.pixi\envs\trellis2-nodes\lib\site-packages\torch\nn\modules\module.py", line 1779 in _wrapped_call_impl
  [ComfyUI]   File "C:\workspaces\TRELLIS2-1326\ComfyUI\.ce\.pixi\envs\trellis2-nodes\lib\site-packages\torch\nn\modules\module.py", line 1779 in _wrapped_call_impl
  [ComfyUI]   File "C:\workspaces\TRELLIS2-1326\ComfyUI\custom_nodes\ComfyUI-TRELLIS2\nodes\stages.py", line 632 in _decode_shape_slat
  [ComfyUI]   File "C:\workspaces\TRELLIS2-1326\ComfyUI\custom_nodes\ComfyUI-TRELLIS2\nodes\stages.py", line 632 in _decode_shape_slat
  [ComfyUI]   File "C:\workspaces\TRELLIS2-1326\ComfyUI\custom_nodes\ComfyUI-TRELLIS2\nodes\stages.py", line 948 in run_shape_generation
  [ComfyUI]   File "C:\workspaces\TRELLIS2-1326\ComfyUI\custom_nodes\ComfyUI-TRELLIS2\nodes\stages.py", line 948 in run_shape_generation
  [ComfyUI]   File "C:\workspaces\TRELLIS2-1326\ComfyUI\custom_nodes\ComfyUI-TRELLIS2\nodes\nodes_inference.py", line 132 in execute
  [ComfyUI]   File "C:\workspaces\TRELLIS2-1326\ComfyUI\custom_nodes\ComfyUI-TRELLIS2\nodes\nodes_inference.py", line 132 in execute
  [ComfyUI]   File "C:\workspaces\TRELLIS2-1326\ComfyUI\comfy_api\latest\_io.py", line 1833 in EXECUTE_NORMALIZED
  [ComfyUI]   File "C:\workspaces\TRELLIS2-1326\ComfyUI\comfy_api\latest\_io.py", line 1833 in EXECUTE_NORMALIZED
  [ComfyUI]   File "C:\Users\ContainerAdministrator\AppData\Local\Temp\comfyui_pvenv_n3nh8bk5\persistent_worker.py", line 1762 in main
  [ComfyUI]   File "C:\Users\ContainerAdministrator\AppData\Local\Temp\comfyui_pvenv_n3nh8bk5\persistent_worker.py", line 1762 in main
  [ComfyUI]   File "C:\Users\ContainerAdministrator\AppData\Local\Temp\comfyui_pvenv_n3nh8bk5\persistent_worker.py", line 1807 in <module>
  [ComfyUI]   File "C:\Users\ContainerAdministrator\AppData\Local\Temp\comfyui_pvenv_n3nh8bk5\persistent_worker.py", line 1807 in <module>
  [ComfyUI] 
  [ComfyUI] 
  [ComfyUI] [worker:ComfyUI-TRELLIS2] === END ===
  [ComfyUI] [worker:ComfyUI-TRELLIS2] === END ===
  [ComfyUI] 
  [ComfyUI] 
  [ComfyUI] [worker:ComfyUI-TRELLIS2] [VRAM] -224MB (now 970MB) reserved=1468MB peak=2667MB
  [ComfyUI] [worker:ComfyUI-TRELLIS2] [VRAM] -224MB (now 970MB) reserved=1468MB peak=2667MB
  [ComfyUI] [worker:ComfyUI-TRELLIS2] [VRAM] +290MB (now 1260MB) reserved=1468MB peak=2667MB
  [ComfyUI] [worker:ComfyUI-TRELLIS2] [VRAM] +290MB (now 1260MB) reserved=1468MB peak=2667MB
  [capture-loop] iter=550 t=65.7s state={'complete': False, 'error': None, 'executedCount': 1, 'wsState': 1} eval_ms=4 ram=17.2/31.9GB (54%) swap=2.4/14.3GB (17%) cpu=9% browser_rss=0.91GB
  [ComfyUI] [worker:ComfyUI-TRELLIS2] [VRAM] -256MB (now 1004MB) reserved=1468MB peak=2667MB
  [ComfyUI] [worker:ComfyUI-TRELLIS2] [VRAM] -256MB (now 1004MB) reserved=1468MB peak=2667MB
  [ComfyUI] [worker:ComfyUI-TRELLIS2] [VRAM] +256MB (now 1260MB) reserved=1468MB peak=2667MB
  [ComfyUI] [worker:ComfyUI-TRELLIS2] [VRAM] +256MB (now 1260MB) reserved=1468MB peak=2667MB
  [ComfyUI] [worker:ComfyUI-TRELLIS2] [VRAM] -256MB (now 1004MB) reserved=1468MB peak=2667MB
  [ComfyUI] [worker:ComfyUI-TRELLIS2] [VRAM] -256MB (now 1004MB) reserved=1468MB peak=2667MB
  [ComfyUI] [worker:ComfyUI-TRELLIS2] [VRAM] +256MB (now 1260MB) reserved=1468MB peak=2667MB
  [ComfyUI] [worker:ComfyUI-TRELLIS2] [VRAM] +256MB (now 1260MB) reserved=1468MB peak=2667MB
  [capture-loop] iter=600 t=71.7s state={'complete': False, 'error': None, 'executedCount': 1, 'wsState': 1} eval_ms=3 ram=17.2/31.9GB (54%) swap=2.4/14.3GB (17%) cpu=9% browser_rss=0.91GB
  [ComfyUI] [worker:ComfyUI-TRELLIS2] [VRAM] -256MB (now 1004MB) reserved=1468MB peak=2667MB
  [ComfyUI] [worker:ComfyUI-TRELLIS2] [VRAM] -256MB (now 1004MB) reserved=1468MB peak=2667MB
  [ComfyUI] [worker:ComfyUI-TRELLIS2] [VRAM] +325MB (now 1330MB) reserved=1468MB peak=2667MB
  [ComfyUI] [worker:ComfyUI-TRELLIS2] [VRAM] +325MB (now 1330MB) reserved=1468MB peak=2667MB
  [ComfyUI] [worker:ComfyUI-TRELLIS2] [VRAM] -256MB (now 1074MB) reserved=1468MB peak=2667MB
  [ComfyUI] [worker:ComfyUI-TRELLIS2] [VRAM] -256MB (now 1074MB) reserved=1468MB peak=2667MB
  [ComfyUI] [worker:ComfyUI-TRELLIS2] [VRAM] +256MB (now 1330MB) reserved=1468MB peak=2667MB
  [ComfyUI] [worker:ComfyUI-TRELLIS2] [VRAM] +256MB (now 1330MB) reserved=1468MB peak=2667MB
  [capture-loop] iter=650 t=77.6s state={'complete': False, 'error': None, 'executedCount': 1, 'wsState': 1} eval_ms=3 ram=17.3/31.9GB (54%) swap=2.4/14.3GB (17%) cpu=7% browser_rss=0.91GB
  [ComfyUI] [worker:ComfyUI-TRELLIS2] [VRAM] -256MB (now 1074MB) reserved=1468MB peak=2667MB
  [ComfyUI] [worker:ComfyUI-TRELLIS2] [VRAM] -256MB (now 1074MB) reserved=1468MB peak=2667MB
  [ComfyUI] [worker:ComfyUI-TRELLIS2] [VRAM] +256MB (now 1330MB) reserved=1468MB peak=2667MB
  [ComfyUI] [worker:ComfyUI-TRELLIS2] [VRAM] +256MB (now 1330MB) reserved=1468MB peak=2667MB
  [ComfyUI] [worker:ComfyUI-TRELLIS2] [VRAM] -256MB (now 1074MB) reserved=1468MB peak=2667MB
  [ComfyUI] [worker:ComfyUI-TRELLIS2] [VRAM] -256MB (now 1074MB) reserved=1468MB peak=2667MB
  [ComfyUI] [worker:ComfyUI-TRELLIS2] [sparse-conv] out=2MB alloc=937MB
  [ComfyUI] [worker:ComfyUI-TRELLIS2] [sparse-conv] out=2MB alloc=937MB
  [ComfyUI] [SubprocessWorker] callback 'report_progress' from call_id=59
  [ComfyUI] [SubprocessWorker] callback 'report_progress' from call_id=59
  [ComfyUI] [worker:ComfyUI-TRELLIS2] [UNET] level=0 block=1 SparseConvNeXtBlock3d N=1,112 ch=1024 alloc=935MB
  [ComfyUI] [worker:ComfyUI-TRELLIS2] [UNET] level=0 block=1 SparseConvNeXtBlock3d N=1,112 ch=1024 alloc=935MB
  [ComfyUI] [worker:ComfyUI-TRELLIS2] [sparse-conv] N=1,112 Ci=1024 Co=1024 feats=2MB cache=0MB (miss) w_dev=cuda:0 alloc=935MB
  [ComfyUI] [worker:ComfyUI-TRELLIS2] [sparse-conv] N=1,112 Ci=1024 Co=1024 feats=2MB cache=0MB (miss) w_dev=cuda:0 alloc=935MB
  [ComfyUI] [worker:ComfyUI-TRELLIS2] [sparse-conv] out=2MB alloc=937MB
  [ComfyUI] [worker:ComfyUI-TRELLIS2] [sparse-conv] out=2MB alloc=937MB
  [ComfyUI] [worker:ComfyUI-TRELLIS2] [UNET] level=0 block=2 SparseConvNeXtBlock3d N=1,112 ch=1024 alloc=935MB
  [ComfyUI] [worker:ComfyUI-TRELLIS2] [UNET] level=0 block=2 SparseConvNeXtBlock3d N=1,112 ch=1024 alloc=935MB
  [ComfyUI] [worker:ComfyUI-TRELLIS2] [sparse-conv] N=1,112 Ci=1024 Co=1024 feats=2MB cache=0MB (miss) w_dev=cuda:0 alloc=935MB
  [ComfyUI] [worker:ComfyUI-TRELLIS2] [sparse-conv] N=1,112 Ci=1024 Co=1024 feats=2MB cache=0MB (miss) w_dev=cuda:0 alloc=935MB
  [ComfyUI] [worker:ComfyUI-TRELLIS2] [sparse-conv] out=2MB alloc=937MB
  [ComfyUI] [worker:ComfyUI-TRELLIS2] [sparse-conv] out=2MB alloc=937MB
  [ComfyUI] [worker:ComfyUI-TRELLIS2] [UNET] level=0 block=3 SparseConvNeXtBlock3d N=1,112 ch=1024 alloc=935MB
  [ComfyUI] [worker:ComfyUI-TRELLIS2] [UNET] level=0 block=3 SparseConvNeXtBlock3d N=1,112 ch=1024 alloc=935MB
  [ComfyUI] [worker:ComfyUI-TRELLIS2] [sparse-conv] N=1,112 Ci=1024 Co=1024 feats=2MB cache=0MB (miss) w_dev=cuda:0 alloc=935MB
  [ComfyUI] [worker:ComfyUI-TRELLIS2] [sparse-conv] N=1,112 Ci=1024 Co=1024 feats=2MB cache=0MB (miss) w_dev=cuda:0 alloc=935MB
  [ComfyUI] [worker:ComfyUI-TRELLIS2] [sparse-conv] out=2MB alloc=937MB
  [ComfyUI] [worker:ComfyUI-TRELLIS2] [sparse-conv] out=2MB alloc=937MB
  [ComfyUI] [worker:ComfyUI-TRELLIS2] [UNET] level=0 block=4 SparseResBlockC2S3d N=1,112 ch=1024 alloc=935MB
  [ComfyUI] [worker:ComfyUI-TRELLIS2] [UNET] level=0 block=4 SparseResBlockC2S3d N=1,112 ch=1024 alloc=935MB
  [ComfyUI] [worker:ComfyUI-TRELLIS2] [C2S3d] after subdiv: alloc=935MB
  [ComfyUI] [worker:ComfyUI-TRELLIS2] [C2S3d] after subdiv: alloc=935MB
  [ComfyUI] [worker:ComfyUI-TRELLIS2] [C2S3d] after norm1: alloc=937MB
  [ComfyUI] [worker:ComfyUI-TRELLIS2] [C2S3d] after norm1: alloc=937MB
  [ComfyUI] [worker:ComfyUI-TRELLIS2] [C2S3d] pre-conv1: N=1,112 Ci=1024 Co=4096 alloc=937MB
  [ComfyUI] [worker:ComfyUI-TRELLIS2] [C2S3d] pre-conv1: N=1,112 Ci=1024 Co=4096 alloc=937MB
  [ComfyUI] [worker:ComfyUI-TRELLIS2] [C2S3d] x.feats offloaded before conv1: alloc=937MB
  [ComfyUI] [worker:ComfyUI-TRELLIS2] [C2S3d] x.feats offloaded before conv1: alloc=937MB
  [ComfyUI] [worker:ComfyUI-TRELLIS2] [sparse-conv] N=1,112 Ci=1024 Co=4096 feats=2MB cache=0MB (miss) w_dev=cuda:0 alloc=937MB
  [ComfyUI] [worker:ComfyUI-TRELLIS2] [sparse-conv] N=1,112 Ci=1024 Co=4096 feats=2MB cache=0MB (miss) w_dev=cuda:0 alloc=937MB
  Frame 16 saved (frame_015.jpg, t=81.0s)
  [capture-periodic] freeze=3ms shot=102ms unfreeze=4ms saved=True
  [capture-loop] iter=700 t=83.5s state={'complete': False, 'error': None, 'executedCount': 1, 'wsState': 1} eval_ms=3 ram=17.3/31.9GB (54%) swap=2.4/14.3GB (17%) cpu=7% browser_rss=0.91GB
  [ComfyUI] [worker:ComfyUI-TRELLIS2] [VRAM] +258MB (now 1332MB) reserved=1468MB peak=2667MB
  [ComfyUI] [worker:ComfyUI-TRELLIS2] [VRAM] +258MB (now 1332MB) reserved=1468MB peak=2667MB
  [ComfyUI] [worker:ComfyUI-TRELLIS2] [VRAM] -256MB (now 1076MB) reserved=1468MB peak=2667MB
  [ComfyUI] [worker:ComfyUI-TRELLIS2] [VRAM] -256MB (now 1076MB) reserved=1468MB peak=2667MB
  [ComfyUI] [worker:ComfyUI-TRELLIS2] [sparse-conv] out=8MB alloc=946MB
  [ComfyUI] [worker:ComfyUI-TRELLIS2] [sparse-conv] out=8MB alloc=946MB
  [ComfyUI] [worker:ComfyUI-TRELLIS2] [C2S3d] post-conv1: h=torch.Size([1112, 4096]) alloc=944MB
  [ComfyUI] [worker:ComfyUI-TRELLIS2] [C2S3d] post-conv1: h=torch.Size([1112, 4096]) alloc=944MB
  [ComfyUI] [worker:ComfyUI-TRELLIS2] [C2S3d] x.feats restored from CPU: alloc=947MB
  [ComfyUI] [worker:ComfyUI-TRELLIS2] [C2S3d] x.feats restored from CPU: alloc=947MB
  [ComfyUI] [worker:ComfyUI-TRELLIS2] [C2S3d] pre-C2S(h): alloc=947MB
  [ComfyUI] [worker:ComfyUI-TRELLIS2] [C2S3d] pre-C2S(h): alloc=947MB
  [ComfyUI] [worker:ComfyUI-TRELLIS2] [C2S] scatter: 1,112�4096 -> 4,628�512 in=8MB out=4MB alloc=947MB
  [ComfyUI] [worker:ComfyUI-TRELLIS2] [C2S] scatter: 1,112�4096 -> 4,628�512 in=8MB out=4MB alloc=947MB
  [ComfyUI] [worker:ComfyUI-TRELLIS2] [C2S] scatter done: alloc=951MB
  [ComfyUI] [worker:ComfyUI-TRELLIS2] [C2S] scatter done: alloc=951MB
  [ComfyUI] [worker:ComfyUI-TRELLIS2] [C2S3d] post-C2S(h): h=torch.Size([4628, 512]) alloc=943MB
  [ComfyUI] [worker:ComfyUI-TRELLIS2] [C2S3d] post-C2S(h): h=torch.Size([4628, 512]) alloc=943MB
  [ComfyUI] [worker:ComfyUI-TRELLIS2] [C2S] scatter: 1,112�1024 -> 4,628�128 in=2MB out=1MB alloc=943MB
  [ComfyUI] [worker:ComfyUI-TRELLIS2] [C2S] scatter: 1,112�1024 -> 4,628�128 in=2MB out=1MB alloc=943MB
  [ComfyUI] [worker:ComfyUI-TRELLIS2] [C2S] scatter done: alloc=944MB
  [ComfyUI] [worker:ComfyUI-TRELLIS2] [C2S] scatter done: alloc=944MB
  [ComfyUI] [worker:ComfyUI-TRELLIS2] [C2S3d] post-C2S(x): x=torch.Size([4628, 128]) alloc=941MB
  [ComfyUI] [worker:ComfyUI-TRELLIS2] [C2S3d] post-C2S(x): x=torch.Size([4628, 128]) alloc=941MB
  [ComfyUI] [worker:ComfyUI-TRELLIS2] [C2S3d] post-C2S: N=4,628 h=512ch x=128ch alloc=941MB
  [ComfyUI] [worker:ComfyUI-TRELLIS2] [C2S3d] post-C2S: N=4,628 h=512ch x=128ch alloc=941MB
  [ComfyUI] [worker:ComfyUI-TRELLIS2] [C2S3d] x offloaded to CPU, pre-conv2: alloc=940MB
  [ComfyUI] [worker:ComfyUI-TRELLIS2] [C2S3d] x offloaded to CPU, pre-conv2: alloc=940MB
  [ComfyUI] [worker:ComfyUI-TRELLIS2] [C2S3d] after norm2: alloc=940MB
  [ComfyUI] [worker:ComfyUI-TRELLIS2] [C2S3d] after norm2: alloc=940MB
  [ComfyUI] [worker:ComfyUI-TRELLIS2] [C2S3d] after silu: alloc=940MB
  [ComfyUI] [worker:ComfyUI-TRELLIS2] [C2S3d] after silu: alloc=940MB
  [ComfyUI] [worker:ComfyUI-TRELLIS2] [sparse-conv] N=4,628 Ci=512 Co=512 feats=4MB cache=1MB (miss) w_dev=cuda:0 alloc=941MB
  [ComfyUI] [worker:ComfyUI-TRELLIS2] [sparse-conv] N=4,628 Ci=512 Co=512 feats=4MB cache=1MB (miss) w_dev=cuda:0 alloc=941MB
  [capture-loop] iter=750 t=89.3s state={'complete': False, 'error': None, 'executedCount': 1, 'wsState': 1} eval_ms=3 ram=17.4/31.9GB (54%) swap=2.4/14.3GB (17%) cpu=7% browser_rss=0.91GB
  [ComfyUI] [worker:ComfyUI-TRELLIS2] [VRAM] +265MB (now 1342MB) reserved=1470MB peak=2667MB
  [ComfyUI] [worker:ComfyUI-TRELLIS2] [VRAM] +265MB (now 1342MB) reserved=1470MB peak=2667MB
  [ComfyUI] [worker:ComfyUI-TRELLIS2] [sparse-conv] out=4MB alloc=945MB
  [ComfyUI] [worker:ComfyUI-TRELLIS2] [sparse-conv] out=4MB alloc=945MB
  [ComfyUI] [worker:ComfyUI-TRELLIS2] [C2S3d] post-conv2: alloc=941MB
  [ComfyUI] [worker:ComfyUI-TRELLIS2] [C2S3d] post-conv2: alloc=941MB
  [ComfyUI] [worker:ComfyUI-TRELLIS2] [C2S3d] post-conv2 (cache cleared): alloc=940MB
  [ComfyUI] [worker:ComfyUI-TRELLIS2] [C2S3d] post-conv2 (cache cleared): alloc=940MB
  [ComfyUI] [worker:ComfyUI-TRELLIS2] [C2S3d] after skip expand: alloc=944MB
  [ComfyUI] [worker:ComfyUI-TRELLIS2] [C2S3d] after skip expand: alloc=944MB
  [ComfyUI] [worker:ComfyUI-TRELLIS2] [C2S3d] post-skip: alloc=940MB
  [ComfyUI] [worker:ComfyUI-TRELLIS2] [C2S3d] post-skip: alloc=940MB
  [ComfyUI] [SubprocessWorker] callback 'report_progress' from call_id=59
  [ComfyUI] [SubprocessWorker] callback 'report_progress' from call_id=59
  [ComfyUI] [worker:ComfyUI-TRELLIS2] [UNET] level=1 block=0 SparseConvNeXtBlock3d N=4,628 ch=512 alloc=938MB
  [ComfyUI] [worker:ComfyUI-TRELLIS2] [UNET] level=1 block=0 SparseConvNeXtBlock3d N=4,628 ch=512 alloc=938MB
  [ComfyUI] [worker:ComfyUI-TRELLIS2] [sparse-conv] N=4,628 Ci=512 Co=512 feats=4MB cache=1MB (miss) w_dev=cuda:0 alloc=939MB
  [ComfyUI] [worker:ComfyUI-TRELLIS2] [sparse-conv] N=4,628 Ci=512 Co=512 feats=4MB cache=1MB (miss) w_dev=cuda:0 alloc=939MB
  [ComfyUI] [worker:ComfyUI-TRELLIS2] [sparse-conv] out=4MB alloc=943MB
  [ComfyUI] [worker:ComfyUI-TRELLIS2] [sparse-conv] out=4MB alloc=943MB
  [ComfyUI] [worker:ComfyUI-TRELLIS2] [UNET] level=1 block=1 SparseConvNeXtBlock3d N=4,628 ch=512 alloc=938MB
  [ComfyUI] [worker:ComfyUI-TRELLIS2] [UNET] level=1 block=1 SparseConvNeXtBlock3d N=4,628 ch=512 alloc=938MB
  [ComfyUI] [worker:ComfyUI-TRELLIS2] [sparse-conv] N=4,628 Ci=512 Co=512 feats=4MB cache=1MB (miss) w_dev=cuda:0 alloc=939MB
  [ComfyUI] [worker:ComfyUI-TRELLIS2] [sparse-conv] N=4,628 Ci=512 Co=512 feats=4MB cache=1MB (miss) w_dev=cuda:0 alloc=939MB
  [ComfyUI] [worker:ComfyUI-TRELLIS2] [sparse-conv] out=4MB alloc=943MB
  [ComfyUI] [worker:ComfyUI-TRELLIS2] [sparse-conv] out=4MB alloc=943MB
  [ComfyUI] [worker:ComfyUI-TRELLIS2] [UNET] level=1 block=2 SparseConvNeXtBlock3d N=4,628 ch=512 alloc=938MB
  [ComfyUI] [worker:ComfyUI-TRELLIS2] [UNET] level=1 block=2 SparseConvNeXtBlock3d N=4,628 ch=512 alloc=938MB
  [ComfyUI] [worker:ComfyUI-TRELLIS2] [sparse-conv] N=4,628 Ci=512 Co=512 feats=4MB cache=1MB (miss) w_dev=cuda:0 alloc=939MB
  [ComfyUI] [worker:ComfyUI-TRELLIS2] [sparse-conv] N=4,628 Ci=512 Co=512 feats=4MB cache=1MB (miss) w_dev=cuda:0 alloc=939MB
  [ComfyUI] [worker:ComfyUI-TRELLIS2] [sparse-conv] out=4MB alloc=943MB
  [ComfyUI] [worker:ComfyUI-TRELLIS2] [sparse-conv] out=4MB alloc=943MB
  [ComfyUI] [worker:ComfyUI-TRELLIS2] [UNET] level=1 block=3 SparseConvNeXtBlock3d N=4,628 ch=512 alloc=938MB
  [ComfyUI] [worker:ComfyUI-TRELLIS2] [UNET] level=1 block=3 SparseConvNeXtBlock3d N=4,628 ch=512 alloc=938MB
  [ComfyUI] [worker:ComfyUI-TRELLIS2] [sparse-conv] N=4,628 Ci=512 Co=512 feats=4MB cache=1MB (miss) w_dev=cuda:0 alloc=939MB
  [ComfyUI] [worker:ComfyUI-TRELLIS2] [sparse-conv] N=4,628 Ci=512 Co=512 feats=4MB cache=1MB (miss) w_dev=cuda:0 alloc=939MB
  [ComfyUI] [worker:ComfyUI-TRELLIS2] [sparse-conv] out=4MB alloc=943MB
  [ComfyUI] [worker:ComfyUI-TRELLIS2] [sparse-conv] out=4MB alloc=943MB
  [ComfyUI] [worker:ComfyUI-TRELLIS2] [UNET] level=1 block=4 SparseConvNeXtBlock3d N=4,628 ch=512 alloc=938MB
  [ComfyUI] [worker:ComfyUI-TRELLIS2] [UNET] level=1 block=4 SparseConvNeXtBlock3d N=4,628 ch=512 alloc=938MB
  [ComfyUI] [worker:ComfyUI-TRELLIS2] [sparse-conv] N=4,628 Ci=512 Co=512 feats=4MB cache=1MB (miss) w_dev=cuda:0 alloc=939MB
  [ComfyUI] [worker:ComfyUI-TRELLIS2] [sparse-conv] N=4,628 Ci=512 Co=512 feats=4MB cache=1MB (miss) w_dev=cuda:0 alloc=939MB
  [ComfyUI] [worker:ComfyUI-TRELLIS2] [sparse-conv] out=4MB alloc=943MB
  [ComfyUI] [worker:ComfyUI-TRELLIS2] [sparse-conv] out=4MB alloc=943MB
  [ComfyUI] [worker:ComfyUI-TRELLIS2] [UNET] level=1 block=5 SparseConvNeXtBlock3d N=4,628 ch=512 alloc=938MB
  [ComfyUI] [worker:ComfyUI-TRELLIS2] [UNET] level=1 block=5 SparseConvNeXtBlock3d N=4,628 ch=512 alloc=938MB
  [ComfyUI] [worker:ComfyUI-TRELLIS2] [sparse-conv] N=4,628 Ci=512 Co=512 feats=4MB cache=1MB (miss) w_dev=cuda:0 alloc=939MB
  [ComfyUI] [worker:ComfyUI-TRELLIS2] [sparse-conv] N=4,628 Ci=512 Co=512 feats=4MB cache=1MB (miss) w_dev=cuda:0 alloc=939MB
  [ComfyUI] [worker:ComfyUI-TRELLIS2] [VRAM] -403MB (now 939MB) reserved=1470MB peak=2667MB
  [ComfyUI] [worker:ComfyUI-TRELLIS2] [VRAM] -403MB (now 939MB) reserved=1470MB peak=2667MB
  [ComfyUI] [worker:ComfyUI-TRELLIS2] [sparse-conv] out=4MB alloc=943MB
  [ComfyUI] [worker:ComfyUI-TRELLIS2] [sparse-conv] out=4MB alloc=943MB
  [ComfyUI] [worker:ComfyUI-TRELLIS2] [UNET] level=1 block=6 SparseConvNeXtBlock3d N=4,628 ch=512 alloc=938MB
  [ComfyUI] [worker:ComfyUI-TRELLIS2] [UNET] level=1 block=6 SparseConvNeXtBlock3d N=4,628 ch=512 alloc=938MB
  [ComfyUI] [worker:ComfyUI-TRELLIS2] [sparse-conv] N=4,628 Ci=512 Co=512 feats=4MB cache=1MB (miss) w_dev=cuda:0 alloc=939MB
  [ComfyUI] [worker:ComfyUI-TRELLIS2] [sparse-conv] N=4,628 Ci=512 Co=512 feats=4MB cache=1MB (miss) w_dev=cuda:0 alloc=939MB
  [ComfyUI] [worker:ComfyUI-TRELLIS2] [sparse-conv] out=4MB alloc=943MB
  [ComfyUI] [worker:ComfyUI-TRELLIS2] [sparse-conv] out=4MB alloc=943MB
  [ComfyUI] [worker:ComfyUI-TRELLIS2] [UNET] level=1 block=7 SparseConvNeXtBlock3d N=4,628 ch=512 alloc=938MB
  [ComfyUI] [worker:ComfyUI-TRELLIS2] [UNET] level=1 block=7 SparseConvNeXtBlock3d N=4,628 ch=512 alloc=938MB
  [ComfyUI] [worker:ComfyUI-TRELLIS2] [sparse-conv] N=4,628 Ci=512 Co=512 feats=4MB cache=1MB (miss) w_dev=cuda:0 alloc=939MB
  [ComfyUI] [worker:ComfyUI-TRELLIS2] [sparse-conv] N=4,628 Ci=512 Co=512 feats=4MB cache=1MB (miss) w_dev=cuda:0 alloc=939MB
  [ComfyUI] [worker:ComfyUI-TRELLIS2] [sparse-conv] out=4MB alloc=943MB
  [ComfyUI] [worker:ComfyUI-TRELLIS2] [sparse-conv] out=4MB alloc=943MB
  [ComfyUI] [worker:ComfyUI-TRELLIS2] [UNET] level=1 block=8 SparseConvNeXtBlock3d N=4,628 ch=512 alloc=938MB
  [ComfyUI] [worker:ComfyUI-TRELLIS2] [UNET] level=1 block=8 SparseConvNeXtBlock3d N=4,628 ch=512 alloc=938MB
  [ComfyUI] [worker:ComfyUI-TRELLIS2] [sparse-conv] N=4,628 Ci=512 Co=512 feats=4MB cache=1MB (miss) w_dev=cuda:0 alloc=939MB
  [ComfyUI] [worker:ComfyUI-TRELLIS2] [sparse-conv] N=4,628 Ci=512 Co=512 feats=4MB cache=1MB (miss) w_dev=cuda:0 alloc=939MB
  [ComfyUI] [worker:ComfyUI-TRELLIS2] [sparse-conv] out=4MB alloc=943MB
  [ComfyUI] [worker:ComfyUI-TRELLIS2] [sparse-conv] out=4MB alloc=943MB
  [ComfyUI] [worker:ComfyUI-TRELLIS2] [UNET] level=1 block=9 SparseConvNeXtBlock3d N=4,628 ch=512 alloc=938MB
  [ComfyUI] [worker:ComfyUI-TRELLIS2] [UNET] level=1 block=9 SparseConvNeXtBlock3d N=4,628 ch=512 alloc=938MB
  [ComfyUI] [worker:ComfyUI-TRELLIS2] [sparse-conv] N=4,628 Ci=512 Co=512 feats=4MB cache=1MB (miss) w_dev=cuda:0 alloc=939MB
  [ComfyUI] [worker:ComfyUI-TRELLIS2] [sparse-conv] N=4,628 Ci=512 Co=512 feats=4MB cache=1MB (miss) w_dev=cuda:0 alloc=939MB
  [ComfyUI] [worker:ComfyUI-TRELLIS2] [sparse-conv] out=4MB alloc=943MB
  [ComfyUI] [worker:ComfyUI-TRELLIS2] [sparse-conv] out=4MB alloc=943MB
  [ComfyUI] [worker:ComfyUI-TRELLIS2] [UNET] level=1 block=10 SparseConvNeXtBlock3d N=4,628 ch=512 alloc=938MB
  [ComfyUI] [worker:ComfyUI-TRELLIS2] [UNET] level=1 block=10 SparseConvNeXtBlock3d N=4,628 ch=512 alloc=938MB
  [ComfyUI] [worker:ComfyUI-TRELLIS2] [sparse-conv] N=4,628 Ci=512 Co=512 feats=4MB cache=1MB (miss) w_dev=cuda:0 alloc=939MB
  [ComfyUI] [worker:ComfyUI-TRELLIS2] [sparse-conv] N=4,628 Ci=512 Co=512 feats=4MB cache=1MB (miss) w_dev=cuda:0 alloc=939MB
  [ComfyUI] [worker:ComfyUI-TRELLIS2] [sparse-conv] out=4MB alloc=943MB
  [ComfyUI] [worker:ComfyUI-TRELLIS2] [sparse-conv] out=4MB alloc=943MB
  [ComfyUI] [SubprocessWorker] callback 'report_progress' from call_id=59
  [ComfyUI] [SubprocessWorker] callback 'report_progress' from call_id=59
  [ComfyUI] [worker:ComfyUI-TRELLIS2] [UNET] level=1 block=11 SparseConvNeXtBlock3d N=4,628 ch=512 alloc=938MB
  [ComfyUI] [worker:ComfyUI-TRELLIS2] [UNET] level=1 block=11 SparseConvNeXtBlock3d N=4,628 ch=512 alloc=938MB
  [ComfyUI] [worker:ComfyUI-TRELLIS2] [sparse-conv] N=4,628 Ci=512 Co=512 feats=4MB cache=1MB (miss) w_dev=cuda:0 alloc=939MB
  [ComfyUI] [worker:ComfyUI-TRELLIS2] [sparse-conv] N=4,628 Ci=512 Co=512 feats=4MB cache=1MB (miss) w_dev=cuda:0 alloc=939MB
  [ComfyUI] [worker:ComfyUI-TRELLIS2] [sparse-conv] out=4MB alloc=943MB
  [ComfyUI] [worker:ComfyUI-TRELLIS2] [sparse-conv] out=4MB alloc=943MB
  [ComfyUI] [worker:ComfyUI-TRELLIS2] [UNET] level=1 block=12 SparseConvNeXtBlock3d N=4,628 ch=512 alloc=938MB
  [ComfyUI] [worker:ComfyUI-TRELLIS2] [UNET] level=1 block=12 SparseConvNeXtBlock3d N=4,628 ch=512 alloc=938MB
  [ComfyUI] [worker:ComfyUI-TRELLIS2] [sparse-conv] N=4,628 Ci=512 Co=512 feats=4MB cache=1MB (miss) w_dev=cuda:0 alloc=939MB
  [ComfyUI] [worker:ComfyUI-TRELLIS2] [sparse-conv] N=4,628 Ci=512 Co=512 feats=4MB cache=1MB (miss) w_dev=cuda:0 alloc=939MB
  [ComfyUI] [worker:ComfyUI-TRELLIS2] [sparse-conv] out=4MB alloc=943MB
  [ComfyUI] [worker:ComfyUI-TRELLIS2] [sparse-conv] out=4MB alloc=943MB
  [ComfyUI] [worker:ComfyUI-TRELLIS2] [UNET] level=1 block=13 SparseConvNeXtBlock3d N=4,628 ch=512 alloc=938MB
  [ComfyUI] [worker:ComfyUI-TRELLIS2] [UNET] level=1 block=13 SparseConvNeXtBlock3d N=4,628 ch=512 alloc=938MB
  [ComfyUI] [worker:ComfyUI-TRELLIS2] [sparse-conv] N=4,628 Ci=512 Co=512 feats=4MB cache=1MB (miss) w_dev=cuda:0 alloc=939MB
  [ComfyUI] [worker:ComfyUI-TRELLIS2] [sparse-conv] N=4,628 Ci=512 Co=512 feats=4MB cache=1MB (miss) w_dev=cuda:0 alloc=939MB
  [ComfyUI] [worker:ComfyUI-TRELLIS2] [sparse-conv] out=4MB alloc=943MB
  [ComfyUI] [worker:ComfyUI-TRELLIS2] [sparse-conv] out=4MB alloc=943MB
  [ComfyUI] [worker:ComfyUI-TRELLIS2] [UNET] level=1 block=14 SparseConvNeXtBlock3d N=4,628 ch=512 alloc=938MB
  [ComfyUI] [worker:ComfyUI-TRELLIS2] [UNET] level=1 block=14 SparseConvNeXtBlock3d N=4,628 ch=512 alloc=938MB
  [ComfyUI] [worker:ComfyUI-TRELLIS2] [sparse-conv] N=4,628 Ci=512 Co=512 feats=4MB cache=1MB (miss) w_dev=cuda:0 alloc=939MB
  [ComfyUI] [worker:ComfyUI-TRELLIS2] [sparse-conv] N=4,628 Ci=512 Co=512 feats=4MB cache=1MB (miss) w_dev=cuda:0 alloc=939MB
  [ComfyUI] [worker:ComfyUI-TRELLIS2] [sparse-conv] out=4MB alloc=943MB
  [ComfyUI] [worker:ComfyUI-TRELLIS2] [sparse-conv] out=4MB alloc=943MB
  [ComfyUI] [worker:ComfyUI-TRELLIS2] [UNET] level=1 block=15 SparseConvNeXtBlock3d N=4,628 ch=512 alloc=938MB
  [ComfyUI] [worker:ComfyUI-TRELLIS2] [UNET] level=1 block=15 SparseConvNeXtBlock3d N=4,628 ch=512 alloc=938MB
  [ComfyUI] [worker:ComfyUI-TRELLIS2] [sparse-conv] N=4,628 Ci=512 Co=512 feats=4MB cache=1MB (miss) w_dev=cuda:0 alloc=939MB
  [ComfyUI] [worker:ComfyUI-TRELLIS2] [sparse-conv] N=4,628 Ci=512 Co=512 feats=4MB cache=1MB (miss) w_dev=cuda:0 alloc=939MB
  [ComfyUI] [worker:ComfyUI-TRELLIS2] [sparse-conv] out=4MB alloc=943MB
  [ComfyUI] [worker:ComfyUI-TRELLIS2] [sparse-conv] out=4MB alloc=943MB
  [ComfyUI] [worker:ComfyUI-TRELLIS2] [UNET] level=1 block=16 SparseResBlockC2S3d N=4,628 ch=512 alloc=938MB
  [ComfyUI] [worker:ComfyUI-TRELLIS2] [UNET] level=1 block=16 SparseResBlockC2S3d N=4,628 ch=512 alloc=938MB
  [ComfyUI] [worker:ComfyUI-TRELLIS2] [C2S3d] after subdiv: alloc=938MB
  [ComfyUI] [worker:ComfyUI-TRELLIS2] [C2S3d] after subdiv: alloc=938MB
  [ComfyUI] [worker:ComfyUI-TRELLIS2] [C2S3d] after norm1: alloc=942MB
  [ComfyUI] [worker:ComfyUI-TRELLIS2] [C2S3d] after norm1: alloc=942MB
  [ComfyUI] [worker:ComfyUI-TRELLIS2] [C2S3d] pre-conv1: N=4,628 Ci=512 Co=2048 alloc=942MB
  [ComfyUI] [worker:ComfyUI-TRELLIS2] [C2S3d] pre-conv1: N=4,628 Ci=512 Co=2048 alloc=942MB
  [ComfyUI] [worker:ComfyUI-TRELLIS2] [C2S3d] x.feats offloaded before conv1: alloc=942MB
  [ComfyUI] [worker:ComfyUI-TRELLIS2] [C2S3d] x.feats offloaded before conv1: alloc=942MB
  [ComfyUI] [worker:ComfyUI-TRELLIS2] [sparse-conv] N=4,628 Ci=512 Co=2048 feats=4MB cache=1MB (miss) w_dev=cuda:0 alloc=943MB
  [ComfyUI] [worker:ComfyUI-TRELLIS2] [sparse-conv] N=4,628 Ci=512 Co=2048 feats=4MB cache=1MB (miss) w_dev=cuda:0 alloc=943MB
  Frame 17 saved (frame_016.jpg, t=91.9s)
  [capture-periodic] freeze=3ms shot=105ms unfreeze=3ms saved=True
  [ComfyUI] [worker:ComfyUI-TRELLIS2] [VRAM] +278MB (now 1217MB) reserved=1234MB peak=2667MB
  [ComfyUI] [worker:ComfyUI-TRELLIS2] [VRAM] +278MB (now 1217MB) reserved=1234MB peak=2667MB
  [ComfyUI] [worker:ComfyUI-TRELLIS2] [VRAM] -275MB (now 943MB) reserved=1490MB peak=2667MB
  [ComfyUI] [worker:ComfyUI-TRELLIS2] [VRAM] -275MB (now 943MB) reserved=1490MB peak=2667MB
  [ComfyUI] [worker:ComfyUI-TRELLIS2] [VRAM] +400MB (now 1344MB) reserved=1490MB peak=2667MB
  [ComfyUI] [worker:ComfyUI-TRELLIS2] [VRAM] +400MB (now 1344MB) reserved=1490MB peak=2667MB
  [capture-loop] iter=800 t=95.2s state={'complete': False, 'error': None, 'executedCount': 1, 'wsState': 1} eval_ms=4 ram=17.4/31.9GB (54%) swap=2.4/14.3GB (17%) cpu=9% browser_rss=0.91GB
  [ComfyUI] [worker:ComfyUI-TRELLIS2] [sparse-conv] out=18MB alloc=961MB
  [ComfyUI] [worker:ComfyUI-TRELLIS2] [sparse-conv] out=18MB alloc=961MB
  [ComfyUI] [worker:ComfyUI-TRELLIS2] [C2S3d] post-conv1: h=torch.Size([4628, 2048]) alloc=957MB
  [ComfyUI] [worker:ComfyUI-TRELLIS2] [C2S3d] post-conv1: h=torch.Size([4628, 2048]) alloc=957MB
  [ComfyUI] [worker:ComfyUI-TRELLIS2] [C2S3d] x.feats restored from CPU: alloc=961MB
  [ComfyUI] [worker:ComfyUI-TRELLIS2] [C2S3d] x.feats restored from CPU: alloc=961MB
  [ComfyUI] [worker:ComfyUI-TRELLIS2] [C2S3d] pre-C2S(h): alloc=961MB
  [ComfyUI] [worker:ComfyUI-TRELLIS2] [C2S3d] pre-C2S(h): alloc=961MB
  [ComfyUI] [worker:ComfyUI-TRELLIS2] [C2S] scatter: 4,628�2048 -> 18,059�256 in=18MB out=8MB alloc=962MB
  [ComfyUI] [worker:ComfyUI-TRELLIS2] [C2S] scatter: 4,628�2048 -> 18,059�256 in=18MB out=8MB alloc=962MB
  [ComfyUI] [worker:ComfyUI-TRELLIS2] [C2S] scatter done: alloc=971MB
  [ComfyUI] [worker:ComfyUI-TRELLIS2] [C2S] scatter done: alloc=971MB
  [ComfyUI] [worker:ComfyUI-TRELLIS2] [C2S3d] post-C2S(h): h=torch.Size([18059, 256]) alloc=953MB
  [ComfyUI] [worker:ComfyUI-TRELLIS2] [C2S3d] post-C2S(h): h=torch.Size([18059, 256]) alloc=953MB
  [ComfyUI] [worker:ComfyUI-TRELLIS2] [C2S] scatter: 4,628�512 -> 18,059�64 in=4MB out=2MB alloc=953MB
  [ComfyUI] [worker:ComfyUI-TRELLIS2] [C2S] scatter: 4,628�512 -> 18,059�64 in=4MB out=2MB alloc=953MB
  [ComfyUI] [worker:ComfyUI-TRELLIS2] [C2S] scatter done: alloc=956MB
  [ComfyUI] [worker:ComfyUI-TRELLIS2] [C2S] scatter done: alloc=956MB
  [ComfyUI] [worker:ComfyUI-TRELLIS2] [C2S3d] post-C2S(x): x=torch.Size([18059, 64]) alloc=951MB
  [ComfyUI] [worker:ComfyUI-TRELLIS2] [C2S3d] post-C2S(x): x=torch.Size([18059, 64]) alloc=951MB
  [ComfyUI] [worker:ComfyUI-TRELLIS2] [C2S3d] post-C2S: N=18,059 h=256ch x=64ch alloc=951MB
  [ComfyUI] [worker:ComfyUI-TRELLIS2] [C2S3d] post-C2S: N=18,059 h=256ch x=64ch alloc=951MB
  [ComfyUI] [worker:ComfyUI-TRELLIS2] [C2S3d] x offloaded to CPU, pre-conv2: alloc=948MB
  [ComfyUI] [worker:ComfyUI-TRELLIS2] [C2S3d] x offloaded to CPU, pre-conv2: alloc=948MB
  [ComfyUI] [worker:ComfyUI-TRELLIS2] [C2S3d] after norm2: alloc=948MB
  [ComfyUI] [worker:ComfyUI-TRELLIS2] [C2S3d] after norm2: alloc=948MB
  [ComfyUI] [worker:ComfyUI-TRELLIS2] [C2S3d] after silu: alloc=948MB
  [ComfyUI] [worker:ComfyUI-TRELLIS2] [C2S3d] after silu: alloc=948MB
  [ComfyUI] [worker:ComfyUI-TRELLIS2] [sparse-conv] N=18,059 Ci=256 Co=256 feats=8MB cache=4MB (miss) w_dev=cuda:0 alloc=953MB
  [ComfyUI] [worker:ComfyUI-TRELLIS2] [sparse-conv] N=18,059 Ci=256 Co=256 feats=8MB cache=4MB (miss) w_dev=cuda:0 alloc=953MB
  [ComfyUI] [worker:ComfyUI-TRELLIS2] [VRAM] -383MB (now 962MB) reserved=1234MB peak=2667MB
  [ComfyUI] [worker:ComfyUI-TRELLIS2] [VRAM] -383MB (now 962MB) reserved=1234MB peak=2667MB
  [ComfyUI] [worker:ComfyUI-TRELLIS2] [VRAM] +282MB (now 1244MB) reserved=1490MB peak=2667MB
  [ComfyUI] [worker:ComfyUI-TRELLIS2] [VRAM] +282MB (now 1244MB) reserved=1490MB peak=2667MB
  [ComfyUI] [worker:ComfyUI-TRELLIS2] [sparse-conv] out=8MB alloc=962MB
  [ComfyUI] [worker:ComfyUI-TRELLIS2] [sparse-conv] out=8MB alloc=962MB
  [ComfyUI] [worker:ComfyUI-TRELLIS2] [C2S3d] post-conv2: alloc=953MB
  [ComfyUI] [worker:ComfyUI-TRELLIS2] [C2S3d] post-conv2: alloc=953MB
  [ComfyUI] [worker:ComfyUI-TRELLIS2] [C2S3d] post-conv2 (cache cleared): alloc=948MB
  [ComfyUI] [worker:ComfyUI-TRELLIS2] [C2S3d] post-conv2 (cache cleared): alloc=948MB
  [ComfyUI] [worker:ComfyUI-TRELLIS2] [C2S3d] after skip expand: alloc=957MB
  [ComfyUI] [worker:ComfyUI-TRELLIS2] [C2S3d] after skip expand: alloc=957MB
  [ComfyUI] [worker:ComfyUI-TRELLIS2] [C2S3d] post-skip: alloc=948MB
  [ComfyUI] [worker:ComfyUI-TRELLIS2] [C2S3d] post-skip: alloc=948MB
  [ComfyUI] [SubprocessWorker] callback 'report_progress' from call_id=59
  [ComfyUI] [SubprocessWorker] callback 'report_progress' from call_id=59
  [ComfyUI] [worker:ComfyUI-TRELLIS2] [UNET] level=2 block=0 SparseConvNeXtBlock3d N=18,059 ch=256 alloc=943MB
  [ComfyUI] [worker:ComfyUI-TRELLIS2] [UNET] level=2 block=0 SparseConvNeXtBlock3d N=18,059 ch=256 alloc=943MB
  [ComfyUI] [worker:ComfyUI-TRELLIS2] [sparse-conv] N=18,059 Ci=256 Co=256 feats=8MB cache=4MB (miss) w_dev=cuda:0 alloc=948MB
  [ComfyUI] [worker:ComfyUI-TRELLIS2] [sparse-conv] N=18,059 Ci=256 Co=256 feats=8MB cache=4MB (miss) w_dev=cuda:0 alloc=948MB
  [ComfyUI] [worker:ComfyUI-TRELLIS2] [sparse-conv] out=8MB alloc=957MB
  [ComfyUI] [worker:ComfyUI-TRELLIS2] [sparse-conv] out=8MB alloc=957MB
  [ComfyUI] [worker:ComfyUI-TRELLIS2] [VRAM] -261MB (now 983MB) reserved=1490MB peak=2667MB
  [ComfyUI] [worker:ComfyUI-TRELLIS2] [VRAM] -261MB (now 983MB) reserved=1490MB peak=2667MB
  [ComfyUI] [worker:ComfyUI-TRELLIS2] [UNET] level=2 block=1 SparseConvNeXtBlock3d N=18,059 ch=256 alloc=943MB
  [ComfyUI] [worker:ComfyUI-TRELLIS2] [UNET] level=2 block=1 SparseConvNeXtBlock3d N=18,059 ch=256 alloc=943MB
  [ComfyUI] [worker:ComfyUI-TRELLIS2] [sparse-conv] N=18,059 Ci=256 Co=256 feats=8MB cache=4MB (miss) w_dev=cuda:0 alloc=949MB
  [ComfyUI] [worker:ComfyUI-TRELLIS2] [sparse-conv] N=18,059 Ci=256 Co=256 feats=8MB cache=4MB (miss) w_dev=cuda:0 alloc=949MB
  [ComfyUI] [worker:ComfyUI-TRELLIS2] [sparse-conv] out=8MB alloc=957MB
  [ComfyUI] [worker:ComfyUI-TRELLIS2] [sparse-conv] out=8MB alloc=957MB
  [ComfyUI] [worker:ComfyUI-TRELLIS2] [UNET] level=2 block=2 SparseConvNeXtBlock3d N=18,059 ch=256 alloc=944MB
  [ComfyUI] [worker:ComfyUI-TRELLIS2] [UNET] level=2 block=2 SparseConvNeXtBlock3d N=18,059 ch=256 alloc=944MB
  [ComfyUI] [worker:ComfyUI-TRELLIS2] [sparse-conv] N=18,059 Ci=256 Co=256 feats=8MB cache=4MB (miss) w_dev=cuda:0 alloc=948MB
  [ComfyUI] [worker:ComfyUI-TRELLIS2] [sparse-conv] N=18,059 Ci=256 Co=256 feats=8MB cache=4MB (miss) w_dev=cuda:0 alloc=948MB
  [ComfyUI] [worker:ComfyUI-TRELLIS2] [sparse-conv] out=8MB alloc=957MB
  [ComfyUI] [worker:ComfyUI-TRELLIS2] [sparse-conv] out=8MB alloc=957MB
  [ComfyUI] [worker:ComfyUI-TRELLIS2] [UNET] level=2 block=3 SparseConvNeXtBlock3d N=18,059 ch=256 alloc=943MB
  [ComfyUI] [worker:ComfyUI-TRELLIS2] [UNET] level=2 block=3 SparseConvNeXtBlock3d N=18,059 ch=256 alloc=943MB
  [ComfyUI] [worker:ComfyUI-TRELLIS2] [sparse-conv] N=18,059 Ci=256 Co=256 feats=8MB cache=4MB (miss) w_dev=cuda:0 alloc=949MB
  [ComfyUI] [worker:ComfyUI-TRELLIS2] [sparse-conv] N=18,059 Ci=256 Co=256 feats=8MB cache=4MB (miss) w_dev=cuda:0 alloc=949MB
  [ComfyUI] [worker:ComfyUI-TRELLIS2] [sparse-conv] out=8MB alloc=957MB
  [ComfyUI] [worker:ComfyUI-TRELLIS2] [sparse-conv] out=8MB alloc=957MB
  [ComfyUI] [worker:ComfyUI-TRELLIS2] [UNET] level=2 block=4 SparseConvNeXtBlock3d N=18,059 ch=256 alloc=944MB
  [ComfyUI] [worker:ComfyUI-TRELLIS2] [UNET] level=2 block=4 SparseConvNeXtBlock3d N=18,059 ch=256 alloc=944MB
  [ComfyUI] [worker:ComfyUI-TRELLIS2] [sparse-conv] N=18,059 Ci=256 Co=256 feats=8MB cache=4MB (miss) w_dev=cuda:0 alloc=948MB
  [ComfyUI] [worker:ComfyUI-TRELLIS2] [sparse-conv] N=18,059 Ci=256 Co=256 feats=8MB cache=4MB (miss) w_dev=cuda:0 alloc=948MB
  [ComfyUI] [worker:ComfyUI-TRELLIS2] [sparse-conv] out=8MB alloc=957MB
  [ComfyUI] [worker:ComfyUI-TRELLIS2] [sparse-conv] out=8MB alloc=957MB
  [ComfyUI] [worker:ComfyUI-TRELLIS2] [UNET] level=2 block=5 SparseConvNeXtBlock3d N=18,059 ch=256 alloc=943MB
  [ComfyUI] [worker:ComfyUI-TRELLIS2] [UNET] level=2 block=5 SparseConvNeXtBlock3d N=18,059 ch=256 alloc=943MB
  [ComfyUI] [worker:ComfyUI-TRELLIS2] [sparse-conv] N=18,059 Ci=256 Co=256 feats=8MB cache=4MB (miss) w_dev=cuda:0 alloc=949MB
  [ComfyUI] [worker:ComfyUI-TRELLIS2] [sparse-conv] N=18,059 Ci=256 Co=256 feats=8MB cache=4MB (miss) w_dev=cuda:0 alloc=949MB
  [ComfyUI] [worker:ComfyUI-TRELLIS2] [sparse-conv] out=8MB alloc=957MB
  [ComfyUI] [worker:ComfyUI-TRELLIS2] [sparse-conv] out=8MB alloc=957MB
  [ComfyUI] [worker:ComfyUI-TRELLIS2] [UNET] level=2 block=6 SparseConvNeXtBlock3d N=18,059 ch=256 alloc=944MB
  [ComfyUI] [worker:ComfyUI-TRELLIS2] [UNET] level=2 block=6 SparseConvNeXtBlock3d N=18,059 ch=256 alloc=944MB
  [ComfyUI] [worker:ComfyUI-TRELLIS2] [sparse-conv] N=18,059 Ci=256 Co=256 feats=8MB cache=4MB (miss) w_dev=cuda:0 alloc=948MB
  [ComfyUI] [worker:ComfyUI-TRELLIS2] [sparse-conv] N=18,059 Ci=256 Co=256 feats=8MB cache=4MB (miss) w_dev=cuda:0 alloc=948MB
  [ComfyUI] [worker:ComfyUI-TRELLIS2] [sparse-conv] out=8MB alloc=957MB
  [ComfyUI] [worker:ComfyUI-TRELLIS2] [sparse-conv] out=8MB alloc=957MB
  [ComfyUI] [worker:ComfyUI-TRELLIS2] [UNET] level=2 block=7 SparseConvNeXtBlock3d N=18,059 ch=256 alloc=943MB
  [ComfyUI] [worker:ComfyUI-TRELLIS2] [UNET] level=2 block=7 SparseConvNeXtBlock3d N=18,059 ch=256 alloc=943MB
  [ComfyUI] [worker:ComfyUI-TRELLIS2] [sparse-conv] N=18,059 Ci=256 Co=256 feats=8MB cache=4MB (miss) w_dev=cuda:0 alloc=949MB
  [ComfyUI] [worker:ComfyUI-TRELLIS2] [sparse-conv] N=18,059 Ci=256 Co=256 feats=8MB cache=4MB (miss) w_dev=cuda:0 alloc=949MB
  [ComfyUI] [worker:ComfyUI-TRELLIS2] [sparse-conv] out=8MB alloc=957MB
  [ComfyUI] [worker:ComfyUI-TRELLIS2] [sparse-conv] out=8MB alloc=957MB
  [ComfyUI] [worker:ComfyUI-TRELLIS2] [UNET] level=2 block=8 SparseResBlockC2S3d N=18,059 ch=256 alloc=944MB
  [ComfyUI] [worker:ComfyUI-TRELLIS2] [UNET] level=2 block=8 SparseResBlockC2S3d N=18,059 ch=256 alloc=944MB
  [ComfyUI] [worker:ComfyUI-TRELLIS2] [C2S3d] after subdiv: alloc=944MB
  [ComfyUI] [worker:ComfyUI-TRELLIS2] [C2S3d] after subdiv: alloc=944MB
  [ComfyUI] [worker:ComfyUI-TRELLIS2] [C2S3d] after norm1: alloc=953MB
  [ComfyUI] [worker:ComfyUI-TRELLIS2] [C2S3d] after norm1: alloc=953MB
  [ComfyUI] [worker:ComfyUI-TRELLIS2] [C2S3d] pre-conv1: N=18,059 Ci=256 Co=1024 alloc=953MB
  [ComfyUI] [worker:ComfyUI-TRELLIS2] [C2S3d] pre-conv1: N=18,059 Ci=256 Co=1024 alloc=953MB
  [ComfyUI] [worker:ComfyUI-TRELLIS2] [C2S3d] x.feats offloaded before conv1: alloc=953MB
  [ComfyUI] [worker:ComfyUI-TRELLIS2] [C2S3d] x.feats offloaded before conv1: alloc=953MB
  [ComfyUI] [worker:ComfyUI-TRELLIS2] [sparse-conv] N=18,059 Ci=256 Co=1024 feats=8MB cache=4MB (miss) w_dev=cuda:0 alloc=958MB
  [ComfyUI] [worker:ComfyUI-TRELLIS2] [sparse-conv] N=18,059 Ci=256 Co=1024 feats=8MB cache=4MB (miss) w_dev=cuda:0 alloc=958MB
  [ComfyUI] [worker:ComfyUI-TRELLIS2] [VRAM] +266MB (now 1250MB) reserved=1270MB peak=2667MB
  [ComfyUI] [worker:ComfyUI-TRELLIS2] [VRAM] +266MB (now 1250MB) reserved=1270MB peak=2667MB
  Frame 18 saved (frame_017.jpg, t=100.6s)
  [capture-periodic] freeze=3ms shot=91ms unfreeze=6ms saved=True
  [capture-loop] iter=850 t=101.1s state={'complete': False, 'error': None, 'executedCount': 1, 'wsState': 1} eval_ms=3 ram=17.4/31.9GB (54%) swap=2.4/14.3GB (17%) cpu=7% browser_rss=0.91GB
  [ComfyUI] [worker:ComfyUI-TRELLIS2] [VRAM] -292MB (now 958MB) reserved=1526MB peak=2667MB
  [ComfyUI] [worker:ComfyUI-TRELLIS2] [VRAM] -292MB (now 958MB) reserved=1526MB peak=2667MB
  [ComfyUI] [worker:ComfyUI-TRELLIS2] [sparse-conv] out=35MB alloc=994MB
  [ComfyUI] [worker:ComfyUI-TRELLIS2] [sparse-conv] out=35MB alloc=994MB
  [ComfyUI] [worker:ComfyUI-TRELLIS2] [C2S3d] post-conv1: h=torch.Size([18059, 1024]) alloc=985MB
  [ComfyUI] [worker:ComfyUI-TRELLIS2] [C2S3d] post-conv1: h=torch.Size([18059, 1024]) alloc=985MB
  [ComfyUI] [worker:ComfyUI-TRELLIS2] [C2S3d] x.feats restored from CPU: alloc=994MB
  [ComfyUI] [worker:ComfyUI-TRELLIS2] [C2S3d] x.feats restored from CPU: alloc=994MB
  [ComfyUI] [worker:ComfyUI-TRELLIS2] [C2S3d] pre-C2S(h): alloc=994MB
  [ComfyUI] [worker:ComfyUI-TRELLIS2] [C2S3d] pre-C2S(h): alloc=994MB
  [ComfyUI] [worker:ComfyUI-TRELLIS2] [C2S] scatter: 18,059�1024 -> 78,467�128 in=35MB out=19MB alloc=997MB
  [ComfyUI] [worker:ComfyUI-TRELLIS2] [C2S] scatter: 18,059�1024 -> 78,467�128 in=35MB out=19MB alloc=997MB
  [ComfyUI] [worker:ComfyUI-TRELLIS2] [C2S] scatter done: alloc=1016MB
  [ComfyUI] [worker:ComfyUI-TRELLIS2] [C2S] scatter done: alloc=1016MB
  [ComfyUI] [worker:ComfyUI-TRELLIS2] [C2S3d] post-C2S(h): h=torch.Size([78467, 128]) alloc=978MB
  [ComfyUI] [worker:ComfyUI-TRELLIS2] [C2S3d] post-C2S(h): h=torch.Size([78467, 128]) alloc=978MB
  [ComfyUI] [worker:ComfyUI-TRELLIS2] [C2S] scatter: 18,059�256 -> 78,467�32 in=8MB out=4MB alloc=981MB
  [ComfyUI] [worker:ComfyUI-TRELLIS2] [C2S] scatter: 18,059�256 -> 78,467�32 in=8MB out=4MB alloc=981MB
  [ComfyUI] [worker:ComfyUI-TRELLIS2] [C2S] scatter done: alloc=986MB
  [ComfyUI] [worker:ComfyUI-TRELLIS2] [C2S] scatter done: alloc=986MB
  [ComfyUI] [worker:ComfyUI-TRELLIS2] [C2S3d] post-C2S(x): x=torch.Size([78467, 32]) alloc=975MB
  [ComfyUI] [worker:ComfyUI-TRELLIS2] [C2S3d] post-C2S(x): x=torch.Size([78467, 32]) alloc=975MB
  [ComfyUI] [worker:ComfyUI-TRELLIS2] [C2S3d] post-C2S: N=78,467 h=128ch x=32ch alloc=975MB
  [ComfyUI] [worker:ComfyUI-TRELLIS2] [C2S3d] post-C2S: N=78,467 h=128ch x=32ch alloc=975MB
  [ComfyUI] [worker:ComfyUI-TRELLIS2] [C2S3d] x offloaded to CPU, pre-conv2: alloc=969MB
  [ComfyUI] [worker:ComfyUI-TRELLIS2] [C2S3d] x offloaded to CPU, pre-conv2: alloc=969MB
  [ComfyUI] [worker:ComfyUI-TRELLIS2] [C2S3d] after norm2: alloc=969MB
  [ComfyUI] [worker:ComfyUI-TRELLIS2] [C2S3d] after norm2: alloc=969MB
  [ComfyUI] [worker:ComfyUI-TRELLIS2] [C2S3d] after silu: alloc=969MB
  [ComfyUI] [worker:ComfyUI-TRELLIS2] [C2S3d] after silu: alloc=969MB
  [ComfyUI] [worker:ComfyUI-TRELLIS2] [sparse-conv] N=78,467 Ci=128 Co=128 feats=19MB cache=18MB (miss) w_dev=cuda:0 alloc=988MB
  [ComfyUI] [worker:ComfyUI-TRELLIS2] [sparse-conv] N=78,467 Ci=128 Co=128 feats=19MB cache=18MB (miss) w_dev=cuda:0 alloc=988MB
  [ComfyUI] [worker:ComfyUI-TRELLIS2] [VRAM] +305MB (now 1263MB) reserved=1474MB peak=2667MB
  [ComfyUI] [worker:ComfyUI-TRELLIS2] [VRAM] +305MB (now 1263MB) reserved=1474MB peak=2667MB
  [capture-loop] iter=900 t=106.8s state={'complete': False, 'error': None, 'executedCount': 1, 'wsState': 1} eval_ms=3 ram=17.4/31.9GB (54%) swap=2.4/14.3GB (17%) cpu=5% browser_rss=0.91GB
  [capture-loop] iter=950 t=112.6s state={'complete': False, 'error': None, 'executedCount': 1, 'wsState': 1} eval_ms=3 ram=17.4/31.9GB (54%) swap=2.4/14.3GB (17%) cpu=4% browser_rss=0.91GB
  [capture-loop] iter=1000 t=118.4s state={'complete': False, 'error': None, 'executedCount': 1, 'wsState': 1} eval_ms=3 ram=17.4/31.9GB (54%) swap=2.4/14.3GB (17%) cpu=4% browser_rss=0.91GB
  [ComfyUI] [worker:ComfyUI-TRELLIS2] [sparse-conv] out=19MB alloc=1007MB
  [ComfyUI] [worker:ComfyUI-TRELLIS2] [sparse-conv] out=19MB alloc=1007MB
  [ComfyUI] [worker:ComfyUI-TRELLIS2] [C2S3d] post-conv2: alloc=988MB
  [ComfyUI] [worker:ComfyUI-TRELLIS2] [C2S3d] post-conv2: alloc=988MB
  [ComfyUI] [worker:ComfyUI-TRELLIS2] [C2S3d] post-conv2 (cache cleared): alloc=969MB
  [ComfyUI] [worker:ComfyUI-TRELLIS2] [C2S3d] post-conv2 (cache cleared): alloc=969MB
  [ComfyUI] [worker:ComfyUI-TRELLIS2] [C2S3d] after skip expand: alloc=988MB
  [ComfyUI] [worker:ComfyUI-TRELLIS2] [C2S3d] after skip expand: alloc=988MB
  [ComfyUI] [worker:ComfyUI-TRELLIS2] [C2S3d] post-skip: alloc=969MB
  [ComfyUI] [worker:ComfyUI-TRELLIS2] [C2S3d] post-skip: alloc=969MB
  [ComfyUI] [SubprocessWorker] callback 'report_progress' from call_id=59
  [ComfyUI] [SubprocessWorker] callback 'report_progress' from call_id=59
  [ComfyUI] [worker:ComfyUI-TRELLIS2] [UNET] level=3 block=0 SparseConvNeXtBlock3d N=78,467 ch=128 alloc=960MB
  [ComfyUI] [worker:ComfyUI-TRELLIS2] [UNET] level=3 block=0 SparseConvNeXtBlock3d N=78,467 ch=128 alloc=960MB
  [ComfyUI] [worker:ComfyUI-TRELLIS2] [sparse-conv] N=78,467 Ci=128 Co=128 feats=19MB cache=18MB (miss) w_dev=cuda:0 alloc=978MB
  [ComfyUI] [worker:ComfyUI-TRELLIS2] [sparse-conv] N=78,467 Ci=128 Co=128 feats=19MB cache=18MB (miss) w_dev=cuda:0 alloc=978MB
  [ComfyUI] [worker:ComfyUI-TRELLIS2] [sparse-conv] out=19MB alloc=998MB
  [ComfyUI] [worker:ComfyUI-TRELLIS2] [sparse-conv] out=19MB alloc=998MB
  [ComfyUI] [worker:ComfyUI-TRELLIS2] [UNET] level=3 block=1 SparseConvNeXtBlock3d N=78,467 ch=128 alloc=960MB
  [ComfyUI] [worker:ComfyUI-TRELLIS2] [UNET] level=3 block=1 SparseConvNeXtBlock3d N=78,467 ch=128 alloc=960MB
  [ComfyUI] [worker:ComfyUI-TRELLIS2] [sparse-conv] N=78,467 Ci=128 Co=128 feats=19MB cache=18MB (miss) w_dev=cuda:0 alloc=978MB
  [ComfyUI] [worker:ComfyUI-TRELLIS2] [sparse-conv] N=78,467 Ci=128 Co=128 feats=19MB cache=18MB (miss) w_dev=cuda:0 alloc=978MB
  [ComfyUI] [worker:ComfyUI-TRELLIS2] [sparse-conv] out=19MB alloc=998MB
  [ComfyUI] [worker:ComfyUI-TRELLIS2] [sparse-conv] out=19MB alloc=998MB
  [ComfyUI] [worker:ComfyUI-TRELLIS2] [VRAM] -280MB (now 983MB) reserved=1474MB peak=2667MB
  [ComfyUI] [worker:ComfyUI-TRELLIS2] [VRAM] -280MB (now 983MB) reserved=1474MB peak=2667MB
  [ComfyUI] [worker:ComfyUI-TRELLIS2] [UNET] level=3 block=2 SparseConvNeXtBlock3d N=78,467 ch=128 alloc=960MB
  [ComfyUI] [worker:ComfyUI-TRELLIS2] [UNET] level=3 block=2 SparseConvNeXtBlock3d N=78,467 ch=128 alloc=960MB
  [ComfyUI] [worker:ComfyUI-TRELLIS2] [sparse-conv] N=78,467 Ci=128 Co=128 feats=19MB cache=18MB (miss) w_dev=cuda:0 alloc=978MB
  [ComfyUI] [worker:ComfyUI-TRELLIS2] [sparse-conv] N=78,467 Ci=128 Co=128 feats=19MB cache=18MB (miss) w_dev=cuda:0 alloc=978MB
  [ComfyUI] [worker:ComfyUI-TRELLIS2] [sparse-conv] out=19MB alloc=998MB
  [ComfyUI] [worker:ComfyUI-TRELLIS2] [sparse-conv] out=19MB alloc=998MB
  [ComfyUI] [worker:ComfyUI-TRELLIS2] [UNET] level=3 block=3 SparseConvNeXtBlock3d N=78,467 ch=128 alloc=960MB
  [ComfyUI] [worker:ComfyUI-TRELLIS2] [UNET] level=3 block=3 SparseConvNeXtBlock3d N=78,467 ch=128 alloc=960MB
  [ComfyUI] [worker:ComfyUI-TRELLIS2] [sparse-conv] N=78,467 Ci=128 Co=128 feats=19MB cache=18MB (miss) w_dev=cuda:0 alloc=978MB
  [ComfyUI] [worker:ComfyUI-TRELLIS2] [sparse-conv] N=78,467 Ci=128 Co=128 feats=19MB cache=18MB (miss) w_dev=cuda:0 alloc=978MB
  [ComfyUI] [worker:ComfyUI-TRELLIS2] [sparse-conv] out=19MB alloc=998MB
  [ComfyUI] [worker:ComfyUI-TRELLIS2] [sparse-conv] out=19MB alloc=998MB
  [ComfyUI] [worker:ComfyUI-TRELLIS2] [UNET] level=3 block=4 SparseResBlockC2S3d N=78,467 ch=128 alloc=960MB
  [ComfyUI] [worker:ComfyUI-TRELLIS2] [UNET] level=3 block=4 SparseResBlockC2S3d N=78,467 ch=128 alloc=960MB
  [ComfyUI] [worker:ComfyUI-TRELLIS2] [C2S3d] after subdiv: alloc=961MB
  [ComfyUI] [worker:ComfyUI-TRELLIS2] [C2S3d] after subdiv: alloc=961MB
  [ComfyUI] [worker:ComfyUI-TRELLIS2] [C2S3d] after norm1: alloc=980MB
  [ComfyUI] [worker:ComfyUI-TRELLIS2] [C2S3d] after norm1: alloc=980MB
  [ComfyUI] [worker:ComfyUI-TRELLIS2] [C2S3d] pre-conv1: N=78,467 Ci=128 Co=512 alloc=980MB
  [ComfyUI] [worker:ComfyUI-TRELLIS2] [C2S3d] pre-conv1: N=78,467 Ci=128 Co=512 alloc=980MB
  [ComfyUI] [worker:ComfyUI-TRELLIS2] [C2S3d] x.feats offloaded before conv1: alloc=981MB
  [ComfyUI] [worker:ComfyUI-TRELLIS2] [C2S3d] x.feats offloaded before conv1: alloc=981MB
  [ComfyUI] [worker:ComfyUI-TRELLIS2] [sparse-conv] N=78,467 Ci=128 Co=512 feats=19MB cache=18MB (miss) w_dev=cuda:0 alloc=1000MB
  [ComfyUI] [worker:ComfyUI-TRELLIS2] [sparse-conv] N=78,467 Ci=128 Co=512 feats=19MB cache=18MB (miss) w_dev=cuda:0 alloc=1000MB
  Frame 19 saved (frame_018.jpg, t=120.2s)
  [capture-periodic] freeze=3ms shot=99ms unfreeze=3ms saved=True
  [ComfyUI] [worker:ComfyUI-TRELLIS2] [VRAM] +349MB (now 1332MB) reserved=1476MB peak=2667MB
  [ComfyUI] [worker:ComfyUI-TRELLIS2] [VRAM] +349MB (now 1332MB) reserved=1476MB peak=2667MB
  [ComfyUI] [worker:ComfyUI-TRELLIS2] [sparse-conv] out=76MB alloc=1077MB
  [ComfyUI] [worker:ComfyUI-TRELLIS2] [sparse-conv] out=76MB alloc=1077MB
  [ComfyUI] [worker:ComfyUI-TRELLIS2] [C2S3d] post-conv1: h=torch.Size([78467, 512]) alloc=1058MB
  [ComfyUI] [worker:ComfyUI-TRELLIS2] [C2S3d] post-conv1: h=torch.Size([78467, 512]) alloc=1058MB
  [ComfyUI] [worker:ComfyUI-TRELLIS2] [C2S3d] x.feats restored from CPU: alloc=1077MB
  [ComfyUI] [worker:ComfyUI-TRELLIS2] [C2S3d] x.feats restored from CPU: alloc=1077MB
  [ComfyUI] [worker:ComfyUI-TRELLIS2] [C2S3d] pre-C2S(h): alloc=1077MB
  [ComfyUI] [worker:ComfyUI-TRELLIS2] [C2S3d] pre-C2S(h): alloc=1077MB
  [ComfyUI] [worker:ComfyUI-TRELLIS2] [C2S] scatter: 78,467�512 -> 353,558�64 in=76MB out=43MB alloc=1091MB
  [ComfyUI] [worker:ComfyUI-TRELLIS2] [C2S] scatter: 78,467�512 -> 353,558�64 in=76MB out=43MB alloc=1091MB
  [ComfyUI] [worker:ComfyUI-TRELLIS2] [C2S] scatter done: alloc=1134MB
  [ComfyUI] [worker:ComfyUI-TRELLIS2] [C2S] scatter done: alloc=1134MB
  [ComfyUI] [worker:ComfyUI-TRELLIS2] [C2S3d] post-C2S(h): h=torch.Size([353558, 64]) alloc=1049MB
  [ComfyUI] [worker:ComfyUI-TRELLIS2] [C2S3d] post-C2S(h): h=torch.Size([353558, 64]) alloc=1049MB
  [ComfyUI] [worker:ComfyUI-TRELLIS2] [C2S] scatter: 78,467�128 -> 353,558�16 in=19MB out=10MB alloc=1063MB
  [ComfyUI] [worker:ComfyUI-TRELLIS2] [C2S] scatter: 78,467�128 -> 353,558�16 in=19MB out=10MB alloc=1063MB
  [ComfyUI] [worker:ComfyUI-TRELLIS2] [C2S] scatter done: alloc=1073MB
  [ComfyUI] [worker:ComfyUI-TRELLIS2] [C2S] scatter done: alloc=1073MB
  [ComfyUI] [worker:ComfyUI-TRELLIS2] [C2S3d] post-C2S(x): x=torch.Size([353558, 16]) alloc=1046MB
  [ComfyUI] [worker:ComfyUI-TRELLIS2] [C2S3d] post-C2S(x): x=torch.Size([353558, 16]) alloc=1046MB
  [ComfyUI] [worker:ComfyUI-TRELLIS2] [C2S3d] post-C2S: N=353,558 h=64ch x=16ch alloc=1045MB
  [ComfyUI] [worker:ComfyUI-TRELLIS2] [C2S3d] post-C2S: N=353,558 h=64ch x=16ch alloc=1045MB
  [ComfyUI] [worker:ComfyUI-TRELLIS2] [C2S3d] x offloaded to CPU, pre-conv2: alloc=1029MB
  [ComfyUI] [worker:ComfyUI-TRELLIS2] [C2S3d] x offloaded to CPU, pre-conv2: alloc=1029MB
  [ComfyUI] [worker:ComfyUI-TRELLIS2] [C2S3d] after norm2: alloc=1029MB
  [ComfyUI] [worker:ComfyUI-TRELLIS2] [C2S3d] after norm2: alloc=1029MB
  [ComfyUI] [worker:ComfyUI-TRELLIS2] [C2S3d] after silu: alloc=1029MB
  [ComfyUI] [worker:ComfyUI-TRELLIS2] [C2S3d] after silu: alloc=1029MB
  [ComfyUI] [worker:ComfyUI-TRELLIS2] [sparse-conv] N=353,558 Ci=64 Co=64 feats=43MB cache=87MB (miss) w_dev=cuda:0 alloc=1117MB
  [ComfyUI] [worker:ComfyUI-TRELLIS2] [sparse-conv] N=353,558 Ci=64 Co=64 feats=43MB cache=87MB (miss) w_dev=cuda:0 alloc=1117MB
  [ComfyUI] [worker:ComfyUI-TRELLIS2] [sparse-conv] out=43MB alloc=1161MB
  [ComfyUI] [worker:ComfyUI-TRELLIS2] [sparse-conv] out=43MB alloc=1161MB
  [ComfyUI] [worker:ComfyUI-TRELLIS2] [C2S3d] post-conv2: alloc=1118MB
  [ComfyUI] [worker:ComfyUI-TRELLIS2] [C2S3d] post-conv2: alloc=1118MB
  [ComfyUI] [worker:ComfyUI-TRELLIS2] [C2S3d] post-conv2 (cache cleared): alloc=1029MB
  [ComfyUI] [worker:ComfyUI-TRELLIS2] [C2S3d] post-conv2 (cache cleared): alloc=1029MB
  [ComfyUI] [worker:ComfyUI-TRELLIS2] [C2S3d] after skip expand: alloc=1072MB
  [ComfyUI] [worker:ComfyUI-TRELLIS2] [C2S3d] after skip expand: alloc=1072MB
  [ComfyUI] [worker:ComfyUI-TRELLIS2] [C2S3d] post-skip: alloc=1029MB
  [ComfyUI] [worker:ComfyUI-TRELLIS2] [C2S3d] post-skip: alloc=1029MB
  [ComfyUI] [SubprocessWorker] callback 'report_progress' from call_id=59
  [ComfyUI] [SubprocessWorker] callback 'report_progress' from call_id=59
  [ComfyUI] [SubprocessWorker] callback 'report_progress' from call_id=59
  [ComfyUI] [SubprocessWorker] callback 'report_progress' from call_id=59
  [ComfyUI] [worker:ComfyUI-TRELLIS2] [FlexiDecoder] pre-cleanup: alloc=951MB
  [ComfyUI] [worker:ComfyUI-TRELLIS2] [FlexiDecoder] pre-cleanup: alloc=951MB
  [ComfyUI] [worker:ComfyUI-TRELLIS2]
  [ComfyUI] [worker:ComfyUI-TRELLIS2]
  [ComfyUI] === WATCHDOG TICK 2 ===
  [ComfyUI] === WATCHDOG TICK 2 ===
  [ComfyUI] [worker:ComfyUI-TRELLIS2] Thread 0x00001f78 (most recent call first):
  [ComfyUI] [worker:ComfyUI-TRELLIS2] Thread 0x00001f78 (most recent call first):
  [ComfyUI]   File "C:\workspaces\TRELLIS2-1326\ComfyUI\.ce\.pixi\envs\trellis2-nodes\lib\threading.py", line 324 in wait
  [ComfyUI]   File "C:\workspaces\TRELLIS2-1326\ComfyUI\.ce\.pixi\envs\trellis2-nodes\lib\threading.py", line 324 in wait
  [ComfyUI]   File "C:\workspaces\TRELLIS2-1326\ComfyUI\.ce\.pixi\envs\trellis2-nodes\lib\threading.py", line 607 in wait
  [ComfyUI]   File "C:\workspaces\TRELLIS2-1326\ComfyUI\.ce\.pixi\envs\trellis2-nodes\lib\threading.py", line 607 in wait
  [ComfyUI]   File "C:\workspaces\TRELLIS2-1326\ComfyUI\.ce\.pixi\envs\trellis2-nodes\lib\site-packages\tqdm\_monitor.py", line 60 in run
  [ComfyUI]   File "C:\workspaces\TRELLIS2-1326\ComfyUI\.ce\.pixi\envs\trellis2-nodes\lib\site-packages\tqdm\_monitor.py", line 60 in run
  [ComfyUI]   File "C:\workspaces\TRELLIS2-1326\ComfyUI\.ce\.pixi\envs\trellis2-nodes\lib\threading.py", line 1016 in _bootstrap_inner
  [ComfyUI]   File "C:\workspaces\TRELLIS2-1326\ComfyUI\.ce\.pixi\envs\trellis2-nodes\lib\threading.py", line 1016 in _bootstrap_inner
  [ComfyUI]   File "C:\workspaces\TRELLIS2-1326\ComfyUI\.ce\.pixi\envs\trellis2-nodes\lib\threading.py", line 973 in _bootstrap
  [ComfyUI]   File "C:\workspaces\TRELLIS2-1326\ComfyUI\.ce\.pixi\envs\trellis2-nodes\lib\threading.py", line 973 in _bootstrap
  [ComfyUI] 
  [ComfyUI] 
  [ComfyUI] Thread 0x00002120 (most recent call first):
  [ComfyUI] Thread 0x00002120 (most recent call first):
  [ComfyUI]   File "C:\Users\ContainerAdministrator\AppData\Local\Temp\comfyui_pvenv_n3nh8bk5\persistent_worker.py", line 106 in _vram_poller
  [ComfyUI]   File "C:\Users\ContainerAdministrator\AppData\Local\Temp\comfyui_pvenv_n3nh8bk5\persistent_worker.py", line 106 in _vram_poller
  [ComfyUI]   File "C:\workspaces\TRELLIS2-1326\ComfyUI\.ce\.pixi\envs\trellis2-nodes\lib\threading.py", line 953 in run
  [ComfyUI]   File "C:\workspaces\TRELLIS2-1326\ComfyUI\.ce\.pixi\envs\trellis2-nodes\lib\threading.py", line 953 in run
  [ComfyUI]   File "C:\workspaces\TRELLIS2-1326\ComfyUI\.ce\.pixi\envs\trellis2-nodes\lib\threading.py", line 1016 in _bootstrap_inner
  [ComfyUI]   File "C:\workspaces\TRELLIS2-1326\ComfyUI\.ce\.pixi\envs\trellis2-nodes\lib\threading.py", line 1016 in _bootstrap_inner
  [ComfyUI]   File "C:\workspaces\TRELLIS2-1326\ComfyUI\.ce\.pixi\envs\trellis2-nodes\lib\threading.py", line 973 in _bootstrap
  [ComfyUI]   File "C:\workspaces\TRELLIS2-1326\ComfyUI\.ce\.pixi\envs\trellis2-nodes\lib\threading.py", line 973 in _bootstrap
  [ComfyUI] 
  [ComfyUI] 
  [ComfyUI] Current thread 0x0000377c (most recent call first):
  [ComfyUI] Current thread 0x0000377c (most recent call first):
  [ComfyUI]   File "C:\Users\ContainerAdministrator\AppData\Local\Temp\comfyui_pvenv_n3nh8bk5\persistent_worker.py", line 52 in _watchdog
  [ComfyUI]   File "C:\Users\ContainerAdministrator\AppData\Local\Temp\comfyui_pvenv_n3nh8bk5\persistent_worker.py", line 52 in _watchdog
  [ComfyUI]   File "C:\workspaces\TRELLIS2-1326\ComfyUI\.ce\.pixi\envs\trellis2-nodes\lib\threading.py", line 953 in run
  [ComfyUI]   File "C:\workspaces\TRELLIS2-1326\ComfyUI\.ce\.pixi\envs\trellis2-nodes\lib\threading.py", line 953 in run
  [ComfyUI]   File "C:\workspaces\TRELLIS2-1326\ComfyUI\.ce\.pixi\envs\trellis2-nodes\lib\threading.py", line 1016 in _bootstrap_inner
  [ComfyUI]   File "C:\workspaces\TRELLIS2-1326\ComfyUI\.ce\.pixi\envs\trellis2-nodes\lib\threading.py", line 1016 in _bootstrap_inner
  [ComfyUI]   File "C:\workspaces\TRELLIS2-1326\ComfyUI\.ce\.pixi\envs\trellis2-nodes\lib\threading.py", line 973 in _bootstrap
  [ComfyUI]   File "C:\workspaces\TRELLIS2-1326\ComfyUI\.ce\.pixi\envs\trellis2-nodes\lib\threading.py", line 973 in _bootstrap
  [ComfyUI] 
  [ComfyUI] 
  [ComfyUI] Thread 0x00002b64 (most recent call first):
  [ComfyUI] Thread 0x00002b64 (most recent call first):
  [ComfyUI]   File "C:\workspaces\TRELLIS2-1326\ComfyUI\.ce\.pixi\envs\trellis2-nodes\lib\site-packages\torch\nn\modules\module.py", line 1370 in convert
  [ComfyUI]   File "C:\workspaces\TRELLIS2-1326\ComfyUI\.ce\.pixi\envs\trellis2-nodes\lib\site-packages\torch\nn\modules\module.py", line 1370 in convert
  [ComfyUI]   File "C:\workspaces\TRELLIS2-1326\ComfyUI\.ce\.pixi\envs\trellis2-nodes\lib\site-packages\torch\nn\modules\module.py", line 965 in _apply
  [ComfyUI]   File "C:\workspaces\TRELLIS2-1326\ComfyUI\.ce\.pixi\envs\trellis2-nodes\lib\site-packages\torch\nn\modules\module.py", line 965 in _apply
  [ComfyUI]   File "C:\workspaces\TRELLIS2-1326\ComfyUI\.ce\.pixi\envs\trellis2-nodes\lib\site-packages\torch\nn\modules\module.py", line 934 in _apply
  [ComfyUI]   File "C:\workspaces\TRELLIS2-1326\ComfyUI\.ce\.pixi\envs\trellis2-nodes\lib\site-packages\torch\nn\modules\module.py", line 934 in _apply
  [ComfyUI]   File "C:\workspaces\TRELLIS2-1326\ComfyUI\.ce\.pixi\envs\trellis2-nodes\lib\site-packages\torch\nn\modules\module.py", line 934 in _apply
  [ComfyUI]   File "C:\workspaces\TRELLIS2-1326\ComfyUI\.ce\.pixi\envs\trellis2-nodes\lib\site-packages\torch\nn\modules\module.py", line 934 in _apply
  [ComfyUI]   File "C:\workspaces\TRELLIS2-1326\ComfyUI\.ce\.pixi\envs\trellis2-nodes\lib\site-packages\torch\nn\modules\module.py", line 934 in _apply
  [ComfyUI]   File "C:\workspaces\TRELLIS2-1326\ComfyUI\.ce\.pixi\envs\trellis2-nodes\lib\site-packages\torch\nn\modules\module.py", line 934 in _apply
  [ComfyUI]   File "C:\workspaces\TRELLIS2-1326\ComfyUI\.ce\.pixi\envs\trellis2-nodes\lib\site-packages\torch\nn\modules\module.py", line 934 in _apply
  [ComfyUI]   File "C:\workspaces\TRELLIS2-1326\ComfyUI\.ce\.pixi\envs\trellis2-nodes\lib\site-packages\torch\nn\modules\module.py", line 934 in _apply
  [ComfyUI]   File "C:\workspaces\TRELLIS2-1326\ComfyUI\.ce\.pixi\envs\trellis2-nodes\lib\site-packages\torch\nn\modules\module.py", line 1384 in to
  [ComfyUI]   File "C:\workspaces\TRELLIS2-1326\ComfyUI\.ce\.pixi\envs\trellis2-nodes\lib\site-packages\torch\nn\modules\module.py", line 1384 in to
  [ComfyUI]   File "C:\Users\ContainerAdministrator\AppData\Local\Temp\comfyui_pvenv_n3nh8bk5\persistent_worker.py", line 1341 in _hooked_to
  [ComfyUI]   File "C:\Users\ContainerAdministrator\AppData\Local\Temp\comfyui_pvenv_n3nh8bk5\persistent_worker.py", line 1341 in _hooked_to
  [ComfyUI]   File "C:\workspaces\TRELLIS2-1326\ComfyUI\custom_nodes\ComfyUI-TRELLIS2\nodes\trellis2\vae.py", line 1364 in forward
  [ComfyUI]   File "C:\workspaces\TRELLIS2-1326\ComfyUI\custom_nodes\ComfyUI-TRELLIS2\nodes\trellis2\vae.py", line 1364 in forward
  [ComfyUI]   File "C:\workspaces\TRELLIS2-1326\ComfyUI\.ce\.pixi\envs\trellis2-nodes\lib\site-packages\torch\nn\modules\module.py", line 1790 in _call_impl
  [ComfyUI]   File "C:\workspaces\TRELLIS2-1326\ComfyUI\.ce\.pixi\envs\trellis2-nodes\lib\site-packages\torch\nn\modules\module.py", line 1790 in _call_impl
  [ComfyUI]   File "C:\workspaces\TRELLIS2-1326\ComfyUI\.ce\.pixi\envs\trellis2-nodes\lib\site-packages\torch\nn\modules\module.py", line 1779 in _wrapped_call_impl
  [ComfyUI]   File "C:\workspaces\TRELLIS2-1326\ComfyUI\.ce\.pixi\envs\trellis2-nodes\lib\site-packages\torch\nn\modules\module.py", line 1779 in _wrapped_call_impl
  [ComfyUI]   File "C:\workspaces\TRELLIS2-1326\ComfyUI\custom_nodes\ComfyUI-TRELLIS2\nodes\stages.py", line 632 in _decode_shape_slat
  [ComfyUI]   File "C:\workspaces\TRELLIS2-1326\ComfyUI\custom_nodes\ComfyUI-TRELLIS2\nodes\stages.py", line 632 in _decode_shape_slat
  [ComfyUI]   File "C:\workspaces\TRELLIS2-1326\ComfyUI\custom_nodes\ComfyUI-TRELLIS2\nodes\stages.py", line 948 in run_shape_generation
  [ComfyUI]   File "C:\workspaces\TRELLIS2-1326\ComfyUI\custom_nodes\ComfyUI-TRELLIS2\nodes\stages.py", line 948 in run_shape_generation
  [ComfyUI]   File "C:\workspaces\TRELLIS2-1326\ComfyUI\custom_nodes\ComfyUI-TRELLIS2\nodes\nodes_inference.py", line 132 in execute
  [ComfyUI]   File "C:\workspaces\TRELLIS2-1326\ComfyUI\custom_nodes\ComfyUI-TRELLIS2\nodes\nodes_inference.py", line 132 in execute
  [ComfyUI]   File "C:\workspaces\TRELLIS2-1326\ComfyUI\comfy_api\latest\_io.py", line 1833 in EXECUTE_NORMALIZED
  [ComfyUI]   File "C:\workspaces\TRELLIS2-1326\ComfyUI\comfy_api\latest\_io.py", line 1833 in EXECUTE_NORMALIZED
  [ComfyUI]   File "C:\Users\ContainerAdministrator\AppData\Local\Temp\comfyui_pvenv_n3nh8bk5\persistent_worker.py", line 1762 in main
  [ComfyUI]   File "C:\Users\ContainerAdministrator\AppData\Local\Temp\comfyui_pvenv_n3nh8bk5\persistent_worker.py", line 1762 in main
  [ComfyUI]   File "C:\Users\ContainerAdministrator\AppData\Local\Temp\comfyui_pvenv_n3nh8bk5\persistent_worker.py", line 1807 in <module>
  [ComfyUI]   File "C:\Users\ContainerAdministrator\AppData\Local\Temp\comfyui_pvenv_n3nh8bk5\persistent_worker.py", line 1807 in <module>
  [ComfyUI] 
  [ComfyUI] 
  [ComfyUI] [worker:ComfyUI-TRELLIS2] === END ===
  [ComfyUI] [worker:ComfyUI-TRELLIS2] === END ===
  [ComfyUI] 
  [ComfyUI] 
  [ComfyUI] [worker:ComfyUI-TRELLIS2] [FlexiDecoder] model to CPU: alloc=36MB
  [ComfyUI] [worker:ComfyUI-TRELLIS2] [FlexiDecoder] model to CPU: alloc=36MB
  [ComfyUI] [worker:ComfyUI-TRELLIS2] [FlexiDecoder] extra[0][0] feats=torch.Size([1112, 8]) on cuda:0, 0MB
  [ComfyUI] [worker:ComfyUI-TRELLIS2] [FlexiDecoder] extra[0][0] feats=torch.Size([1112, 8]) on cuda:0, 0MB
  [ComfyUI] [worker:ComfyUI-TRELLIS2] [FlexiDecoder] extra[0][1] feats=torch.Size([4628, 8]) on cuda:0, 0MB
  [ComfyUI] [worker:ComfyUI-TRELLIS2] [FlexiDecoder] extra[0][1] feats=torch.Size([4628, 8]) on cuda:0, 0MB
  [ComfyUI] [worker:ComfyUI-TRELLIS2] [FlexiDecoder] extra[0][2] feats=torch.Size([18059, 8]) on cuda:0, 0MB
  [ComfyUI] [worker:ComfyUI-TRELLIS2] [FlexiDecoder] extra[0][2] feats=torch.Size([18059, 8]) on cuda:0, 0MB
  [ComfyUI] [worker:ComfyUI-TRELLIS2] [FlexiDecoder] extra[0][3] feats=torch.Size([78467, 8]) on cuda:0, 1MB
  [ComfyUI] [worker:ComfyUI-TRELLIS2] [FlexiDecoder] extra[0][3] feats=torch.Size([78467, 8]) on cuda:0, 1MB
  [ComfyUI] [worker:ComfyUI-TRELLIS2] [FlexiDecoder] subs to CPU: alloc=35MB
  [ComfyUI] [worker:ComfyUI-TRELLIS2] [FlexiDecoder] subs to CPU: alloc=35MB
  [ComfyUI] [worker:ComfyUI-TRELLIS2] [FlexiDecoder] coords: torch.Size([353558, 3]) cuda:0 4MB
  [ComfyUI] [worker:ComfyUI-TRELLIS2] [FlexiDecoder] coords: torch.Size([353558, 3]) cuda:0 4MB
  [ComfyUI] [worker:ComfyUI-TRELLIS2] [FlexiDecoder] vertices.feats: torch.Size([353558, 3]) cuda:0 2MB
  [ComfyUI] [worker:ComfyUI-TRELLIS2] [FlexiDecoder] vertices.feats: torch.Size([353558, 3]) cuda:0 2MB
  [ComfyUI] [worker:ComfyUI-TRELLIS2] [FlexiDecoder] intersected.feats: torch.Size([353558, 3]) cuda:0 1MB
  [ComfyUI] [worker:ComfyUI-TRELLIS2] [FlexiDecoder] intersected.feats: torch.Size([353558, 3]) cuda:0 1MB
  [ComfyUI] [worker:ComfyUI-TRELLIS2] [FlexiDecoder] quad_lerp.feats: torch.Size([353558, 1]) cuda:0 0MB
  [ComfyUI] [worker:ComfyUI-TRELLIS2] [FlexiDecoder] quad_lerp.feats: torch.Size([353558, 1]) cuda:0 0MB
  [ComfyUI] [worker:ComfyUI-TRELLIS2] [FlexiDecoder] post-cleanup: alloc=35MB, starting mesh extraction
  [ComfyUI] [worker:ComfyUI-TRELLIS2] [FlexiDecoder] post-cleanup: alloc=35MB, starting mesh extraction
  [ComfyUI] 
  [ComfyUI] 
  [ComfyUI] Fast Tiled Decoding:   0%|          | 0/36 [00:00<?, ?it/s]
  [ComfyUI] Fast Tiled Decoding:   0%|          | 0/36 [00:00<?, ?it/s]
  [ComfyUI] Fast Tiled Decoding:  64%|██████▍   | 23/36 [00:00<00:00, 228.28it/s]
  [ComfyUI] Fast Tiled Decoding:  64%|██████▍   | 23/36 [00:00<00:00, 228.28it/s]
  [ComfyUI] Fast Tiled Decoding: 100%|██████████| 36/36 [00:00<00:00, 322.51it/s]
  [ComfyUI] Fast Tiled Decoding: 100%|██████████| 36/36 [00:00<00:00, 322.51it/s]
  [ComfyUI] [SubprocessWorker] callback 'report_progress' from call_id=59
  [ComfyUI] [SubprocessWorker] callback 'report_progress' from call_id=59
  [ComfyUI] [worker:ComfyUI-TRELLIS2] [VRAM] -1301MB (now 32MB) reserved=122MB peak=2667MB
  [ComfyUI] [worker:ComfyUI-TRELLIS2] [VRAM] -1301MB (now 32MB) reserved=122MB peak=2667MB
  [ComfyUI] [SubprocessWorker] callback 'report_progress' from call_id=59
  [ComfyUI] [SubprocessWorker] callback 'report_progress' from call_id=59
  [ComfyUI] [SubprocessWorker] got response: ok
  [ComfyUI] [SubprocessWorker] got response: ok
  [ComfyUI] [comfy-env] Created 4 model patchers: ['SparseStructureFlowModel_3', 'SparseStructureDecoder_4', 'SLatFlowModel_5', 'FlexiDualGridVaeDecoder_6']
  [ComfyUI] [comfy-env] Created 4 model patchers: ['SparseStructureFlowModel_3', 'SparseStructureDecoder_4', 'SLatFlowModel_5', 'FlexiDualGridVaeDecoder_6']
  [ComfyUI] [comfy-env] Trellis2ImageToShape done (91.55s): result: NodeOutput
  [ComfyUI] [comfy-env] Trellis2ImageToShape done (91.55s): result: NodeOutput
  [ComfyUI] [VRAM] After Trellis2ImageToShape: 1271 / 24575 MB
  [ComfyUI] [VRAM] After Trellis2ImageToShape: 1271 / 24575 MB
  [ComfyUI] [VRAM] Loaded: SubprocessModel (0 MB), SubprocessModel (0 MB), SubprocessModel (0 MB), SubprocessModel (0 MB), SubprocessModel (0 MB), SubprocessModel (0 MB)
  [ComfyUI] [VRAM] Loaded: SubprocessModel (0 MB), SubprocessModel (0 MB), SubprocessModel (0 MB), SubprocessModel (0 MB), SubprocessModel (0 MB), SubprocessModel (0 MB)
  [ComfyUI] [comfy-env] Running Trellis2ProcessMesh: remesh: dict, target_face_count: 500000, floater_threshold: 0.001, weld_vertices: True, weld_digits: 4, chart_cone_angle: 90.0, chart_refine_iterations: 1, chart_global_iterations: 1, chart_smooth_strength: 1, trimesh: Trimesh
  [ComfyUI] [comfy-env] Running Trellis2ProcessMesh: remesh: dict, target_face_count: 500000, floater_threshold: 0.001, weld_vertices: True, weld_digits: 4, chart_cone_angle: 90.0, chart_refine_iterations: 1, chart_global_iterations: 1, chart_smooth_strength: 1, trimesh: Trimesh
  [ComfyUI] [VRAM] Before Trellis2ProcessMesh: 1271 / 24575 MB
  [ComfyUI] [VRAM] Before Trellis2ProcessMesh: 1271 / 24575 MB
  [ComfyUI] [VRAM] Loaded: SubprocessModel (0 MB), SubprocessModel (0 MB), SubprocessModel (0 MB), SubprocessModel (0 MB), SubprocessModel (0 MB), SubprocessModel (0 MB)
  [ComfyUI] [VRAM] Loaded: SubprocessModel (0 MB), SubprocessModel (0 MB), SubprocessModel (0 MB), SubprocessModel (0 MB), SubprocessModel (0 MB), SubprocessModel (0 MB)
  [ComfyUI] [SubprocessWorker] call_method: nodes.nodes_unwrap.Trellis2ProcessMesh.EXECUTE_NORMALIZED
  [ComfyUI] [SubprocessWorker] call_method: nodes.nodes_unwrap.Trellis2ProcessMesh.EXECUTE_NORMALIZED
  [ComfyUI] [SubprocessWorker] acquired lock, ensuring started...
  [ComfyUI] [SubprocessWorker] acquired lock, ensuring started...
  [ComfyUI] [ComfyUI-TRELLIS2] Health check: ping (timeout=5.0s)...
  [ComfyUI] [ComfyUI-TRELLIS2] Health check: ping (timeout=5.0s)...
  [ComfyUI] [ComfyUI-TRELLIS2] Health check: ok
  [ComfyUI] [ComfyUI-TRELLIS2] Health check: ok
  [ComfyUI] [SubprocessWorker] worker started/confirmed
  [ComfyUI] [SubprocessWorker] worker started/confirmed
  [ComfyUI] [SubprocessWorker] serializing kwargs to shm...
  [ComfyUI] [SubprocessWorker] serializing kwargs to shm...
  [ComfyUI] [SubprocessWorker] created 1 shm blocks
  [ComfyUI] [SubprocessWorker] created 1 shm blocks
  [ComfyUI] [SubprocessWorker] sending request via socket...
  [ComfyUI] [SubprocessWorker] sending request via socket...
  [ComfyUI] [SubprocessWorker] call_id=60 sending call_method
  [ComfyUI] [SubprocessWorker] call_id=60 sending call_method
  [ComfyUI] [worker:ComfyUI-TRELLIS2] [VRAM] ProcessMesh Start: alloc=9MB reserved=76MB peak=9MB
  [ComfyUI] [worker:ComfyUI-TRELLIS2] [VRAM] ProcessMesh Start: alloc=9MB reserved=76MB peak=9MB
  [ComfyUI] [worker:ComfyUI-TRELLIS2] [ProcessMesh] Input: 353992 verts, 947686 faces (alloc=24MB)
  [ComfyUI] [worker:ComfyUI-TRELLIS2] [ProcessMesh] Input: 353992 verts, 947686 faces (alloc=24MB)
  [ComfyUI] [worker:ComfyUI-TRELLIS2] [ProcessMesh] Remeshing (quad DC, resolution=512, band=1.0, remove_inner_faces=True)... (alloc=24MB)
  [ComfyUI] [worker:ComfyUI-TRELLIS2] [ProcessMesh] Remeshing (quad DC, resolution=512, band=1.0, remove_inner_faces=True)... (alloc=24MB)
  Frame 20 saved (frame_019.jpg, t=122.4s)
  [capture-periodic] freeze=3ms shot=104ms unfreeze=4ms saved=True
  [ComfyUI] 
  [ComfyUI] 
  [ComfyUI] Sparse Grid:   0%|          | 0/5 [00:00<?, ?it/s]
  [ComfyUI] Sparse Grid:   0%|          | 0/5 [00:00<?, ?it/s]
  [ComfyUI] Sparse Grid: 100%|██████████| 5/5 [00:00<00:00, 87.12it/s]
  [ComfyUI] Sparse Grid: 100%|██████████| 5/5 [00:00<00:00, 87.12it/s]
  [ComfyUI] [worker:ComfyUI-TRELLIS2] Dual Contouring ...
  [ComfyUI] [worker:ComfyUI-TRELLIS2] Dual Contouring ...
  [ComfyUI] [worker:ComfyUI-TRELLIS2] Quad Topology ...
  [ComfyUI] [worker:ComfyUI-TRELLIS2] Quad Topology ...
  [ComfyUI] [worker:ComfyUI-TRELLIS2] Re-indexing vertices ...
  [ComfyUI] [worker:ComfyUI-TRELLIS2] Re-indexing vertices ...
  [ComfyUI] [worker:ComfyUI-TRELLIS2] Removing Inner Layer for 456220 quads ...
  [ComfyUI] [worker:ComfyUI-TRELLIS2] Removing Inner Layer for 456220 quads ...
  [ComfyUI] [worker:ComfyUI-TRELLIS2] [VRAM] +240MB (now 272MB) reserved=330MB peak=2667MB
  [ComfyUI] [worker:ComfyUI-TRELLIS2] [VRAM] +240MB (now 272MB) reserved=330MB peak=2667MB
  [ComfyUI] [worker:ComfyUI-TRELLIS2] Re-indexing vertices after quad filtering ...
  [ComfyUI] [worker:ComfyUI-TRELLIS2] Re-indexing vertices after quad filtering ...
  [ComfyUI] [worker:ComfyUI-TRELLIS2] Triangulation ...
  [ComfyUI] [worker:ComfyUI-TRELLIS2] Triangulation ...
  [ComfyUI] [worker:ComfyUI-TRELLIS2] [ProcessMesh] After remesh: 372389 verts, 715744 faces (alloc=24MB)
  [ComfyUI] [worker:ComfyUI-TRELLIS2] [ProcessMesh] After remesh: 372389 verts, 715744 faces (alloc=24MB)
  [ComfyUI] [worker:ComfyUI-TRELLIS2] [ProcessMesh] Removing floaters (area_threshold=0.001)... (alloc=9MB)
  [ComfyUI] [worker:ComfyUI-TRELLIS2] [ProcessMesh] Removing floaters (area_threshold=0.001)... (alloc=9MB)
  [ComfyUI] [worker:ComfyUI-TRELLIS2] [ProcessMesh] After floater removal: 349060 verts, 696020 faces (alloc=9MB)
  [ComfyUI] [worker:ComfyUI-TRELLIS2] [ProcessMesh] After floater removal: 349060 verts, 696020 faces (alloc=9MB)
  [ComfyUI] [worker:ComfyUI-TRELLIS2] [ProcessMesh] Simplifying to 500000 faces... (alloc=9MB)
  [ComfyUI] [worker:ComfyUI-TRELLIS2] [ProcessMesh] Simplifying to 500000 faces... (alloc=9MB)
  [ComfyUI] 
  [ComfyUI] 
  [ComfyUI] Simplifying:   0%|          | 0/196020 [00:00<?, ?it/s]
  [ComfyUI] Simplifying:   0%|          | 0/196020 [00:00<?, ?it/s]
  [ComfyUI] Simplifying [thres=1.00e-08]:   0%|          | 0/196020 [00:00<?, ?it/s]
  [ComfyUI] Simplifying [thres=1.00e-08]:   0%|          | 0/196020 [00:00<?, ?it/s]
  [ComfyUI] Simplifying [thres=1.00e-08]:   4%|▍         | 7629/196020 [00:00<00:00, 679428.09it/s]
  [ComfyUI] Simplifying [thres=1.00e-08]:   4%|▍         | 7629/196020 [00:00<00:00, 679428.09it/s]
  [ComfyUI] Simplifying [thres=1.00e-07]:   6%|▌         | 11370/196020 [00:00<00:00, 529886.29it/s]
  [ComfyUI] Simplifying [thres=1.00e-07]:   6%|▌         | 11370/196020 [00:00<00:00, 529886.29it/s]
  [ComfyUI] Simplifying [thres=1.00e-07]:  30%|██▉       | 58418/196020 [00:00<00:00, 1885763.06it/s]
  [ComfyUI] Simplifying [thres=1.00e-07]:  30%|██▉       | 58418/196020 [00:00<00:00, 1885763.06it/s]
  [ComfyUI] Simplifying [thres=1.00e-07]:  50%|████▉     | 97087/196020 [00:00<00:00, 2334545.24it/s]
  [ComfyUI] Simplifying [thres=1.00e-07]:  50%|████▉     | 97087/196020 [00:00<00:00, 2334545.24it/s]
  [ComfyUI] Simplifying [thres=1.00e-07]:  66%|██████▋   | 130169/196020 [00:00<00:00, 2581972.24it/s]
  [ComfyUI] Simplifying [thres=1.00e-07]:  66%|██████▋   | 130169/196020 [00:00<00:00, 2581972.24it/s]
  [ComfyUI] Simplifying [thres=1.00e-07]:  81%|████████  | 158743/196020 [00:00<00:00, 2667191.71it/s]
  [ComfyUI] Simplifying [thres=1.00e-07]:  81%|████████  | 158743/196020 [00:00<00:00, 2667191.71it/s]
  [ComfyUI] Simplifying [thres=1.00e-07]:  94%|█████████▎| 183420/196020 [00:00<00:00, 2644926.67it/s]
  [ComfyUI] Simplifying [thres=1.00e-07]:  94%|█████████▎| 183420/196020 [00:00<00:00, 2644926.67it/s]
  [ComfyUI] Simplifying [thres=1.00e-07]: 100%|██████████| 196020/196020 [00:00<00:00, 2524650.15it/s]
  [ComfyUI] Simplifying [thres=1.00e-07]: 100%|██████████| 196020/196020 [00:00<00:00, 2524650.15it/s]
  [ComfyUI] [worker:ComfyUI-TRELLIS2] [ProcessMesh] After simplify: 245900 verts, 490836 faces (alloc=9MB)
  [ComfyUI] [worker:ComfyUI-TRELLIS2] [ProcessMesh] After simplify: 245900 verts, 490836 faces (alloc=9MB)
  [ComfyUI] [worker:ComfyUI-TRELLIS2] [ProcessMesh] Welding vertices (digits=4)... (alloc=9MB)
  [ComfyUI] [worker:ComfyUI-TRELLIS2] [ProcessMesh] Welding vertices (digits=4)... (alloc=9MB)
  [capture-loop] iter=1050 t=124.3s state={'complete': False, 'error': None, 'executedCount': 1, 'wsState': 1} eval_ms=4 ram=18.6/31.9GB (58%) swap=2.4/14.3GB (17%) cpu=11% browser_rss=0.91GB
  [ComfyUI] [worker:ComfyUI-TRELLIS2] [ProcessMesh] After weld: 245900 -> 245791 verts, 490786 faces (alloc=17MB)
  [ComfyUI] [worker:ComfyUI-TRELLIS2] [ProcessMesh] After weld: 245900 -> 245791 verts, 490786 faces (alloc=17MB)
  [ComfyUI] [worker:ComfyUI-TRELLIS2] [ProcessMesh] UV unwrapping... (alloc=9MB)
  [ComfyUI] [worker:ComfyUI-TRELLIS2] [ProcessMesh] UV unwrapping... (alloc=9MB)
  [ComfyUI] [worker:ComfyUI-TRELLIS2] [VRAM] -264MB (now 9MB) reserved=350MB peak=2667MB
  [ComfyUI] [worker:ComfyUI-TRELLIS2] [VRAM] -264MB (now 9MB) reserved=350MB peak=2667MB
  [ComfyUI] [worker:ComfyUI-TRELLIS2] Get 3353 clusters after fast clustering
  [ComfyUI] [worker:ComfyUI-TRELLIS2] Get 3353 clusters after fast clustering
  [ComfyUI] 
  [ComfyUI] 
  [ComfyUI] Adding clusters to xatlas:   0%|          | 0/3353 [00:00<?, ?it/s]
  [ComfyUI] Adding clusters to xatlas:   0%|          | 0/3353 [00:00<?, ?it/s]
  [ComfyUI] Adding clusters to xatlas:  18%|█▊        | 596/3353 [00:00<00:00, 5954.54it/s]
  [ComfyUI] Adding clusters to xatlas:  18%|█▊        | 596/3353 [00:00<00:00, 5954.54it/s]
  [ComfyUI] Adding clusters to xatlas:  38%|███▊      | 1270/3353 [00:00<00:00, 6396.85it/s]
  [ComfyUI] Adding clusters to xatlas:  38%|███▊      | 1270/3353 [00:00<00:00, 6396.85it/s]
  [ComfyUI] Adding clusters to xatlas:  58%|█████▊    | 1935/3353 [00:00<00:00, 6482.50it/s]
  [ComfyUI] Adding clusters to xatlas:  58%|█████▊    | 1935/3353 [00:00<00:00, 6482.50it/s]
  [ComfyUI] Adding clusters to xatlas:  77%|███████▋  | 2597/3353 [00:00<00:00, 6515.55it/s]
  [ComfyUI] Adding clusters to xatlas:  77%|███████▋  | 2597/3353 [00:00<00:00, 6515.55it/s]
  [ComfyUI] Adding clusters to xatlas:  99%|█████████▉| 3324/3353 [00:00<00:00, 6768.28it/s]
  [ComfyUI] Adding clusters to xatlas:  99%|█████████▉| 3324/3353 [00:00<00:00, 6768.28it/s]
  [ComfyUI] Adding clusters to xatlas: 100%|██████████| 3353/3353 [00:00<00:00, 6612.66it/s]
  [ComfyUI] Adding clusters to xatlas: 100%|██████████| 3353/3353 [00:00<00:00, 6612.66it/s]
  [ComfyUI] 
  [ComfyUI] 
  [ComfyUI] xatlas: Computing charts:   0%|          | 0/100 [00:00<?, ?it/s]
  [ComfyUI] xatlas: Computing charts:   0%|          | 0/100 [00:00<?, ?it/s]
  [ComfyUI] xatlas: Computing charts:   0%|          | 0/100 [00:00<?, ?it/s]
  [ComfyUI] xatlas: Computing charts:   0%|          | 0/100 [00:00<?, ?it/s]
  [ComfyUI] xatlas: Computing charts:   1%|          | 1/100 [00:00<00:00, 584.82it/s]
  [ComfyUI] xatlas: Computing charts:   1%|          | 1/100 [00:00<00:00, 584.82it/s]
  [ComfyUI] xatlas: Computing charts:   2%|▏         | 2/100 [00:00<00:36,  2.66it/s]
  [ComfyUI] xatlas: Computing charts:   2%|▏         | 2/100 [00:00<00:36,  2.66it/s]
  [ComfyUI] xatlas: Computing charts:   3%|▎         | 3/100 [00:00<00:29,  3.25it/s]
  [ComfyUI] xatlas: Computing charts:   3%|▎         | 3/100 [00:00<00:29,  3.25it/s]
  [ComfyUI] xatlas: Computing charts:   4%|▍         | 4/100 [00:01<00:24,  3.98it/s]
  [ComfyUI] xatlas: Computing charts:   4%|▍         | 4/100 [00:01<00:24,  3.98it/s]
  [ComfyUI] xatlas: Computing charts:   5%|▌         | 5/100 [00:01<00:24,  3.93it/s]
  [ComfyUI] xatlas: Computing charts:   5%|▌         | 5/100 [00:01<00:24,  3.93it/s]
  [ComfyUI] xatlas: Computing charts:   6%|▌         | 6/100 [00:01<00:22,  4.19it/s]
  [ComfyUI] xatlas: Computing charts:   6%|▌         | 6/100 [00:01<00:22,  4.19it/s]
  [ComfyUI] xatlas: Computing charts:   7%|▋         | 7/100 [00:01<00:21,  4.41it/s]
  [ComfyUI] xatlas: Computing charts:   7%|▋         | 7/100 [00:01<00:21,  4.41it/s]
  [ComfyUI] xatlas: Computing charts:   8%|▊         | 8/100 [00:01<00:21,  4.25it/s]
  [ComfyUI] xatlas: Computing charts:   8%|▊         | 8/100 [00:01<00:21,  4.25it/s]
  [ComfyUI] xatlas: Computing charts:   9%|▉         | 9/100 [00:01<00:19,  4.57it/s]
  [ComfyUI] xatlas: Computing charts:   9%|▉         | 9/100 [00:01<00:19,  4.57it/s]
  [ComfyUI] xatlas: Computing charts:  10%|█         | 10/100 [00:02<00:19,  4.69it/s]
  [ComfyUI] xatlas: Computing charts:  10%|█         | 10/100 [00:02<00:19,  4.69it/s]
  [ComfyUI] xatlas: Computing charts:  11%|█         | 11/100 [00:02<00:17,  5.01it/s]
  [ComfyUI] xatlas: Computing charts:  11%|█         | 11/100 [00:02<00:17,  5.01it/s]
  [ComfyUI] xatlas: Computing charts:  12%|█▏        | 12/100 [00:02<00:17,  5.16it/s]
  [ComfyUI] xatlas: Computing charts:  12%|█▏        | 12/100 [00:02<00:17,  5.16it/s]
  [ComfyUI] xatlas: Computing charts:  13%|█▎        | 13/100 [00:02<00:15,  5.51it/s]
  [ComfyUI] xatlas: Computing charts:  13%|█▎        | 13/100 [00:02<00:15,  5.51it/s]
  [ComfyUI] xatlas: Computing charts:  14%|█▍        | 14/100 [00:02<00:15,  5.62it/s]
  [ComfyUI] xatlas: Computing charts:  14%|█▍        | 14/100 [00:02<00:15,  5.62it/s]
  [ComfyUI] xatlas: Computing charts:  15%|█▌        | 15/100 [00:02<00:14,  5.87it/s]
  [ComfyUI] xatlas: Computing charts:  15%|█▌        | 15/100 [00:02<00:14,  5.87it/s]
  [ComfyUI] xatlas: Computing charts:  16%|█▌        | 16/100 [00:02<00:14,  5.95it/s]
  [ComfyUI] xatlas: Computing charts:  16%|█▌        | 16/100 [00:02<00:14,  5.95it/s]
  [ComfyUI] xatlas: Computing charts:  17%|█▋        | 17/100 [00:02<00:13,  6.16it/s]
  [ComfyUI] xatlas: Computing charts:  17%|█▋        | 17/100 [00:02<00:13,  6.16it/s]
  [ComfyUI] xatlas: Computing charts:  18%|█▊        | 18/100 [00:02<00:12,  6.42it/s]
  [ComfyUI] xatlas: Computing charts:  18%|█▊        | 18/100 [00:02<00:12,  6.42it/s]
  [ComfyUI] xatlas: Computing charts:  19%|█▉        | 19/100 [00:02<00:12,  6.56it/s]
  [ComfyUI] xatlas: Computing charts:  19%|█▉        | 19/100 [00:02<00:12,  6.56it/s]
  [ComfyUI] xatlas: Computing charts:  20%|██        | 20/100 [00:02<00:11,  6.68it/s]
  [ComfyUI] xatlas: Computing charts:  20%|██        | 20/100 [00:02<00:11,  6.68it/s]
  [ComfyUI] xatlas: Computing charts:  21%|██        | 21/100 [00:03<00:11,  6.96it/s]
  [ComfyUI] xatlas: Computing charts:  21%|██        | 21/100 [00:03<00:11,  6.96it/s]
  [ComfyUI] xatlas: Computing charts:  22%|██▏       | 22/100 [00:03<00:11,  7.08it/s]
  [ComfyUI] xatlas: Computing charts:  22%|██▏       | 22/100 [00:03<00:11,  7.08it/s]
  [ComfyUI] xatlas: Computing charts:  23%|██▎       | 23/100 [00:03<00:10,  7.27it/s]
  [ComfyUI] xatlas: Computing charts:  23%|██▎       | 23/100 [00:03<00:10,  7.27it/s]
  [ComfyUI] xatlas: Computing charts:  24%|██▍       | 24/100 [00:03<00:10,  7.40it/s]
  [ComfyUI] xatlas: Computing charts:  24%|██▍       | 24/100 [00:03<00:10,  7.40it/s]
  [ComfyUI] xatlas: Computing charts:  25%|██▌       | 25/100 [00:03<00:09,  7.53it/s]
  [ComfyUI] xatlas: Computing charts:  25%|██▌       | 25/100 [00:03<00:09,  7.53it/s]
  [ComfyUI] xatlas: Computing charts:  26%|██▌       | 26/100 [00:03<00:09,  7.71it/s]
  [ComfyUI] xatlas: Computing charts:  26%|██▌       | 26/100 [00:03<00:09,  7.71it/s]
  [ComfyUI] xatlas: Computing charts:  27%|██▋       | 27/100 [00:03<00:09,  7.83it/s]
  [ComfyUI] xatlas: Computing charts:  27%|██▋       | 27/100 [00:03<00:09,  7.83it/s]
  [ComfyUI] xatlas: Computing charts:  28%|██▊       | 28/100 [00:03<00:09,  7.94it/s]
  [ComfyUI] xatlas: Computing charts:  28%|██▊       | 28/100 [00:03<00:09,  7.94it/s]
  [ComfyUI] xatlas: Computing charts:  29%|██▉       | 29/100 [00:03<00:08,  8.10it/s]
  [ComfyUI] xatlas: Computing charts:  29%|██▉       | 29/100 [00:03<00:08,  8.10it/s]
  [ComfyUI] xatlas: Computing charts:  30%|███       | 30/100 [00:03<00:08,  8.21it/s]
  [ComfyUI] xatlas: Computing charts:  30%|███       | 30/100 [00:03<00:08,  8.21it/s]
  [ComfyUI] xatlas: Computing charts:  31%|███       | 31/100 [00:03<00:08,  8.29it/s]
  [ComfyUI] xatlas: Computing charts:  31%|███       | 31/100 [00:03<00:08,  8.29it/s]
  [ComfyUI] xatlas: Computing charts:  32%|███▏      | 32/100 [00:03<00:08,  8.41it/s]
  [ComfyUI] xatlas: Computing charts:  32%|███▏      | 32/100 [00:03<00:08,  8.41it/s]
  [ComfyUI] xatlas: Computing charts:  33%|███▎      | 33/100 [00:03<00:07,  8.52it/s]
  [ComfyUI] xatlas: Computing charts:  33%|███▎      | 33/100 [00:03<00:07,  8.52it/s]
  [ComfyUI] xatlas: Computing charts:  34%|███▍      | 34/100 [00:03<00:07,  8.72it/s]
  [ComfyUI] xatlas: Computing charts:  34%|███▍      | 34/100 [00:03<00:07,  8.72it/s]
  [ComfyUI] xatlas: Computing charts:  35%|███▌      | 35/100 [00:03<00:07,  8.80it/s]
  [ComfyUI] xatlas: Computing charts:  35%|███▌      | 35/100 [00:03<00:07,  8.80it/s]
  [ComfyUI] xatlas: Computing charts:  36%|███▌      | 36/100 [00:04<00:07,  8.95it/s]
  [ComfyUI] xatlas: Computing charts:  36%|███▌      | 36/100 [00:04<00:07,  8.95it/s]
  [ComfyUI] xatlas: Computing charts:  37%|███▋      | 37/100 [00:04<00:06,  9.08it/s]
  [ComfyUI] xatlas: Computing charts:  37%|███▋      | 37/100 [00:04<00:06,  9.08it/s]
  [ComfyUI] xatlas: Computing charts:  38%|███▊      | 38/100 [00:04<00:06,  9.23it/s]
  [ComfyUI] xatlas: Computing charts:  38%|███▊      | 38/100 [00:04<00:06,  9.23it/s]
  [ComfyUI] xatlas: Computing charts:  39%|███▉      | 39/100 [00:04<00:06,  9.41it/s]
  [ComfyUI] xatlas: Computing charts:  39%|███▉      | 39/100 [00:04<00:06,  9.41it/s]
  [ComfyUI] xatlas: Computing charts:  40%|████      | 40/100 [00:04<00:06,  9.55it/s]
  [ComfyUI] xatlas: Computing charts:  40%|████      | 40/100 [00:04<00:06,  9.55it/s]
  [ComfyUI] xatlas: Computing charts:  41%|████      | 41/100 [00:04<00:06,  9.70it/s]
  [ComfyUI] xatlas: Computing charts:  41%|████      | 41/100 [00:04<00:06,  9.70it/s]
  [ComfyUI] xatlas: Computing charts:  42%|████▏     | 42/100 [00:04<00:05,  9.88it/s]
  [ComfyUI] xatlas: Computing charts:  42%|████▏     | 42/100 [00:04<00:05,  9.88it/s]
  [ComfyUI] xatlas: Computing charts:  43%|████▎     | 43/100 [00:04<00:05, 10.07it/s]
  [ComfyUI] xatlas: Computing charts:  43%|████▎     | 43/100 [00:04<00:05, 10.07it/s]
  [ComfyUI] xatlas: Computing charts:  44%|████▍     | 44/100 [00:04<00:05, 10.21it/s]
  [ComfyUI] xatlas: Computing charts:  44%|████▍     | 44/100 [00:04<00:05, 10.21it/s]
  [ComfyUI] xatlas: Computing charts:  45%|████▌     | 45/100 [00:04<00:05, 10.40it/s]
  [ComfyUI] xatlas: Computing charts:  45%|████▌     | 45/100 [00:04<00:05, 10.40it/s]
  [ComfyUI] xatlas: Computing charts:  46%|████▌     | 46/100 [00:04<00:05, 10.57it/s]
  [ComfyUI] xatlas: Computing charts:  46%|████▌     | 46/100 [00:04<00:05, 10.57it/s]
  [ComfyUI] xatlas: Computing charts:  47%|████▋     | 47/100 [00:04<00:04, 10.74it/s]
  [ComfyUI] xatlas: Computing charts:  47%|████▋     | 47/100 [00:04<00:04, 10.74it/s]
  [ComfyUI] xatlas: Computing charts:  48%|████▊     | 48/100 [00:04<00:04, 10.90it/s]
  [ComfyUI] xatlas: Computing charts:  48%|████▊     | 48/100 [00:04<00:04, 10.90it/s]
  [ComfyUI] xatlas: Computing charts:  49%|████▉     | 49/100 [00:04<00:04, 11.05it/s]
  [ComfyUI] xatlas: Computing charts:  49%|████▉     | 49/100 [00:04<00:04, 11.05it/s]
  [ComfyUI] xatlas: Computing charts:  50%|█████     | 50/100 [00:04<00:04, 11.22it/s]
  [ComfyUI] xatlas: Computing charts:  50%|█████     | 50/100 [00:04<00:04, 11.22it/s]
  [ComfyUI] xatlas: Computing charts:  51%|█████     | 51/100 [00:04<00:04, 11.37it/s]
  [ComfyUI] xatlas: Computing charts:  51%|█████     | 51/100 [00:04<00:04, 11.37it/s]
  [ComfyUI] xatlas: Computing charts:  52%|█████▏    | 52/100 [00:04<00:04, 11.52it/s]
  [ComfyUI] xatlas: Computing charts:  52%|█████▏    | 52/100 [00:04<00:04, 11.52it/s]
  [ComfyUI] xatlas: Computing charts:  53%|█████▎    | 53/100 [00:04<00:04, 11.69it/s]
  [ComfyUI] xatlas: Computing charts:  53%|█████▎    | 53/100 [00:04<00:04, 11.69it/s]
  [ComfyUI] xatlas: Computing charts:  54%|█████▍    | 54/100 [00:04<00:03, 11.85it/s]
  [ComfyUI] xatlas: Computing charts:  54%|█████▍    | 54/100 [00:04<00:03, 11.85it/s]
  [ComfyUI] xatlas: Computing charts:  55%|█████▌    | 55/100 [00:04<00:03, 12.02it/s]
  [ComfyUI] xatlas: Computing charts:  55%|█████▌    | 55/100 [00:04<00:03, 12.02it/s]
  [ComfyUI] xatlas: Computing charts:  56%|█████▌    | 56/100 [00:04<00:03, 12.19it/s]
  [ComfyUI] xatlas: Computing charts:  56%|█████▌    | 56/100 [00:04<00:03, 12.19it/s]
  [ComfyUI] xatlas: Computing charts:  57%|█████▋    | 57/100 [00:04<00:03, 12.36it/s]
  [ComfyUI] xatlas: Computing charts:  57%|█████▋    | 57/100 [00:04<00:03, 12.36it/s]
  [ComfyUI] xatlas: Computing charts:  58%|█████▊    | 58/100 [00:04<00:03, 12.54it/s]
  [ComfyUI] xatlas: Computing charts:  58%|█████▊    | 58/100 [00:04<00:03, 12.54it/s]
  [ComfyUI] xatlas: Computing charts:  59%|█████▉    | 59/100 [00:04<00:03, 12.71it/s]
  [ComfyUI] xatlas: Computing charts:  59%|█████▉    | 59/100 [00:04<00:03, 12.71it/s]
  [ComfyUI] xatlas: Computing charts:  60%|██████    | 60/100 [00:04<00:03, 12.90it/s]
  [ComfyUI] xatlas: Computing charts:  60%|██████    | 60/100 [00:04<00:03, 12.90it/s]
  [ComfyUI] xatlas: Computing charts:  61%|██████    | 61/100 [00:04<00:02, 13.10it/s]
  [ComfyUI] xatlas: Computing charts:  61%|██████    | 61/100 [00:04<00:02, 13.10it/s]
  [capture-loop] iter=1100 t=130.6s state={'complete': False, 'error': None, 'executedCount': 1, 'wsState': 1} eval_ms=4 ram=18.9/31.9GB (59%) swap=2.4/14.3GB (17%) cpu=78% browser_rss=0.91GB
  [ComfyUI] xatlas: Computing charts:  62%|██████▏   | 62/100 [00:05<00:03, 12.32it/s]
  [ComfyUI] xatlas: Computing charts:  62%|██████▏   | 62/100 [00:05<00:03, 12.32it/s]
  [ComfyUI] xatlas: Computing charts:  63%|██████▎   | 63/100 [00:05<00:03, 11.97it/s]
  [ComfyUI] xatlas: Computing charts:  63%|██████▎   | 63/100 [00:05<00:03, 11.97it/s]
  [ComfyUI] xatlas: Computing charts:  64%|██████▍   | 64/100 [00:05<00:03, 10.98it/s]
  [ComfyUI] xatlas: Computing charts:  64%|██████▍   | 64/100 [00:05<00:03, 10.98it/s]
  [ComfyUI] xatlas: Computing charts:  65%|██████▌   | 65/100 [00:08<00:04,  7.57it/s]
  [ComfyUI] xatlas: Computing charts:  65%|██████▌   | 65/100 [00:08<00:04,  7.57it/s]
  [capture-loop] iter=1150 t=136.6s state={'complete': False, 'error': None, 'executedCount': 1, 'wsState': 1} eval_ms=3 ram=18.8/31.9GB (59%) swap=2.4/14.3GB (17%) cpu=12% browser_rss=0.91GB
  [ComfyUI] xatlas: Computing charts:  66%|██████▌   | 66/100 [00:09<00:04,  7.12it/s]
  [ComfyUI] xatlas: Computing charts:  66%|██████▌   | 66/100 [00:09<00:04,  7.12it/s]
  [ComfyUI] xatlas: Computing charts:  67%|██████▋   | 67/100 [00:13<00:06,  5.04it/s]
  [ComfyUI] xatlas: Computing charts:  67%|██████▋   | 67/100 [00:13<00:06,  5.04it/s]
  [ComfyUI] xatlas: Computing charts: 100%|██████████| 100/100 [00:13<00:00,  7.51it/s]
  [ComfyUI] xatlas: Computing charts: 100%|██████████| 100/100 [00:13<00:00,  7.51it/s]
  [ComfyUI] xatlas: Computing charts: 100%|██████████| 100/100 [00:13<00:00,  7.51it/s]
  [ComfyUI] xatlas: Computing charts: 100%|██████████| 100/100 [00:13<00:00,  7.51it/s]
  [ComfyUI] 
  [ComfyUI] 
  [ComfyUI] xatlas: Packing charts:   0%|          | 0/100 [00:00<?, ?it/s]
  [ComfyUI] xatlas: Packing charts:   0%|          | 0/100 [00:00<?, ?it/s]
  [ComfyUI] xatlas: Packing charts:   0%|          | 0/100 [00:00<?, ?it/s]
  [ComfyUI] xatlas: Packing charts:   0%|          | 0/100 [00:00<?, ?it/s]
  [ComfyUI] xatlas: Packing charts:   1%|          | 1/100 [00:00<00:28,  3.42it/s]
  [ComfyUI] xatlas: Packing charts:   1%|          | 1/100 [00:00<00:28,  3.42it/s]
  [ComfyUI] xatlas: Packing charts:   2%|▏         | 2/100 [00:00<00:20,  4.86it/s]
  [ComfyUI] xatlas: Packing charts:   2%|▏         | 2/100 [00:00<00:20,  4.86it/s]
  [ComfyUI] xatlas: Packing charts:   3%|▎         | 3/100 [00:00<00:15,  6.14it/s]
  [ComfyUI] xatlas: Packing charts:   3%|▎         | 3/100 [00:00<00:15,  6.14it/s]
  [ComfyUI] xatlas: Packing charts:   4%|▍         | 4/100 [00:00<00:13,  7.35it/s]
  [ComfyUI] xatlas: Packing charts:   4%|▍         | 4/100 [00:00<00:13,  7.35it/s]
  [ComfyUI] xatlas: Packing charts:   5%|▌         | 5/100 [00:00<00:11,  8.42it/s]
  [ComfyUI] xatlas: Packing charts:   5%|▌         | 5/100 [00:00<00:11,  8.42it/s]
  [ComfyUI] xatlas: Packing charts:   6%|▌         | 6/100 [00:00<00:09,  9.48it/s]
  [ComfyUI] xatlas: Packing charts:   6%|▌         | 6/100 [00:00<00:09,  9.48it/s]
  [ComfyUI] xatlas: Packing charts:   7%|▋         | 7/100 [00:00<00:08, 10.53it/s]
  [ComfyUI] xatlas: Packing charts:   7%|▋         | 7/100 [00:00<00:08, 10.53it/s]
  [ComfyUI] xatlas: Packing charts:   8%|▊         | 8/100 [00:00<00:07, 11.53it/s]
  [ComfyUI] xatlas: Packing charts:   8%|▊         | 8/100 [00:00<00:07, 11.53it/s]
  [ComfyUI] xatlas: Packing charts:   9%|▉         | 9/100 [00:00<00:07, 12.53it/s]
  [ComfyUI] xatlas: Packing charts:   9%|▉         | 9/100 [00:00<00:07, 12.53it/s]
  [ComfyUI] xatlas: Packing charts:  10%|█         | 10/100 [00:00<00:06, 13.58it/s]
  [ComfyUI] xatlas: Packing charts:  10%|█         | 10/100 [00:00<00:06, 13.58it/s]
  [ComfyUI] xatlas: Packing charts:  11%|█         | 11/100 [00:00<00:06, 14.60it/s]
  [ComfyUI] xatlas: Packing charts:  11%|█         | 11/100 [00:00<00:06, 14.60it/s]
  [ComfyUI] xatlas: Packing charts:  12%|█▏        | 12/100 [00:00<00:05, 15.64it/s]
  [ComfyUI] xatlas: Packing charts:  12%|█▏        | 12/100 [00:00<00:05, 15.64it/s]
  [ComfyUI] xatlas: Packing charts:  13%|█▎        | 13/100 [00:00<00:05, 16.67it/s]
  [ComfyUI] xatlas: Packing charts:  13%|█▎        | 13/100 [00:00<00:05, 16.67it/s]
  [ComfyUI] xatlas: Packing charts:  14%|█▍        | 14/100 [00:00<00:04, 17.76it/s]
  [ComfyUI] xatlas: Packing charts:  14%|█▍        | 14/100 [00:00<00:04, 17.76it/s]
  [ComfyUI] xatlas: Packing charts:  15%|█▌        | 15/100 [00:00<00:04, 18.83it/s]
  [ComfyUI] xatlas: Packing charts:  15%|█▌        | 15/100 [00:00<00:04, 18.83it/s]
  [ComfyUI] xatlas: Packing charts:  16%|█▌        | 16/100 [00:00<00:04, 19.92it/s]
  [ComfyUI] xatlas: Packing charts:  16%|█▌        | 16/100 [00:00<00:04, 19.92it/s]
  [ComfyUI] xatlas: Packing charts:  17%|█▋        | 17/100 [00:00<00:03, 21.02it/s]
  [ComfyUI] xatlas: Packing charts:  17%|█▋        | 17/100 [00:00<00:03, 21.02it/s]
  [ComfyUI] xatlas: Packing charts:  18%|█▊        | 18/100 [00:00<00:03, 22.11it/s]
  [ComfyUI] xatlas: Packing charts:  18%|█▊        | 18/100 [00:00<00:03, 22.11it/s]
  [ComfyUI] xatlas: Packing charts:  19%|█▉        | 19/100 [00:00<00:03, 23.22it/s]
  [ComfyUI] xatlas: Packing charts:  19%|█▉        | 19/100 [00:00<00:03, 23.22it/s]
  [ComfyUI] xatlas: Packing charts:  20%|██        | 20/100 [00:00<00:03, 24.31it/s]
  [ComfyUI] xatlas: Packing charts:  20%|██        | 20/100 [00:00<00:03, 24.31it/s]
  [ComfyUI] xatlas: Packing charts:  21%|██        | 21/100 [00:00<00:03, 25.43it/s]
  [ComfyUI] xatlas: Packing charts:  21%|██        | 21/100 [00:00<00:03, 25.43it/s]
  [ComfyUI] xatlas: Packing charts:  22%|██▏       | 22/100 [00:00<00:02, 26.57it/s]
  [ComfyUI] xatlas: Packing charts:  22%|██▏       | 22/100 [00:00<00:02, 26.57it/s]
  [ComfyUI] xatlas: Packing charts:  23%|██▎       | 23/100 [00:00<00:02, 27.69it/s]
  [ComfyUI] xatlas: Packing charts:  23%|██▎       | 23/100 [00:00<00:02, 27.69it/s]
  [ComfyUI] xatlas: Packing charts:  24%|██▍       | 24/100 [00:00<00:02, 28.81it/s]
  [ComfyUI] xatlas: Packing charts:  24%|██▍       | 24/100 [00:00<00:02, 28.81it/s]
  [ComfyUI] xatlas: Packing charts:  25%|██▌       | 25/100 [00:00<00:02, 29.95it/s]
  [ComfyUI] xatlas: Packing charts:  25%|██▌       | 25/100 [00:00<00:02, 29.95it/s]
  [ComfyUI] xatlas: Packing charts:  26%|██▌       | 26/100 [00:00<00:02, 31.10it/s]
  [ComfyUI] xatlas: Packing charts:  26%|██▌       | 26/100 [00:00<00:02, 31.10it/s]
  [ComfyUI] xatlas: Packing charts:  27%|██▋       | 27/100 [00:00<00:02, 32.20it/s]
  [ComfyUI] xatlas: Packing charts:  27%|██▋       | 27/100 [00:00<00:02, 32.20it/s]
  [ComfyUI] xatlas: Packing charts:  28%|██▊       | 28/100 [00:00<00:02, 33.34it/s]
  [ComfyUI] xatlas: Packing charts:  28%|██▊       | 28/100 [00:00<00:02, 33.34it/s]
  [ComfyUI] xatlas: Packing charts:  29%|██▉       | 29/100 [00:00<00:02, 34.48it/s]
  [ComfyUI] xatlas: Packing charts:  29%|██▉       | 29/100 [00:00<00:02, 34.48it/s]
  [ComfyUI] xatlas: Packing charts:  30%|███       | 30/100 [00:00<00:01, 35.60it/s]
  [ComfyUI] xatlas: Packing charts:  30%|███       | 30/100 [00:00<00:01, 35.60it/s]
  [ComfyUI] xatlas: Packing charts:  31%|███       | 31/100 [00:00<00:01, 36.73it/s]
  [ComfyUI] xatlas: Packing charts:  31%|███       | 31/100 [00:00<00:01, 36.73it/s]
  [ComfyUI] xatlas: Packing charts:  32%|███▏      | 32/100 [00:00<00:01, 37.86it/s]
  [ComfyUI] xatlas: Packing charts:  32%|███▏      | 32/100 [00:00<00:01, 37.86it/s]
  [ComfyUI] xatlas: Packing charts:  33%|███▎      | 33/100 [00:00<00:01, 39.00it/s]
  [ComfyUI] xatlas: Packing charts:  33%|███▎      | 33/100 [00:00<00:01, 39.00it/s]
  [ComfyUI] xatlas: Packing charts:  34%|███▍      | 34/100 [00:00<00:01, 40.12it/s]
  [ComfyUI] xatlas: Packing charts:  34%|███▍      | 34/100 [00:00<00:01, 40.12it/s]
  [ComfyUI] xatlas: Packing charts:  35%|███▌      | 35/100 [00:00<00:01, 41.24it/s]
  [ComfyUI] xatlas: Packing charts:  35%|███▌      | 35/100 [00:00<00:01, 41.24it/s]
  [ComfyUI] xatlas: Packing charts:  36%|███▌      | 36/100 [00:00<00:01, 42.39it/s]
  [ComfyUI] xatlas: Packing charts:  36%|███▌      | 36/100 [00:00<00:01, 42.39it/s]
  [ComfyUI] xatlas: Packing charts:  37%|███▋      | 37/100 [00:00<00:01, 43.54it/s]
  [ComfyUI] xatlas: Packing charts:  37%|███▋      | 37/100 [00:00<00:01, 43.54it/s]
  [ComfyUI] xatlas: Packing charts:  38%|███▊      | 38/100 [00:00<00:01, 44.65it/s]
  [ComfyUI] xatlas: Packing charts:  38%|███▊      | 38/100 [00:00<00:01, 44.65it/s]
  [ComfyUI] xatlas: Packing charts:  39%|███▉      | 39/100 [00:00<00:01, 45.76it/s]
  [ComfyUI] xatlas: Packing charts:  39%|███▉      | 39/100 [00:00<00:01, 45.76it/s]
  [ComfyUI] xatlas: Packing charts:  40%|████      | 40/100 [00:00<00:01, 46.90it/s]
  [ComfyUI] xatlas: Packing charts:  40%|████      | 40/100 [00:00<00:01, 46.90it/s]
  [ComfyUI] xatlas: Packing charts:  41%|████      | 41/100 [00:00<00:01, 48.01it/s]
  [ComfyUI] xatlas: Packing charts:  41%|████      | 41/100 [00:00<00:01, 48.01it/s]
  [ComfyUI] xatlas: Packing charts:  42%|████▏     | 42/100 [00:00<00:01, 49.14it/s]
  [ComfyUI] xatlas: Packing charts:  42%|████▏     | 42/100 [00:00<00:01, 49.14it/s]
  [ComfyUI] xatlas: Packing charts:  43%|████▎     | 43/100 [00:00<00:01, 50.24it/s]
  [ComfyUI] xatlas: Packing charts:  43%|████▎     | 43/100 [00:00<00:01, 50.24it/s]
  [ComfyUI] xatlas: Packing charts:  44%|████▍     | 44/100 [00:00<00:01, 51.38it/s]
  [ComfyUI] xatlas: Packing charts:  44%|████▍     | 44/100 [00:00<00:01, 51.38it/s]
  [ComfyUI] xatlas: Packing charts:  45%|████▌     | 45/100 [00:00<00:01, 52.51it/s]
  [ComfyUI] xatlas: Packing charts:  45%|████▌     | 45/100 [00:00<00:01, 52.51it/s]
  [ComfyUI] xatlas: Packing charts:  46%|████▌     | 46/100 [00:00<00:01, 53.64it/s]
  [ComfyUI] xatlas: Packing charts:  46%|████▌     | 46/100 [00:00<00:01, 53.64it/s]
  [ComfyUI] xatlas: Packing charts:  47%|████▋     | 47/100 [00:00<00:00, 54.73it/s]
  [ComfyUI] xatlas: Packing charts:  47%|████▋     | 47/100 [00:00<00:00, 54.73it/s]
  [ComfyUI] xatlas: Packing charts:  48%|████▊     | 48/100 [00:00<00:00, 55.85it/s]
  [ComfyUI] xatlas: Packing charts:  48%|████▊     | 48/100 [00:00<00:00, 55.85it/s]
  [ComfyUI] xatlas: Packing charts:  49%|████▉     | 49/100 [00:00<00:00, 56.98it/s]
  [ComfyUI] xatlas: Packing charts:  49%|████▉     | 49/100 [00:00<00:00, 56.98it/s]
  [ComfyUI] xatlas: Packing charts:  50%|█████     | 50/100 [00:00<00:00, 58.10it/s]
  [ComfyUI] xatlas: Packing charts:  50%|█████     | 50/100 [00:00<00:00, 58.10it/s]
  [ComfyUI] xatlas: Packing charts:  51%|█████     | 51/100 [00:00<00:00, 59.18it/s]
  [ComfyUI] xatlas: Packing charts:  51%|█████     | 51/100 [00:00<00:00, 59.18it/s]
  [ComfyUI] xatlas: Packing charts:  52%|█████▏    | 52/100 [00:00<00:00, 60.30it/s]
  [ComfyUI] xatlas: Packing charts:  52%|█████▏    | 52/100 [00:00<00:00, 60.30it/s]
  [ComfyUI] xatlas: Packing charts:  53%|█████▎    | 53/100 [00:00<00:00, 61.42it/s]
  [ComfyUI] xatlas: Packing charts:  53%|█████▎    | 53/100 [00:00<00:00, 61.42it/s]
  [ComfyUI] xatlas: Packing charts:  54%|█████▍    | 54/100 [00:00<00:00, 62.53it/s]
  [ComfyUI] xatlas: Packing charts:  54%|█████▍    | 54/100 [00:00<00:00, 62.53it/s]
  [ComfyUI] xatlas: Packing charts:  55%|█████▌    | 55/100 [00:00<00:00, 63.65it/s]
  [ComfyUI] xatlas: Packing charts:  55%|█████▌    | 55/100 [00:00<00:00, 63.65it/s]
  [ComfyUI] xatlas: Packing charts:  56%|█████▌    | 56/100 [00:00<00:00, 64.76it/s]
  [ComfyUI] xatlas: Packing charts:  56%|█████▌    | 56/100 [00:00<00:00, 64.76it/s]
  [ComfyUI] xatlas: Packing charts:  57%|█████▋    | 57/100 [00:00<00:00, 65.88it/s]
  [ComfyUI] xatlas: Packing charts:  57%|█████▋    | 57/100 [00:00<00:00, 65.88it/s]
  [ComfyUI] xatlas: Packing charts:  58%|█████▊    | 58/100 [00:00<00:00, 66.99it/s]
  [ComfyUI] xatlas: Packing charts:  58%|█████▊    | 58/100 [00:00<00:00, 66.99it/s]
  [ComfyUI] xatlas: Packing charts:  59%|█████▉    | 59/100 [00:00<00:00, 68.09it/s]
  [ComfyUI] xatlas: Packing charts:  59%|█████▉    | 59/100 [00:00<00:00, 68.09it/s]
  [ComfyUI] xatlas: Packing charts:  60%|██████    | 60/100 [00:00<00:00, 69.20it/s]
  [ComfyUI] xatlas: Packing charts:  60%|██████    | 60/100 [00:00<00:00, 69.20it/s]
  [ComfyUI] xatlas: Packing charts:  61%|██████    | 61/100 [00:00<00:00, 70.31it/s]
  [ComfyUI] xatlas: Packing charts:  61%|██████    | 61/100 [00:00<00:00, 70.31it/s]
  [ComfyUI] xatlas: Packing charts:  62%|██████▏   | 62/100 [00:00<00:00, 71.41it/s]
  [ComfyUI] xatlas: Packing charts:  62%|██████▏   | 62/100 [00:00<00:00, 71.41it/s]
  [ComfyUI] xatlas: Packing charts:  63%|██████▎   | 63/100 [00:00<00:00, 72.51it/s]
  [ComfyUI] xatlas: Packing charts:  63%|██████▎   | 63/100 [00:00<00:00, 72.51it/s]
  [ComfyUI] xatlas: Packing charts:  64%|██████▍   | 64/100 [00:00<00:00, 73.61it/s]
  [ComfyUI] xatlas: Packing charts:  64%|██████▍   | 64/100 [00:00<00:00, 73.61it/s]
  [ComfyUI] xatlas: Packing charts:  65%|██████▌   | 65/100 [00:00<00:00, 74.70it/s]
  [ComfyUI] xatlas: Packing charts:  65%|██████▌   | 65/100 [00:00<00:00, 74.70it/s]
  [ComfyUI] xatlas: Packing charts:  66%|██████▌   | 66/100 [00:00<00:00, 75.80it/s]
  [ComfyUI] xatlas: Packing charts:  66%|██████▌   | 66/100 [00:00<00:00, 75.80it/s]
  [ComfyUI] xatlas: Packing charts:  67%|██████▋   | 67/100 [00:00<00:00, 76.90it/s]
  [ComfyUI] xatlas: Packing charts:  67%|██████▋   | 67/100 [00:00<00:00, 76.90it/s]
  [ComfyUI] xatlas: Packing charts:  68%|██████▊   | 68/100 [00:00<00:00, 78.05it/s]
  [ComfyUI] xatlas: Packing charts:  68%|██████▊   | 68/100 [00:00<00:00, 78.05it/s]
  [ComfyUI] xatlas: Packing charts:  69%|██████▉   | 69/100 [00:00<00:00, 79.14it/s]
  [ComfyUI] xatlas: Packing charts:  69%|██████▉   | 69/100 [00:00<00:00, 79.14it/s]
  [ComfyUI] xatlas: Packing charts:  70%|███████   | 70/100 [00:00<00:00, 80.23it/s]
  [ComfyUI] xatlas: Packing charts:  70%|███████   | 70/100 [00:00<00:00, 80.23it/s]
  [ComfyUI] xatlas: Packing charts:  71%|███████   | 71/100 [00:00<00:00, 81.32it/s]
  [ComfyUI] xatlas: Packing charts:  71%|███████   | 71/100 [00:00<00:00, 81.32it/s]
  [ComfyUI] xatlas: Packing charts:  72%|███████▏  | 72/100 [00:00<00:00, 82.41it/s]
  [ComfyUI] xatlas: Packing charts:  72%|███████▏  | 72/100 [00:00<00:00, 82.41it/s]
  [ComfyUI] xatlas: Packing charts:  73%|███████▎  | 73/100 [00:00<00:00, 83.56it/s]
  [ComfyUI] xatlas: Packing charts:  73%|███████▎  | 73/100 [00:00<00:00, 83.56it/s]
  [ComfyUI] xatlas: Packing charts:  74%|███████▍  | 74/100 [00:00<00:00, 84.64it/s]
  [ComfyUI] xatlas: Packing charts:  74%|███████▍  | 74/100 [00:00<00:00, 84.64it/s]
  [ComfyUI] xatlas: Packing charts:  75%|███████▌  | 75/100 [00:00<00:00, 85.73it/s]
  [ComfyUI] xatlas: Packing charts:  75%|███████▌  | 75/100 [00:00<00:00, 85.73it/s]
  [ComfyUI] xatlas: Packing charts:  76%|███████▌  | 76/100 [00:00<00:00, 86.81it/s]
  [ComfyUI] xatlas: Packing charts:  76%|███████▌  | 76/100 [00:00<00:00, 86.81it/s]
  [ComfyUI] xatlas: Packing charts:  77%|███████▋  | 77/100 [00:00<00:00, 87.95it/s]
  [ComfyUI] xatlas: Packing charts:  77%|███████▋  | 77/100 [00:00<00:00, 87.95it/s]
  [ComfyUI] xatlas: Packing charts:  78%|███████▊  | 78/100 [00:00<00:00, 89.03it/s]
  [ComfyUI] xatlas: Packing charts:  78%|███████▊  | 78/100 [00:00<00:00, 89.03it/s]
  [ComfyUI] xatlas: Packing charts:  79%|███████▉  | 79/100 [00:00<00:00, 90.11it/s]
  [ComfyUI] xatlas: Packing charts:  79%|███████▉  | 79/100 [00:00<00:00, 90.11it/s]
  [ComfyUI] xatlas: Packing charts:  80%|████████  | 80/100 [00:00<00:00, 91.25it/s]
  [ComfyUI] xatlas: Packing charts:  80%|████████  | 80/100 [00:00<00:00, 91.25it/s]
  [ComfyUI] xatlas: Packing charts:  81%|████████  | 81/100 [00:00<00:00, 92.33it/s]
  [ComfyUI] xatlas: Packing charts:  81%|████████  | 81/100 [00:00<00:00, 92.33it/s]
  [ComfyUI] xatlas: Packing charts:  82%|████████▏ | 82/100 [00:00<00:00, 93.41it/s]
  [ComfyUI] xatlas: Packing charts:  82%|████████▏ | 82/100 [00:00<00:00, 93.41it/s]
  [ComfyUI] xatlas: Packing charts:  83%|████████▎ | 83/100 [00:00<00:00, 94.55it/s]
  [ComfyUI] xatlas: Packing charts:  83%|████████▎ | 83/100 [00:00<00:00, 94.55it/s]
  [ComfyUI] xatlas: Packing charts:  84%|████████▍ | 84/100 [00:00<00:00, 95.62it/s]
  [ComfyUI] xatlas: Packing charts:  84%|████████▍ | 84/100 [00:00<00:00, 95.62it/s]
  [ComfyUI] xatlas: Packing charts:  85%|████████▌ | 85/100 [00:00<00:00, 96.76it/s]
  [ComfyUI] xatlas: Packing charts:  85%|████████▌ | 85/100 [00:00<00:00, 96.76it/s]
  [ComfyUI] xatlas: Packing charts:  86%|████████▌ | 86/100 [00:00<00:00, 97.83it/s]
  [ComfyUI] xatlas: Packing charts:  86%|████████▌ | 86/100 [00:00<00:00, 97.83it/s]
  [ComfyUI] xatlas: Packing charts:  87%|████████▋ | 87/100 [00:00<00:00, 98.97it/s]
  [ComfyUI] xatlas: Packing charts:  87%|████████▋ | 87/100 [00:00<00:00, 98.97it/s]
  [ComfyUI] xatlas: Packing charts:  88%|████████▊ | 88/100 [00:00<00:00, 100.04it/s]
  [ComfyUI] xatlas: Packing charts:  88%|████████▊ | 88/100 [00:00<00:00, 100.04it/s]
  [ComfyUI] xatlas: Packing charts:  89%|████████▉ | 89/100 [00:00<00:00, 101.11it/s]
  [ComfyUI] xatlas: Packing charts:  89%|████████▉ | 89/100 [00:00<00:00, 101.11it/s]
  [ComfyUI] xatlas: Packing charts:  90%|█████████ | 90/100 [00:00<00:00, 102.24it/s]
  [ComfyUI] xatlas: Packing charts:  90%|█████████ | 90/100 [00:00<00:00, 102.24it/s]
  [ComfyUI] xatlas: Packing charts:  91%|█████████ | 91/100 [00:00<00:00, 103.31it/s]
  [ComfyUI] xatlas: Packing charts:  91%|█████████ | 91/100 [00:00<00:00, 103.31it/s]
  [ComfyUI] xatlas: Packing charts:  92%|█████████▏| 92/100 [00:00<00:00, 104.38it/s]
  [ComfyUI] xatlas: Packing charts:  92%|█████████▏| 92/100 [00:00<00:00, 104.38it/s]
  [ComfyUI] xatlas: Packing charts:  93%|█████████▎| 93/100 [00:00<00:00, 105.52it/s]
  [ComfyUI] xatlas: Packing charts:  93%|█████████▎| 93/100 [00:00<00:00, 105.52it/s]
  [ComfyUI] xatlas: Packing charts:  94%|█████████▍| 94/100 [00:00<00:00, 106.59it/s]
  [ComfyUI] xatlas: Packing charts:  94%|█████████▍| 94/100 [00:00<00:00, 106.59it/s]
  [ComfyUI] xatlas: Packing charts:  95%|█████████▌| 95/100 [00:00<00:00, 107.72it/s]
  [ComfyUI] xatlas: Packing charts:  95%|█████████▌| 95/100 [00:00<00:00, 107.72it/s]
  [ComfyUI] xatlas: Packing charts:  96%|█████████▌| 96/100 [00:00<00:00, 108.78it/s]
  [ComfyUI] xatlas: Packing charts:  96%|█████████▌| 96/100 [00:00<00:00, 108.78it/s]
  [ComfyUI] xatlas: Packing charts:  97%|█████████▋| 97/100 [00:00<00:00, 109.92it/s]
  [ComfyUI] xatlas: Packing charts:  97%|█████████▋| 97/100 [00:00<00:00, 109.92it/s]
  [ComfyUI] xatlas: Packing charts:  98%|█████████▊| 98/100 [00:00<00:00, 110.98it/s]
  [ComfyUI] xatlas: Packing charts:  98%|█████████▊| 98/100 [00:00<00:00, 110.98it/s]
  [ComfyUI] xatlas: Packing charts:  99%|█████████▉| 99/100 [00:00<00:00, 112.11it/s]
  [ComfyUI] xatlas: Packing charts:  99%|█████████▉| 99/100 [00:00<00:00, 112.11it/s]
  [ComfyUI] xatlas: Packing charts: 100%|██████████| 100/100 [00:00<00:00, 113.17it/s]
  [ComfyUI] xatlas: Packing charts: 100%|██████████| 100/100 [00:00<00:00, 113.17it/s]
  [ComfyUI] xatlas: Packing charts: 100%|██████████| 100/100 [00:00<00:00, 112.82it/s]
  [ComfyUI] xatlas: Packing charts: 100%|██████████| 100/100 [00:00<00:00, 112.82it/s]
  [ComfyUI] 
  [ComfyUI] 
  [ComfyUI] xatlas: Building output meshes:   0%|          | 0/100 [00:00<?, ?it/s]
  [ComfyUI] xatlas: Building output meshes:   0%|          | 0/100 [00:00<?, ?it/s]
  [ComfyUI] xatlas: Building output meshes:   0%|          | 0/100 [00:00<?, ?it/s]
  [ComfyUI] xatlas: Building output meshes:   0%|          | 0/100 [00:00<?, ?it/s]
  [ComfyUI] xatlas: Building output meshes:   1%|          | 1/100 [00:00<00:00, 1834.78it/s]
  [ComfyUI] xatlas: Building output meshes:   1%|          | 1/100 [00:00<00:00, 1834.78it/s]
  [ComfyUI] xatlas: Building output meshes:   2%|▏         | 2/100 [00:00<00:00, 3669.56it/s]
  [ComfyUI] xatlas: Building output meshes:   2%|▏         | 2/100 [00:00<00:00, 3669.56it/s]
  [ComfyUI] xatlas: Building output meshes:   3%|▎         | 3/100 [00:00<00:00, 5504.34it/s]
  [ComfyUI] xatlas: Building output meshes:   3%|▎         | 3/100 [00:00<00:00, 5504.34it/s]
  [ComfyUI] xatlas: Building output meshes:   4%|▍         | 4/100 [00:00<00:00, 3442.89it/s]
  [ComfyUI] xatlas: Building output meshes:   4%|▍         | 4/100 [00:00<00:00, 3442.89it/s]
  [ComfyUI] xatlas: Building output meshes:   5%|▌         | 5/100 [00:00<00:00, 2824.07it/s]
  [ComfyUI] xatlas: Building output meshes:   5%|▌         | 5/100 [00:00<00:00, 2824.07it/s]
  [ComfyUI] xatlas: Building output meshes:   6%|▌         | 6/100 [00:00<00:00, 3388.88it/s]
  [ComfyUI] xatlas: Building output meshes:   6%|▌         | 6/100 [00:00<00:00, 3388.88it/s]
  [ComfyUI] xatlas: Building output meshes:   7%|▋         | 7/100 [00:00<00:00, 2942.19it/s]
  [ComfyUI] xatlas: Building output meshes:   7%|▋         | 7/100 [00:00<00:00, 2942.19it/s]
  [ComfyUI] xatlas: Building output meshes:   8%|▊         | 8/100 [00:00<00:00, 3362.50it/s]
  [ComfyUI] xatlas: Building output meshes:   8%|▊         | 8/100 [00:00<00:00, 3362.50it/s]
  [ComfyUI] xatlas: Building output meshes:   9%|▉         | 9/100 [00:00<00:00, 3037.39it/s]
  [ComfyUI] xatlas: Building output meshes:   9%|▉         | 9/100 [00:00<00:00, 3037.39it/s]
  [ComfyUI] xatlas: Building output meshes:  10%|█         | 10/100 [00:00<00:00, 3374.88it/s]
  [ComfyUI] xatlas: Building output meshes:  10%|█         | 10/100 [00:00<00:00, 3374.88it/s]
  [ComfyUI] xatlas: Building output meshes:  11%|█         | 11/100 [00:00<00:00, 3114.65it/s]
  [ComfyUI] xatlas: Building output meshes:  11%|█         | 11/100 [00:00<00:00, 3114.65it/s]
  [ComfyUI] xatlas: Building output meshes:  12%|█▏        | 12/100 [00:00<00:00, 3397.80it/s]
  [ComfyUI] xatlas: Building output meshes:  12%|█▏        | 12/100 [00:00<00:00, 3397.80it/s]
  [ComfyUI] xatlas: Building output meshes:  13%|█▎        | 13/100 [00:00<00:00, 3680.95it/s]
  [ComfyUI] xatlas: Building output meshes:  13%|█▎        | 13/100 [00:00<00:00, 3680.95it/s]
  [ComfyUI] xatlas: Building output meshes:  14%|█▍        | 14/100 [00:00<00:00, 3384.45it/s]
  [ComfyUI] xatlas: Building output meshes:  14%|█▍        | 14/100 [00:00<00:00, 3384.45it/s]
  [ComfyUI] xatlas: Building output meshes:  15%|█▌        | 15/100 [00:00<00:00, 3626.20it/s]
  [ComfyUI] xatlas: Building output meshes:  15%|█▌        | 15/100 [00:00<00:00, 3626.20it/s]
  [ComfyUI] xatlas: Building output meshes:  16%|█▌        | 16/100 [00:00<00:00, 2996.60it/s]
  [ComfyUI] xatlas: Building output meshes:  16%|█▌        | 16/100 [00:00<00:00, 2996.60it/s]
  [ComfyUI] xatlas: Building output meshes:  17%|█▋        | 17/100 [00:00<00:00, 3183.89it/s]
  [ComfyUI] xatlas: Building output meshes:  17%|█▋        | 17/100 [00:00<00:00, 3183.89it/s]
  [ComfyUI] xatlas: Building output meshes:  18%|█▊        | 18/100 [00:00<00:00, 3026.92it/s]
  [ComfyUI] xatlas: Building output meshes:  18%|█▊        | 18/100 [00:00<00:00, 3026.92it/s]
  [ComfyUI] xatlas: Building output meshes:  19%|█▉        | 19/100 [00:00<00:00, 3195.08it/s]
  [ComfyUI] xatlas: Building output meshes:  19%|█▉        | 19/100 [00:00<00:00, 3195.08it/s]
  [ComfyUI] xatlas: Building output meshes:  20%|██        | 20/100 [00:00<00:00, 3078.05it/s]
  [ComfyUI] xatlas: Building output meshes:  20%|██        | 20/100 [00:00<00:00, 3078.05it/s]
  [ComfyUI] xatlas: Building output meshes:  21%|██        | 21/100 [00:00<00:00, 3231.95it/s]
  [ComfyUI] xatlas: Building output meshes:  21%|██        | 21/100 [00:00<00:00, 3231.95it/s]
  [ComfyUI] xatlas: Building output meshes:  22%|██▏       | 22/100 [00:00<00:00, 3385.85it/s]
  [ComfyUI] xatlas: Building output meshes:  22%|██▏       | 22/100 [00:00<00:00, 3385.85it/s]
  [ComfyUI] xatlas: Building output meshes:  23%|██▎       | 23/100 [00:00<00:00, 3249.32it/s]
  [ComfyUI] xatlas: Building output meshes:  23%|██▎       | 23/100 [00:00<00:00, 3249.32it/s]
  [ComfyUI] xatlas: Building output meshes:  24%|██▍       | 24/100 [00:00<00:00, 3390.59it/s]
  [ComfyUI] xatlas: Building output meshes:  24%|██▍       | 24/100 [00:00<00:00, 3390.59it/s]
  [ComfyUI] xatlas: Building output meshes:  25%|██▌       | 25/100 [00:00<00:00, 3264.05it/s]
  [ComfyUI] xatlas: Building output meshes:  25%|██▌       | 25/100 [00:00<00:00, 3264.05it/s]
  [ComfyUI] xatlas: Building output meshes:  26%|██▌       | 26/100 [00:00<00:00, 736.29it/s]
  [ComfyUI] xatlas: Building output meshes:  26%|██▌       | 26/100 [00:00<00:00, 736.29it/s]
  [ComfyUI] xatlas: Building output meshes:  27%|██▋       | 27/100 [00:00<00:00, 751.43it/s]
  [ComfyUI] xatlas: Building output meshes:  27%|██▋       | 27/100 [00:00<00:00, 751.43it/s]
  [ComfyUI] xatlas: Building output meshes:  28%|██▊       | 28/100 [00:00<00:00, 779.26it/s]
  [ComfyUI] xatlas: Building output meshes:  28%|██▊       | 28/100 [00:00<00:00, 779.26it/s]
  [ComfyUI] xatlas: Building output meshes:  29%|██▉       | 29/100 [00:00<00:00, 794.52it/s]
  [ComfyUI] xatlas: Building output meshes:  29%|██▉       | 29/100 [00:00<00:00, 794.52it/s]
  [ComfyUI] xatlas: Building output meshes:  30%|███       | 30/100 [00:00<00:00, 821.91it/s]
  [ComfyUI] xatlas: Building output meshes:  30%|███       | 30/100 [00:00<00:00, 821.91it/s]
  [ComfyUI] xatlas: Building output meshes:  31%|███       | 31/100 [00:00<00:00, 835.84it/s]
  [ComfyUI] xatlas: Building output meshes:  31%|███       | 31/100 [00:00<00:00, 835.84it/s]
  [ComfyUI] xatlas: Building output meshes:  32%|███▏      | 32/100 [00:00<00:00, 862.80it/s]
  [ComfyUI] xatlas: Building output meshes:  32%|███▏      | 32/100 [00:00<00:00, 862.80it/s]
  [ComfyUI] xatlas: Building output meshes:  33%|███▎      | 33/100 [00:00<00:00, 889.77it/s]
  [ComfyUI] xatlas: Building output meshes:  33%|███▎      | 33/100 [00:00<00:00, 889.77it/s]
  [ComfyUI] xatlas: Building output meshes:  34%|███▍      | 34/100 [00:00<00:00, 901.83it/s]
  [ComfyUI] xatlas: Building output meshes:  34%|███▍      | 34/100 [00:00<00:00, 901.83it/s]
  [ComfyUI] xatlas: Building output meshes:  35%|███▌      | 35/100 [00:00<00:00, 928.35it/s]
  [ComfyUI] xatlas: Building output meshes:  35%|███▌      | 35/100 [00:00<00:00, 928.35it/s]
  [ComfyUI] xatlas: Building output meshes:  36%|███▌      | 36/100 [00:00<00:00, 940.25it/s]
  [ComfyUI] xatlas: Building output meshes:  36%|███▌      | 36/100 [00:00<00:00, 940.25it/s]
  [ComfyUI] xatlas: Building output meshes:  37%|███▋      | 37/100 [00:00<00:00, 966.37it/s]
  [ComfyUI] xatlas: Building output meshes:  37%|███▋      | 37/100 [00:00<00:00, 966.37it/s]
  [ComfyUI] xatlas: Building output meshes:  38%|███▊      | 38/100 [00:00<00:00, 976.35it/s]
  [ComfyUI] xatlas: Building output meshes:  38%|███▊      | 38/100 [00:00<00:00, 976.35it/s]
  [ComfyUI] xatlas: Building output meshes:  39%|███▉      | 39/100 [00:00<00:00, 1002.04it/s]
  [ComfyUI] xatlas: Building output meshes:  39%|███▉      | 39/100 [00:00<00:00, 1002.04it/s]
  [ComfyUI] xatlas: Building output meshes:  40%|████      | 40/100 [00:00<00:00, 1013.42it/s]
  [ComfyUI] xatlas: Building output meshes:  40%|████      | 40/100 [00:00<00:00, 1013.42it/s]
  [ComfyUI] xatlas: Building output meshes:  41%|████      | 41/100 [00:00<00:00, 1038.76it/s]
  [ComfyUI] xatlas: Building output meshes:  41%|████      | 41/100 [00:00<00:00, 1038.76it/s]
  [ComfyUI] xatlas: Building output meshes:  42%|████▏     | 42/100 [00:00<00:00, 1049.68it/s]
  [ComfyUI] xatlas: Building output meshes:  42%|████▏     | 42/100 [00:00<00:00, 1049.68it/s]
  [ComfyUI] xatlas: Building output meshes:  43%|████▎     | 43/100 [00:00<00:00, 1074.67it/s]
  [ComfyUI] xatlas: Building output meshes:  43%|████▎     | 43/100 [00:00<00:00, 1074.67it/s]
  [ComfyUI] xatlas: Building output meshes:  44%|████▍     | 44/100 [00:00<00:00, 1083.47it/s]
  [ComfyUI] xatlas: Building output meshes:  44%|████▍     | 44/100 [00:00<00:00, 1083.47it/s]
  [ComfyUI] xatlas: Building output meshes:  45%|████▌     | 45/100 [00:00<00:00, 1108.10it/s]
  [ComfyUI] xatlas: Building output meshes:  45%|████▌     | 45/100 [00:00<00:00, 1108.10it/s]
  [ComfyUI] xatlas: Building output meshes:  46%|████▌     | 46/100 [00:00<00:00, 1132.72it/s]
  [ComfyUI] xatlas: Building output meshes:  46%|████▌     | 46/100 [00:00<00:00, 1132.72it/s]
  [ComfyUI] xatlas: Building output meshes:  47%|████▋     | 47/100 [00:00<00:00, 1157.35it/s]
  [ComfyUI] xatlas: Building output meshes:  47%|████▋     | 47/100 [00:00<00:00, 1157.35it/s]
  [ComfyUI] xatlas: Building output meshes:  48%|████▊     | 48/100 [00:00<00:00, 1164.22it/s]
  [ComfyUI] xatlas: Building output meshes:  48%|████▊     | 48/100 [00:00<00:00, 1164.22it/s]
  [ComfyUI] xatlas: Building output meshes:  49%|████▉     | 49/100 [00:00<00:00, 1171.01it/s]
  [ComfyUI] xatlas: Building output meshes:  49%|████▉     | 49/100 [00:00<00:00, 1171.01it/s]
  [ComfyUI] xatlas: Building output meshes:  50%|█████     | 50/100 [00:00<00:00, 1194.90it/s]
  [ComfyUI] xatlas: Building output meshes:  50%|█████     | 50/100 [00:00<00:00, 1194.90it/s]
  [ComfyUI] xatlas: Building output meshes:  51%|█████     | 51/100 [00:00<00:00, 1201.74it/s]
  [ComfyUI] xatlas: Building output meshes:  51%|█████     | 51/100 [00:00<00:00, 1201.74it/s]
  [ComfyUI] xatlas: Building output meshes:  52%|█████▏    | 52/100 [00:00<00:00, 1225.30it/s]
  [ComfyUI] xatlas: Building output meshes:  52%|█████▏    | 52/100 [00:00<00:00, 1225.30it/s]
  [ComfyUI] xatlas: Building output meshes:  53%|█████▎    | 53/100 [00:00<00:00, 1231.66it/s]
  [ComfyUI] xatlas: Building output meshes:  53%|█████▎    | 53/100 [00:00<00:00, 1231.66it/s]
  [ComfyUI] xatlas: Building output meshes:  54%|█████▍    | 54/100 [00:00<00:00, 1254.90it/s]
  [ComfyUI] xatlas: Building output meshes:  54%|█████▍    | 54/100 [00:00<00:00, 1254.90it/s]
  [ComfyUI] xatlas: Building output meshes:  55%|█████▌    | 55/100 [00:00<00:00, 1278.13it/s]
  [ComfyUI] xatlas: Building output meshes:  55%|█████▌    | 55/100 [00:00<00:00, 1278.13it/s]
  [ComfyUI] xatlas: Building output meshes:  56%|█████▌    | 56/100 [00:00<00:00, 1283.44it/s]
  [ComfyUI] xatlas: Building output meshes:  56%|█████▌    | 56/100 [00:00<00:00, 1283.44it/s]
  [ComfyUI] xatlas: Building output meshes:  57%|█████▋    | 57/100 [00:00<00:00, 1289.06it/s]
  [ComfyUI] xatlas: Building output meshes:  57%|█████▋    | 57/100 [00:00<00:00, 1289.06it/s]
  [ComfyUI] xatlas: Building output meshes:  58%|█████▊    | 58/100 [00:00<00:00, 1311.67it/s]
  [ComfyUI] xatlas: Building output meshes:  58%|█████▊    | 58/100 [00:00<00:00, 1311.67it/s]
  [ComfyUI] xatlas: Building output meshes:  59%|█████▉    | 59/100 [00:00<00:00, 1316.28it/s]
  [ComfyUI] xatlas: Building output meshes:  59%|█████▉    | 59/100 [00:00<00:00, 1316.28it/s]
  [ComfyUI] xatlas: Building output meshes:  60%|██████    | 60/100 [00:00<00:00, 1338.59it/s]
  [ComfyUI] xatlas: Building output meshes:  60%|██████    | 60/100 [00:00<00:00, 1338.59it/s]
  [ComfyUI] xatlas: Building output meshes:  61%|██████    | 61/100 [00:00<00:00, 1344.17it/s]
  [ComfyUI] xatlas: Building output meshes:  61%|██████    | 61/100 [00:00<00:00, 1344.17it/s]
  [ComfyUI] xatlas: Building output meshes:  62%|██████▏   | 62/100 [00:00<00:00, 1366.21it/s]
  [ComfyUI] xatlas: Building output meshes:  62%|██████▏   | 62/100 [00:00<00:00, 1366.21it/s]
  [ComfyUI] xatlas: Building output meshes:  63%|██████▎   | 63/100 [00:00<00:00, 1370.42it/s]
  [ComfyUI] xatlas: Building output meshes:  63%|██████▎   | 63/100 [00:00<00:00, 1370.42it/s]
  [ComfyUI] xatlas: Building output meshes:  64%|██████▍   | 64/100 [00:00<00:00, 1392.17it/s]
  [ComfyUI] xatlas: Building output meshes:  64%|██████▍   | 64/100 [00:00<00:00, 1392.17it/s]
  [ComfyUI] xatlas: Building output meshes:  65%|██████▌   | 65/100 [00:00<00:00, 1395.90it/s]
  [ComfyUI] xatlas: Building output meshes:  65%|██████▌   | 65/100 [00:00<00:00, 1395.90it/s]
  [ComfyUI] xatlas: Building output meshes:  66%|██████▌   | 66/100 [00:00<00:00, 1417.37it/s]
  [ComfyUI] xatlas: Building output meshes:  66%|██████▌   | 66/100 [00:00<00:00, 1417.37it/s]
  [ComfyUI] xatlas: Building output meshes:  67%|██████▋   | 67/100 [00:00<00:00, 1438.85it/s]
  [ComfyUI] xatlas: Building output meshes:  67%|██████▋   | 67/100 [00:00<00:00, 1438.85it/s]
  [ComfyUI] xatlas: Building output meshes:  68%|██████▊   | 68/100 [00:00<00:00, 1441.44it/s]
  [ComfyUI] xatlas: Building output meshes:  68%|██████▊   | 68/100 [00:00<00:00, 1441.44it/s]
  [ComfyUI] xatlas: Building output meshes:  69%|██████▉   | 69/100 [00:00<00:00, 1444.04it/s]
  [ComfyUI] xatlas: Building output meshes:  69%|██████▉   | 69/100 [00:00<00:00, 1444.04it/s]
  [ComfyUI] xatlas: Building output meshes:  70%|███████   | 70/100 [00:00<00:00, 1464.97it/s]
  [ComfyUI] xatlas: Building output meshes:  70%|███████   | 70/100 [00:00<00:00, 1464.97it/s]
  [ComfyUI] xatlas: Building output meshes:  71%|███████   | 71/100 [00:00<00:00, 648.69it/s]
  [ComfyUI] xatlas: Building output meshes:  71%|███████   | 71/100 [00:00<00:00, 648.69it/s]
  [ComfyUI] xatlas: Building output meshes:  72%|███████▏  | 72/100 [00:00<00:00, 657.83it/s]
  [ComfyUI] xatlas: Building output meshes:  72%|███████▏  | 72/100 [00:00<00:00, 657.83it/s]
  [ComfyUI] xatlas: Building output meshes:  73%|███████▎  | 73/100 [00:00<00:00, 663.17it/s]
  [ComfyUI] xatlas: Building output meshes:  73%|███████▎  | 73/100 [00:00<00:00, 663.17it/s]
  [ComfyUI] xatlas: Building output meshes:  74%|███████▍  | 74/100 [00:00<00:00, 672.25it/s]
  [ComfyUI] xatlas: Building output meshes:  74%|███████▍  | 74/100 [00:00<00:00, 672.25it/s]
  [ComfyUI] xatlas: Building output meshes:  75%|███████▌  | 75/100 [00:00<00:00, 681.34it/s]
  [ComfyUI] xatlas: Building output meshes:  75%|███████▌  | 75/100 [00:00<00:00, 681.34it/s]
  [ComfyUI] xatlas: Building output meshes:  76%|███████▌  | 76/100 [00:00<00:00, 686.70it/s]
  [ComfyUI] xatlas: Building output meshes:  76%|███████▌  | 76/100 [00:00<00:00, 686.70it/s]
  [ComfyUI] xatlas: Building output meshes:  77%|███████▋  | 77/100 [00:00<00:00, 695.73it/s]
  [ComfyUI] xatlas: Building output meshes:  77%|███████▋  | 77/100 [00:00<00:00, 695.73it/s]
  [ComfyUI] xatlas: Building output meshes:  78%|███████▊  | 78/100 [00:00<00:00, 704.77it/s]
  [ComfyUI] xatlas: Building output meshes:  78%|███████▊  | 78/100 [00:00<00:00, 704.77it/s]
  [ComfyUI] xatlas: Building output meshes:  79%|███████▉  | 79/100 [00:00<00:00, 710.03it/s]
  [ComfyUI] xatlas: Building output meshes:  79%|███████▉  | 79/100 [00:00<00:00, 710.03it/s]
  [ComfyUI] xatlas: Building output meshes:  80%|████████  | 80/100 [00:00<00:00, 719.01it/s]
  [ComfyUI] xatlas: Building output meshes:  80%|████████  | 80/100 [00:00<00:00, 719.01it/s]
  [ComfyUI] xatlas: Building output meshes:  81%|████████  | 81/100 [00:00<00:00, 728.00it/s]
  [ComfyUI] xatlas: Building output meshes:  81%|████████  | 81/100 [00:00<00:00, 728.00it/s]
  [ComfyUI] xatlas: Building output meshes:  82%|████████▏ | 82/100 [00:00<00:00, 733.36it/s]
  [ComfyUI] xatlas: Building output meshes:  82%|████████▏ | 82/100 [00:00<00:00, 733.36it/s]
  [ComfyUI] xatlas: Building output meshes:  83%|████████▎ | 83/100 [00:00<00:00, 742.30it/s]
  [ComfyUI] xatlas: Building output meshes:  83%|████████▎ | 83/100 [00:00<00:00, 742.30it/s]
  [ComfyUI] xatlas: Building output meshes:  84%|████████▍ | 84/100 [00:00<00:00, 751.25it/s]
  [ComfyUI] xatlas: Building output meshes:  84%|████████▍ | 84/100 [00:00<00:00, 751.25it/s]
  [ComfyUI] xatlas: Building output meshes:  85%|████████▌ | 85/100 [00:00<00:00, 760.19it/s]
  [ComfyUI] xatlas: Building output meshes:  85%|████████▌ | 85/100 [00:00<00:00, 760.19it/s]
  [ComfyUI] xatlas: Building output meshes:  86%|████████▌ | 86/100 [00:00<00:00, 764.93it/s]
  [ComfyUI] xatlas: Building output meshes:  86%|████████▌ | 86/100 [00:00<00:00, 764.93it/s]
  [ComfyUI] xatlas: Building output meshes:  87%|████████▋ | 87/100 [00:00<00:00, 773.83it/s]
  [ComfyUI] xatlas: Building output meshes:  87%|████████▋ | 87/100 [00:00<00:00, 773.83it/s]
  [ComfyUI] xatlas: Building output meshes:  88%|████████▊ | 88/100 [00:00<00:00, 782.72it/s]
  [ComfyUI] xatlas: Building output meshes:  88%|████████▊ | 88/100 [00:00<00:00, 782.72it/s]
  [ComfyUI] xatlas: Building output meshes:  89%|████████▉ | 89/100 [00:00<00:00, 791.62it/s]
  [ComfyUI] xatlas: Building output meshes:  89%|████████▉ | 89/100 [00:00<00:00, 791.62it/s]
  [ComfyUI] xatlas: Building output meshes:  90%|█████████ | 90/100 [00:00<00:00, 796.23it/s]
  [ComfyUI] xatlas: Building output meshes:  90%|█████████ | 90/100 [00:00<00:00, 796.23it/s]
  [ComfyUI] xatlas: Building output meshes:  91%|█████████ | 91/100 [00:00<00:00, 805.08it/s]
  [ComfyUI] xatlas: Building output meshes:  91%|█████████ | 91/100 [00:00<00:00, 805.08it/s]
  [ComfyUI] xatlas: Building output meshes:  92%|█████████▏| 92/100 [00:00<00:00, 809.67it/s]
  [ComfyUI] xatlas: Building output meshes:  92%|█████████▏| 92/100 [00:00<00:00, 809.67it/s]
  [ComfyUI] xatlas: Building output meshes:  93%|█████████▎| 93/100 [00:00<00:00, 818.47it/s]
  [ComfyUI] xatlas: Building output meshes:  93%|█████████▎| 93/100 [00:00<00:00, 818.47it/s]
  [ComfyUI] xatlas: Building output meshes:  94%|█████████▍| 94/100 [00:00<00:00, 822.90it/s]
  [ComfyUI] xatlas: Building output meshes:  94%|█████████▍| 94/100 [00:00<00:00, 822.90it/s]
  [ComfyUI] xatlas: Building output meshes:  95%|█████████▌| 95/100 [00:00<00:00, 831.65it/s]
  [ComfyUI] xatlas: Building output meshes:  95%|█████████▌| 95/100 [00:00<00:00, 831.65it/s]
  [ComfyUI] xatlas: Building output meshes:  96%|█████████▌| 96/100 [00:00<00:00, 836.35it/s]
  [ComfyUI] xatlas: Building output meshes:  96%|█████████▌| 96/100 [00:00<00:00, 836.35it/s]
  [ComfyUI] xatlas: Building output meshes:  97%|█████████▋| 97/100 [00:00<00:00, 845.06it/s]
  [ComfyUI] xatlas: Building output meshes:  97%|█████████▋| 97/100 [00:00<00:00, 845.06it/s]
  [ComfyUI] xatlas: Building output meshes:  98%|█████████▊| 98/100 [00:00<00:00, 853.77it/s]
  [ComfyUI] xatlas: Building output meshes:  98%|█████████▊| 98/100 [00:00<00:00, 853.77it/s]
  [ComfyUI] xatlas: Building output meshes:  99%|█████████▉| 99/100 [00:00<00:00, 857.88it/s]
  [ComfyUI] xatlas: Building output meshes:  99%|█████████▉| 99/100 [00:00<00:00, 857.88it/s]
  [ComfyUI] xatlas: Building output meshes: 100%|██████████| 100/100 [00:00<00:00, 866.55it/s]
  [ComfyUI] xatlas: Building output meshes: 100%|██████████| 100/100 [00:00<00:00, 866.55it/s]
  [ComfyUI] xatlas: Building output meshes: 100%|██████████| 100/100 [00:00<00:00, 862.03it/s]
  [ComfyUI] xatlas: Building output meshes: 100%|██████████| 100/100 [00:00<00:00, 862.03it/s]
  [ComfyUI] 
  [ComfyUI] 
  [ComfyUI] Gathering results from xatlas:   0%|          | 0/3353 [00:00<?, ?it/s]
  [ComfyUI] Gathering results from xatlas:   0%|          | 0/3353 [00:00<?, ?it/s]
  [ComfyUI] Gathering results from xatlas:  47%|████▋     | 1569/3353 [00:00<00:00, 15655.82it/s]
  [ComfyUI] Gathering results from xatlas:  47%|████▋     | 1569/3353 [00:00<00:00, 15655.82it/s]
  [ComfyUI] Gathering results from xatlas:  98%|█████████▊| 3277/3353 [00:00<00:00, 16491.54it/s]
  [ComfyUI] Gathering results from xatlas:  98%|█████████▊| 3277/3353 [00:00<00:00, 16491.54it/s]
  [ComfyUI] Gathering results from xatlas: 100%|██████████| 3353/3353 [00:00<00:00, 16403.51it/s]
  [ComfyUI] Gathering results from xatlas: 100%|██████████| 3353/3353 [00:00<00:00, 16403.51it/s]
  [ComfyUI] [worker:ComfyUI-TRELLIS2] [ProcessMesh] After UV unwrap: 362495 verts, 490786 faces (alloc=9MB)
  [ComfyUI] [worker:ComfyUI-TRELLIS2] [ProcessMesh] After UV unwrap: 362495 verts, 490786 faces (alloc=9MB)
  [ComfyUI] [worker:ComfyUI-TRELLIS2] [ProcessMesh] Done: 362495 verts, 490786 faces (alloc=9MB)
  [ComfyUI] [worker:ComfyUI-TRELLIS2] [ProcessMesh] Done: 362495 verts, 490786 faces (alloc=9MB)
  [ComfyUI] [worker:ComfyUI-TRELLIS2] [VRAM] ProcessMesh done: alloc=9MB reserved=56MB peak=313MB
  [ComfyUI] [worker:ComfyUI-TRELLIS2] [VRAM] ProcessMesh done: alloc=9MB reserved=56MB peak=313MB
  [ComfyUI] [SubprocessWorker] got response: ok
  [ComfyUI] [SubprocessWorker] got response: ok
  [ComfyUI] [comfy-env] Trellis2ProcessMesh done (19.24s): result: NodeOutput
  [ComfyUI] [comfy-env] Trellis2ProcessMesh done (19.24s): result: NodeOutput
  [ComfyUI] [VRAM] After Trellis2ProcessMesh: 1271 / 24575 MB
  [ComfyUI] [VRAM] After Trellis2ProcessMesh: 1271 / 24575 MB
  [ComfyUI] [VRAM] Loaded: SubprocessModel (0 MB), SubprocessModel (0 MB), SubprocessModel (0 MB), SubprocessModel (0 MB), SubprocessModel (0 MB), SubprocessModel (0 MB)
  [ComfyUI] [VRAM] Loaded: SubprocessModel (0 MB), SubprocessModel (0 MB), SubprocessModel (0 MB), SubprocessModel (0 MB), SubprocessModel (0 MB), SubprocessModel (0 MB)
  [ComfyUI] [comfy-env] Running GeomPackPreviewMeshVTK: mode: 'fields', trimesh: Trimesh
  [ComfyUI] [comfy-env] Running GeomPackPreviewMeshVTK: mode: 'fields', trimesh: Trimesh
  [ComfyUI] [VRAM] Before GeomPackPreviewMeshVTK: 1271 / 24575 MB
  [ComfyUI] [VRAM] Before GeomPackPreviewMeshVTK: 1271 / 24575 MB
  [ComfyUI] [VRAM] Loaded: SubprocessModel (0 MB), SubprocessModel (0 MB), SubprocessModel (0 MB), SubprocessModel (0 MB), SubprocessModel (0 MB), SubprocessModel (0 MB)
  [ComfyUI] [VRAM] Loaded: SubprocessModel (0 MB), SubprocessModel (0 MB), SubprocessModel (0 MB), SubprocessModel (0 MB), SubprocessModel (0 MB), SubprocessModel (0 MB)
  [ComfyUI] [SubprocessWorker] call_method: nodes.main.visualization.preview_mesh_vtk.PreviewMeshVTKNode.EXECUTE_NORMALIZED
  [ComfyUI] [SubprocessWorker] call_method: nodes.main.visualization.preview_mesh_vtk.PreviewMeshVTKNode.EXECUTE_NORMALIZED
  [ComfyUI] [SubprocessWorker] acquired lock, ensuring started...
  [ComfyUI] [SubprocessWorker] acquired lock, ensuring started...
  [ComfyUI] [ComfyUI-GeometryPack] Health check: ping (timeout=5.0s)...
  [ComfyUI] [ComfyUI-GeometryPack] Health check: ping (timeout=5.0s)...
  [ComfyUI] [ComfyUI-GeometryPack] Health check: failed
  [ComfyUI] [ComfyUI-GeometryPack] Health check: failed
  [ComfyUI] [ComfyUI-GeometryPack] Socket unhealthy, restarting worker...
  [ComfyUI] [ComfyUI-GeometryPack] Socket unhealthy, restarting worker...
  [ComfyUI] [comfy-env] geometrypack-main: Library/bin has 609 DLLs
  [ComfyUI] [comfy-env] geometrypack-main: Library/bin has 609 DLLs
  [ComfyUI] [ComfyUI-GeometryPack] python: C:\workspaces\TRELLIS2-1326\ComfyUI\.ce\.pixi\envs\geometrypack-main\python.exe
  [ComfyUI] [ComfyUI-GeometryPack] python: C:\workspaces\TRELLIS2-1326\ComfyUI\.ce\.pixi\envs\geometrypack-main\python.exe
  [ComfyUI] [ComfyUI-GeometryPack] sys_path sent to worker: ['C:\\workspaces\\TRELLIS2-1326\\ComfyUI', 'C:\\workspaces\\TRELLIS2-1326\\ComfyUI\\custom_nodes\\ComfyUI-GeometryPack', 'C:\\workspaces\\TRELLIS2-1326\\ComfyUI\\.ce\\.pixi\\envs\\geometrypack-main\\Lib\\site-packages', 'C:\\workspaces\\TRELLIS2-1326\\ComfyUI\\custom_nodes\\ComfyUI-GeometryPack']
  [ComfyUI] [ComfyUI-GeometryPack] sys_path sent to worker: ['C:\\workspaces\\TRELLIS2-1326\\ComfyUI', 'C:\\workspaces\\TRELLIS2-1326\\ComfyUI\\custom_nodes\\ComfyUI-GeometryPack', 'C:\\workspaces\\TRELLIS2-1326\\ComfyUI\\.ce\\.pixi\\envs\\geometrypack-main\\Lib\\site-packages', 'C:\\workspaces\\TRELLIS2-1326\\ComfyUI\\custom_nodes\\ComfyUI-GeometryPack']
  [ComfyUI] [SubprocessWorker] is_pixi=True, python=C:\workspaces\TRELLIS2-1326\ComfyUI\.ce\.pixi\envs\geometrypack-main\python.exe
  [ComfyUI] [SubprocessWorker] is_pixi=True, python=C:\workspaces\TRELLIS2-1326\ComfyUI\.ce\.pixi\envs\geometrypack-main\python.exe
  [ComfyUI] [SubprocessWorker] launching cmd=['C:\\Users\\ContainerAdministrator\\.pixi\\bin\\pixi.exe', 'run', '--as-is', '--manifest-path', 'C:\\workspaces\\TRELLIS2-1326\\ComfyUI\\.ce\\pixi.toml', '-e', 'geometrypack-main', 'python', 'C:\\Users\\ContainerAdministrator\\AppData\\Local\\Temp\\comfyui_pvenv_a_faotwu\\persistent_worker.py', 'tcp://127.0.0.1:58374']...
  [ComfyUI] [SubprocessWorker] launching cmd=['C:\\Users\\ContainerAdministrator\\.pixi\\bin\\pixi.exe', 'run', '--as-is', '--manifest-path', 'C:\\workspaces\\TRELLIS2-1326\\ComfyUI\\.ce\\pixi.toml', '-e', 'geometrypack-main', 'python', 'C:\\Users\\ContainerAdministrator\\AppData\\Local\\Temp\\comfyui_pvenv_a_faotwu\\persistent_worker.py', 'tcp://127.0.0.1:58374']...
  Frame 21 saved (frame_020.jpg, t=142.1s)
  [capture-periodic] freeze=3ms shot=106ms unfreeze=3ms saved=True
  [capture-loop] iter=1200 t=142.6s state={'complete': False, 'error': None, 'executedCount': 1, 'wsState': 1} eval_ms=4 ram=16.7/31.9GB (52%) swap=2.4/14.3GB (17%) cpu=12% browser_rss=0.91GB
  [capture-loop] iter=1250 t=148.2s state={'complete': False, 'error': None, 'executedCount': 1, 'wsState': 1} eval_ms=3 ram=17.0/31.9GB (53%) swap=2.4/14.3GB (17%) cpu=4% browser_rss=0.91GB
  [ComfyUI] [worker:ComfyUI-GeometryPack] WARNING: WARNING: You need pytorch with cu130 or higher to use optimized CUDA operations.
  [ComfyUI] [worker:ComfyUI-GeometryPack] WARNING: WARNING: You need pytorch with cu130 or higher to use optimized CUDA operations.
  [ComfyUI] [SubprocessWorker] worker started/confirmed
  [ComfyUI] [SubprocessWorker] worker started/confirmed
  [ComfyUI] [SubprocessWorker] serializing kwargs to shm...
  [ComfyUI] [SubprocessWorker] serializing kwargs to shm...
  [ComfyUI] [SubprocessWorker] created 1 shm blocks
  [ComfyUI] [SubprocessWorker] created 1 shm blocks
  [ComfyUI] [SubprocessWorker] sending request via socket...
  [ComfyUI] [SubprocessWorker] sending request via socket...
  [ComfyUI] [SubprocessWorker] call_id=8 sending call_method
  [ComfyUI] [SubprocessWorker] call_id=8 sending call_method
  [ComfyUI] [worker:ComfyUI-GeometryPack] INFO: Preparing preview: Mesh - 362495 vertices, 490786 faces
  [ComfyUI] [worker:ComfyUI-GeometryPack] INFO: Preparing preview: Mesh - 362495 vertices, 490786 faces
  [ComfyUI] [worker:ComfyUI-GeometryPack] INFO: Mode: fields
  [ComfyUI] [worker:ComfyUI-GeometryPack] INFO: Mode: fields
  [ComfyUI] [worker:ComfyUI-GeometryPack] INFO: Visual data - has_visual: True, kind: texture, texture: True, vertex_colors: False
  [ComfyUI] [worker:ComfyUI-GeometryPack] INFO: Visual data - has_visual: True, kind: texture, texture: True, vertex_colors: False
  [ComfyUI] [worker:ComfyUI-GeometryPack] INFO: Using fields mode - VTP export
  [ComfyUI] [worker:ComfyUI-GeometryPack] INFO: Using fields mode - VTP export
  [ComfyUI] [worker:ComfyUI-GeometryPack] INFO: Exporting mesh to VTP: C:\workspaces\TRELLIS2-1326\ComfyUI\output\preview_vtk_ac4b7368.vtp
  [ComfyUI] [worker:ComfyUI-GeometryPack] INFO: Exporting mesh to VTP: C:\workspaces\TRELLIS2-1326\ComfyUI\output\preview_vtk_ac4b7368.vtp
  [ComfyUI] [worker:ComfyUI-GeometryPack] INFO: Adding normals field (362495 vertices)
  [ComfyUI] [worker:ComfyUI-GeometryPack] INFO: Adding normals field (362495 vertices)
  [capture-loop] iter=1300 t=154.2s state={'complete': False, 'error': None, 'executedCount': 1, 'wsState': 1} eval_ms=4 ram=17.4/31.9GB (54%) swap=2.4/14.3GB (17%) cpu=9% browser_rss=0.91GB
  [ComfyUI] [worker:ComfyUI-GeometryPack] INFO: Export complete: 362495 vertices, 490786 faces
  [ComfyUI] [worker:ComfyUI-GeometryPack] INFO: Export complete: 362495 vertices, 490786 faces
  [ComfyUI] [worker:ComfyUI-GeometryPack] INFO: Exported VTP to: C:\workspaces\TRELLIS2-1326\ComfyUI\output\preview_vtk_ac4b7368.vtp
  [ComfyUI] [worker:ComfyUI-GeometryPack] INFO: Exported VTP to: C:\workspaces\TRELLIS2-1326\ComfyUI\output\preview_vtk_ac4b7368.vtp
  [ComfyUI] [worker:ComfyUI-GeometryPack] INFO: Fields mode info: watertight=False, volume=None, area=1.0987233133384642, no fields
  [ComfyUI] [worker:ComfyUI-GeometryPack] INFO: Fields mode info: watertight=False, volume=None, area=1.0987233133384642, no fields
  [ComfyUI] [SubprocessWorker] got response: ok
  [ComfyUI] [SubprocessWorker] got response: ok
  [ComfyUI] [comfy-env] GeomPackPreviewMeshVTK done (14.38s): result: NodeOutput
  [ComfyUI] [comfy-env] GeomPackPreviewMeshVTK done (14.38s): result: NodeOutput
  [ComfyUI] [VRAM] After GeomPackPreviewMeshVTK: 1271 / 24575 MB
  [ComfyUI] [VRAM] After GeomPackPreviewMeshVTK: 1271 / 24575 MB
  [ComfyUI] [VRAM] Loaded: SubprocessModel (0 MB), SubprocessModel (0 MB), SubprocessModel (0 MB), SubprocessModel (0 MB), SubprocessModel (0 MB), SubprocessModel (0 MB)
  [ComfyUI] [VRAM] Loaded: SubprocessModel (0 MB), SubprocessModel (0 MB), SubprocessModel (0 MB), SubprocessModel (0 MB), SubprocessModel (0 MB), SubprocessModel (0 MB)
  [ComfyUI] Prompt executed in 155.28 seconds
  [ComfyUI] Prompt executed in 155.28 seconds
  Node executed (2 total), capturing...
  Frame 22 saved (frame_021.jpg, t=155.7s)
  [capture-node] freeze=4ms shot=108ms unfreeze=0ms saved=True
  Execution complete (t=155.7s)
  Captured 22 unique frames over 155.83s
  [debug] iframes: 1
  [debug]   iframe[0]: src=http://127.0.0.1:41889/extensions/ComfyUI-GeometryPack/viewer_vtk.html?v=1778241, canvas=0x0, rafFrozen=False
  [timing] trigger_3d_previews: 0.7s
  Saved high-quality screenshot: remove_background_executed.png
  [timing] final_screenshot: 0.8s
    Captured 23 video frames