  [ComfyUI] [comfy-env] [VRAM] Before offload 'SparseStructureFlowModel_2' (2466 MB) -> cpu: 1271 / 24575 MB
  [ComfyUI] [comfy-env] [VRAM] Before offload 'SparseStructureFlowModel_2' (2466 MB) -> cpu: 1271 / 24575 MB
Capturing execution frames: standalone_texturing.json
  [ComfyUI] [ComfyUI-TRELLIS2] Health check: ping (timeout=5.0s)...
  [ComfyUI] [ComfyUI-TRELLIS2] Health check: ping (timeout=5.0s)...
  [ComfyUI] [ComfyUI-TRELLIS2] Health check: ok
  [ComfyUI] [ComfyUI-TRELLIS2] Health check: ok
  [ComfyUI] [SubprocessWorker] call_id=62 sending model_to_device
  [ComfyUI] [SubprocessWorker] call_id=62 sending model_to_device
  [ComfyUI] [comfy-env] [VRAM] After offload 'SparseStructureFlowModel_2' (2466 MB): 1271 / 24575 MB
  [ComfyUI] [comfy-env] [VRAM] After offload 'SparseStructureFlowModel_2' (2466 MB): 1271 / 24575 MB
  [ComfyUI] [comfy-env] [VRAM] Before offload 'SLatFlowModel_4' (2464 MB) -> cpu: 1271 / 24575 MB
  [ComfyUI] [comfy-env] [VRAM] Before offload 'SLatFlowModel_4' (2464 MB) -> cpu: 1271 / 24575 MB
  [ComfyUI] [ComfyUI-TRELLIS2] Health check: ping (timeout=5.0s)...
  [ComfyUI] [ComfyUI-TRELLIS2] Health check: ping (timeout=5.0s)...
  [ComfyUI] [ComfyUI-TRELLIS2] Health check: ok
  [ComfyUI] [ComfyUI-TRELLIS2] Health check: ok
  [ComfyUI] [SubprocessWorker] call_id=63 sending model_to_device
  [ComfyUI] [SubprocessWorker] call_id=63 sending model_to_device
  [ComfyUI] [comfy-env] [VRAM] After offload 'SLatFlowModel_4' (2464 MB): 1271 / 24575 MB
  [ComfyUI] [comfy-env] [VRAM] After offload 'SLatFlowModel_4' (2464 MB): 1271 / 24575 MB
  [ComfyUI] [comfy-env] [VRAM] Before offload 'DINOv3ViT_1' (1156 MB) -> cpu: 1271 / 24575 MB
  [ComfyUI] [comfy-env] [VRAM] Before offload 'DINOv3ViT_1' (1156 MB) -> cpu: 1271 / 24575 MB
  [ComfyUI] [ComfyUI-TRELLIS2] Health check: ping (timeout=5.0s)...
  [ComfyUI] [ComfyUI-TRELLIS2] Health check: ping (timeout=5.0s)...
  [ComfyUI] [ComfyUI-TRELLIS2] Health check: ok
  [ComfyUI] [ComfyUI-TRELLIS2] Health check: ok
  [ComfyUI] [SubprocessWorker] call_id=64 sending model_to_device
  [ComfyUI] [SubprocessWorker] call_id=64 sending model_to_device
  [ComfyUI] [comfy-env] [VRAM] After offload 'DINOv3ViT_1' (1156 MB): 1271 / 24575 MB
  [ComfyUI] [comfy-env] [VRAM] After offload 'DINOv3ViT_1' (1156 MB): 1271 / 24575 MB
  [ComfyUI] [comfy-env] [VRAM] Before offload 'FlexiDualGridVaeDecoder_5' (904 MB) -> cpu: 1271 / 24575 MB
  [ComfyUI] [comfy-env] [VRAM] Before offload 'FlexiDualGridVaeDecoder_5' (904 MB) -> cpu: 1271 / 24575 MB
  [ComfyUI] [ComfyUI-TRELLIS2] Health check: ping (timeout=5.0s)...
  [ComfyUI] [ComfyUI-TRELLIS2] Health check: ping (timeout=5.0s)...
  [ComfyUI] [ComfyUI-TRELLIS2] Health check: ok
  [ComfyUI] [ComfyUI-TRELLIS2] Health check: ok
  [ComfyUI] [SubprocessWorker] call_id=65 sending model_to_device
  [ComfyUI] [SubprocessWorker] call_id=65 sending model_to_device
  [ComfyUI] [comfy-env] [VRAM] After offload 'FlexiDualGridVaeDecoder_5' (904 MB): 1271 / 24575 MB
  [ComfyUI] [comfy-env] [VRAM] After offload 'FlexiDualGridVaeDecoder_5' (904 MB): 1271 / 24575 MB
  [ComfyUI] [comfy-env] [VRAM] Before offload 'SparseStructureDecoder_3' (140 MB) -> cpu: 1271 / 24575 MB
  [ComfyUI] [comfy-env] [VRAM] Before offload 'SparseStructureDecoder_3' (140 MB) -> cpu: 1271 / 24575 MB
  [ComfyUI] [ComfyUI-TRELLIS2] Health check: ping (timeout=5.0s)...
  [ComfyUI] [ComfyUI-TRELLIS2] Health check: ping (timeout=5.0s)...
  [ComfyUI] [ComfyUI-TRELLIS2] Health check: ok
  [ComfyUI] [ComfyUI-TRELLIS2] Health check: ok
  [ComfyUI] [SubprocessWorker] call_id=66 sending model_to_device
  [ComfyUI] [SubprocessWorker] call_id=66 sending model_to_device
  [ComfyUI] [comfy-env] [VRAM] After offload 'SparseStructureDecoder_3' (140 MB): 1271 / 24575 MB
  [ComfyUI] [comfy-env] [VRAM] After offload 'SparseStructureDecoder_3' (140 MB): 1271 / 24575 MB
  Frame 1 saved (frame_000.jpg, t=0.0s)
  Validating workflow...
  [ComfyUI] === /validate endpoint called ===
  [ComfyUI] === /validate endpoint called ===
  [ComfyUI] Received JSON with keys: ['prompt']
  [ComfyUI] Received JSON with keys: ['prompt']
  [ComfyUI] Prompt has 14 nodes
  [ComfyUI] Prompt has 14 nodes
  [ComfyUI]   Node 1: LoadTrellis2Models
  [ComfyUI]   Node 1: LoadTrellis2Models
  Queuing workflow for execution...
  [ComfyUI]     Inputs: {"resolution": "512", "precision": "auto", "attn_backend": "auto"}
  [ComfyUI]     Inputs: {"resolution": "512", "precision": "auto", "attn_backend": "auto"}
  [ComfyUI]   Node 2: LoadImage
  [ComfyUI]   Node 2: LoadImage
  [ComfyUI]     Inputs: {"image": "pineapple.webp"}
  [ComfyUI]     Inputs: {"image": "pineapple.webp"}
  [ComfyUI]   Node 3: InvertMask
  [ComfyUI]   Node 3: InvertMask
  [ComfyUI]     Inputs: {"mask": ["2", 1]}
  [ComfyUI]     Inputs: {"mask": ["2", 1]}
  [ComfyUI]   Node 4: Trellis2GetConditioning
  [ComfyUI]   Node 4: Trellis2GetConditioning
  [ComfyUI]     Inputs: {"background_color": "black", "model_config": ["1", 0], "image": ["2", 0], "mask": ["3", 0]}
  [ComfyUI]     Inputs: {"background_color": "black", "model_config": ["1", 0], "image": ["2", 0], "mask": ["3", 0]}
  [ComfyUI]   Node 10: GeomPackLoadMesh
  [ComfyUI]   Node 10: GeomPackLoadMesh
  [ComfyUI]     Inputs: {"file_path": "3d/pineapple_alphawrapped.stl"}
  [ComfyUI]     Inputs: {"file_path": "3d/pineapple_alphawrapped.stl"}
  [ComfyUI]   Node 12: Trellis2EncodeMesh
  [ComfyUI]   Node 12: Trellis2EncodeMesh
  [ComfyUI]     Inputs: {"resolution": 512, "model_config": ["1", 0], "mesh": ["10", 0]}
  [ComfyUI]     Inputs: {"resolution": 512, "model_config": ["1", 0], "mesh": ["10", 0]}
  [ComfyUI]   Node 13: MaskPreview
  [ComfyUI]   Node 13: MaskPreview
  [ComfyUI]     Inputs: {"mask": ["3", 0]}
  [ComfyUI]     Inputs: {"mask": ["3", 0]}
  [ComfyUI]   Node 23: Trellis2RasterizePBR
  [ComfyUI]   Node 23: Trellis2RasterizePBR
  [ComfyUI]     Inputs: {"texture_size": 1024, "trimesh": ["29", 0], "voxelgrid": ["25", 0], "original_mesh": ["10", 0]}
  [ComfyUI]     Inputs: {"texture_size": 1024, "trimesh": ["29", 0], "voxelgrid": ["25", 0], "original_mesh": ["10", 0]}
  [ComfyUI]   Node 25: Trellis2TextureMesh
  [ComfyUI]   Node 25: Trellis2TextureMesh
  [ComfyUI]     Inputs: {"seed": 42, "tex_guidance_strength": 3, "tex_guidance_rescale": 0.2, "tex_sampling_steps": 12, "model_config": ["1", 0], "conditioning": ["4", 0], "shape_latent": ["12", 0]}
  [ComfyUI]     Inputs: {"seed": 42, "tex_guidance_strength": 3, "tex_guidance_rescale": 0.2, "tex_sampling_steps": 12, "model_config": ["1", 0], "conditioning": ["4", 0], "shape_latent": ["12", 0]}
  [ComfyUI]   Node 28: GeomPackPreviewMeshDual
  [ComfyUI]   Node 28: GeomPackPreviewMeshDual
  [ComfyUI]     Inputs: {"layout": "side_by_side", "mode": "texture", "opacity_1": 1, "opacity_2": 1, "preview_dual": "{\"show_edges\":false,\"camera_state\":\"{\\\"position\\\":[-0.8264079140021344,0.42449084501228573,-0.66
  [ComfyUI]     Inputs: {"layout": "side_by_side", "mode": "texture", "opacity_1": 1, "opacity_2": 1, "preview_dual": "{\"show_edges\":false,\"camera_state\":\"{\\\"position\\\":[-0.8264079140021344,0.42449084501228573,-0.66
  [ComfyUI]   Node 29: GeomPackUVUnwrap
  [ComfyUI]   Node 29: GeomPackUVUnwrap
  [ComfyUI]     Inputs: {"backend": "xatlas", "report_panel": "false", "trimesh": ["10", 0]}
  [ComfyUI]     Inputs: {"backend": "xatlas", "report_panel": "false", "trimesh": ["10", 0]}
  [ComfyUI]   Node 33: Preview3D
  [ComfyUI]   Node 33: Preview3D
  [ComfyUI]     Inputs: {"model_file": ["36", 0], "image": ""}
  [ComfyUI]     Inputs: {"model_file": ["36", 0], "image": ""}
  [ComfyUI]   Node 35: Trellis2ExportTrimesh
  [ComfyUI]   Node 35: Trellis2ExportTrimesh
  [ComfyUI]     Inputs: {"filename_prefix": "trellis2", "file_format": "glb", "trimesh": ["23", 0]}
  [ComfyUI]     Inputs: {"filename_prefix": "trellis2", "file_format": "glb", "trimesh": ["23", 0]}
  [ComfyUI]   Node 36: GeomPackSaveMesh
  [ComfyUI]   Node 36: GeomPackSaveMesh
  [ComfyUI]     Inputs: {"file_path": "output", "format": "glb", "trimesh": ["23", 0]}
  [ComfyUI]     Inputs: {"file_path": "output", "format": "glb", "trimesh": ["23", 0]}
  [ComfyUI] Generated prompt_id: a0078ed6-4198-48c6-aa81-d1b4220d0149
  [ComfyUI] Generated prompt_id: a0078ed6-4198-48c6-aa81-d1b4220d0149
  [ComfyUI] Calling execution.validate_prompt()...
  [ComfyUI] Calling execution.validate_prompt()...
  [ComfyUI] Validation result: valid=True
  [ComfyUI] Validation result: valid=True
  [ComfyUI] === Validation PASSED ===
  [ComfyUI] === Validation PASSED ===
  [ComfyUI] got prompt
  [ComfyUI] got prompt
  [ComfyUI] [comfy-env] Running GeomPackLoadMesh: file_path: '3d/pineapple_alphawrapped.stl'
  [ComfyUI] [comfy-env] Running GeomPackLoadMesh: file_path: '3d/pineapple_alphawrapped.stl'
  [ComfyUI] [VRAM] Before GeomPackLoadMesh: 1271 / 24575 MB
  [ComfyUI] [VRAM] Before GeomPackLoadMesh: 1271 / 24575 MB
  [ComfyUI] [SubprocessWorker] call_method: nodes.io.load_mesh.LoadMesh.EXECUTE_NORMALIZED
  [ComfyUI] [SubprocessWorker] call_method: nodes.io.load_mesh.LoadMesh.EXECUTE_NORMALIZED
  [ComfyUI] [SubprocessWorker] acquired lock, ensuring started...
  [ComfyUI] [SubprocessWorker] acquired lock, ensuring started...
  [ComfyUI] [ComfyUI-GeometryPack] Health check: ping (timeout=5.0s)...
  [ComfyUI] [ComfyUI-GeometryPack] Health check: ping (timeout=5.0s)...
  [ComfyUI] [ComfyUI-GeometryPack] Health check: ok
  [ComfyUI] [ComfyUI-GeometryPack] Health check: ok
  [ComfyUI] [SubprocessWorker] worker started/confirmed
  [ComfyUI] [SubprocessWorker] worker started/confirmed
  [ComfyUI] [SubprocessWorker] serializing kwargs to shm...
  [ComfyUI] [SubprocessWorker] serializing kwargs to shm...
  [ComfyUI] [SubprocessWorker] created 0 shm blocks
  [ComfyUI] [SubprocessWorker] created 0 shm blocks
  [ComfyUI] [SubprocessWorker] sending request via socket...
  [ComfyUI] [SubprocessWorker] sending request via socket...
  [ComfyUI] [SubprocessWorker] call_id=9 sending call_method
  [ComfyUI] [SubprocessWorker] call_id=9 sending call_method
  [ComfyUI] [worker:ComfyUI-GeometryPack] INFO: Found mesh in input folder: 3d/pineapple_alphawrapped.stl
  [ComfyUI] [worker:ComfyUI-GeometryPack] INFO: Found mesh in input folder: 3d/pineapple_alphawrapped.stl
  [ComfyUI] [worker:ComfyUI-GeometryPack] INFO: Loading: C:\workspaces\TRELLIS2-2130\ComfyUI\input\3d/pineapple_alphawrapped.stl
  [ComfyUI] [worker:ComfyUI-GeometryPack] INFO: Loading: C:\workspaces\TRELLIS2-2130\ComfyUI\input\3d/pineapple_alphawrapped.stl
  [ComfyUI] [worker:ComfyUI-GeometryPack] INFO: Initial mesh: 131718 vertices, 263528 faces
  [ComfyUI] [worker:ComfyUI-GeometryPack] INFO: Initial mesh: 131718 vertices, 263528 faces
  [ComfyUI] [worker:ComfyUI-GeometryPack] INFO: Successfully loaded: 131718 vertices, 263528 faces
  [ComfyUI] [worker:ComfyUI-GeometryPack] INFO: Successfully loaded: 131718 vertices, 263528 faces
  [ComfyUI] [worker:ComfyUI-GeometryPack] INFO: Loaded: 131718 vertices, 263528 faces
  [ComfyUI] [worker:ComfyUI-GeometryPack] INFO: Loaded: 131718 vertices, 263528 faces
  [ComfyUI] [SubprocessWorker] got response: ok
  [ComfyUI] [SubprocessWorker] got response: ok
  [ComfyUI] [comfy-env] GeomPackLoadMesh done (0.77s): result: NodeOutput
  [ComfyUI] [comfy-env] GeomPackLoadMesh done (0.77s): result: NodeOutput
  [ComfyUI] [VRAM] After GeomPackLoadMesh: 1271 / 24575 MB
  [ComfyUI] [VRAM] After GeomPackLoadMesh: 1271 / 24575 MB
  [ComfyUI] [comfy-env] Running GeomPackUVUnwrap: backend: dict, trimesh: Trimesh
  [ComfyUI] [comfy-env] Running GeomPackUVUnwrap: backend: dict, trimesh: Trimesh
  [ComfyUI] [VRAM] Before GeomPackUVUnwrap: 1271 / 24575 MB
  [ComfyUI] [VRAM] Before GeomPackUVUnwrap: 1271 / 24575 MB
  [ComfyUI] [SubprocessWorker] call_method: nodes.uv.uv_unwrap.UVUnwrapNode.EXECUTE_NORMALIZED
  [ComfyUI] [SubprocessWorker] call_method: nodes.uv.uv_unwrap.UVUnwrapNode.EXECUTE_NORMALIZED
  [ComfyUI] [SubprocessWorker] acquired lock, ensuring started...
  [ComfyUI] [SubprocessWorker] acquired lock, ensuring started...
  [ComfyUI] [ComfyUI-GeometryPack] Health check: ping (timeout=5.0s)...
  [ComfyUI] [ComfyUI-GeometryPack] Health check: ping (timeout=5.0s)...
  [ComfyUI] [ComfyUI-GeometryPack] Health check: ok
  [ComfyUI] [ComfyUI-GeometryPack] Health check: ok
  [ComfyUI] [SubprocessWorker] worker started/confirmed
  [ComfyUI] [SubprocessWorker] worker started/confirmed
  [ComfyUI] [SubprocessWorker] serializing kwargs to shm...
  [ComfyUI] [SubprocessWorker] serializing kwargs to shm...
  [ComfyUI] [SubprocessWorker] created 1 shm blocks
  [ComfyUI] [SubprocessWorker] created 1 shm blocks
  [ComfyUI] [SubprocessWorker] sending request via socket...
  [ComfyUI] [SubprocessWorker] sending request via socket...
  [ComfyUI] [SubprocessWorker] call_id=10 sending call_method
  [ComfyUI] [SubprocessWorker] call_id=10 sending call_method
  [ComfyUI] [worker:ComfyUI-GeometryPack] INFO: UV Unwrap dispatch: xatlas -> GeomPackUV_Xatlas
  [ComfyUI] [worker:ComfyUI-GeometryPack] INFO: UV Unwrap dispatch: xatlas -> GeomPackUV_Xatlas
  [ComfyUI] [SubprocessWorker] got response: ok
  [ComfyUI] [SubprocessWorker] got response: ok
  [ComfyUI] [comfy-env] GeomPackUVUnwrap done (0.12s): result: NodeOutput
  [ComfyUI] [comfy-env] GeomPackUVUnwrap done (0.12s): result: NodeOutput
  [ComfyUI] [VRAM] After GeomPackUVUnwrap: 1271 / 24575 MB
  [ComfyUI] [VRAM] After GeomPackUVUnwrap: 1271 / 24575 MB
  [ComfyUI] [comfy-env] Running GeomPackUV_Xatlas: trimesh: Trimesh
  [ComfyUI] [comfy-env] Running GeomPackUV_Xatlas: trimesh: Trimesh
  [ComfyUI] [VRAM] Before GeomPackUV_Xatlas: 1271 / 24575 MB
  [ComfyUI] [VRAM] Before GeomPackUV_Xatlas: 1271 / 24575 MB
  [ComfyUI] [SubprocessWorker] call_method: nodes.uv.backends.xatlas.UVXatlasNode.EXECUTE_NORMALIZED
  [ComfyUI] [SubprocessWorker] call_method: nodes.uv.backends.xatlas.UVXatlasNode.EXECUTE_NORMALIZED
  [ComfyUI] [SubprocessWorker] acquired lock, ensuring started...
  [ComfyUI] [SubprocessWorker] acquired lock, ensuring started...
  [ComfyUI] [ComfyUI-GeometryPack] Health check: ping (timeout=5.0s)...
  [ComfyUI] [ComfyUI-GeometryPack] Health check: ping (timeout=5.0s)...
  [ComfyUI] [ComfyUI-GeometryPack] Health check: ok
  [ComfyUI] [ComfyUI-GeometryPack] Health check: ok
  [ComfyUI] [SubprocessWorker] worker started/confirmed
  [ComfyUI] [SubprocessWorker] worker started/confirmed
  [ComfyUI] [SubprocessWorker] serializing kwargs to shm...
  [ComfyUI] [SubprocessWorker] serializing kwargs to shm...
  [ComfyUI] [SubprocessWorker] created 1 shm blocks
  [ComfyUI] [SubprocessWorker] created 1 shm blocks
  [ComfyUI] [SubprocessWorker] sending request via socket...
  [ComfyUI] [SubprocessWorker] sending request via socket...
  [ComfyUI] [SubprocessWorker] call_id=11 sending call_method
  [ComfyUI] [SubprocessWorker] call_id=11 sending call_method
  [ComfyUI] [worker:ComfyUI-GeometryPack] INFO: Backend: xatlas
  [ComfyUI] [worker:ComfyUI-GeometryPack] INFO: Backend: xatlas
  [ComfyUI] [worker:ComfyUI-GeometryPack] INFO: Input: 131718 vertices, 263528 faces
  [ComfyUI] [worker:ComfyUI-GeometryPack] INFO: Input: 131718 vertices, 263528 faces
  Frame 2 saved (frame_001.jpg, t=2.3s)
  [capture-periodic] freeze=4ms shot=124ms unfreeze=6ms saved=True
  Frame 3 saved (frame_002.jpg, t=4.6s)
  [capture-periodic] freeze=4ms shot=123ms unfreeze=5ms saved=True
  [capture-loop] iter=50 t=6.1s state={'complete': False, 'error': None, 'executedCount': 0, 'wsState': 1} eval_ms=4 ram=15.7/31.9GB (49%) swap=0.6/9.4GB (7%) cpu=7% browser_rss=0.89GB
  [capture-loop] iter=100 t=12.1s state={'complete': False, 'error': None, 'executedCount': 0, 'wsState': 1} eval_ms=4 ram=15.6/31.9GB (49%) swap=0.6/9.4GB (7%) cpu=9% browser_rss=0.80GB
  [capture-loop] iter=150 t=17.8s state={'complete': False, 'error': None, 'executedCount': 0, 'wsState': 1} eval_ms=4 ram=15.7/31.9GB (49%) swap=0.6/9.4GB (7%) cpu=9% browser_rss=0.80GB
  [capture-loop] iter=200 t=23.8s state={'complete': False, 'error': None, 'executedCount': 0, 'wsState': 1} eval_ms=4 ram=15.6/31.9GB (49%) swap=0.6/9.4GB (7%) cpu=9% browser_rss=0.80GB
  [capture-loop] iter=250 t=29.7s state={'complete': False, 'error': None, 'executedCount': 0, 'wsState': 1} eval_ms=5 ram=15.6/31.9GB (49%) swap=0.6/9.4GB (7%) cpu=9% browser_rss=0.80GB
  [capture-loop] iter=300 t=35.4s state={'complete': False, 'error': None, 'executedCount': 0, 'wsState': 1} eval_ms=4 ram=15.6/31.9GB (49%) swap=0.6/9.4GB (7%) cpu=10% browser_rss=0.80GB
  [capture-loop] iter=350 t=41.4s state={'complete': False, 'error': None, 'executedCount': 0, 'wsState': 1} eval_ms=4 ram=15.7/31.9GB (49%) swap=0.6/9.4GB (7%) cpu=9% browser_rss=0.80GB
  [capture-loop] iter=400 t=47.3s state={'complete': False, 'error': None, 'executedCount': 0, 'wsState': 1} eval_ms=4 ram=15.5/31.9GB (49%) swap=0.6/9.4GB (7%) cpu=9% browser_rss=0.66GB
  [capture-loop] iter=450 t=53.1s state={'complete': False, 'error': None, 'executedCount': 0, 'wsState': 1} eval_ms=4 ram=15.5/31.9GB (49%) swap=0.6/9.4GB (7%) cpu=9% browser_rss=0.66GB
  [capture-loop] iter=500 t=59.0s state={'complete': False, 'error': None, 'executedCount': 0, 'wsState': 1} eval_ms=4 ram=15.5/31.9GB (49%) swap=0.6/9.4GB (7%) cpu=9% browser_rss=0.66GB
  [capture-loop] iter=550 t=64.8s state={'complete': False, 'error': None, 'executedCount': 0, 'wsState': 1} eval_ms=4 ram=15.5/31.9GB (49%) swap=0.6/9.4GB (7%) cpu=9% browser_rss=0.66GB
  [capture-loop] iter=600 t=70.7s state={'complete': False, 'error': None, 'executedCount': 0, 'wsState': 1} eval_ms=4 ram=15.5/31.9GB (49%) swap=0.6/9.4GB (7%) cpu=9% browser_rss=0.66GB
  [capture-loop] iter=650 t=76.6s state={'complete': False, 'error': None, 'executedCount': 0, 'wsState': 1} eval_ms=4 ram=15.5/31.9GB (49%) swap=0.6/9.4GB (7%) cpu=9% browser_rss=0.67GB
  [capture-loop] iter=700 t=82.4s state={'complete': False, 'error': None, 'executedCount': 0, 'wsState': 1} eval_ms=4 ram=15.5/31.9GB (49%) swap=0.6/9.4GB (7%) cpu=9% browser_rss=0.67GB
  [capture-loop] iter=750 t=88.3s state={'complete': False, 'error': None, 'executedCount': 0, 'wsState': 1} eval_ms=4 ram=15.5/31.9GB (49%) swap=0.6/9.4GB (7%) cpu=9% browser_rss=0.67GB
  [capture-loop] iter=800 t=94.2s state={'complete': False, 'error': None, 'executedCount': 0, 'wsState': 1} eval_ms=4 ram=15.5/31.9GB (49%) swap=0.6/9.4GB (7%) cpu=9% browser_rss=0.67GB
  [capture-loop] iter=850 t=100.0s state={'complete': False, 'error': None, 'executedCount': 0, 'wsState': 1} eval_ms=4 ram=15.5/31.9GB (49%) swap=0.6/9.4GB (7%) cpu=9% browser_rss=0.67GB
  [capture-loop] iter=900 t=106.0s state={'complete': False, 'error': None, 'executedCount': 0, 'wsState': 1} eval_ms=4 ram=15.5/31.9GB (49%) swap=0.6/9.4GB (7%) cpu=9% browser_rss=0.67GB
  [capture-loop] iter=950 t=111.9s state={'complete': False, 'error': None, 'executedCount': 0, 'wsState': 1} eval_ms=4 ram=15.5/31.9GB (49%) swap=0.6/9.4GB (7%) cpu=9% browser_rss=0.67GB
  [ComfyUI] [worker:ComfyUI-GeometryPack]
  [ComfyUI] [worker:ComfyUI-GeometryPack]
  [ComfyUI] === WATCHDOG TICK 1 ===
  [ComfyUI] === WATCHDOG TICK 1 ===
  [ComfyUI] [worker:ComfyUI-GeometryPack] Thread 0x00003e10 (most recent call first):
  [ComfyUI] [worker:ComfyUI-GeometryPack] Thread 0x00003e10 (most recent call first):
  [ComfyUI]   File "C:\Users\ContainerUser\AppData\Local\Temp\comfyui_pvenv_w9jibkrz\persistent_worker.py", line 106 in _vram_poller
  [ComfyUI]   File "C:\Users\ContainerUser\AppData\Local\Temp\comfyui_pvenv_w9jibkrz\persistent_worker.py", line 106 in _vram_poller
  [ComfyUI]   File "C:\Users\ContainerUser\AppData\Local\Programs\comfy-env\.pixi\envs\geometrypack-nodes\lib\threading.py", line 953 in run
  [ComfyUI]   File "C:\Users\ContainerUser\AppData\Local\Programs\comfy-env\.pixi\envs\geometrypack-nodes\lib\threading.py", line 953 in run
  [ComfyUI]   File "C:\Users\ContainerUser\AppData\Local\Programs\comfy-env\.pixi\envs\geometrypack-nodes\lib\threading.py", line 1016 in _bootstrap_inner
  [ComfyUI]   File "C:\Users\ContainerUser\AppData\Local\Programs\comfy-env\.pixi\envs\geometrypack-nodes\lib\threading.py", line 1016 in _bootstrap_inner
  [ComfyUI]   File "C:\Users\ContainerUser\AppData\Local\Programs\comfy-env\.pixi\envs\geometrypack-nodes\lib\threading.py", line 973 in _bootstrap
  [ComfyUI]   File "C:\Users\ContainerUser\AppData\Local\Programs\comfy-env\.pixi\envs\geometrypack-nodes\lib\threading.py", line 973 in _bootstrap
  [ComfyUI] 
  [ComfyUI] 
  [ComfyUI] Current thread 0x00004cf0 (most recent call first):
  [ComfyUI] Current thread 0x00004cf0 (most recent call first):
  [ComfyUI]   File "C:\Users\ContainerUser\AppData\Local\Temp\comfyui_pvenv_w9jibkrz\persistent_worker.py", line 52 in _watchdog
  [ComfyUI]   File "C:\Users\ContainerUser\AppData\Local\Temp\comfyui_pvenv_w9jibkrz\persistent_worker.py", line 52 in _watchdog
  [ComfyUI]   File "C:\Users\ContainerUser\AppData\Local\Programs\comfy-env\.pixi\envs\geometrypack-nodes\lib\threading.py", line 953 in run
  [ComfyUI]   File "C:\Users\ContainerUser\AppData\Local\Programs\comfy-env\.pixi\envs\geometrypack-nodes\lib\threading.py", line 953 in run
  [ComfyUI]   File "C:\Users\ContainerUser\AppData\Local\Programs\comfy-env\.pixi\envs\geometrypack-nodes\lib\threading.py", line 1016 in _bootstrap_inner
  [ComfyUI]   File "C:\Users\ContainerUser\AppData\Local\Programs\comfy-env\.pixi\envs\geometrypack-nodes\lib\threading.py", line 1016 in _bootstrap_inner
  [ComfyUI]   File "C:\Users\ContainerUser\AppData\Local\Programs\comfy-env\.pixi\envs\geometrypack-nodes\lib\threading.py", line 973 in _bootstrap
  [ComfyUI]   File "C:\Users\ContainerUser\AppData\Local\Programs\comfy-env\.pixi\envs\geometrypack-nodes\lib\threading.py", line 973 in _bootstrap
  [ComfyUI] 
  [ComfyUI] 
  [ComfyUI] Thread 0x00002600 (most recent call first):
  [ComfyUI] Thread 0x00002600 (most recent call first):
  [ComfyUI]   File "C:\workspaces\TRELLIS2-2130\ComfyUI\custom_nodes\ComfyUI-GeometryPack\nodes\uv\backends\xatlas.py", line 51 in execute
  [ComfyUI]   File "C:\workspaces\TRELLIS2-2130\ComfyUI\custom_nodes\ComfyUI-GeometryPack\nodes\uv\backends\xatlas.py", line 51 in execute
  [ComfyUI]   File "C:\workspaces\TRELLIS2-2130\ComfyUI\comfy_api\latest\_io.py", line 1833 in EXECUTE_NORMALIZED
  [ComfyUI]   File "C:\workspaces\TRELLIS2-2130\ComfyUI\comfy_api\latest\_io.py", line 1833 in EXECUTE_NORMALIZED
  [ComfyUI]   File "C:\Users\ContainerUser\AppData\Local\Temp\comfyui_pvenv_w9jibkrz\persistent_worker.py", line 1762 in main
  [ComfyUI]   File "C:\Users\ContainerUser\AppData\Local\Temp\comfyui_pvenv_w9jibkrz\persistent_worker.py", line 1762 in main
  [ComfyUI]   File "C:\Users\ContainerUser\AppData\Local\Temp\comfyui_pvenv_w9jibkrz\persistent_worker.py", line 1807 in <module>
  [ComfyUI]   File "C:\Users\ContainerUser\AppData\Local\Temp\comfyui_pvenv_w9jibkrz\persistent_worker.py", line 1807 in <module>
  [ComfyUI] 
  [ComfyUI] 
  [ComfyUI] [worker:ComfyUI-GeometryPack] === END ===
  [ComfyUI] [worker:ComfyUI-GeometryPack] === END ===
  [ComfyUI] 
  [ComfyUI] 
  [ComfyUI] [worker:ComfyUI-GeometryPack] INFO: Output: 171247 vertices, 263528 faces
  [ComfyUI] [worker:ComfyUI-GeometryPack] INFO: Output: 171247 vertices, 263528 faces
  [ComfyUI] [SubprocessWorker] got response: ok
  [ComfyUI] [SubprocessWorker] got response: ok
  [ComfyUI] [comfy-env] GeomPackUV_Xatlas done (115.92s): result: NodeOutput
  [ComfyUI] [comfy-env] GeomPackUV_Xatlas done (115.92s): result: NodeOutput
  [ComfyUI] [VRAM] After GeomPackUV_Xatlas: 1271 / 24575 MB
  [ComfyUI] [VRAM] After GeomPackUV_Xatlas: 1271 / 24575 MB
  Node executed (1 total), capturing...
  [ComfyUI] [comfy-env] Running LoadTrellis2Models: resolution: '512', precision: 'auto', attn_backend: 'auto'
  [ComfyUI] [comfy-env] Running LoadTrellis2Models: resolution: '512', precision: 'auto', attn_backend: 'auto'
  [ComfyUI] [VRAM] Before LoadTrellis2Models: 1271 / 24575 MB
  [ComfyUI] [VRAM] Before LoadTrellis2Models: 1271 / 24575 MB
  [ComfyUI] [SubprocessWorker] call_method: nodes.nodes_loader.LoadTrellis2Models.EXECUTE_NORMALIZED
  [ComfyUI] [SubprocessWorker] call_method: nodes.nodes_loader.LoadTrellis2Models.EXECUTE_NORMALIZED
  [ComfyUI] [SubprocessWorker] acquired lock, ensuring started...
  [ComfyUI] [SubprocessWorker] acquired lock, ensuring started...
  [ComfyUI] [ComfyUI-TRELLIS2] Health check: ping (timeout=5.0s)...
  [ComfyUI] [ComfyUI-TRELLIS2] Health check: ping (timeout=5.0s)...
  [ComfyUI] [ComfyUI-TRELLIS2] Health check: failed
  [ComfyUI] [ComfyUI-TRELLIS2] Health check: failed
  [ComfyUI] [ComfyUI-TRELLIS2] Socket unhealthy, restarting worker...
  [ComfyUI] [ComfyUI-TRELLIS2] Socket unhealthy, restarting worker...
  [ComfyUI] [comfy-env] Invalidated 5 stale model patchers (will be cleaned up during next unload)
  [ComfyUI] [comfy-env] Invalidated 5 stale model patchers (will be cleaned up during next unload)
  [ComfyUI] [comfy-env] trellis2-nodes: Library/bin has 236 DLLs
  [ComfyUI] [comfy-env] trellis2-nodes: Library/bin has 236 DLLs
  [ComfyUI] [ComfyUI-TRELLIS2] python: C:\Users\ContainerUser\AppData\Local\Programs\comfy-env\.pixi\envs\trellis2-nodes\python.exe
  [ComfyUI] [ComfyUI-TRELLIS2] python: C:\Users\ContainerUser\AppData\Local\Programs\comfy-env\.pixi\envs\trellis2-nodes\python.exe
  [ComfyUI] [ComfyUI-TRELLIS2] sys_path sent to worker: ['C:\\workspaces\\TRELLIS2-2130\\ComfyUI', 'C:\\workspaces\\TRELLIS2-2130\\ComfyUI\\custom_nodes\\ComfyUI-TRELLIS2', 'C:\\Users\\ContainerUser\\AppData\\Local\\Programs\\comfy-env\\.pixi\\envs\\trellis2-nodes\\Lib\\site-packages', 'C:\\workspaces\\TRELLIS2-2130\\ComfyUI\\custom_nodes\\ComfyUI-TRELLIS2']
  [ComfyUI] [ComfyUI-TRELLIS2] sys_path sent to worker: ['C:\\workspaces\\TRELLIS2-2130\\ComfyUI', 'C:\\workspaces\\TRELLIS2-2130\\ComfyUI\\custom_nodes\\ComfyUI-TRELLIS2', 'C:\\Users\\ContainerUser\\AppData\\Local\\Programs\\comfy-env\\.pixi\\envs\\trellis2-nodes\\Lib\\site-packages', 'C:\\workspaces\\TRELLIS2-2130\\ComfyUI\\custom_nodes\\ComfyUI-TRELLIS2']
  [ComfyUI] [SubprocessWorker] is_pixi=True, python=C:\Users\ContainerUser\AppData\Local\Programs\comfy-env\.pixi\envs\trellis2-nodes\python.exe
  [ComfyUI] [SubprocessWorker] is_pixi=True, python=C:\Users\ContainerUser\AppData\Local\Programs\comfy-env\.pixi\envs\trellis2-nodes\python.exe
  [ComfyUI] [SubprocessWorker] launching cmd=['C:\\Users\\ContainerUser\\.pixi\\bin\\pixi.exe', 'run', '--as-is', '--manifest-path', 'C:\\Users\\ContainerUser\\AppData\\Local\\Programs\\comfy-env\\pixi.toml', '-e', 'trellis2-nodes', 'python', 'C:\\Users\\ContainerUser\\AppData\\Local\\Temp\\comfyui_pvenv_ceqbupwl\\persistent_worker.py', 'tcp://127.0.0.1:50455']...
  [ComfyUI] [SubprocessWorker] launching cmd=['C:\\Users\\ContainerUser\\.pixi\\bin\\pixi.exe', 'run', '--as-is', '--manifest-path', 'C:\\Users\\ContainerUser\\AppData\\Local\\Programs\\comfy-env\\pixi.toml', '-e', 'trellis2-nodes', 'python', 'C:\\Users\\ContainerUser\\AppData\\Local\\Temp\\comfyui_pvenv_ceqbupwl\\persistent_worker.py', 'tcp://127.0.0.1:50455']...
  Frame 4 saved (frame_003.jpg, t=117.2s)
  [capture-node] freeze=9ms shot=200ms unfreeze=6ms saved=True
  Node executed (2 total), capturing...
  [capture-node] freeze=5ms shot=137ms unfreeze=6ms saved=False
  [capture-loop] iter=1000 t=118.4s state={'complete': False, 'error': None, 'executedCount': 2, 'wsState': 1} eval_ms=5 ram=6.8/31.9GB (21%) swap=0.6/9.4GB (7%) cpu=14% browser_rss=0.68GB
  [ComfyUI] [worker:ComfyUI-TRELLIS2] ERROR: Failed to import comfy_kitchen, Error: No module named 'comfy_kitchen', fp8 and fp4 support will not be available.
  [ComfyUI] [worker:ComfyUI-TRELLIS2] ERROR: Failed to import comfy_kitchen, Error: No module named 'comfy_kitchen', fp8 and fp4 support will not be available.
  [ComfyUI] [SubprocessWorker] worker started/confirmed
  [ComfyUI] [SubprocessWorker] worker started/confirmed
  [ComfyUI] [SubprocessWorker] serializing kwargs to shm...
  [ComfyUI] [SubprocessWorker] serializing kwargs to shm...
  [ComfyUI] [SubprocessWorker] created 0 shm blocks
  [ComfyUI] [SubprocessWorker] created 0 shm blocks
  [ComfyUI] [SubprocessWorker] sending request via socket...
  [ComfyUI] [SubprocessWorker] sending request via socket...
  [ComfyUI] [SubprocessWorker] call_id=67 sending call_method
  [ComfyUI] [SubprocessWorker] call_id=67 sending call_method
  [ComfyUI] [worker:ComfyUI-TRELLIS2] WARNING: No comfy kitchen, using old apply_rope functions.
  [ComfyUI] [worker:ComfyUI-TRELLIS2] WARNING: No comfy kitchen, using old apply_rope functions.
  [capture-loop] iter=1050 t=124.3s state={'complete': False, 'error': None, 'executedCount': 2, 'wsState': 1} eval_ms=4 ram=7.1/31.9GB (22%) swap=0.6/9.4GB (7%) cpu=5% browser_rss=0.67GB
  [ComfyUI] [SubprocessWorker] callback 'report_progress' from call_id=67
  [ComfyUI] [SubprocessWorker] callback 'report_progress' from call_id=67
  [ComfyUI] [SubprocessWorker] callback 'report_progress' from call_id=67
  [ComfyUI] [SubprocessWorker] callback 'report_progress' from call_id=67
  [ComfyUI] [worker:ComfyUI-TRELLIS2] [TRELLIS2] Config loaded: 9 models registered
  [ComfyUI] [worker:ComfyUI-TRELLIS2] [TRELLIS2] Config loaded: 9 models registered
  [ComfyUI] [SubprocessWorker] got response: ok
  [ComfyUI] [SubprocessWorker] got response: ok
  [ComfyUI] [comfy-env] [VRAM] Before offload 'FlexiDualGridVaeDecoder_5' (904 MB) -> cpu: 1271 / 24575 MB
  [ComfyUI] [comfy-env] [VRAM] Before offload 'FlexiDualGridVaeDecoder_5' (904 MB) -> cpu: 1271 / 24575 MB
  [ComfyUI] [ComfyUI-TRELLIS2] Health check: ping (timeout=5.0s)...
  [ComfyUI] [ComfyUI-TRELLIS2] Health check: ping (timeout=5.0s)...
  [ComfyUI] [ComfyUI-TRELLIS2] Health check: ok
  [ComfyUI] [ComfyUI-TRELLIS2] Health check: ok
  [ComfyUI] [SubprocessWorker] call_id=68 sending model_to_device
  [ComfyUI] [SubprocessWorker] call_id=68 sending model_to_device
  [ComfyUI] Model 'FlexiDualGridVaeDecoder_5' gone from worker (restarted?), treating as offloaded
  [ComfyUI] Model 'FlexiDualGridVaeDecoder_5' gone from worker (restarted?), treating as offloaded
  [ComfyUI] [comfy-env] [VRAM] After offload 'FlexiDualGridVaeDecoder_5' (904 MB): 1271 / 24575 MB
  [ComfyUI] [comfy-env] [VRAM] After offload 'FlexiDualGridVaeDecoder_5' (904 MB): 1271 / 24575 MB
  [ComfyUI] [comfy-env] [VRAM] Before offload 'SLatFlowModel_4' (2464 MB) -> cpu: 1271 / 24575 MB
  [ComfyUI] [comfy-env] [VRAM] Before offload 'SLatFlowModel_4' (2464 MB) -> cpu: 1271 / 24575 MB
  [ComfyUI] [ComfyUI-TRELLIS2] Health check: ping (timeout=5.0s)...
  [ComfyUI] [ComfyUI-TRELLIS2] Health check: ping (timeout=5.0s)...
  [ComfyUI] [ComfyUI-TRELLIS2] Health check: ok
  [ComfyUI] [ComfyUI-TRELLIS2] Health check: ok
  [ComfyUI] [SubprocessWorker] call_id=69 sending model_to_device
  [ComfyUI] [SubprocessWorker] call_id=69 sending model_to_device
  [ComfyUI] Model 'SLatFlowModel_4' gone from worker (restarted?), treating as offloaded
  [ComfyUI] Model 'SLatFlowModel_4' gone from worker (restarted?), treating as offloaded
  [ComfyUI] [comfy-env] [VRAM] After offload 'SLatFlowModel_4' (2464 MB): 1271 / 24575 MB
  [ComfyUI] [comfy-env] [VRAM] After offload 'SLatFlowModel_4' (2464 MB): 1271 / 24575 MB
  [ComfyUI] [comfy-env] [VRAM] Before offload 'SparseStructureDecoder_3' (140 MB) -> cpu: 1271 / 24575 MB
  [ComfyUI] [comfy-env] [VRAM] Before offload 'SparseStructureDecoder_3' (140 MB) -> cpu: 1271 / 24575 MB
  [ComfyUI] [ComfyUI-TRELLIS2] Health check: ping (timeout=5.0s)...
  [ComfyUI] [ComfyUI-TRELLIS2] Health check: ping (timeout=5.0s)...
  [ComfyUI] [ComfyUI-TRELLIS2] Health check: ok
  [ComfyUI] [ComfyUI-TRELLIS2] Health check: ok
  [ComfyUI] [SubprocessWorker] call_id=70 sending model_to_device
  [ComfyUI] [SubprocessWorker] call_id=70 sending model_to_device
  [ComfyUI] Model 'SparseStructureDecoder_3' gone from worker (restarted?), treating as offloaded
  [ComfyUI] Model 'SparseStructureDecoder_3' gone from worker (restarted?), treating as offloaded
  [ComfyUI] [comfy-env] [VRAM] After offload 'SparseStructureDecoder_3' (140 MB): 1271 / 24575 MB
  [ComfyUI] [comfy-env] [VRAM] After offload 'SparseStructureDecoder_3' (140 MB): 1271 / 24575 MB
  [ComfyUI] [comfy-env] [VRAM] Before offload 'SparseStructureFlowModel_2' (2466 MB) -> cpu: 1271 / 24575 MB
  [ComfyUI] [comfy-env] [VRAM] Before offload 'SparseStructureFlowModel_2' (2466 MB) -> cpu: 1271 / 24575 MB
  [ComfyUI] [ComfyUI-TRELLIS2] Health check: ping (timeout=5.0s)...
  [ComfyUI] [ComfyUI-TRELLIS2] Health check: ping (timeout=5.0s)...
  [ComfyUI] [ComfyUI-TRELLIS2] Health check: ok
  [ComfyUI] [ComfyUI-TRELLIS2] Health check: ok
  [ComfyUI] [SubprocessWorker] call_id=71 sending model_to_device
  [ComfyUI] [SubprocessWorker] call_id=71 sending model_to_device
  [ComfyUI] Model 'SparseStructureFlowModel_2' gone from worker (restarted?), treating as offloaded
  [ComfyUI] Model 'SparseStructureFlowModel_2' gone from worker (restarted?), treating as offloaded
  [ComfyUI] [comfy-env] [VRAM] After offload 'SparseStructureFlowModel_2' (2466 MB): 1271 / 24575 MB
  [ComfyUI] [comfy-env] [VRAM] After offload 'SparseStructureFlowModel_2' (2466 MB): 1271 / 24575 MB
  [ComfyUI] [comfy-env] [VRAM] Before offload 'DINOv3ViT_1' (1156 MB) -> cpu: 1271 / 24575 MB
  [ComfyUI] [comfy-env] [VRAM] Before offload 'DINOv3ViT_1' (1156 MB) -> cpu: 1271 / 24575 MB
  [ComfyUI] [ComfyUI-TRELLIS2] Health check: ping (timeout=5.0s)...
  [ComfyUI] [ComfyUI-TRELLIS2] Health check: ping (timeout=5.0s)...
  [ComfyUI] [ComfyUI-TRELLIS2] Health check: ok
  [ComfyUI] [ComfyUI-TRELLIS2] Health check: ok
  [ComfyUI] [SubprocessWorker] call_id=72 sending model_to_device
  [ComfyUI] [SubprocessWorker] call_id=72 sending model_to_device
  [ComfyUI] Model 'DINOv3ViT_1' gone from worker (restarted?), treating as offloaded
  [ComfyUI] Model 'DINOv3ViT_1' gone from worker (restarted?), treating as offloaded
  [ComfyUI] [comfy-env] [VRAM] After offload 'DINOv3ViT_1' (1156 MB): 1271 / 24575 MB
  [ComfyUI] [comfy-env] [VRAM] After offload 'DINOv3ViT_1' (1156 MB): 1271 / 24575 MB
  [ComfyUI] [comfy-env] LoadTrellis2Models done (9.19s): result: NodeOutput
  [ComfyUI] [comfy-env] LoadTrellis2Models done (9.19s): result: NodeOutput
  [ComfyUI] [VRAM] After LoadTrellis2Models: 1271 / 24575 MB
  [ComfyUI] [VRAM] After LoadTrellis2Models: 1271 / 24575 MB
  [ComfyUI] [comfy-env] Running Trellis2EncodeMesh: resolution: 512, model_config: dict, mesh: Trimesh
  [ComfyUI] [comfy-env] Running Trellis2EncodeMesh: resolution: 512, model_config: dict, mesh: Trimesh
  [ComfyUI] [VRAM] Before Trellis2EncodeMesh: 1271 / 24575 MB
  [ComfyUI] [VRAM] Before Trellis2EncodeMesh: 1271 / 24575 MB
  [ComfyUI] [SubprocessWorker] call_method: nodes.nodes_inference.Trellis2EncodeMesh.EXECUTE_NORMALIZED
  [ComfyUI] [SubprocessWorker] call_method: nodes.nodes_inference.Trellis2EncodeMesh.EXECUTE_NORMALIZED
  [ComfyUI] [SubprocessWorker] acquired lock, ensuring started...
  [ComfyUI] [SubprocessWorker] acquired lock, ensuring started...
  [ComfyUI] [ComfyUI-TRELLIS2] Health check: ping (timeout=5.0s)...
  [ComfyUI] [ComfyUI-TRELLIS2] Health check: ping (timeout=5.0s)...
  [ComfyUI] [ComfyUI-TRELLIS2] Health check: ok
  [ComfyUI] [ComfyUI-TRELLIS2] Health check: ok
  [ComfyUI] [SubprocessWorker] worker started/confirmed
  [ComfyUI] [SubprocessWorker] worker started/confirmed
  [ComfyUI] [SubprocessWorker] serializing kwargs to shm...
  [ComfyUI] [SubprocessWorker] serializing kwargs to shm...
  [ComfyUI] [SubprocessWorker] created 1 shm blocks
  [ComfyUI] [SubprocessWorker] created 1 shm blocks
  [ComfyUI] [SubprocessWorker] sending request via socket...
  [ComfyUI] [SubprocessWorker] sending request via socket...
  [ComfyUI] [SubprocessWorker] call_id=73 sending call_method
  [ComfyUI] [SubprocessWorker] call_id=73 sending call_method
  Frame 5 saved (frame_004.jpg, t=126.5s)
  [capture-periodic] freeze=4ms shot=120ms unfreeze=6ms saved=True
  [ComfyUI] [SubprocessWorker] callback 'report_progress' from call_id=73
  [ComfyUI] [SubprocessWorker] callback 'report_progress' from call_id=73
  Frame 6 saved (frame_005.jpg, t=128.7s)
  [capture-periodic] freeze=4ms shot=114ms unfreeze=6ms saved=True
  [capture-loop] iter=1100 t=130.4s state={'complete': False, 'error': None, 'executedCount': 2, 'wsState': 1} eval_ms=4 ram=7.3/31.9GB (23%) swap=0.6/9.4GB (7%) cpu=6% browser_rss=0.67GB
  [ComfyUI] C:\workspaces\TRELLIS2-2130\ComfyUI\custom_nodes\ComfyUI-TRELLIS2\nodes\stages.py:121: UserWarning: expandable_segments not supported on this platform (Triggered internally at C:\actions-runner\_work\pytorch\pytorch\pytorch\c10/cuda/CUDAAllocatorConfig.h:39.)
  [ComfyUI] C:\workspaces\TRELLIS2-2130\ComfyUI\custom_nodes\ComfyUI-TRELLIS2\nodes\stages.py:121: UserWarning: expandable_segments not supported on this platform (Triggered internally at C:\actions-runner\_work\pytorch\pytorch\pytorch\c10/cuda/CUDAAllocatorConfig.h:39.)
  [ComfyUI]   coords = torch.cat([batch_col, voxel_indices], dim=1).to(device)
  [ComfyUI]   coords = torch.cat([batch_col, voxel_indices], dim=1).to(device)
  [ComfyUI] [worker:ComfyUI-TRELLIS2] [encode] voxelized: 1169075 voxels at resolution=512
  [ComfyUI] [worker:ComfyUI-TRELLIS2] [encode] voxelized: 1169075 voxels at resolution=512
  [ComfyUI] [worker:ComfyUI-TRELLIS2] [encode] voxel_indices: cpu, dual_vertices: cpu, intersected: cpu
  [ComfyUI] [worker:ComfyUI-TRELLIS2] [encode] voxel_indices: cpu, dual_vertices: cpu, intersected: cpu
  [ComfyUI] [worker:ComfyUI-TRELLIS2] [encode] coords: torch.Size([1169075, 4]) cuda:0
  [ComfyUI] [worker:ComfyUI-TRELLIS2] [encode] coords: torch.Size([1169075, 4]) cuda:0
  [ComfyUI] [worker:ComfyUI-TRELLIS2] [encode] pre-load: alloc=18MB
  [ComfyUI] [worker:ComfyUI-TRELLIS2] [encode] pre-load: alloc=18MB
  [ComfyUI] [SubprocessWorker] callback 'report_progress' from call_id=73
  [ComfyUI] [SubprocessWorker] callback 'report_progress' from call_id=73
  Frame 7 saved (frame_006.jpg, t=130.9s)
  [capture-periodic] freeze=9ms shot=232ms unfreeze=5ms saved=True
  [ComfyUI] [SubprocessWorker] callback 'report_progress' from call_id=73
  [ComfyUI] [SubprocessWorker] callback 'report_progress' from call_id=73
  [ComfyUI] [SubprocessWorker] callback 'report_progress' from call_id=73
  [ComfyUI] [SubprocessWorker] callback 'report_progress' from call_id=73
  [ComfyUI] [worker:ComfyUI-TRELLIS2] [TRELLIS2] Built FlexiDualGridVaeEncoder on CPU: dtype=torch.bfloat16, 3.0s
  [ComfyUI] [worker:ComfyUI-TRELLIS2] [TRELLIS2] Built FlexiDualGridVaeEncoder on CPU: dtype=torch.bfloat16, 3.0s
  [ComfyUI] [SubprocessWorker] callback 'request_vram_budget' from call_id=73
  [ComfyUI] [SubprocessWorker] callback 'request_vram_budget' from call_id=73
  [ComfyUI] [comfy-env] VRAM request: 0.71GB, free before eviction: 24.44GB
  [ComfyUI] [comfy-env] VRAM request: 0.71GB, free before eviction: 24.44GB
  [ComfyUI] [comfy-env] VRAM after eviction: 24.44GB
  [ComfyUI] [comfy-env] VRAM after eviction: 24.44GB
  [ComfyUI] [worker:ComfyUI-TRELLIS2] [VRAM] +234MB (now 234MB) reserved=236MB peak=234MB
  [ComfyUI] [worker:ComfyUI-TRELLIS2] [VRAM] +234MB (now 234MB) reserved=236MB peak=234MB
  [ComfyUI] [worker:ComfyUI-TRELLIS2] [TRELLIS2] shape_slat_encoder -> GPU: 0.5s
  [ComfyUI] [worker:ComfyUI-TRELLIS2] [TRELLIS2] shape_slat_encoder -> GPU: 0.5s
  [ComfyUI] [worker:ComfyUI-TRELLIS2] [encode] encoder loaded: alloc=705MB
  [ComfyUI] [worker:ComfyUI-TRELLIS2] [encode] encoder loaded: alloc=705MB
  [ComfyUI] [worker:ComfyUI-TRELLIS2] [encode] vertex_feats: torch.Size([1169075, 3]) cuda:0 alloc=712MB
  [ComfyUI] [worker:ComfyUI-TRELLIS2] [encode] vertex_feats: torch.Size([1169075, 3]) cuda:0 alloc=712MB
  [ComfyUI] [worker:ComfyUI-TRELLIS2] [encode] vertices_sparse built: alloc=712MB
  [ComfyUI] [worker:ComfyUI-TRELLIS2] [encode] vertices_sparse built: alloc=712MB
  [ComfyUI] [worker:ComfyUI-TRELLIS2] [encode] intersected_sparse built: alloc=719MB
  [ComfyUI] [worker:ComfyUI-TRELLIS2] [encode] intersected_sparse built: alloc=719MB
  [ComfyUI] [worker:ComfyUI-TRELLIS2] [encode] starting encoder forward...
  [ComfyUI] [worker:ComfyUI-TRELLIS2] [encode] starting encoder forward...
  [ComfyUI] [worker:ComfyUI-TRELLIS2] [sparse-conv] N=1,169,075 Ci=64 Co=16 feats=285MB cache=264MB (miss) w_dev=cuda:0 alloc=1593MB
  [ComfyUI] [worker:ComfyUI-TRELLIS2] [sparse-conv] N=1,169,075 Ci=64 Co=16 feats=285MB cache=264MB (miss) w_dev=cuda:0 alloc=1593MB
  [ComfyUI] [worker:ComfyUI-TRELLIS2] [VRAM] +1431MB (now 1665MB) reserved=2034MB peak=1665MB
  [ComfyUI] [worker:ComfyUI-TRELLIS2] [VRAM] +1431MB (now 1665MB) reserved=2034MB peak=1665MB
  Frame 8 saved (frame_007.jpg, t=135.5s)
  [capture-periodic] freeze=4ms shot=119ms unfreeze=6ms saved=True
  [ComfyUI] [worker:ComfyUI-TRELLIS2] [VRAM] +257MB (now 1923MB) reserved=2290MB peak=1923MB
  [ComfyUI] [worker:ComfyUI-TRELLIS2] [VRAM] +257MB (now 1923MB) reserved=2290MB peak=1923MB
  [ComfyUI] [worker:ComfyUI-TRELLIS2] [sparse-conv] out=71MB alloc=1669MB
  [ComfyUI] [worker:ComfyUI-TRELLIS2] [sparse-conv] out=71MB alloc=1669MB
  [ComfyUI] [worker:ComfyUI-TRELLIS2] [sparse-conv] N=290,144 Ci=128 Co=128 feats=141MB cache=68MB (miss) w_dev=cuda:0 alloc=2109MB
  [ComfyUI] [worker:ComfyUI-TRELLIS2] [sparse-conv] N=290,144 Ci=128 Co=128 feats=141MB cache=68MB (miss) w_dev=cuda:0 alloc=2109MB
  [capture-loop] iter=1150 t=136.9s state={'complete': False, 'error': None, 'executedCount': 2, 'wsState': 1} eval_ms=4 ram=7.4/31.9GB (23%) swap=0.6/9.4GB (7%) cpu=29% browser_rss=0.68GB
  [ComfyUI] [worker:ComfyUI-TRELLIS2] [VRAM] +584MB (now 2507MB) reserved=2858MB peak=2507MB
  [ComfyUI] [worker:ComfyUI-TRELLIS2] [VRAM] +584MB (now 2507MB) reserved=2858MB peak=2507MB
  [ComfyUI] [worker:ComfyUI-TRELLIS2] [sparse-conv] out=141MB alloc=2252MB
  [ComfyUI] [worker:ComfyUI-TRELLIS2] [sparse-conv] out=141MB alloc=2252MB
  [ComfyUI] [worker:ComfyUI-TRELLIS2] [sparse-conv] N=290,144 Ci=128 Co=128 feats=141MB cache=69MB (hit) w_dev=cuda:0 alloc=1257MB
  [ComfyUI] [worker:ComfyUI-TRELLIS2] [sparse-conv] N=290,144 Ci=128 Co=128 feats=141MB cache=69MB (hit) w_dev=cuda:0 alloc=1257MB
  [ComfyUI] [worker:ComfyUI-TRELLIS2] [sparse-conv] out=141MB alloc=1399MB
  [ComfyUI] [worker:ComfyUI-TRELLIS2] [sparse-conv] out=141MB alloc=1399MB
  [ComfyUI] [worker:ComfyUI-TRELLIS2] [sparse-conv] N=290,144 Ci=128 Co=128 feats=141MB cache=69MB (hit) w_dev=cuda:0 alloc=1257MB
  [ComfyUI] [worker:ComfyUI-TRELLIS2] [sparse-conv] N=290,144 Ci=128 Co=128 feats=141MB cache=69MB (hit) w_dev=cuda:0 alloc=1257MB
  [ComfyUI] [worker:ComfyUI-TRELLIS2] [sparse-conv] out=141MB alloc=1399MB
  [ComfyUI] [worker:ComfyUI-TRELLIS2] [sparse-conv] out=141MB alloc=1399MB
  [ComfyUI] [worker:ComfyUI-TRELLIS2] [sparse-conv] N=290,144 Ci=128 Co=128 feats=141MB cache=69MB (hit) w_dev=cuda:0 alloc=1257MB
  [ComfyUI] [worker:ComfyUI-TRELLIS2] [sparse-conv] N=290,144 Ci=128 Co=128 feats=141MB cache=69MB (hit) w_dev=cuda:0 alloc=1257MB
  [ComfyUI] [worker:ComfyUI-TRELLIS2] [sparse-conv] out=141MB alloc=1399MB
  [ComfyUI] [worker:ComfyUI-TRELLIS2] [sparse-conv] out=141MB alloc=1399MB
  [ComfyUI] [worker:ComfyUI-TRELLIS2] [sparse-conv] N=290,144 Ci=128 Co=128 feats=141MB cache=69MB (hit) w_dev=cuda:0 alloc=1257MB
  [ComfyUI] [worker:ComfyUI-TRELLIS2] [sparse-conv] N=290,144 Ci=128 Co=128 feats=141MB cache=69MB (hit) w_dev=cuda:0 alloc=1257MB
  [ComfyUI] [worker:ComfyUI-TRELLIS2] [sparse-conv] out=141MB alloc=1399MB
  [ComfyUI] [worker:ComfyUI-TRELLIS2] [sparse-conv] out=141MB alloc=1399MB
  [ComfyUI] [worker:ComfyUI-TRELLIS2] [sparse-conv] N=290,144 Ci=128 Co=32 feats=141MB cache=69MB (hit) w_dev=cuda:0 alloc=1397MB
  [ComfyUI] [worker:ComfyUI-TRELLIS2] [sparse-conv] N=290,144 Ci=128 Co=32 feats=141MB cache=69MB (hit) w_dev=cuda:0 alloc=1397MB
  [ComfyUI] [worker:ComfyUI-TRELLIS2] [VRAM] -1110MB (now 1397MB) reserved=3428MB peak=2508MB
  [ComfyUI] [worker:ComfyUI-TRELLIS2] [VRAM] -1110MB (now 1397MB) reserved=3428MB peak=2508MB
  [ComfyUI] [worker:ComfyUI-TRELLIS2] [VRAM] +291MB (now 1688MB) reserved=3428MB peak=2508MB
  [ComfyUI] [worker:ComfyUI-TRELLIS2] [VRAM] +291MB (now 1688MB) reserved=3428MB peak=2508MB
  [ComfyUI] [worker:ComfyUI-TRELLIS2] [sparse-conv] out=35MB alloc=1432MB
  [ComfyUI] [worker:ComfyUI-TRELLIS2] [sparse-conv] out=35MB alloc=1432MB
  [ComfyUI] [worker:ComfyUI-TRELLIS2] [sparse-conv] N=65,010 Ci=256 Co=256 feats=63MB cache=17MB (miss) w_dev=cuda:0 alloc=1600MB
  [ComfyUI] [worker:ComfyUI-TRELLIS2] [sparse-conv] N=65,010 Ci=256 Co=256 feats=63MB cache=17MB (miss) w_dev=cuda:0 alloc=1600MB
  [ComfyUI] [worker:ComfyUI-TRELLIS2] [VRAM] +231MB (now 1920MB) reserved=3432MB peak=2508MB
  [ComfyUI] [worker:ComfyUI-TRELLIS2] [VRAM] +231MB (now 1920MB) reserved=3432MB peak=2508MB
  [ComfyUI] [worker:ComfyUI-TRELLIS2] [VRAM] -320MB (now 1601MB) reserved=3432MB peak=2508MB
  [ComfyUI] [worker:ComfyUI-TRELLIS2] [VRAM] -320MB (now 1601MB) reserved=3432MB peak=2508MB
  [ComfyUI] [worker:ComfyUI-TRELLIS2] [sparse-conv] out=63MB alloc=1664MB
  [ComfyUI] [worker:ComfyUI-TRELLIS2] [sparse-conv] out=63MB alloc=1664MB
  [ComfyUI] [worker:ComfyUI-TRELLIS2] [sparse-conv] N=65,010 Ci=256 Co=256 feats=63MB cache=17MB (hit) w_dev=cuda:0 alloc=1206MB
  [ComfyUI] [worker:ComfyUI-TRELLIS2] [sparse-conv] N=65,010 Ci=256 Co=256 feats=63MB cache=17MB (hit) w_dev=cuda:0 alloc=1206MB
  [ComfyUI] [worker:ComfyUI-TRELLIS2] [sparse-conv] out=63MB alloc=1269MB
  [ComfyUI] [worker:ComfyUI-TRELLIS2] [sparse-conv] out=63MB alloc=1269MB
  [ComfyUI] [worker:ComfyUI-TRELLIS2] [sparse-conv] N=65,010 Ci=256 Co=256 feats=63MB cache=17MB (hit) w_dev=cuda:0 alloc=1206MB
  [ComfyUI] [worker:ComfyUI-TRELLIS2] [sparse-conv] N=65,010 Ci=256 Co=256 feats=63MB cache=17MB (hit) w_dev=cuda:0 alloc=1206MB
  [ComfyUI] [worker:ComfyUI-TRELLIS2] [sparse-conv] out=63MB alloc=1269MB
  [ComfyUI] [worker:ComfyUI-TRELLIS2] [sparse-conv] out=63MB alloc=1269MB
  [ComfyUI] [worker:ComfyUI-TRELLIS2] [sparse-conv] N=65,010 Ci=256 Co=256 feats=63MB cache=17MB (hit) w_dev=cuda:0 alloc=1206MB
  [ComfyUI] [worker:ComfyUI-TRELLIS2] [sparse-conv] N=65,010 Ci=256 Co=256 feats=63MB cache=17MB (hit) w_dev=cuda:0 alloc=1206MB
  [ComfyUI] [worker:ComfyUI-TRELLIS2] [sparse-conv] out=63MB alloc=1269MB
  [ComfyUI] [worker:ComfyUI-TRELLIS2] [sparse-conv] out=63MB alloc=1269MB
  [ComfyUI] [worker:ComfyUI-TRELLIS2] [sparse-conv] N=65,010 Ci=256 Co=256 feats=63MB cache=17MB (hit) w_dev=cuda:0 alloc=1206MB
  [ComfyUI] [worker:ComfyUI-TRELLIS2] [sparse-conv] N=65,010 Ci=256 Co=256 feats=63MB cache=17MB (hit) w_dev=cuda:0 alloc=1206MB
  [ComfyUI] [worker:ComfyUI-TRELLIS2] [sparse-conv] out=63MB alloc=1269MB
  [ComfyUI] [worker:ComfyUI-TRELLIS2] [sparse-conv] out=63MB alloc=1269MB
  [ComfyUI] [worker:ComfyUI-TRELLIS2] [sparse-conv] N=65,010 Ci=256 Co=256 feats=63MB cache=17MB (hit) w_dev=cuda:0 alloc=1206MB
  [ComfyUI] [worker:ComfyUI-TRELLIS2] [sparse-conv] N=65,010 Ci=256 Co=256 feats=63MB cache=17MB (hit) w_dev=cuda:0 alloc=1206MB
  [ComfyUI] [worker:ComfyUI-TRELLIS2] [sparse-conv] out=63MB alloc=1269MB
  [ComfyUI] [worker:ComfyUI-TRELLIS2] [sparse-conv] out=63MB alloc=1269MB
  [ComfyUI] [worker:ComfyUI-TRELLIS2] [sparse-conv] N=65,010 Ci=256 Co=256 feats=63MB cache=17MB (hit) w_dev=cuda:0 alloc=1206MB
  [ComfyUI] [worker:ComfyUI-TRELLIS2] [sparse-conv] N=65,010 Ci=256 Co=256 feats=63MB cache=17MB (hit) w_dev=cuda:0 alloc=1206MB
  [ComfyUI] [worker:ComfyUI-TRELLIS2] [sparse-conv] out=63MB alloc=1269MB
  [ComfyUI] [worker:ComfyUI-TRELLIS2] [sparse-conv] out=63MB alloc=1269MB
  [ComfyUI] [worker:ComfyUI-TRELLIS2] [sparse-conv] N=65,010 Ci=256 Co=256 feats=63MB cache=17MB (hit) w_dev=cuda:0 alloc=1206MB
  [ComfyUI] [worker:ComfyUI-TRELLIS2] [sparse-conv] N=65,010 Ci=256 Co=256 feats=63MB cache=17MB (hit) w_dev=cuda:0 alloc=1206MB
  [ComfyUI] [worker:ComfyUI-TRELLIS2] [sparse-conv] out=63MB alloc=1269MB
  [ComfyUI] [worker:ComfyUI-TRELLIS2] [sparse-conv] out=63MB alloc=1269MB
  [ComfyUI] [worker:ComfyUI-TRELLIS2] [sparse-conv] N=65,010 Ci=256 Co=256 feats=63MB cache=17MB (hit) w_dev=cuda:0 alloc=1206MB
  [ComfyUI] [worker:ComfyUI-TRELLIS2] [sparse-conv] N=65,010 Ci=256 Co=256 feats=63MB cache=17MB (hit) w_dev=cuda:0 alloc=1206MB
  [ComfyUI] [worker:ComfyUI-TRELLIS2] [sparse-conv] out=63MB alloc=1269MB
  [ComfyUI] [worker:ComfyUI-TRELLIS2] [sparse-conv] out=63MB alloc=1269MB
  [ComfyUI] [worker:ComfyUI-TRELLIS2] [sparse-conv] N=65,010 Ci=256 Co=64 feats=63MB cache=17MB (hit) w_dev=cuda:0 alloc=1264MB
  [ComfyUI] [worker:ComfyUI-TRELLIS2] [sparse-conv] N=65,010 Ci=256 Co=64 feats=63MB cache=17MB (hit) w_dev=cuda:0 alloc=1264MB
  [capture-loop] iter=1200 t=142.9s state={'complete': False, 'error': None, 'executedCount': 2, 'wsState': 1} eval_ms=4 ram=7.5/31.9GB (23%) swap=0.6/9.4GB (7%) cpu=4% browser_rss=0.67GB
  [ComfyUI] [worker:ComfyUI-TRELLIS2] [VRAM] -337MB (now 1264MB) reserved=3432MB peak=2508MB
  [ComfyUI] [worker:ComfyUI-TRELLIS2] [VRAM] -337MB (now 1264MB) reserved=3432MB peak=2508MB
  [ComfyUI] [worker:ComfyUI-TRELLIS2] [sparse-conv] out=15MB alloc=1280MB
  [ComfyUI] [worker:ComfyUI-TRELLIS2] [sparse-conv] out=15MB alloc=1280MB
  [ComfyUI] [worker:ComfyUI-TRELLIS2] [sparse-conv] N=12,685 Ci=512 Co=512 feats=24MB cache=3MB (miss) w_dev=cuda:0 alloc=1354MB
  [ComfyUI] [worker:ComfyUI-TRELLIS2] [sparse-conv] N=12,685 Ci=512 Co=512 feats=24MB cache=3MB (miss) w_dev=cuda:0 alloc=1354MB
  [ComfyUI] [worker:ComfyUI-TRELLIS2] [VRAM] +370MB (now 1635MB) reserved=3434MB peak=2508MB
  [ComfyUI] [worker:ComfyUI-TRELLIS2] [VRAM] +370MB (now 1635MB) reserved=3434MB peak=2508MB
  [capture-loop] iter=1250 t=148.7s state={'complete': False, 'error': None, 'executedCount': 2, 'wsState': 1} eval_ms=4 ram=7.5/31.9GB (23%) swap=0.6/9.4GB (7%) cpu=5% browser_rss=0.67GB
  [ComfyUI] [worker:ComfyUI-TRELLIS2] [VRAM] -281MB (now 1354MB) reserved=3434MB peak=2508MB
  [ComfyUI] [worker:ComfyUI-TRELLIS2] [VRAM] -281MB (now 1354MB) reserved=3434MB peak=2508MB
  [ComfyUI] [worker:ComfyUI-TRELLIS2] [VRAM] +355MB (now 1709MB) reserved=3434MB peak=2508MB
  [ComfyUI] [worker:ComfyUI-TRELLIS2] [VRAM] +355MB (now 1709MB) reserved=3434MB peak=2508MB
  [ComfyUI] [worker:ComfyUI-TRELLIS2] [sparse-conv] out=24MB alloc=1379MB
  [ComfyUI] [worker:ComfyUI-TRELLIS2] [sparse-conv] out=24MB alloc=1379MB
  [ComfyUI] [worker:ComfyUI-TRELLIS2] [sparse-conv] N=12,685 Ci=512 Co=512 feats=24MB cache=3MB (hit) w_dev=cuda:0 alloc=1191MB
  [ComfyUI] [worker:ComfyUI-TRELLIS2] [sparse-conv] N=12,685 Ci=512 Co=512 feats=24MB cache=3MB (hit) w_dev=cuda:0 alloc=1191MB
  [ComfyUI] [worker:ComfyUI-TRELLIS2] [sparse-conv] out=24MB alloc=1216MB
  [ComfyUI] [worker:ComfyUI-TRELLIS2] [sparse-conv] out=24MB alloc=1216MB
  [ComfyUI] [worker:ComfyUI-TRELLIS2] [sparse-conv] N=12,685 Ci=512 Co=512 feats=24MB cache=3MB (hit) w_dev=cuda:0 alloc=1191MB
  [ComfyUI] [worker:ComfyUI-TRELLIS2] [sparse-conv] N=12,685 Ci=512 Co=512 feats=24MB cache=3MB (hit) w_dev=cuda:0 alloc=1191MB
  [ComfyUI] [worker:ComfyUI-TRELLIS2] [sparse-conv] out=24MB alloc=1216MB
  [ComfyUI] [worker:ComfyUI-TRELLIS2] [sparse-conv] out=24MB alloc=1216MB
  [ComfyUI] [worker:ComfyUI-TRELLIS2] [sparse-conv] N=12,685 Ci=512 Co=512 feats=24MB cache=3MB (hit) w_dev=cuda:0 alloc=1192MB
  [ComfyUI] [worker:ComfyUI-TRELLIS2] [sparse-conv] N=12,685 Ci=512 Co=512 feats=24MB cache=3MB (hit) w_dev=cuda:0 alloc=1192MB
  [ComfyUI] [worker:ComfyUI-TRELLIS2] [sparse-conv] out=24MB alloc=1216MB
  [ComfyUI] [worker:ComfyUI-TRELLIS2] [sparse-conv] out=24MB alloc=1216MB
  [ComfyUI] [worker:ComfyUI-TRELLIS2] [sparse-conv] N=12,685 Ci=512 Co=512 feats=24MB cache=3MB (hit) w_dev=cuda:0 alloc=1191MB
  [ComfyUI] [worker:ComfyUI-TRELLIS2] [sparse-conv] N=12,685 Ci=512 Co=512 feats=24MB cache=3MB (hit) w_dev=cuda:0 alloc=1191MB
  [ComfyUI] [worker:ComfyUI-TRELLIS2] [sparse-conv] out=24MB alloc=1216MB
  [ComfyUI] [worker:ComfyUI-TRELLIS2] [sparse-conv] out=24MB alloc=1216MB
  [ComfyUI] [worker:ComfyUI-TRELLIS2] [sparse-conv] N=12,685 Ci=512 Co=512 feats=24MB cache=3MB (hit) w_dev=cuda:0 alloc=1191MB
  [ComfyUI] [worker:ComfyUI-TRELLIS2] [sparse-conv] N=12,685 Ci=512 Co=512 feats=24MB cache=3MB (hit) w_dev=cuda:0 alloc=1191MB
  [ComfyUI] [worker:ComfyUI-TRELLIS2] [sparse-conv] out=24MB alloc=1216MB
  [ComfyUI] [worker:ComfyUI-TRELLIS2] [sparse-conv] out=24MB alloc=1216MB
  [ComfyUI] [worker:ComfyUI-TRELLIS2] [sparse-conv] N=12,685 Ci=512 Co=512 feats=24MB cache=3MB (hit) w_dev=cuda:0 alloc=1192MB
  [ComfyUI] [worker:ComfyUI-TRELLIS2] [sparse-conv] N=12,685 Ci=512 Co=512 feats=24MB cache=3MB (hit) w_dev=cuda:0 alloc=1192MB
  [ComfyUI] [worker:ComfyUI-TRELLIS2] [sparse-conv] out=24MB alloc=1216MB
  [ComfyUI] [worker:ComfyUI-TRELLIS2] [sparse-conv] out=24MB alloc=1216MB
  [ComfyUI] [worker:ComfyUI-TRELLIS2] [sparse-conv] N=12,685 Ci=512 Co=512 feats=24MB cache=3MB (hit) w_dev=cuda:0 alloc=1191MB
  [ComfyUI] [worker:ComfyUI-TRELLIS2] [sparse-conv] N=12,685 Ci=512 Co=512 feats=24MB cache=3MB (hit) w_dev=cuda:0 alloc=1191MB
  [ComfyUI] [worker:ComfyUI-TRELLIS2] [sparse-conv] out=24MB alloc=1216MB
  [ComfyUI] [worker:ComfyUI-TRELLIS2] [sparse-conv] out=24MB alloc=1216MB
  [ComfyUI] [worker:ComfyUI-TRELLIS2] [sparse-conv] N=12,685 Ci=512 Co=512 feats=24MB cache=3MB (hit) w_dev=cuda:0 alloc=1191MB
  [ComfyUI] [worker:ComfyUI-TRELLIS2] [sparse-conv] N=12,685 Ci=512 Co=512 feats=24MB cache=3MB (hit) w_dev=cuda:0 alloc=1191MB
  [ComfyUI] [worker:ComfyUI-TRELLIS2] [sparse-conv] out=24MB alloc=1216MB
  [ComfyUI] [worker:ComfyUI-TRELLIS2] [sparse-conv] out=24MB alloc=1216MB
  [ComfyUI] [worker:ComfyUI-TRELLIS2] [sparse-conv] N=12,685 Ci=512 Co=512 feats=24MB cache=3MB (hit) w_dev=cuda:0 alloc=1192MB
  [ComfyUI] [worker:ComfyUI-TRELLIS2] [sparse-conv] N=12,685 Ci=512 Co=512 feats=24MB cache=3MB (hit) w_dev=cuda:0 alloc=1192MB
  [ComfyUI] [worker:ComfyUI-TRELLIS2] [sparse-conv] out=24MB alloc=1216MB
  [ComfyUI] [worker:ComfyUI-TRELLIS2] [sparse-conv] out=24MB alloc=1216MB
  [ComfyUI] [worker:ComfyUI-TRELLIS2] [sparse-conv] N=12,685 Ci=512 Co=512 feats=24MB cache=3MB (hit) w_dev=cuda:0 alloc=1191MB
  [ComfyUI] [worker:ComfyUI-TRELLIS2] [sparse-conv] N=12,685 Ci=512 Co=512 feats=24MB cache=3MB (hit) w_dev=cuda:0 alloc=1191MB
  [ComfyUI] [worker:ComfyUI-TRELLIS2] [sparse-conv] out=24MB alloc=1216MB
  [ComfyUI] [worker:ComfyUI-TRELLIS2] [sparse-conv] out=24MB alloc=1216MB
  [ComfyUI] [worker:ComfyUI-TRELLIS2] [sparse-conv] N=12,685 Ci=512 Co=512 feats=24MB cache=3MB (hit) w_dev=cuda:0 alloc=1191MB
  [ComfyUI] [worker:ComfyUI-TRELLIS2] [sparse-conv] N=12,685 Ci=512 Co=512 feats=24MB cache=3MB (hit) w_dev=cuda:0 alloc=1191MB
  [ComfyUI] [worker:ComfyUI-TRELLIS2] [sparse-conv] out=24MB alloc=1216MB
  [ComfyUI] [worker:ComfyUI-TRELLIS2] [sparse-conv] out=24MB alloc=1216MB
  [ComfyUI] [worker:ComfyUI-TRELLIS2] [sparse-conv] N=12,685 Ci=512 Co=512 feats=24MB cache=3MB (hit) w_dev=cuda:0 alloc=1192MB
  [ComfyUI] [worker:ComfyUI-TRELLIS2] [sparse-conv] N=12,685 Ci=512 Co=512 feats=24MB cache=3MB (hit) w_dev=cuda:0 alloc=1192MB
  [ComfyUI] [worker:ComfyUI-TRELLIS2] [sparse-conv] out=24MB alloc=1216MB
  [ComfyUI] [worker:ComfyUI-TRELLIS2] [sparse-conv] out=24MB alloc=1216MB
  [ComfyUI] [worker:ComfyUI-TRELLIS2] [sparse-conv] N=12,685 Ci=512 Co=512 feats=24MB cache=3MB (hit) w_dev=cuda:0 alloc=1191MB
  [ComfyUI] [worker:ComfyUI-TRELLIS2] [sparse-conv] N=12,685 Ci=512 Co=512 feats=24MB cache=3MB (hit) w_dev=cuda:0 alloc=1191MB
  [ComfyUI] [worker:ComfyUI-TRELLIS2] [sparse-conv] out=24MB alloc=1216MB
  [ComfyUI] [worker:ComfyUI-TRELLIS2] [sparse-conv] out=24MB alloc=1216MB
  [ComfyUI] [worker:ComfyUI-TRELLIS2] [sparse-conv] N=12,685 Ci=512 Co=512 feats=24MB cache=3MB (hit) w_dev=cuda:0 alloc=1191MB
  [ComfyUI] [worker:ComfyUI-TRELLIS2] [sparse-conv] N=12,685 Ci=512 Co=512 feats=24MB cache=3MB (hit) w_dev=cuda:0 alloc=1191MB
  [ComfyUI] [worker:ComfyUI-TRELLIS2] [sparse-conv] out=24MB alloc=1216MB
  [ComfyUI] [worker:ComfyUI-TRELLIS2] [sparse-conv] out=24MB alloc=1216MB
  [ComfyUI] [worker:ComfyUI-TRELLIS2] [sparse-conv] N=12,685 Ci=512 Co=512 feats=24MB cache=3MB (hit) w_dev=cuda:0 alloc=1192MB
  [ComfyUI] [worker:ComfyUI-TRELLIS2] [sparse-conv] N=12,685 Ci=512 Co=512 feats=24MB cache=3MB (hit) w_dev=cuda:0 alloc=1192MB
  [ComfyUI] [worker:ComfyUI-TRELLIS2] [sparse-conv] out=24MB alloc=1216MB
  [ComfyUI] [worker:ComfyUI-TRELLIS2] [sparse-conv] out=24MB alloc=1216MB
  [ComfyUI] [worker:ComfyUI-TRELLIS2] [sparse-conv] N=12,685 Ci=512 Co=512 feats=24MB cache=3MB (hit) w_dev=cuda:0 alloc=1191MB
  [ComfyUI] [worker:ComfyUI-TRELLIS2] [sparse-conv] N=12,685 Ci=512 Co=512 feats=24MB cache=3MB (hit) w_dev=cuda:0 alloc=1191MB
  [ComfyUI] [worker:ComfyUI-TRELLIS2] [sparse-conv] out=24MB alloc=1216MB
  [ComfyUI] [worker:ComfyUI-TRELLIS2] [sparse-conv] out=24MB alloc=1216MB
  [ComfyUI] [worker:ComfyUI-TRELLIS2] [sparse-conv] N=12,685 Ci=512 Co=128 feats=24MB cache=3MB (hit) w_dev=cuda:0 alloc=1196MB
  [ComfyUI] [worker:ComfyUI-TRELLIS2] [sparse-conv] N=12,685 Ci=512 Co=128 feats=24MB cache=3MB (hit) w_dev=cuda:0 alloc=1196MB
  [ComfyUI] [worker:ComfyUI-TRELLIS2] [VRAM] -251MB (now 1458MB) reserved=3434MB peak=2508MB
  [ComfyUI] [worker:ComfyUI-TRELLIS2] [VRAM] -251MB (now 1458MB) reserved=3434MB peak=2508MB
  [ComfyUI] [worker:ComfyUI-TRELLIS2] [VRAM] -250MB (now 1209MB) reserved=3434MB peak=2508MB
  [ComfyUI] [worker:ComfyUI-TRELLIS2] [VRAM] -250MB (now 1209MB) reserved=3434MB peak=2508MB
  [capture-loop] iter=1300 t=154.6s state={'complete': False, 'error': None, 'executedCount': 2, 'wsState': 1} eval_ms=4 ram=7.5/31.9GB (24%) swap=0.6/9.4GB (7%) cpu=4% browser_rss=0.67GB
  [ComfyUI] [worker:ComfyUI-TRELLIS2] [VRAM] +293MB (now 1502MB) reserved=3434MB peak=2508MB
  [ComfyUI] [worker:ComfyUI-TRELLIS2] [VRAM] +293MB (now 1502MB) reserved=3434MB peak=2508MB
  [ComfyUI] [worker:ComfyUI-TRELLIS2] [VRAM] -256MB (now 1246MB) reserved=3434MB peak=2508MB
  [ComfyUI] [worker:ComfyUI-TRELLIS2] [VRAM] -256MB (now 1246MB) reserved=3434MB peak=2508MB
  [ComfyUI] [worker:ComfyUI-TRELLIS2] [VRAM] +256MB (now 1502MB) reserved=3434MB peak=2508MB
  [ComfyUI] [worker:ComfyUI-TRELLIS2] [VRAM] +256MB (now 1502MB) reserved=3434MB peak=2508MB
  [ComfyUI] [worker:ComfyUI-TRELLIS2] [VRAM] -256MB (now 1246MB) reserved=3434MB peak=2508MB
  [ComfyUI] [worker:ComfyUI-TRELLIS2] [VRAM] -256MB (now 1246MB) reserved=3434MB peak=2508MB
  [capture-loop] iter=1350 t=160.5s state={'complete': False, 'error': None, 'executedCount': 2, 'wsState': 1} eval_ms=4 ram=7.5/31.9GB (24%) swap=0.6/9.4GB (7%) cpu=4% browser_rss=0.67GB
  [ComfyUI] [worker:ComfyUI-TRELLIS2] [VRAM] +256MB (now 1502MB) reserved=3434MB peak=2508MB
  [ComfyUI] [worker:ComfyUI-TRELLIS2] [VRAM] +256MB (now 1502MB) reserved=3434MB peak=2508MB
  [ComfyUI] [worker:ComfyUI-TRELLIS2] [VRAM] -256MB (now 1246MB) reserved=3434MB peak=2508MB
  [ComfyUI] [worker:ComfyUI-TRELLIS2] [VRAM] -256MB (now 1246MB) reserved=3434MB peak=2508MB
  [ComfyUI] [worker:ComfyUI-TRELLIS2] [VRAM] +305MB (now 1551MB) reserved=3434MB peak=2508MB
  [ComfyUI] [worker:ComfyUI-TRELLIS2] [VRAM] +305MB (now 1551MB) reserved=3434MB peak=2508MB
  [ComfyUI] [worker:ComfyUI-TRELLIS2] [VRAM] -256MB (now 1295MB) reserved=3434MB peak=2508MB
  [ComfyUI] [worker:ComfyUI-TRELLIS2] [VRAM] -256MB (now 1295MB) reserved=3434MB peak=2508MB
  [ComfyUI] [worker:ComfyUI-TRELLIS2] [VRAM] +256MB (now 1551MB) reserved=3434MB peak=2508MB
  [ComfyUI] [worker:ComfyUI-TRELLIS2] [VRAM] +256MB (now 1551MB) reserved=3434MB peak=2508MB
  [capture-loop] iter=1400 t=166.3s state={'complete': False, 'error': None, 'executedCount': 2, 'wsState': 1} eval_ms=4 ram=7.5/31.9GB (24%) swap=0.6/9.4GB (7%) cpu=4% browser_rss=0.67GB
  [ComfyUI] [worker:ComfyUI-TRELLIS2] [VRAM] -256MB (now 1295MB) reserved=3434MB peak=2508MB
  [ComfyUI] [worker:ComfyUI-TRELLIS2] [VRAM] -256MB (now 1295MB) reserved=3434MB peak=2508MB
  [ComfyUI] [worker:ComfyUI-TRELLIS2] [VRAM] +256MB (now 1551MB) reserved=3434MB peak=2508MB
  [ComfyUI] [worker:ComfyUI-TRELLIS2] [VRAM] +256MB (now 1551MB) reserved=3434MB peak=2508MB
  [ComfyUI] [worker:ComfyUI-TRELLIS2] [VRAM] -256MB (now 1295MB) reserved=3434MB peak=2508MB
  [ComfyUI] [worker:ComfyUI-TRELLIS2] [VRAM] -256MB (now 1295MB) reserved=3434MB peak=2508MB
  [ComfyUI] [worker:ComfyUI-TRELLIS2] [sparse-conv] out=6MB alloc=1202MB
  [ComfyUI] [worker:ComfyUI-TRELLIS2] [sparse-conv] out=6MB alloc=1202MB
  [ComfyUI] [worker:ComfyUI-TRELLIS2] [sparse-conv] N=2,615 Ci=1024 Co=1024 feats=10MB cache=0MB (miss) w_dev=cuda:0 alloc=1324MB
  [ComfyUI] [worker:ComfyUI-TRELLIS2] [sparse-conv] N=2,615 Ci=1024 Co=1024 feats=10MB cache=0MB (miss) w_dev=cuda:0 alloc=1324MB
  [ComfyUI] [worker:ComfyUI-TRELLIS2] [VRAM] +325MB (now 1621MB) reserved=3434MB peak=2508MB
  [ComfyUI] [worker:ComfyUI-TRELLIS2] [VRAM] +325MB (now 1621MB) reserved=3434MB peak=2508MB
  [ComfyUI] [worker:ComfyUI-TRELLIS2] [sparse-conv] out=10MB alloc=1334MB
  [ComfyUI] [worker:ComfyUI-TRELLIS2] [sparse-conv] out=10MB alloc=1334MB
  [ComfyUI] [worker:ComfyUI-TRELLIS2] [sparse-conv] N=2,615 Ci=1024 Co=1024 feats=10MB cache=0MB (hit) w_dev=cuda:0 alloc=1258MB
  [ComfyUI] [worker:ComfyUI-TRELLIS2] [sparse-conv] N=2,615 Ci=1024 Co=1024 feats=10MB cache=0MB (hit) w_dev=cuda:0 alloc=1258MB
  [ComfyUI] [worker:ComfyUI-TRELLIS2] [sparse-conv] out=10MB alloc=1269MB
  [ComfyUI] [worker:ComfyUI-TRELLIS2] [sparse-conv] out=10MB alloc=1269MB
  [ComfyUI] [worker:ComfyUI-TRELLIS2] [sparse-conv] N=2,615 Ci=1024 Co=1024 feats=10MB cache=0MB (hit) w_dev=cuda:0 alloc=1258MB
  [ComfyUI] [worker:ComfyUI-TRELLIS2] [sparse-conv] N=2,615 Ci=1024 Co=1024 feats=10MB cache=0MB (hit) w_dev=cuda:0 alloc=1258MB
  [ComfyUI] [worker:ComfyUI-TRELLIS2] [sparse-conv] out=10MB alloc=1269MB
  [ComfyUI] [worker:ComfyUI-TRELLIS2] [sparse-conv] out=10MB alloc=1269MB
  [ComfyUI] [worker:ComfyUI-TRELLIS2] [sparse-conv] N=2,615 Ci=1024 Co=1024 feats=10MB cache=0MB (hit) w_dev=cuda:0 alloc=1258MB
  [ComfyUI] [worker:ComfyUI-TRELLIS2] [sparse-conv] N=2,615 Ci=1024 Co=1024 feats=10MB cache=0MB (hit) w_dev=cuda:0 alloc=1258MB
  [ComfyUI] [worker:ComfyUI-TRELLIS2] [sparse-conv] out=10MB alloc=1269MB
  [ComfyUI] [worker:ComfyUI-TRELLIS2] [sparse-conv] out=10MB alloc=1269MB
  [ComfyUI] [worker:ComfyUI-TRELLIS2] [sparse-conv] N=2,615 Ci=1024 Co=1024 feats=10MB cache=0MB (hit) w_dev=cuda:0 alloc=1258MB
  [ComfyUI] [worker:ComfyUI-TRELLIS2] [sparse-conv] N=2,615 Ci=1024 Co=1024 feats=10MB cache=0MB (hit) w_dev=cuda:0 alloc=1258MB
  [ComfyUI] [worker:ComfyUI-TRELLIS2] [sparse-conv] out=10MB alloc=1269MB
  [ComfyUI] [worker:ComfyUI-TRELLIS2] [sparse-conv] out=10MB alloc=1269MB
  [ComfyUI] [worker:ComfyUI-TRELLIS2] [VRAM] -1139MB (now 483MB) reserved=3434MB peak=2508MB
  [ComfyUI] [worker:ComfyUI-TRELLIS2] [VRAM] -1139MB (now 483MB) reserved=3434MB peak=2508MB
  [ComfyUI] [SubprocessWorker] callback 'report_progress' from call_id=73
  [ComfyUI] [SubprocessWorker] callback 'report_progress' from call_id=73
  [ComfyUI] [SubprocessWorker] got response: ok
  [ComfyUI] [SubprocessWorker] got response: ok
  [ComfyUI] [comfy-env] Created 1 model patchers: ['FlexiDualGridVaeEncoder_1']
  [ComfyUI] [comfy-env] Created 1 model patchers: ['FlexiDualGridVaeEncoder_1']
  [ComfyUI] [comfy-env] Trellis2EncodeMesh done (45.63s): result: NodeOutput
  [ComfyUI] [comfy-env] Trellis2EncodeMesh done (45.63s): result: NodeOutput
  [ComfyUI] [VRAM] After Trellis2EncodeMesh: 1271 / 24575 MB
  [ComfyUI] [VRAM] After Trellis2EncodeMesh: 1271 / 24575 MB
  [ComfyUI] [VRAM] Loaded: SubprocessModel (0 MB)
  [ComfyUI] [VRAM] Loaded: SubprocessModel (0 MB)
  [ComfyUI] [comfy-env] Running Trellis2GetConditioning: background_color: 'black', model_config: dict, image: torch.float32 [1,1038,1038,3] cpu, mask: torch.float32 [1,1038,1038] cpu
  [ComfyUI] [comfy-env] Running Trellis2GetConditioning: background_color: 'black', model_config: dict, image: torch.float32 [1,1038,1038,3] cpu, mask: torch.float32 [1,1038,1038] cpu
  [ComfyUI] [VRAM] Before Trellis2GetConditioning: 1271 / 24575 MB
  [ComfyUI] [VRAM] Before Trellis2GetConditioning: 1271 / 24575 MB
  [ComfyUI] [VRAM] Loaded: SubprocessModel (0 MB)
  [ComfyUI] [VRAM] Loaded: SubprocessModel (0 MB)
  [ComfyUI] [SubprocessWorker] call_method: nodes.nodes_inference.Trellis2GetConditioning.EXECUTE_NORMALIZED
  [ComfyUI] [SubprocessWorker] call_method: nodes.nodes_inference.Trellis2GetConditioning.EXECUTE_NORMALIZED
  [ComfyUI] [SubprocessWorker] acquired lock, ensuring started...
  [ComfyUI] [SubprocessWorker] acquired lock, ensuring started...
  [ComfyUI] [ComfyUI-TRELLIS2] Health check: ping (timeout=5.0s)...
  [ComfyUI] [ComfyUI-TRELLIS2] Health check: ping (timeout=5.0s)...
  [ComfyUI] [ComfyUI-TRELLIS2] Health check: ok
  [ComfyUI] [ComfyUI-TRELLIS2] Health check: ok
  [ComfyUI] [SubprocessWorker] worker started/confirmed
  [ComfyUI] [SubprocessWorker] worker started/confirmed
  [ComfyUI] [comfy-env] PRE-SERIALIZE 'image' shape: torch.Size([1, 1038, 1038, 3])
  [ComfyUI] [comfy-env] PRE-SERIALIZE 'image' shape: torch.Size([1, 1038, 1038, 3])
  [ComfyUI] [comfy-env] PRE-SERIALIZE 'mask' shape: torch.Size([1, 1038, 1038])
  [ComfyUI] [comfy-env] PRE-SERIALIZE 'mask' shape: torch.Size([1, 1038, 1038])
  [ComfyUI] [SubprocessWorker] serializing kwargs to shm...
  [ComfyUI] [SubprocessWorker] serializing kwargs to shm...
  [ComfyUI] [SubprocessWorker] created 0 shm blocks
  [ComfyUI] [SubprocessWorker] created 0 shm blocks
  [ComfyUI] [SubprocessWorker] sending request via socket...
  [ComfyUI] [SubprocessWorker] sending request via socket...
  [ComfyUI] [SubprocessWorker] call_id=74 sending call_method
  [ComfyUI] [SubprocessWorker] call_id=74 sending call_method
  [ComfyUI] [worker:ComfyUI-TRELLIS2] [comfy-env] _from_shm got dict with keys: ['__type__', 'strategy', 'manager_path', 'storage_key', 'storage_size']
  [ComfyUI] [worker:ComfyUI-TRELLIS2] [comfy-env] _from_shm got dict with keys: ['__type__', 'strategy', 'manager_path', 'storage_key', 'storage_size']
  [ComfyUI] [worker:ComfyUI-TRELLIS2] [comfy-env] DESERIALIZE TensorRef: tensor_size=[1, 1038, 1038, 3]
  [ComfyUI] [worker:ComfyUI-TRELLIS2] [comfy-env] DESERIALIZE TensorRef: tensor_size=[1, 1038, 1038, 3]
  [ComfyUI] [worker:ComfyUI-TRELLIS2] [comfy-env] DESERIALIZED tensor shape: torch.Size([1, 1038, 1038, 3])
  [ComfyUI] [worker:ComfyUI-TRELLIS2] [comfy-env] DESERIALIZED tensor shape: torch.Size([1, 1038, 1038, 3])
  [ComfyUI] [worker:ComfyUI-TRELLIS2] [comfy-env] _from_shm got dict with keys: ['__type__', 'strategy', 'manager_path', 'storage_key', 'storage_size']
  [ComfyUI] [worker:ComfyUI-TRELLIS2] [comfy-env] _from_shm got dict with keys: ['__type__', 'strategy', 'manager_path', 'storage_key', 'storage_size']
  [ComfyUI] [worker:ComfyUI-TRELLIS2] [comfy-env] DESERIALIZE TensorRef: tensor_size=[1, 1038, 1038]
  [ComfyUI] [worker:ComfyUI-TRELLIS2] [comfy-env] DESERIALIZE TensorRef: tensor_size=[1, 1038, 1038]
  [ComfyUI] [worker:ComfyUI-TRELLIS2] [comfy-env] DESERIALIZED tensor shape: torch.Size([1, 1038, 1038])
  [ComfyUI] [worker:ComfyUI-TRELLIS2] [comfy-env] DESERIALIZED tensor shape: torch.Size([1, 1038, 1038])
  [capture-loop] iter=1450 t=172.2s state={'complete': False, 'error': None, 'executedCount': 2, 'wsState': 1} eval_ms=9 ram=8.2/31.9GB (26%) swap=0.6/9.4GB (7%) cpu=8% browser_rss=0.68GB
  [ComfyUI] [worker:ComfyUI-TRELLIS2] [VRAM] -474MB (now 9MB) reserved=16MB peak=2508MB
  [ComfyUI] [worker:ComfyUI-TRELLIS2] [VRAM] -474MB (now 9MB) reserved=16MB peak=2508MB
  [ComfyUI] [SubprocessWorker] callback 'request_vram_budget' from call_id=74
  [ComfyUI] [SubprocessWorker] callback 'request_vram_budget' from call_id=74
  [ComfyUI] [comfy-env] VRAM request: 1.21GB, free before eviction: 24.44GB
  [ComfyUI] [comfy-env] VRAM request: 1.21GB, free before eviction: 24.44GB
  [ComfyUI] [comfy-env] VRAM after eviction: 24.44GB
  [ComfyUI] [comfy-env] VRAM after eviction: 24.44GB
  Frame 9 saved (frame_008.jpg, t=173.2s)
  [capture-periodic] freeze=4ms shot=124ms unfreeze=6ms saved=True
  [ComfyUI] [worker:ComfyUI-TRELLIS2] [TRELLIS2] DinoV3 conditioning: dtype=torch.bfloat16
  [ComfyUI] [worker:ComfyUI-TRELLIS2] [TRELLIS2] DinoV3 conditioning: dtype=torch.bfloat16
  [ComfyUI] [worker:ComfyUI-TRELLIS2] [comfy.attention_sparse] Dense attention: attention_sage
  [ComfyUI] [worker:ComfyUI-TRELLIS2] [comfy.attention_sparse] Dense attention: attention_sage
  [ComfyUI] [SubprocessWorker] callback 'report_progress' from call_id=74
  [ComfyUI] [SubprocessWorker] callback 'report_progress' from call_id=74
  [ComfyUI] [SubprocessWorker] callback 'report_progress' from call_id=74
  [ComfyUI] [SubprocessWorker] callback 'report_progress' from call_id=74
  [ComfyUI] [SubprocessWorker] callback 'report_progress' from call_id=74
  [ComfyUI] [SubprocessWorker] callback 'report_progress' from call_id=74
  [ComfyUI] [SubprocessWorker] callback 'report_progress' from call_id=74
  [ComfyUI] [SubprocessWorker] callback 'report_progress' from call_id=74
  [ComfyUI] [worker:ComfyUI-TRELLIS2] [VRAM] +947MB (now 956MB) reserved=1220MB peak=2508MB
  [ComfyUI] [worker:ComfyUI-TRELLIS2] [VRAM] +947MB (now 956MB) reserved=1220MB peak=2508MB
  [ComfyUI] [SubprocessWorker] callback 'report_progress' from call_id=74
  [ComfyUI] [SubprocessWorker] callback 'report_progress' from call_id=74
  [ComfyUI] [SubprocessWorker] got response: ok
  [ComfyUI] [SubprocessWorker] got response: ok
  [ComfyUI] [comfy-env] Created 1 model patchers: ['DINOv3ViT_2']
  [ComfyUI] [comfy-env] Created 1 model patchers: ['DINOv3ViT_2']
  [ComfyUI] [comfy-env] Trellis2GetConditioning done (2.27s): result: NodeOutput
  [ComfyUI] [comfy-env] Trellis2GetConditioning done (2.27s): result: NodeOutput
  [ComfyUI] [VRAM] After Trellis2GetConditioning: 1271 / 24575 MB
  [ComfyUI] [VRAM] After Trellis2GetConditioning: 1271 / 24575 MB
  [ComfyUI] [VRAM] Loaded: SubprocessModel (0 MB), SubprocessModel (0 MB)
  [ComfyUI] [VRAM] Loaded: SubprocessModel (0 MB), SubprocessModel (0 MB)
  [ComfyUI] [comfy-env] Running Trellis2TextureMesh: seed: 42, tex_guidance_strength: 3.0, tex_guidance_rescale: 0.2, tex_sampling_steps: 12, model_config: dict, conditioning: dict, shape_latent: dict
  [ComfyUI] [comfy-env] Running Trellis2TextureMesh: seed: 42, tex_guidance_strength: 3.0, tex_guidance_rescale: 0.2, tex_sampling_steps: 12, model_config: dict, conditioning: dict, shape_latent: dict
  [ComfyUI] [VRAM] Before Trellis2TextureMesh: 1271 / 24575 MB
  [ComfyUI] [VRAM] Before Trellis2TextureMesh: 1271 / 24575 MB
  [ComfyUI] [VRAM] Loaded: SubprocessModel (0 MB), SubprocessModel (0 MB)
  [ComfyUI] [VRAM] Loaded: SubprocessModel (0 MB), SubprocessModel (0 MB)
  [ComfyUI] [SubprocessWorker] call_method: nodes.nodes_inference.Trellis2TextureMesh.EXECUTE_NORMALIZED
  [ComfyUI] [SubprocessWorker] call_method: nodes.nodes_inference.Trellis2TextureMesh.EXECUTE_NORMALIZED
  [ComfyUI] [SubprocessWorker] acquired lock, ensuring started...
  [ComfyUI] [SubprocessWorker] acquired lock, ensuring started...
  [ComfyUI] [ComfyUI-TRELLIS2] Health check: ping (timeout=5.0s)...
  [ComfyUI] [ComfyUI-TRELLIS2] Health check: ping (timeout=5.0s)...
  [ComfyUI] [ComfyUI-TRELLIS2] Health check: ok
  [ComfyUI] [ComfyUI-TRELLIS2] Health check: ok
  [ComfyUI] [SubprocessWorker] worker started/confirmed
  [ComfyUI] [SubprocessWorker] worker started/confirmed
  [ComfyUI] [SubprocessWorker] serializing kwargs to shm...
  [ComfyUI] [SubprocessWorker] serializing kwargs to shm...
  [ComfyUI] [SubprocessWorker] created 0 shm blocks
  [ComfyUI] [SubprocessWorker] created 0 shm blocks
  [ComfyUI] [SubprocessWorker] sending request via socket...
  [ComfyUI] [SubprocessWorker] sending request via socket...
  [ComfyUI] [SubprocessWorker] call_id=75 sending call_method
  [ComfyUI] [SubprocessWorker] call_id=75 sending call_method
  [ComfyUI] [worker:ComfyUI-TRELLIS2] [comfy-env] _from_shm got dict with keys: ['__type__', 'strategy', 'manager_path', 'storage_key', 'storage_size']
  [ComfyUI] [worker:ComfyUI-TRELLIS2] [comfy-env] _from_shm got dict with keys: ['__type__', 'strategy', 'manager_path', 'storage_key', 'storage_size']
  [ComfyUI] [worker:ComfyUI-TRELLIS2] [comfy-env] DESERIALIZE TensorRef: tensor_size=[1, 1029, 1024]
  [ComfyUI] [worker:ComfyUI-TRELLIS2] [comfy-env] DESERIALIZE TensorRef: tensor_size=[1, 1029, 1024]
  [ComfyUI] [worker:ComfyUI-TRELLIS2] [comfy-env] DESERIALIZED tensor shape: torch.Size([1, 1029, 1024])
  [ComfyUI] [worker:ComfyUI-TRELLIS2] [comfy-env] DESERIALIZED tensor shape: torch.Size([1, 1029, 1024])
  [ComfyUI] [worker:ComfyUI-TRELLIS2] [comfy-env] _from_shm got dict with keys: ['__type__', 'strategy', 'manager_path', 'storage_key', 'storage_size']
  [ComfyUI] [worker:ComfyUI-TRELLIS2] [comfy-env] _from_shm got dict with keys: ['__type__', 'strategy', 'manager_path', 'storage_key', 'storage_size']
  [ComfyUI] [worker:ComfyUI-TRELLIS2] [comfy-env] DESERIALIZE TensorRef: tensor_size=[1, 1029, 1024]
  [ComfyUI] [worker:ComfyUI-TRELLIS2] [comfy-env] DESERIALIZE TensorRef: tensor_size=[1, 1029, 1024]
  [ComfyUI] [worker:ComfyUI-TRELLIS2] [comfy-env] DESERIALIZED tensor shape: torch.Size([1, 1029, 1024])
  [ComfyUI] [worker:ComfyUI-TRELLIS2] [comfy-env] DESERIALIZED tensor shape: torch.Size([1, 1029, 1024])
  [ComfyUI] [worker:ComfyUI-TRELLIS2] [comfy-env] _from_shm got dict with keys: ['__type__', 'strategy', 'manager_path', 'storage_key', 'storage_size']
  [ComfyUI] [worker:ComfyUI-TRELLIS2] [comfy-env] _from_shm got dict with keys: ['__type__', 'strategy', 'manager_path', 'storage_key', 'storage_size']
  [ComfyUI] [worker:ComfyUI-TRELLIS2] [comfy-env] DESERIALIZE TensorRef: tensor_size=[2615, 32]
  [ComfyUI] [worker:ComfyUI-TRELLIS2] [comfy-env] DESERIALIZE TensorRef: tensor_size=[2615, 32]
  [ComfyUI] [worker:ComfyUI-TRELLIS2] [comfy-env] DESERIALIZED tensor shape: torch.Size([2615, 32])
  [ComfyUI] [worker:ComfyUI-TRELLIS2] [comfy-env] DESERIALIZED tensor shape: torch.Size([2615, 32])
  [ComfyUI] [worker:ComfyUI-TRELLIS2] [comfy-env] _from_shm got dict with keys: ['__type__', 'strategy', 'manager_path', 'storage_key', 'storage_size']
  [ComfyUI] [worker:ComfyUI-TRELLIS2] [comfy-env] _from_shm got dict with keys: ['__type__', 'strategy', 'manager_path', 'storage_key', 'storage_size']
  [ComfyUI] [worker:ComfyUI-TRELLIS2] [comfy-env] DESERIALIZE TensorRef: tensor_size=[2615, 4]
  [ComfyUI] [worker:ComfyUI-TRELLIS2] [comfy-env] DESERIALIZE TensorRef: tensor_size=[2615, 4]
  [ComfyUI] [worker:ComfyUI-TRELLIS2] [comfy-env] DESERIALIZED tensor shape: torch.Size([2615, 4])
  [ComfyUI] [worker:ComfyUI-TRELLIS2] [comfy-env] DESERIALIZED tensor shape: torch.Size([2615, 4])
  [ComfyUI] [worker:ComfyUI-TRELLIS2] [comfy-env] _from_shm got dict with keys: ['__type__', 'strategy', 'manager_path', 'storage_key', 'storage_size']
  [ComfyUI] [worker:ComfyUI-TRELLIS2] [comfy-env] _from_shm got dict with keys: ['__type__', 'strategy', 'manager_path', 'storage_key', 'storage_size']
  [ComfyUI] [worker:ComfyUI-TRELLIS2] [comfy-env] DESERIALIZE TensorRef: tensor_size=[131718, 3]
  [ComfyUI] [worker:ComfyUI-TRELLIS2] [comfy-env] DESERIALIZE TensorRef: tensor_size=[131718, 3]
  [ComfyUI] [worker:ComfyUI-TRELLIS2] [comfy-env] DESERIALIZED tensor shape: torch.Size([131718, 3])
  [ComfyUI] [worker:ComfyUI-TRELLIS2] [comfy-env] DESERIALIZED tensor shape: torch.Size([131718, 3])
  [ComfyUI] [worker:ComfyUI-TRELLIS2] [comfy-env] _from_shm got dict with keys: ['__type__', 'strategy', 'manager_path', 'storage_key', 'storage_size']
  [ComfyUI] [worker:ComfyUI-TRELLIS2] [comfy-env] _from_shm got dict with keys: ['__type__', 'strategy', 'manager_path', 'storage_key', 'storage_size']
  [ComfyUI] [worker:ComfyUI-TRELLIS2] [comfy-env] DESERIALIZE TensorRef: tensor_size=[263528, 3]
  [ComfyUI] [worker:ComfyUI-TRELLIS2] [comfy-env] DESERIALIZE TensorRef: tensor_size=[263528, 3]
  [ComfyUI] [worker:ComfyUI-TRELLIS2] [comfy-env] DESERIALIZED tensor shape: torch.Size([263528, 3])
  [ComfyUI] [worker:ComfyUI-TRELLIS2] [comfy-env] DESERIALIZED tensor shape: torch.Size([263528, 3])
  [ComfyUI] [SubprocessWorker] callback 'report_progress' from call_id=75
  [ComfyUI] [SubprocessWorker] callback 'report_progress' from call_id=75
  [ComfyUI] [SubprocessWorker] callback 'report_progress' from call_id=75
  [ComfyUI] [SubprocessWorker] callback 'report_progress' from call_id=75
  [ComfyUI] [SubprocessWorker] callback 'report_progress' from call_id=75
  [ComfyUI] [SubprocessWorker] callback 'report_progress' from call_id=75
  [ComfyUI] [SubprocessWorker] callback 'report_progress' from call_id=75
  [ComfyUI] [SubprocessWorker] callback 'report_progress' from call_id=75
  [ComfyUI] [worker:ComfyUI-TRELLIS2] [TRELLIS2] Built SLatFlowModel on CPU: dtype=torch.bfloat16, 0.2s
  [ComfyUI] [worker:ComfyUI-TRELLIS2] [TRELLIS2] Built SLatFlowModel on CPU: dtype=torch.bfloat16, 0.2s
  [ComfyUI] [SubprocessWorker] callback 'request_vram_budget' from call_id=75
  [ComfyUI] [SubprocessWorker] callback 'request_vram_budget' from call_id=75
  [ComfyUI] [comfy-env] VRAM request: 2.58GB, free before eviction: 24.44GB
  [ComfyUI] [comfy-env] VRAM request: 2.58GB, free before eviction: 24.44GB
  [ComfyUI] [comfy-env] VRAM after eviction: 24.44GB
  [ComfyUI] [comfy-env] VRAM after eviction: 24.44GB
  [ComfyUI] [worker:ComfyUI-TRELLIS2] [VRAM] -503MB (now 454MB) reserved=474MB peak=2508MB
  [ComfyUI] [worker:ComfyUI-TRELLIS2] [VRAM] -503MB (now 454MB) reserved=474MB peak=2508MB
  Frame 10 saved (frame_009.jpg, t=175.4s)
  [capture-periodic] freeze=4ms shot=132ms unfreeze=6ms saved=True
  [ComfyUI] [worker:ComfyUI-TRELLIS2] [VRAM] +1524MB (now 1978MB) reserved=1992MB peak=2508MB
  [ComfyUI] [worker:ComfyUI-TRELLIS2] [VRAM] +1524MB (now 1978MB) reserved=1992MB peak=2508MB
  [ComfyUI] [worker:ComfyUI-TRELLIS2] [TRELLIS2] tex_slat_flow_model_512 -> GPU: 2.4s
  [ComfyUI] [worker:ComfyUI-TRELLIS2] [TRELLIS2] tex_slat_flow_model_512 -> GPU: 2.4s
  [ComfyUI] [worker:ComfyUI-TRELLIS2] [33m[comfy-attn] Varlen attention: sage2[0m
  [ComfyUI] [worker:ComfyUI-TRELLIS2] [33m[comfy-attn] Varlen attention: sage2[0m
  [ComfyUI] [worker:ComfyUI-TRELLIS2] [VRAM] +634MB (now 2612MB) reserved=2748MB peak=2612MB
  [ComfyUI] [worker:ComfyUI-TRELLIS2] [VRAM] +634MB (now 2612MB) reserved=2748MB peak=2612MB
  [ComfyUI] [worker:ComfyUI-TRELLIS2]
  [ComfyUI] [worker:ComfyUI-TRELLIS2]
  [ComfyUI] === WATCHDOG TICK 1 ===
  [ComfyUI] === WATCHDOG TICK 1 ===
  [ComfyUI] [worker:ComfyUI-TRELLIS2] Thread 0x00004db4 (most recent call first):
  [ComfyUI] [worker:ComfyUI-TRELLIS2] Thread 0x00004db4 (most recent call first):
  [ComfyUI]   File "C:\Users\ContainerUser\AppData\Local\Temp\comfyui_pvenv_ceqbupwl\persistent_worker.py", line 106 in _vram_poller
  [ComfyUI]   File "C:\Users\ContainerUser\AppData\Local\Temp\comfyui_pvenv_ceqbupwl\persistent_worker.py", line 106 in _vram_poller
  [ComfyUI]   File "C:\Users\ContainerUser\AppData\Local\Programs\comfy-env\.pixi\envs\trellis2-nodes\lib\threading.py", line 953 in run
  [ComfyUI]   File "C:\Users\ContainerUser\AppData\Local\Programs\comfy-env\.pixi\envs\trellis2-nodes\lib\threading.py", line 953 in run
  [ComfyUI]   File "C:\Users\ContainerUser\AppData\Local\Programs\comfy-env\.pixi\envs\trellis2-nodes\lib\threading.py", line 1016 in _bootstrap_inner
  [ComfyUI]   File "C:\Users\ContainerUser\AppData\Local\Programs\comfy-env\.pixi\envs\trellis2-nodes\lib\threading.py", line 1016 in _bootstrap_inner
  [ComfyUI]   File "C:\Users\ContainerUser\AppData\Local\Programs\comfy-env\.pixi\envs\trellis2-nodes\lib\threading.py", line 973 in _bootstrap
  [ComfyUI]   File "C:\Users\ContainerUser\AppData\Local\Programs\comfy-env\.pixi\envs\trellis2-nodes\lib\threading.py", line 973 in _bootstrap
  [ComfyUI] 
  [ComfyUI] 
  [ComfyUI] Current thread 0x00002dcc (most recent call first):
  [ComfyUI] Current thread 0x00002dcc (most recent call first):
  [ComfyUI]   File "C:\Users\ContainerUser\AppData\Local\Temp\comfyui_pvenv_ceqbupwl\persistent_worker.py", line 52 in _watchdog
  [ComfyUI]   File "C:\Users\ContainerUser\AppData\Local\Temp\comfyui_pvenv_ceqbupwl\persistent_worker.py", line 52 in _watchdog
  [ComfyUI]   File "C:\Users\ContainerUser\AppData\Local\Programs\comfy-env\.pixi\envs\trellis2-nodes\lib\threading.py", line 953 in run
  [ComfyUI]   File "C:\Users\ContainerUser\AppData\Local\Programs\comfy-env\.pixi\envs\trellis2-nodes\lib\threading.py", line 953 in run
  [ComfyUI]   File "C:\Users\ContainerUser\AppData\Local\Programs\comfy-env\.pixi\envs\trellis2-nodes\lib\threading.py", line 1016 in _bootstrap_inner
  [ComfyUI]   File "C:\Users\ContainerUser\AppData\Local\Programs\comfy-env\.pixi\envs\trellis2-nodes\lib\threading.py", line 1016 in _bootstrap_inner
  [ComfyUI]   File "C:\Users\ContainerUser\AppData\Local\Programs\comfy-env\.pixi\envs\trellis2-nodes\lib\threading.py", line 973 in _bootstrap
  [ComfyUI]   File "C:\Users\ContainerUser\AppData\Local\Programs\comfy-env\.pixi\envs\trellis2-nodes\lib\threading.py", line 973 in _bootstrap
  [ComfyUI] 
  [ComfyUI] 
  [ComfyUI] Thread 0x000045e0 (most recent call first):
  [ComfyUI] Thread 0x000045e0 (most recent call first):
  [ComfyUI]   File "C:\Users\ContainerUser\AppData\Local\Programs\comfy-env\.pixi\envs\trellis2-nodes\Lib\site-packages\comfy_sparse_attn\attention_sparse.py", line 216 in sparse_scaled_dot_product_attention
  [ComfyUI]   File "C:\Users\ContainerUser\AppData\Local\Programs\comfy-env\.pixi\envs\trellis2-nodes\Lib\site-packages\comfy_sparse_attn\attention_sparse.py", line 216 in sparse_scaled_dot_product_attention
  [ComfyUI]   File "C:\workspaces\TRELLIS2-2130\ComfyUI\custom_nodes\ComfyUI-TRELLIS2\nodes\trellis2\model.py", line 1064 in forward
  [ComfyUI]   File "C:\workspaces\TRELLIS2-2130\ComfyUI\custom_nodes\ComfyUI-TRELLIS2\nodes\trellis2\model.py", line 1064 in forward
  [ComfyUI]   File "C:\Users\ContainerUser\AppData\Local\Programs\comfy-env\.pixi\envs\trellis2-nodes\lib\site-packages\torch\nn\modules\module.py", line 1787 in _call_impl
  [ComfyUI]   File "C:\Users\ContainerUser\AppData\Local\Programs\comfy-env\.pixi\envs\trellis2-nodes\lib\site-packages\torch\nn\modules\module.py", line 1787 in _call_impl
  [ComfyUI]   File "C:\Users\ContainerUser\AppData\Local\Programs\comfy-env\.pixi\envs\trellis2-nodes\lib\site-packages\torch\nn\modules\module.py", line 1776 in _wrapped_call_impl
  [ComfyUI]   File "C:\Users\ContainerUser\AppData\Local\Programs\comfy-env\.pixi\envs\trellis2-nodes\lib\site-packages\torch\nn\modules\module.py", line 1776 in _wrapped_call_impl
  [ComfyUI]   File "C:\workspaces\TRELLIS2-2130\ComfyUI\custom_nodes\ComfyUI-TRELLIS2\nodes\trellis2\model.py", line 1425 in _forward
  [ComfyUI]   File "C:\workspaces\TRELLIS2-2130\ComfyUI\custom_nodes\ComfyUI-TRELLIS2\nodes\trellis2\model.py", line 1425 in _forward
  [ComfyUI]   File "C:\workspaces\TRELLIS2-2130\ComfyUI\custom_nodes\ComfyUI-TRELLIS2\nodes\trellis2\model.py", line 1442 in forward
  [ComfyUI]   File "C:\workspaces\TRELLIS2-2130\ComfyUI\custom_nodes\ComfyUI-TRELLIS2\nodes\trellis2\model.py", line 1442 in forward
  [ComfyUI]   File "C:\Users\ContainerUser\AppData\Local\Programs\comfy-env\.pixi\envs\trellis2-nodes\lib\site-packages\torch\nn\modules\module.py", line 1787 in _call_impl
  [ComfyUI]   File "C:\Users\ContainerUser\AppData\Local\Programs\comfy-env\.pixi\envs\trellis2-nodes\lib\site-packages\torch\nn\modules\module.py", line 1787 in _call_impl
  [ComfyUI]   File "C:\Users\ContainerUser\AppData\Local\Programs\comfy-env\.pixi\envs\trellis2-nodes\lib\site-packages\torch\nn\modules\module.py", line 1776 in _wrapped_call_impl
  [ComfyUI]   File "C:\Users\ContainerUser\AppData\Local\Programs\comfy-env\.pixi\envs\trellis2-nodes\lib\site-packages\torch\nn\modules\module.py", line 1776 in _wrapped_call_impl
  [ComfyUI]   File "C:\workspaces\TRELLIS2-2130\ComfyUI\custom_nodes\ComfyUI-TRELLIS2\nodes\trellis2\model.py", line 1999 in _forward
  [ComfyUI]   File "C:\workspaces\TRELLIS2-2130\ComfyUI\custom_nodes\ComfyUI-TRELLIS2\nodes\trellis2\model.py", line 1999 in _forward
  [ComfyUI]   File "C:\workspaces\TRELLIS2-2130\ComfyUI\comfy\patcher_extension.py", line 112 in execute
  [ComfyUI]   File "C:\workspaces\TRELLIS2-2130\ComfyUI\comfy\patcher_extension.py", line 112 in execute
  [ComfyUI]   File "C:\workspaces\TRELLIS2-2130\ComfyUI\custom_nodes\ComfyUI-TRELLIS2\nodes\trellis2\model.py", line 1948 in forward
  [ComfyUI]   File "C:\workspaces\TRELLIS2-2130\ComfyUI\custom_nodes\ComfyUI-TRELLIS2\nodes\trellis2\model.py", line 1948 in forward
  [ComfyUI]   File "C:\Users\ContainerUser\AppData\Local\Programs\comfy-env\.pixi\envs\trellis2-nodes\lib\site-packages\torch\nn\modules\module.py", line 1787 in _call_impl
  [ComfyUI]   File "C:\Users\ContainerUser\AppData\Local\Programs\comfy-env\.pixi\envs\trellis2-nodes\lib\site-packages\torch\nn\modules\module.py", line 1787 in _call_impl
  [ComfyUI]   File "C:\Users\ContainerUser\AppData\Local\Programs\comfy-env\.pixi\envs\trellis2-nodes\lib\site-packages\torch\nn\modules\module.py", line 1776 in _wrapped_call_impl
  [ComfyUI]   File "C:\Users\ContainerUser\AppData\Local\Programs\comfy-env\.pixi\envs\trellis2-nodes\lib\site-packages\torch\nn\modules\module.py", line 1776 in _wrapped_call_impl
  [ComfyUI]   File "C:\workspaces\TRELLIS2-2130\ComfyUI\custom_nodes\ComfyUI-TRELLIS2\nodes\trellis2\samplers\flow_euler.py", line 67 in _inference_model
  [ComfyUI]   File "C:\workspaces\TRELLIS2-2130\ComfyUI\custom_nodes\ComfyUI-TRELLIS2\nodes\trellis2\samplers\flow_euler.py", line 67 in _inference_model
  [ComfyUI]   File "C:\workspaces\TRELLIS2-2130\ComfyUI\custom_nodes\ComfyUI-TRELLIS2\nodes\trellis2\samplers\classifier_free_guidance_mixin.py", line 11 in _inference_model
  [ComfyUI]   File "C:\workspaces\TRELLIS2-2130\ComfyUI\custom_nodes\ComfyUI-TRELLIS2\nodes\trellis2\samplers\classifier_free_guidance_mixin.py", line 11 in _inference_model
  [ComfyUI]   File "C:\workspaces\TRELLIS2-2130\ComfyUI\custom_nodes\ComfyUI-TRELLIS2\nodes\trellis2\samplers\guidance_interval_mixin.py", line 13 in _inference_model
  [ComfyUI]   File "C:\workspaces\TRELLIS2-2130\ComfyUI\custom_nodes\ComfyUI-TRELLIS2\nodes\trellis2\samplers\guidance_interval_mixin.py", line 13 in _inference_model
  [ComfyUI]   File "C:\workspaces\TRELLIS2-2130\ComfyUI\custom_nodes\ComfyUI-TRELLIS2\nodes\trellis2\samplers\flow_euler.py", line 75 in _get_model_prediction
  [ComfyUI]   File "C:\workspaces\TRELLIS2-2130\ComfyUI\custom_nodes\ComfyUI-TRELLIS2\nodes\trellis2\samplers\flow_euler.py", line 75 in _get_model_prediction
  [ComfyUI]   File "C:\workspaces\TRELLIS2-2130\ComfyUI\custom_nodes\ComfyUI-TRELLIS2\nodes\trellis2\samplers\flow_euler.py", line 105 in sample_once
  [ComfyUI]   File "C:\workspaces\TRELLIS2-2130\ComfyUI\custom_nodes\ComfyUI-TRELLIS2\nodes\trellis2\samplers\flow_euler.py", line 105 in sample_once
  [ComfyUI]   File "C:\Users\ContainerUser\AppData\Local\Programs\comfy-env\.pixi\envs\trellis2-nodes\lib\site-packages\torch\utils\_contextlib.py", line 124 in decorate_context
  [ComfyUI]   File "C:\Users\ContainerUser\AppData\Local\Programs\comfy-env\.pixi\envs\trellis2-nodes\lib\site-packages\torch\utils\_contextlib.py", line 124 in decorate_context
  [ComfyUI]   File "C:\workspaces\TRELLIS2-2130\ComfyUI\custom_nodes\ComfyUI-TRELLIS2\nodes\trellis2\samplers\flow_euler.py", line 150 in sample
  [ComfyUI]   File "C:\workspaces\TRELLIS2-2130\ComfyUI\custom_nodes\ComfyUI-TRELLIS2\nodes\trellis2\samplers\flow_euler.py", line 150 in sample
  [ComfyUI]   File "C:\Users\ContainerUser\AppData\Local\Programs\comfy-env\.pixi\envs\trellis2-nodes\lib\site-packages\torch\utils\_contextlib.py", line 124 in decorate_context
  [ComfyUI]   File "C:\Users\ContainerUser\AppData\Local\Programs\comfy-env\.pixi\envs\trellis2-nodes\lib\site-packages\torch\utils\_contextlib.py", line 124 in decorate_context
  [ComfyUI]   File "C:\workspaces\TRELLIS2-2130\ComfyUI\custom_nodes\ComfyUI-TRELLIS2\nodes\trellis2\samplers\flow_euler.py", line 238 in sample
  [ComfyUI]   File "C:\workspaces\TRELLIS2-2130\ComfyUI\custom_nodes\ComfyUI-TRELLIS2\nodes\trellis2\samplers\flow_euler.py", line 238 in sample
  [ComfyUI]   File "C:\Users\ContainerUser\AppData\Local\Programs\comfy-env\.pixi\envs\trellis2-nodes\lib\site-packages\torch\utils\_contextlib.py", line 124 in decorate_context
  [ComfyUI]   File "C:\Users\ContainerUser\AppData\Local\Programs\comfy-env\.pixi\envs\trellis2-nodes\lib\site-packages\torch\utils\_contextlib.py", line 124 in decorate_context
  [ComfyUI]   File "C:\workspaces\TRELLIS2-2130\ComfyUI\custom_nodes\ComfyUI-TRELLIS2\nodes\stages.py", line 699 in _sample_tex_slat
  [ComfyUI]   File "C:\workspaces\TRELLIS2-2130\ComfyUI\custom_nodes\ComfyUI-TRELLIS2\nodes\stages.py", line 699 in _sample_tex_slat
  [ComfyUI]   File "C:\workspaces\TRELLIS2-2130\ComfyUI\custom_nodes\ComfyUI-TRELLIS2\nodes\stages.py", line 1587 in run_texture_mesh
  [ComfyUI]   File "C:\workspaces\TRELLIS2-2130\ComfyUI\custom_nodes\ComfyUI-TRELLIS2\nodes\stages.py", line 1587 in run_texture_mesh
  [ComfyUI]   File "C:\workspaces\TRELLIS2-2130\ComfyUI\custom_nodes\ComfyUI-TRELLIS2\nodes\nodes_inference.py", line 488 in execute
  [ComfyUI]   File "C:\workspaces\TRELLIS2-2130\ComfyUI\custom_nodes\ComfyUI-TRELLIS2\nodes\nodes_inference.py", line 488 in execute
  [ComfyUI]   File "C:\workspaces\TRELLIS2-2130\ComfyUI\comfy_api\latest\_io.py", line 1833 in EXECUTE_NORMALIZED
  [ComfyUI]   File "C:\workspaces\TRELLIS2-2130\ComfyUI\comfy_api\latest\_io.py", line 1833 in EXECUTE_NORMALIZED
  [ComfyUI]   File "C:\Users\ContainerUser\AppData\Local\Temp\comfyui_pvenv_ceqbupwl\persistent_worker.py", line 1762 in main
  [ComfyUI]   File "C:\Users\ContainerUser\AppData\Local\Temp\comfyui_pvenv_ceqbupwl\persistent_worker.py", line 1762 in main
  [ComfyUI]   File "C:\Users\ContainerUser\AppData\Local\Temp\comfyui_pvenv_ceqbupwl\persistent_worker.py", line 1807 in <module>
  [ComfyUI]   File "C:\Users\ContainerUser\AppData\Local\Temp\comfyui_pvenv_ceqbupwl\persistent_worker.py", line 1807 in <module>
  [ComfyUI] 
  [ComfyUI] 
  [ComfyUI] [worker:ComfyUI-TRELLIS2] === END ===
  [ComfyUI] [worker:ComfyUI-TRELLIS2] === END ===
  [ComfyUI] 
  [ComfyUI] 
  [ComfyUI] [SubprocessWorker] callback 'report_progress' from call_id=75
  [ComfyUI] [SubprocessWorker] callback 'report_progress' from call_id=75
  Frame 11 saved (frame_010.jpg, t=177.7s)
  [capture-periodic] freeze=7ms shot=118ms unfreeze=6ms saved=True
  [ComfyUI] [SubprocessWorker] callback 'report_progress' from call_id=75
  [ComfyUI] [SubprocessWorker] callback 'report_progress' from call_id=75
  [ComfyUI] [SubprocessWorker] callback 'report_progress' from call_id=75
  [ComfyUI] [SubprocessWorker] callback 'report_progress' from call_id=75
  [capture-loop] iter=1500 t=178.4s state={'complete': False, 'error': None, 'executedCount': 2, 'wsState': 1} eval_ms=5 ram=9.8/31.9GB (31%) swap=0.6/9.4GB (7%) cpu=13% browser_rss=0.68GB
  [ComfyUI] [SubprocessWorker] callback 'report_progress' from call_id=75
  [ComfyUI] [SubprocessWorker] callback 'report_progress' from call_id=75
  [ComfyUI] [SubprocessWorker] callback 'report_progress' from call_id=75
  [ComfyUI] [SubprocessWorker] callback 'report_progress' from call_id=75
  Frame 12 saved (frame_011.jpg, t=179.9s)
  [capture-periodic] freeze=5ms shot=118ms unfreeze=6ms saved=True
  [ComfyUI] [SubprocessWorker] callback 'report_progress' from call_id=75
  [ComfyUI] [SubprocessWorker] callback 'report_progress' from call_id=75
  [ComfyUI] [SubprocessWorker] callback 'report_progress' from call_id=75
  [ComfyUI] [SubprocessWorker] callback 'report_progress' from call_id=75
  [ComfyUI] [SubprocessWorker] callback 'report_progress' from call_id=75
  [ComfyUI] [SubprocessWorker] callback 'report_progress' from call_id=75
  Frame 13 saved (frame_012.jpg, t=182.2s)
  [capture-periodic] freeze=4ms shot=127ms unfreeze=6ms saved=True
  [ComfyUI] [SubprocessWorker] callback 'report_progress' from call_id=75
  [ComfyUI] [SubprocessWorker] callback 'report_progress' from call_id=75
  [ComfyUI] [SubprocessWorker] callback 'report_progress' from call_id=75
  [ComfyUI] [SubprocessWorker] callback 'report_progress' from call_id=75
  [ComfyUI] [SubprocessWorker] callback 'report_progress' from call_id=75
  [ComfyUI] [SubprocessWorker] callback 'report_progress' from call_id=75
  [ComfyUI] [SubprocessWorker] callback 'report_progress' from call_id=75
  [ComfyUI] [SubprocessWorker] callback 'report_progress' from call_id=75
  [ComfyUI] [worker:ComfyUI-TRELLIS2] [VRAM] -261MB (now 2351MB) reserved=2840MB peak=2612MB
  [ComfyUI] [worker:ComfyUI-TRELLIS2] [VRAM] -261MB (now 2351MB) reserved=2840MB peak=2612MB
  [capture-loop] iter=1550 t=184.5s state={'complete': False, 'error': None, 'executedCount': 2, 'wsState': 1} eval_ms=4 ram=11.8/31.9GB (37%) swap=0.6/9.4GB (7%) cpu=7% browser_rss=0.68GB
  Frame 14 saved (frame_013.jpg, t=184.5s)
  [capture-periodic] freeze=4ms shot=121ms unfreeze=6ms saved=True
  [ComfyUI] [SubprocessWorker] callback 'report_progress' from call_id=75
  [ComfyUI] [SubprocessWorker] callback 'report_progress' from call_id=75
  [ComfyUI] [worker:ComfyUI-TRELLIS2] [VRAM] -2341MB (now 11MB) reserved=38MB peak=2612MB
  [ComfyUI] [worker:ComfyUI-TRELLIS2] [VRAM] -2341MB (now 11MB) reserved=38MB peak=2612MB
  Frame 15 saved (frame_014.jpg, t=186.7s)
  [capture-periodic] freeze=8ms shot=185ms unfreeze=8ms saved=True
  [ComfyUI] [SubprocessWorker] callback 'report_progress' from call_id=75
  [ComfyUI] [SubprocessWorker] callback 'report_progress' from call_id=75
  [ComfyUI] [SubprocessWorker] callback 'report_progress' from call_id=75
  [ComfyUI] [SubprocessWorker] callback 'report_progress' from call_id=75
  [ComfyUI] [worker:ComfyUI-TRELLIS2] [TRELLIS2] Built FlexiDualGridVaeDecoder on CPU: dtype=torch.bfloat16, 4.4s
  [ComfyUI] [worker:ComfyUI-TRELLIS2] [TRELLIS2] Built FlexiDualGridVaeDecoder on CPU: dtype=torch.bfloat16, 4.4s
  [ComfyUI] [SubprocessWorker] callback 'request_vram_budget' from call_id=75
  [ComfyUI] [SubprocessWorker] callback 'request_vram_budget' from call_id=75
  [ComfyUI] [comfy-env] VRAM request: 0.95GB, free before eviction: 24.44GB
  [ComfyUI] [comfy-env] VRAM request: 0.95GB, free before eviction: 24.44GB
  [ComfyUI] [comfy-env] VRAM after eviction: 24.44GB
  [ComfyUI] [comfy-env] VRAM after eviction: 24.44GB
  [ComfyUI] [worker:ComfyUI-TRELLIS2] [VRAM] +216MB (now 227MB) reserved=254MB peak=2612MB
  [ComfyUI] [worker:ComfyUI-TRELLIS2] [VRAM] +216MB (now 227MB) reserved=254MB peak=2612MB
  [ComfyUI] [worker:ComfyUI-TRELLIS2] [TRELLIS2] shape_slat_decoder -> GPU: 0.5s
  [ComfyUI] [worker:ComfyUI-TRELLIS2] [TRELLIS2] shape_slat_decoder -> GPU: 0.5s
  [ComfyUI] [worker:ComfyUI-TRELLIS2] [vae] set max_voxels_per_tile=1000000 on 40 SparseConv3d modules
  [ComfyUI] [worker:ComfyUI-TRELLIS2] [vae] set max_voxels_per_tile=1000000 on 40 SparseConv3d modules
  [ComfyUI] [worker:ComfyUI-TRELLIS2] [UNET] level=0 block=0 SparseConvNeXtBlock3d N=2,615 ch=1024 alloc=933MB
  [ComfyUI] [worker:ComfyUI-TRELLIS2] [UNET] level=0 block=0 SparseConvNeXtBlock3d N=2,615 ch=1024 alloc=933MB
  [ComfyUI] [worker:ComfyUI-TRELLIS2] [sparse-conv] N=2,615 Ci=1024 Co=1024 feats=5MB cache=0MB (miss) w_dev=cuda:0 alloc=934MB
  [ComfyUI] [worker:ComfyUI-TRELLIS2] [sparse-conv] N=2,615 Ci=1024 Co=1024 feats=5MB cache=0MB (miss) w_dev=cuda:0 alloc=934MB
  [ComfyUI] [worker:ComfyUI-TRELLIS2] [sparse-conv] out=5MB alloc=939MB
  [ComfyUI] [worker:ComfyUI-TRELLIS2] [sparse-conv] out=5MB alloc=939MB
  [ComfyUI] [SubprocessWorker] callback 'report_progress' from call_id=75
  [ComfyUI] [SubprocessWorker] callback 'report_progress' from call_id=75
  [ComfyUI] [worker:ComfyUI-TRELLIS2] [UNET] level=0 block=1 SparseConvNeXtBlock3d N=2,615 ch=1024 alloc=934MB
  [ComfyUI] [worker:ComfyUI-TRELLIS2] [UNET] level=0 block=1 SparseConvNeXtBlock3d N=2,615 ch=1024 alloc=934MB
  [ComfyUI] [worker:ComfyUI-TRELLIS2] [sparse-conv] N=2,615 Ci=1024 Co=1024 feats=5MB cache=0MB (miss) w_dev=cuda:0 alloc=934MB
  [ComfyUI] [worker:ComfyUI-TRELLIS2] [sparse-conv] N=2,615 Ci=1024 Co=1024 feats=5MB cache=0MB (miss) w_dev=cuda:0 alloc=934MB
  [ComfyUI] [worker:ComfyUI-TRELLIS2] [sparse-conv] out=5MB alloc=940MB
  [ComfyUI] [worker:ComfyUI-TRELLIS2] [sparse-conv] out=5MB alloc=940MB
  [ComfyUI] [worker:ComfyUI-TRELLIS2] [UNET] level=0 block=2 SparseConvNeXtBlock3d N=2,615 ch=1024 alloc=934MB
  [ComfyUI] [worker:ComfyUI-TRELLIS2] [UNET] level=0 block=2 SparseConvNeXtBlock3d N=2,615 ch=1024 alloc=934MB
  [ComfyUI] [worker:ComfyUI-TRELLIS2] [sparse-conv] N=2,615 Ci=1024 Co=1024 feats=5MB cache=0MB (miss) w_dev=cuda:0 alloc=934MB
  [ComfyUI] [worker:ComfyUI-TRELLIS2] [sparse-conv] N=2,615 Ci=1024 Co=1024 feats=5MB cache=0MB (miss) w_dev=cuda:0 alloc=934MB
  [ComfyUI] [worker:ComfyUI-TRELLIS2] [sparse-conv] out=5MB alloc=940MB
  [ComfyUI] [worker:ComfyUI-TRELLIS2] [sparse-conv] out=5MB alloc=940MB
  [ComfyUI] [worker:ComfyUI-TRELLIS2] [UNET] level=0 block=3 SparseConvNeXtBlock3d N=2,615 ch=1024 alloc=934MB
  [ComfyUI] [worker:ComfyUI-TRELLIS2] [UNET] level=0 block=3 SparseConvNeXtBlock3d N=2,615 ch=1024 alloc=934MB
  [ComfyUI] [worker:ComfyUI-TRELLIS2] [sparse-conv] N=2,615 Ci=1024 Co=1024 feats=5MB cache=0MB (miss) w_dev=cuda:0 alloc=934MB
  [ComfyUI] [worker:ComfyUI-TRELLIS2] [sparse-conv] N=2,615 Ci=1024 Co=1024 feats=5MB cache=0MB (miss) w_dev=cuda:0 alloc=934MB
  [ComfyUI] [worker:ComfyUI-TRELLIS2] [sparse-conv] out=5MB alloc=940MB
  [ComfyUI] [worker:ComfyUI-TRELLIS2] [sparse-conv] out=5MB alloc=940MB
  [ComfyUI] [SubprocessWorker] callback 'report_progress' from call_id=75
  [ComfyUI] [SubprocessWorker] callback 'report_progress' from call_id=75
  [ComfyUI] [worker:ComfyUI-TRELLIS2] [UNET] level=0 block=4 SparseResBlockC2S3d N=2,615 ch=1024 alloc=934MB
  [ComfyUI] [worker:ComfyUI-TRELLIS2] [UNET] level=0 block=4 SparseResBlockC2S3d N=2,615 ch=1024 alloc=934MB
  [ComfyUI] [worker:ComfyUI-TRELLIS2] [C2S3d] after subdiv: alloc=934MB
  [ComfyUI] [worker:ComfyUI-TRELLIS2] [C2S3d] after subdiv: alloc=934MB
  [ComfyUI] [worker:ComfyUI-TRELLIS2] [C2S3d] after norm1: alloc=939MB
  [ComfyUI] [worker:ComfyUI-TRELLIS2] [C2S3d] after norm1: alloc=939MB
  [ComfyUI] [worker:ComfyUI-TRELLIS2] [C2S3d] pre-conv1: N=2,615 Ci=1024 Co=4096 alloc=939MB
  [ComfyUI] [worker:ComfyUI-TRELLIS2] [C2S3d] pre-conv1: N=2,615 Ci=1024 Co=4096 alloc=939MB
  [ComfyUI] [worker:ComfyUI-TRELLIS2] [C2S3d] x.feats offloaded before conv1: alloc=939MB
  [ComfyUI] [worker:ComfyUI-TRELLIS2] [C2S3d] x.feats offloaded before conv1: alloc=939MB
  [ComfyUI] [worker:ComfyUI-TRELLIS2] [sparse-conv] N=2,615 Ci=1024 Co=4096 feats=5MB cache=0MB (miss) w_dev=cuda:0 alloc=940MB
  [ComfyUI] [worker:ComfyUI-TRELLIS2] [sparse-conv] N=2,615 Ci=1024 Co=4096 feats=5MB cache=0MB (miss) w_dev=cuda:0 alloc=940MB
  [ComfyUI] [worker:ComfyUI-TRELLIS2] [sparse-conv] out=20MB alloc=960MB
  [ComfyUI] [worker:ComfyUI-TRELLIS2] [sparse-conv] out=20MB alloc=960MB
  [ComfyUI] [worker:ComfyUI-TRELLIS2] [C2S3d] post-conv1: h=torch.Size([2615, 4096]) alloc=955MB
  [ComfyUI] [worker:ComfyUI-TRELLIS2] [C2S3d] post-conv1: h=torch.Size([2615, 4096]) alloc=955MB
  [ComfyUI] [worker:ComfyUI-TRELLIS2] [C2S3d] x.feats restored from CPU: alloc=960MB
  [ComfyUI] [worker:ComfyUI-TRELLIS2] [C2S3d] x.feats restored from CPU: alloc=960MB
  [ComfyUI] [worker:ComfyUI-TRELLIS2] [C2S3d] pre-C2S(h): alloc=960MB
  [ComfyUI] [worker:ComfyUI-TRELLIS2] [C2S3d] pre-C2S(h): alloc=960MB
  [ComfyUI] [worker:ComfyUI-TRELLIS2] [C2S] scatter: 2,615�4096 -> 12,685�512 in=20MB out=12MB alloc=961MB
  [ComfyUI] [worker:ComfyUI-TRELLIS2] [C2S] scatter: 2,615�4096 -> 12,685�512 in=20MB out=12MB alloc=961MB
  [ComfyUI] [worker:ComfyUI-TRELLIS2] [C2S] scatter done: alloc=973MB
  [ComfyUI] [worker:ComfyUI-TRELLIS2] [C2S] scatter done: alloc=973MB
  [ComfyUI] [worker:ComfyUI-TRELLIS2] [C2S3d] post-C2S(h): h=torch.Size([12685, 512]) alloc=952MB
  [ComfyUI] [worker:ComfyUI-TRELLIS2] [C2S3d] post-C2S(h): h=torch.Size([12685, 512]) alloc=952MB
  [ComfyUI] [worker:ComfyUI-TRELLIS2] [C2S] scatter: 2,615�1024 -> 12,685�128 in=5MB out=3MB alloc=953MB
  [ComfyUI] [worker:ComfyUI-TRELLIS2] [C2S] scatter: 2,615�1024 -> 12,685�128 in=5MB out=3MB alloc=953MB
  [ComfyUI] [worker:ComfyUI-TRELLIS2] [C2S] scatter done: alloc=957MB
  [ComfyUI] [worker:ComfyUI-TRELLIS2] [C2S] scatter done: alloc=957MB
  [ComfyUI] [worker:ComfyUI-TRELLIS2] [C2S3d] post-C2S(x): x=torch.Size([12685, 128]) alloc=951MB
  [ComfyUI] [worker:ComfyUI-TRELLIS2] [C2S3d] post-C2S(x): x=torch.Size([12685, 128]) alloc=951MB
  [ComfyUI] [worker:ComfyUI-TRELLIS2] [C2S3d] post-C2S: N=12,685 h=512ch x=128ch alloc=951MB
  [ComfyUI] [worker:ComfyUI-TRELLIS2] [C2S3d] post-C2S: N=12,685 h=512ch x=128ch alloc=951MB
  [ComfyUI] [worker:ComfyUI-TRELLIS2] [C2S3d] x offloaded to CPU, pre-conv2: alloc=947MB
  [ComfyUI] [worker:ComfyUI-TRELLIS2] [C2S3d] x offloaded to CPU, pre-conv2: alloc=947MB
  [ComfyUI] [worker:ComfyUI-TRELLIS2] [C2S3d] after norm2: alloc=947MB
  [ComfyUI] [worker:ComfyUI-TRELLIS2] [C2S3d] after norm2: alloc=947MB
  [ComfyUI] [worker:ComfyUI-TRELLIS2] [C2S3d] after silu: alloc=947MB
  [ComfyUI] [worker:ComfyUI-TRELLIS2] [C2S3d] after silu: alloc=947MB
  [ComfyUI] [worker:ComfyUI-TRELLIS2] [sparse-conv] N=12,685 Ci=512 Co=512 feats=12MB cache=3MB (miss) w_dev=cuda:0 alloc=950MB
  [ComfyUI] [worker:ComfyUI-TRELLIS2] [sparse-conv] N=12,685 Ci=512 Co=512 feats=12MB cache=3MB (miss) w_dev=cuda:0 alloc=950MB
  [ComfyUI] [worker:ComfyUI-TRELLIS2] [VRAM] +1079MB (now 1306MB) reserved=1356MB peak=2612MB
  [ComfyUI] [worker:ComfyUI-TRELLIS2] [VRAM] +1079MB (now 1306MB) reserved=1356MB peak=2612MB
  [capture-loop] iter=1600 t=191.0s state={'complete': False, 'error': None, 'executedCount': 2, 'wsState': 1} eval_ms=4 ram=12.3/31.9GB (38%) swap=0.6/9.4GB (7%) cpu=28% browser_rss=0.68GB
  [ComfyUI] [worker:ComfyUI-TRELLIS2] [sparse-conv] out=12MB alloc=963MB
  [ComfyUI] [worker:ComfyUI-TRELLIS2] [sparse-conv] out=12MB alloc=963MB
  [ComfyUI] [worker:ComfyUI-TRELLIS2] [C2S3d] post-conv2: alloc=950MB
  [ComfyUI] [worker:ComfyUI-TRELLIS2] [C2S3d] post-conv2: alloc=950MB
  [ComfyUI] [worker:ComfyUI-TRELLIS2] [C2S3d] post-conv2 (cache cleared): alloc=947MB
  [ComfyUI] [worker:ComfyUI-TRELLIS2] [C2S3d] post-conv2 (cache cleared): alloc=947MB
  [ComfyUI] [worker:ComfyUI-TRELLIS2] [C2S3d] after skip expand: alloc=959MB
  [ComfyUI] [worker:ComfyUI-TRELLIS2] [C2S3d] after skip expand: alloc=959MB
  [ComfyUI] [worker:ComfyUI-TRELLIS2] [C2S3d] post-skip: alloc=947MB
  [ComfyUI] [worker:ComfyUI-TRELLIS2] [C2S3d] post-skip: alloc=947MB
  [ComfyUI] [SubprocessWorker] callback 'report_progress' from call_id=75
  [ComfyUI] [SubprocessWorker] callback 'report_progress' from call_id=75
  [ComfyUI] [worker:ComfyUI-TRELLIS2] [UNET] level=1 block=0 SparseConvNeXtBlock3d N=12,685 ch=512 alloc=942MB
  [ComfyUI] [worker:ComfyUI-TRELLIS2] [UNET] level=1 block=0 SparseConvNeXtBlock3d N=12,685 ch=512 alloc=942MB
  [ComfyUI] [worker:ComfyUI-TRELLIS2] [sparse-conv] N=12,685 Ci=512 Co=512 feats=12MB cache=3MB (miss) w_dev=cuda:0 alloc=945MB
  [ComfyUI] [worker:ComfyUI-TRELLIS2] [sparse-conv] N=12,685 Ci=512 Co=512 feats=12MB cache=3MB (miss) w_dev=cuda:0 alloc=945MB
  [ComfyUI] [worker:ComfyUI-TRELLIS2] [sparse-conv] out=12MB alloc=958MB
  [ComfyUI] [worker:ComfyUI-TRELLIS2] [sparse-conv] out=12MB alloc=958MB
  [ComfyUI] [worker:ComfyUI-TRELLIS2] [UNET] level=1 block=1 SparseConvNeXtBlock3d N=12,685 ch=512 alloc=942MB
  [ComfyUI] [worker:ComfyUI-TRELLIS2] [UNET] level=1 block=1 SparseConvNeXtBlock3d N=12,685 ch=512 alloc=942MB
  [ComfyUI] [worker:ComfyUI-TRELLIS2] [sparse-conv] N=12,685 Ci=512 Co=512 feats=12MB cache=3MB (miss) w_dev=cuda:0 alloc=945MB
  [ComfyUI] [worker:ComfyUI-TRELLIS2] [sparse-conv] N=12,685 Ci=512 Co=512 feats=12MB cache=3MB (miss) w_dev=cuda:0 alloc=945MB
  [ComfyUI] [worker:ComfyUI-TRELLIS2] [sparse-conv] out=12MB alloc=958MB
  [ComfyUI] [worker:ComfyUI-TRELLIS2] [sparse-conv] out=12MB alloc=958MB
  [ComfyUI] [worker:ComfyUI-TRELLIS2] [UNET] level=1 block=2 SparseConvNeXtBlock3d N=12,685 ch=512 alloc=942MB
  [ComfyUI] [worker:ComfyUI-TRELLIS2] [UNET] level=1 block=2 SparseConvNeXtBlock3d N=12,685 ch=512 alloc=942MB
  [ComfyUI] [worker:ComfyUI-TRELLIS2] [sparse-conv] N=12,685 Ci=512 Co=512 feats=12MB cache=3MB (miss) w_dev=cuda:0 alloc=945MB
  [ComfyUI] [worker:ComfyUI-TRELLIS2] [sparse-conv] N=12,685 Ci=512 Co=512 feats=12MB cache=3MB (miss) w_dev=cuda:0 alloc=945MB
  [ComfyUI] [worker:ComfyUI-TRELLIS2] [sparse-conv] out=12MB alloc=958MB
  [ComfyUI] [worker:ComfyUI-TRELLIS2] [sparse-conv] out=12MB alloc=958MB
  [ComfyUI] [worker:ComfyUI-TRELLIS2] [UNET] level=1 block=3 SparseConvNeXtBlock3d N=12,685 ch=512 alloc=942MB
  [ComfyUI] [worker:ComfyUI-TRELLIS2] [UNET] level=1 block=3 SparseConvNeXtBlock3d N=12,685 ch=512 alloc=942MB
  [ComfyUI] [worker:ComfyUI-TRELLIS2] [sparse-conv] N=12,685 Ci=512 Co=512 feats=12MB cache=3MB (miss) w_dev=cuda:0 alloc=945MB
  [ComfyUI] [worker:ComfyUI-TRELLIS2] [sparse-conv] N=12,685 Ci=512 Co=512 feats=12MB cache=3MB (miss) w_dev=cuda:0 alloc=945MB
  [ComfyUI] [worker:ComfyUI-TRELLIS2] [sparse-conv] out=12MB alloc=958MB
  [ComfyUI] [worker:ComfyUI-TRELLIS2] [sparse-conv] out=12MB alloc=958MB
  [ComfyUI] [worker:ComfyUI-TRELLIS2] [UNET] level=1 block=4 SparseConvNeXtBlock3d N=12,685 ch=512 alloc=942MB
  [ComfyUI] [worker:ComfyUI-TRELLIS2] [UNET] level=1 block=4 SparseConvNeXtBlock3d N=12,685 ch=512 alloc=942MB
  [ComfyUI] [worker:ComfyUI-TRELLIS2] [sparse-conv] N=12,685 Ci=512 Co=512 feats=12MB cache=3MB (miss) w_dev=cuda:0 alloc=945MB
  [ComfyUI] [worker:ComfyUI-TRELLIS2] [sparse-conv] N=12,685 Ci=512 Co=512 feats=12MB cache=3MB (miss) w_dev=cuda:0 alloc=945MB
  [ComfyUI] [worker:ComfyUI-TRELLIS2] [sparse-conv] out=12MB alloc=958MB
  [ComfyUI] [worker:ComfyUI-TRELLIS2] [sparse-conv] out=12MB alloc=958MB
  [ComfyUI] [worker:ComfyUI-TRELLIS2] [UNET] level=1 block=5 SparseConvNeXtBlock3d N=12,685 ch=512 alloc=942MB
  [ComfyUI] [worker:ComfyUI-TRELLIS2] [UNET] level=1 block=5 SparseConvNeXtBlock3d N=12,685 ch=512 alloc=942MB
  [ComfyUI] [worker:ComfyUI-TRELLIS2] [sparse-conv] N=12,685 Ci=512 Co=512 feats=12MB cache=3MB (miss) w_dev=cuda:0 alloc=945MB
  [ComfyUI] [worker:ComfyUI-TRELLIS2] [sparse-conv] N=12,685 Ci=512 Co=512 feats=12MB cache=3MB (miss) w_dev=cuda:0 alloc=945MB
  [ComfyUI] [worker:ComfyUI-TRELLIS2] [sparse-conv] out=12MB alloc=958MB
  [ComfyUI] [worker:ComfyUI-TRELLIS2] [sparse-conv] out=12MB alloc=958MB
  [ComfyUI] [worker:ComfyUI-TRELLIS2] [UNET] level=1 block=6 SparseConvNeXtBlock3d N=12,685 ch=512 alloc=942MB
  [ComfyUI] [worker:ComfyUI-TRELLIS2] [UNET] level=1 block=6 SparseConvNeXtBlock3d N=12,685 ch=512 alloc=942MB
  [ComfyUI] [worker:ComfyUI-TRELLIS2] [sparse-conv] N=12,685 Ci=512 Co=512 feats=12MB cache=3MB (miss) w_dev=cuda:0 alloc=945MB
  [ComfyUI] [worker:ComfyUI-TRELLIS2] [sparse-conv] N=12,685 Ci=512 Co=512 feats=12MB cache=3MB (miss) w_dev=cuda:0 alloc=945MB
  [ComfyUI] [worker:ComfyUI-TRELLIS2] [sparse-conv] out=12MB alloc=958MB
  [ComfyUI] [worker:ComfyUI-TRELLIS2] [sparse-conv] out=12MB alloc=958MB
  [ComfyUI] [worker:ComfyUI-TRELLIS2] [UNET] level=1 block=7 SparseConvNeXtBlock3d N=12,685 ch=512 alloc=942MB
  [ComfyUI] [worker:ComfyUI-TRELLIS2] [UNET] level=1 block=7 SparseConvNeXtBlock3d N=12,685 ch=512 alloc=942MB
  [ComfyUI] [worker:ComfyUI-TRELLIS2] [sparse-conv] N=12,685 Ci=512 Co=512 feats=12MB cache=3MB (miss) w_dev=cuda:0 alloc=945MB
  [ComfyUI] [worker:ComfyUI-TRELLIS2] [sparse-conv] N=12,685 Ci=512 Co=512 feats=12MB cache=3MB (miss) w_dev=cuda:0 alloc=945MB
  [ComfyUI] [worker:ComfyUI-TRELLIS2] [sparse-conv] out=12MB alloc=958MB
  [ComfyUI] [worker:ComfyUI-TRELLIS2] [sparse-conv] out=12MB alloc=958MB
  [ComfyUI] [SubprocessWorker] callback 'report_progress' from call_id=75
  [ComfyUI] [SubprocessWorker] callback 'report_progress' from call_id=75
  [ComfyUI] [worker:ComfyUI-TRELLIS2] [UNET] level=1 block=8 SparseConvNeXtBlock3d N=12,685 ch=512 alloc=942MB
  [ComfyUI] [worker:ComfyUI-TRELLIS2] [UNET] level=1 block=8 SparseConvNeXtBlock3d N=12,685 ch=512 alloc=942MB
  [ComfyUI] [worker:ComfyUI-TRELLIS2] [sparse-conv] N=12,685 Ci=512 Co=512 feats=12MB cache=3MB (miss) w_dev=cuda:0 alloc=945MB
  [ComfyUI] [worker:ComfyUI-TRELLIS2] [sparse-conv] N=12,685 Ci=512 Co=512 feats=12MB cache=3MB (miss) w_dev=cuda:0 alloc=945MB
  [ComfyUI] [worker:ComfyUI-TRELLIS2] [sparse-conv] out=12MB alloc=958MB
  [ComfyUI] [worker:ComfyUI-TRELLIS2] [sparse-conv] out=12MB alloc=958MB
  [ComfyUI] [worker:ComfyUI-TRELLIS2] [UNET] level=1 block=9 SparseConvNeXtBlock3d N=12,685 ch=512 alloc=942MB
  [ComfyUI] [worker:ComfyUI-TRELLIS2] [UNET] level=1 block=9 SparseConvNeXtBlock3d N=12,685 ch=512 alloc=942MB
  [ComfyUI] [worker:ComfyUI-TRELLIS2] [sparse-conv] N=12,685 Ci=512 Co=512 feats=12MB cache=3MB (miss) w_dev=cuda:0 alloc=945MB
  [ComfyUI] [worker:ComfyUI-TRELLIS2] [sparse-conv] N=12,685 Ci=512 Co=512 feats=12MB cache=3MB (miss) w_dev=cuda:0 alloc=945MB
  [ComfyUI] [worker:ComfyUI-TRELLIS2] [sparse-conv] out=12MB alloc=958MB
  [ComfyUI] [worker:ComfyUI-TRELLIS2] [sparse-conv] out=12MB alloc=958MB
  [ComfyUI] [worker:ComfyUI-TRELLIS2] [UNET] level=1 block=10 SparseConvNeXtBlock3d N=12,685 ch=512 alloc=942MB
  [ComfyUI] [worker:ComfyUI-TRELLIS2] [UNET] level=1 block=10 SparseConvNeXtBlock3d N=12,685 ch=512 alloc=942MB
  [ComfyUI] [worker:ComfyUI-TRELLIS2] [sparse-conv] N=12,685 Ci=512 Co=512 feats=12MB cache=3MB (miss) w_dev=cuda:0 alloc=945MB
  [ComfyUI] [worker:ComfyUI-TRELLIS2] [sparse-conv] N=12,685 Ci=512 Co=512 feats=12MB cache=3MB (miss) w_dev=cuda:0 alloc=945MB
  [ComfyUI] [worker:ComfyUI-TRELLIS2] [sparse-conv] out=12MB alloc=958MB
  [ComfyUI] [worker:ComfyUI-TRELLIS2] [sparse-conv] out=12MB alloc=958MB
  [ComfyUI] [worker:ComfyUI-TRELLIS2] [UNET] level=1 block=11 SparseConvNeXtBlock3d N=12,685 ch=512 alloc=942MB
  [ComfyUI] [worker:ComfyUI-TRELLIS2] [UNET] level=1 block=11 SparseConvNeXtBlock3d N=12,685 ch=512 alloc=942MB
  [ComfyUI] [worker:ComfyUI-TRELLIS2] [sparse-conv] N=12,685 Ci=512 Co=512 feats=12MB cache=3MB (miss) w_dev=cuda:0 alloc=945MB
  [ComfyUI] [worker:ComfyUI-TRELLIS2] [sparse-conv] N=12,685 Ci=512 Co=512 feats=12MB cache=3MB (miss) w_dev=cuda:0 alloc=945MB
  [ComfyUI] [worker:ComfyUI-TRELLIS2] [sparse-conv] out=12MB alloc=958MB
  [ComfyUI] [worker:ComfyUI-TRELLIS2] [sparse-conv] out=12MB alloc=958MB
  [ComfyUI] [worker:ComfyUI-TRELLIS2] [UNET] level=1 block=12 SparseConvNeXtBlock3d N=12,685 ch=512 alloc=942MB
  [ComfyUI] [worker:ComfyUI-TRELLIS2] [UNET] level=1 block=12 SparseConvNeXtBlock3d N=12,685 ch=512 alloc=942MB
  [ComfyUI] [worker:ComfyUI-TRELLIS2] [sparse-conv] N=12,685 Ci=512 Co=512 feats=12MB cache=3MB (miss) w_dev=cuda:0 alloc=945MB
  [ComfyUI] [worker:ComfyUI-TRELLIS2] [sparse-conv] N=12,685 Ci=512 Co=512 feats=12MB cache=3MB (miss) w_dev=cuda:0 alloc=945MB
  [ComfyUI] [worker:ComfyUI-TRELLIS2] [sparse-conv] out=12MB alloc=958MB
  [ComfyUI] [worker:ComfyUI-TRELLIS2] [sparse-conv] out=12MB alloc=958MB
  [ComfyUI] [worker:ComfyUI-TRELLIS2] [UNET] level=1 block=13 SparseConvNeXtBlock3d N=12,685 ch=512 alloc=942MB
  [ComfyUI] [worker:ComfyUI-TRELLIS2] [UNET] level=1 block=13 SparseConvNeXtBlock3d N=12,685 ch=512 alloc=942MB
  [ComfyUI] [worker:ComfyUI-TRELLIS2] [sparse-conv] N=12,685 Ci=512 Co=512 feats=12MB cache=3MB (miss) w_dev=cuda:0 alloc=945MB
  [ComfyUI] [worker:ComfyUI-TRELLIS2] [sparse-conv] N=12,685 Ci=512 Co=512 feats=12MB cache=3MB (miss) w_dev=cuda:0 alloc=945MB
  [ComfyUI] [worker:ComfyUI-TRELLIS2] [sparse-conv] out=12MB alloc=958MB
  [ComfyUI] [worker:ComfyUI-TRELLIS2] [sparse-conv] out=12MB alloc=958MB
  [ComfyUI] [worker:ComfyUI-TRELLIS2] [VRAM] -349MB (now 958MB) reserved=1356MB peak=2612MB
  [ComfyUI] [worker:ComfyUI-TRELLIS2] [VRAM] -349MB (now 958MB) reserved=1356MB peak=2612MB
  [ComfyUI] [worker:ComfyUI-TRELLIS2] [UNET] level=1 block=14 SparseConvNeXtBlock3d N=12,685 ch=512 alloc=942MB
  [ComfyUI] [worker:ComfyUI-TRELLIS2] [UNET] level=1 block=14 SparseConvNeXtBlock3d N=12,685 ch=512 alloc=942MB
  [ComfyUI] [worker:ComfyUI-TRELLIS2] [sparse-conv] N=12,685 Ci=512 Co=512 feats=12MB cache=3MB (miss) w_dev=cuda:0 alloc=945MB
  [ComfyUI] [worker:ComfyUI-TRELLIS2] [sparse-conv] N=12,685 Ci=512 Co=512 feats=12MB cache=3MB (miss) w_dev=cuda:0 alloc=945MB
  [ComfyUI] [worker:ComfyUI-TRELLIS2] [sparse-conv] out=12MB alloc=958MB
  [ComfyUI] [worker:ComfyUI-TRELLIS2] [sparse-conv] out=12MB alloc=958MB
  [ComfyUI] [worker:ComfyUI-TRELLIS2] [UNET] level=1 block=15 SparseConvNeXtBlock3d N=12,685 ch=512 alloc=942MB
  [ComfyUI] [worker:ComfyUI-TRELLIS2] [UNET] level=1 block=15 SparseConvNeXtBlock3d N=12,685 ch=512 alloc=942MB
  [ComfyUI] [worker:ComfyUI-TRELLIS2] [sparse-conv] N=12,685 Ci=512 Co=512 feats=12MB cache=3MB (miss) w_dev=cuda:0 alloc=945MB
  [ComfyUI] [worker:ComfyUI-TRELLIS2] [sparse-conv] N=12,685 Ci=512 Co=512 feats=12MB cache=3MB (miss) w_dev=cuda:0 alloc=945MB
  [ComfyUI] [worker:ComfyUI-TRELLIS2] [sparse-conv] out=12MB alloc=958MB
  [ComfyUI] [worker:ComfyUI-TRELLIS2] [sparse-conv] out=12MB alloc=958MB
  [ComfyUI] [SubprocessWorker] callback 'report_progress' from call_id=75
  [ComfyUI] [SubprocessWorker] callback 'report_progress' from call_id=75
  [ComfyUI] [worker:ComfyUI-TRELLIS2] [UNET] level=1 block=16 SparseResBlockC2S3d N=12,685 ch=512 alloc=942MB
  [ComfyUI] [worker:ComfyUI-TRELLIS2] [UNET] level=1 block=16 SparseResBlockC2S3d N=12,685 ch=512 alloc=942MB
  [ComfyUI] [worker:ComfyUI-TRELLIS2] [C2S3d] after subdiv: alloc=942MB
  [ComfyUI] [worker:ComfyUI-TRELLIS2] [C2S3d] after subdiv: alloc=942MB
  [ComfyUI] [worker:ComfyUI-TRELLIS2] [C2S3d] after norm1: alloc=955MB
  [ComfyUI] [worker:ComfyUI-TRELLIS2] [C2S3d] after norm1: alloc=955MB
  [ComfyUI] [worker:ComfyUI-TRELLIS2] [C2S3d] pre-conv1: N=12,685 Ci=512 Co=2048 alloc=955MB
  [ComfyUI] [worker:ComfyUI-TRELLIS2] [C2S3d] pre-conv1: N=12,685 Ci=512 Co=2048 alloc=955MB
  [ComfyUI] [worker:ComfyUI-TRELLIS2] [C2S3d] x.feats offloaded before conv1: alloc=955MB
  [ComfyUI] [worker:ComfyUI-TRELLIS2] [C2S3d] x.feats offloaded before conv1: alloc=955MB
  [ComfyUI] [worker:ComfyUI-TRELLIS2] [sparse-conv] N=12,685 Ci=512 Co=2048 feats=12MB cache=3MB (miss) w_dev=cuda:0 alloc=958MB
  [ComfyUI] [worker:ComfyUI-TRELLIS2] [sparse-conv] N=12,685 Ci=512 Co=2048 feats=12MB cache=3MB (miss) w_dev=cuda:0 alloc=958MB
  Frame 16 saved (frame_015.jpg, t=191.4s)
  [capture-periodic] freeze=16ms shot=143ms unfreeze=9ms saved=True
  [ComfyUI] [worker:ComfyUI-TRELLIS2] [VRAM] +306MB (now 1264MB) reserved=1306MB peak=2612MB
  [ComfyUI] [worker:ComfyUI-TRELLIS2] [VRAM] +306MB (now 1264MB) reserved=1306MB peak=2612MB
  [ComfyUI] [worker:ComfyUI-TRELLIS2] [sparse-conv] out=49MB alloc=1008MB
  [ComfyUI] [worker:ComfyUI-TRELLIS2] [sparse-conv] out=49MB alloc=1008MB
  [ComfyUI] [worker:ComfyUI-TRELLIS2] [C2S3d] post-conv1: h=torch.Size([12685, 2048]) alloc=996MB
  [ComfyUI] [worker:ComfyUI-TRELLIS2] [C2S3d] post-conv1: h=torch.Size([12685, 2048]) alloc=996MB
  [ComfyUI] [worker:ComfyUI-TRELLIS2] [C2S3d] x.feats restored from CPU: alloc=1008MB
  [ComfyUI] [worker:ComfyUI-TRELLIS2] [C2S3d] x.feats restored from CPU: alloc=1008MB
  [ComfyUI] [worker:ComfyUI-TRELLIS2] [C2S3d] pre-C2S(h): alloc=1008MB
  [ComfyUI] [worker:ComfyUI-TRELLIS2] [C2S3d] pre-C2S(h): alloc=1008MB
  [ComfyUI] [worker:ComfyUI-TRELLIS2] [C2S] scatter: 12,685�2048 -> 65,016�256 in=49MB out=31MB alloc=1011MB
  [ComfyUI] [worker:ComfyUI-TRELLIS2] [C2S] scatter: 12,685�2048 -> 65,016�256 in=49MB out=31MB alloc=1011MB
  [ComfyUI] [worker:ComfyUI-TRELLIS2] [C2S] scatter done: alloc=1042MB
  [ComfyUI] [worker:ComfyUI-TRELLIS2] [C2S] scatter done: alloc=1042MB
  [ComfyUI] [worker:ComfyUI-TRELLIS2] [C2S3d] post-C2S(h): h=torch.Size([65016, 256]) alloc=991MB
  [ComfyUI] [worker:ComfyUI-TRELLIS2] [C2S3d] post-C2S(h): h=torch.Size([65016, 256]) alloc=991MB
  [ComfyUI] [worker:ComfyUI-TRELLIS2] [C2S] scatter: 12,685�512 -> 65,016�64 in=12MB out=7MB alloc=993MB
  [ComfyUI] [worker:ComfyUI-TRELLIS2] [C2S] scatter: 12,685�512 -> 65,016�64 in=12MB out=7MB alloc=993MB
  [ComfyUI] [worker:ComfyUI-TRELLIS2] [C2S] scatter done: alloc=1001MB
  [ComfyUI] [worker:ComfyUI-TRELLIS2] [C2S] scatter done: alloc=1001MB
  [ComfyUI] [worker:ComfyUI-TRELLIS2] [C2S3d] post-C2S(x): x=torch.Size([65016, 64]) alloc=987MB
  [ComfyUI] [worker:ComfyUI-TRELLIS2] [C2S3d] post-C2S(x): x=torch.Size([65016, 64]) alloc=987MB
  [ComfyUI] [worker:ComfyUI-TRELLIS2] [C2S3d] post-C2S: N=65,016 h=256ch x=64ch alloc=987MB
  [ComfyUI] [worker:ComfyUI-TRELLIS2] [C2S3d] post-C2S: N=65,016 h=256ch x=64ch alloc=987MB
  [ComfyUI] [worker:ComfyUI-TRELLIS2] [C2S3d] x offloaded to CPU, pre-conv2: alloc=978MB
  [ComfyUI] [worker:ComfyUI-TRELLIS2] [C2S3d] x offloaded to CPU, pre-conv2: alloc=978MB
  [ComfyUI] [worker:ComfyUI-TRELLIS2] [C2S3d] after norm2: alloc=978MB
  [ComfyUI] [worker:ComfyUI-TRELLIS2] [C2S3d] after norm2: alloc=978MB
  [ComfyUI] [worker:ComfyUI-TRELLIS2] [C2S3d] after silu: alloc=978MB
  [ComfyUI] [worker:ComfyUI-TRELLIS2] [C2S3d] after silu: alloc=978MB
  [ComfyUI] [worker:ComfyUI-TRELLIS2] [sparse-conv] N=65,016 Ci=256 Co=256 feats=31MB cache=17MB (miss) w_dev=cuda:0 alloc=996MB
  [ComfyUI] [worker:ComfyUI-TRELLIS2] [sparse-conv] N=65,016 Ci=256 Co=256 feats=31MB cache=17MB (miss) w_dev=cuda:0 alloc=996MB
  Frame 17 saved (frame_016.jpg, t=193.7s)
  [capture-periodic] freeze=4ms shot=123ms unfreeze=6ms saved=True
  [ComfyUI] [worker:ComfyUI-TRELLIS2] [sparse-conv] out=31MB alloc=1028MB
  [ComfyUI] [worker:ComfyUI-TRELLIS2] [sparse-conv] out=31MB alloc=1028MB
  [ComfyUI] [worker:ComfyUI-TRELLIS2] [C2S3d] post-conv2: alloc=997MB
  [ComfyUI] [worker:ComfyUI-TRELLIS2] [C2S3d] post-conv2: alloc=997MB
  [ComfyUI] [worker:ComfyUI-TRELLIS2] [C2S3d] post-conv2 (cache cleared): alloc=978MB
  [ComfyUI] [worker:ComfyUI-TRELLIS2] [C2S3d] post-conv2 (cache cleared): alloc=978MB
  [ComfyUI] [worker:ComfyUI-TRELLIS2] [C2S3d] after skip expand: alloc=1010MB
  [ComfyUI] [worker:ComfyUI-TRELLIS2] [C2S3d] after skip expand: alloc=1010MB
  [ComfyUI] [worker:ComfyUI-TRELLIS2] [C2S3d] post-skip: alloc=978MB
  [ComfyUI] [worker:ComfyUI-TRELLIS2] [C2S3d] post-skip: alloc=978MB
  [ComfyUI] [SubprocessWorker] callback 'report_progress' from call_id=75
  [ComfyUI] [SubprocessWorker] callback 'report_progress' from call_id=75
  [ComfyUI] [worker:ComfyUI-TRELLIS2] [UNET] level=2 block=0 SparseConvNeXtBlock3d N=65,016 ch=256 alloc=966MB
  [ComfyUI] [worker:ComfyUI-TRELLIS2] [UNET] level=2 block=0 SparseConvNeXtBlock3d N=65,016 ch=256 alloc=966MB
  [ComfyUI] [worker:ComfyUI-TRELLIS2] [sparse-conv] N=65,016 Ci=256 Co=256 feats=31MB cache=17MB (miss) w_dev=cuda:0 alloc=983MB
  [ComfyUI] [worker:ComfyUI-TRELLIS2] [sparse-conv] N=65,016 Ci=256 Co=256 feats=31MB cache=17MB (miss) w_dev=cuda:0 alloc=983MB
  [ComfyUI] [worker:ComfyUI-TRELLIS2] [sparse-conv] out=31MB alloc=1015MB
  [ComfyUI] [worker:ComfyUI-TRELLIS2] [sparse-conv] out=31MB alloc=1015MB
  [ComfyUI] [worker:ComfyUI-TRELLIS2] [UNET] level=2 block=1 SparseConvNeXtBlock3d N=65,016 ch=256 alloc=966MB
  [ComfyUI] [worker:ComfyUI-TRELLIS2] [UNET] level=2 block=1 SparseConvNeXtBlock3d N=65,016 ch=256 alloc=966MB
  [ComfyUI] [worker:ComfyUI-TRELLIS2] [sparse-conv] N=65,016 Ci=256 Co=256 feats=31MB cache=17MB (miss) w_dev=cuda:0 alloc=983MB
  [ComfyUI] [worker:ComfyUI-TRELLIS2] [sparse-conv] N=65,016 Ci=256 Co=256 feats=31MB cache=17MB (miss) w_dev=cuda:0 alloc=983MB
  [ComfyUI] [worker:ComfyUI-TRELLIS2] [sparse-conv] out=31MB alloc=1015MB
  [ComfyUI] [worker:ComfyUI-TRELLIS2] [sparse-conv] out=31MB alloc=1015MB
  [ComfyUI] [worker:ComfyUI-TRELLIS2] [UNET] level=2 block=2 SparseConvNeXtBlock3d N=65,016 ch=256 alloc=966MB
  [ComfyUI] [worker:ComfyUI-TRELLIS2] [UNET] level=2 block=2 SparseConvNeXtBlock3d N=65,016 ch=256 alloc=966MB
  [ComfyUI] [worker:ComfyUI-TRELLIS2] [sparse-conv] N=65,016 Ci=256 Co=256 feats=31MB cache=17MB (miss) w_dev=cuda:0 alloc=983MB
  [ComfyUI] [worker:ComfyUI-TRELLIS2] [sparse-conv] N=65,016 Ci=256 Co=256 feats=31MB cache=17MB (miss) w_dev=cuda:0 alloc=983MB
  [ComfyUI] [worker:ComfyUI-TRELLIS2] [sparse-conv] out=31MB alloc=1015MB
  [ComfyUI] [worker:ComfyUI-TRELLIS2] [sparse-conv] out=31MB alloc=1015MB
  [ComfyUI] [worker:ComfyUI-TRELLIS2] [UNET] level=2 block=3 SparseConvNeXtBlock3d N=65,016 ch=256 alloc=966MB
  [ComfyUI] [worker:ComfyUI-TRELLIS2] [UNET] level=2 block=3 SparseConvNeXtBlock3d N=65,016 ch=256 alloc=966MB
  [ComfyUI] [worker:ComfyUI-TRELLIS2] [sparse-conv] N=65,016 Ci=256 Co=256 feats=31MB cache=17MB (miss) w_dev=cuda:0 alloc=983MB
  [ComfyUI] [worker:ComfyUI-TRELLIS2] [sparse-conv] N=65,016 Ci=256 Co=256 feats=31MB cache=17MB (miss) w_dev=cuda:0 alloc=983MB
  [ComfyUI] [worker:ComfyUI-TRELLIS2] [sparse-conv] out=31MB alloc=1015MB
  [ComfyUI] [worker:ComfyUI-TRELLIS2] [sparse-conv] out=31MB alloc=1015MB
  [ComfyUI] [worker:ComfyUI-TRELLIS2] [UNET] level=2 block=4 SparseConvNeXtBlock3d N=65,016 ch=256 alloc=966MB
  [ComfyUI] [worker:ComfyUI-TRELLIS2] [UNET] level=2 block=4 SparseConvNeXtBlock3d N=65,016 ch=256 alloc=966MB
  [ComfyUI] [worker:ComfyUI-TRELLIS2] [sparse-conv] N=65,016 Ci=256 Co=256 feats=31MB cache=17MB (miss) w_dev=cuda:0 alloc=983MB
  [ComfyUI] [worker:ComfyUI-TRELLIS2] [sparse-conv] N=65,016 Ci=256 Co=256 feats=31MB cache=17MB (miss) w_dev=cuda:0 alloc=983MB
  [ComfyUI] [worker:ComfyUI-TRELLIS2] [sparse-conv] out=31MB alloc=1015MB
  [ComfyUI] [worker:ComfyUI-TRELLIS2] [sparse-conv] out=31MB alloc=1015MB
  [ComfyUI] [worker:ComfyUI-TRELLIS2] [VRAM] -249MB (now 1015MB) reserved=1476MB peak=2612MB
  [ComfyUI] [worker:ComfyUI-TRELLIS2] [VRAM] -249MB (now 1015MB) reserved=1476MB peak=2612MB
  [ComfyUI] [worker:ComfyUI-TRELLIS2] [UNET] level=2 block=5 SparseConvNeXtBlock3d N=65,016 ch=256 alloc=966MB
  [ComfyUI] [worker:ComfyUI-TRELLIS2] [UNET] level=2 block=5 SparseConvNeXtBlock3d N=65,016 ch=256 alloc=966MB
  [ComfyUI] [worker:ComfyUI-TRELLIS2] [sparse-conv] N=65,016 Ci=256 Co=256 feats=31MB cache=17MB (miss) w_dev=cuda:0 alloc=983MB
  [ComfyUI] [worker:ComfyUI-TRELLIS2] [sparse-conv] N=65,016 Ci=256 Co=256 feats=31MB cache=17MB (miss) w_dev=cuda:0 alloc=983MB
  [ComfyUI] [worker:ComfyUI-TRELLIS2] [sparse-conv] out=31MB alloc=1015MB
  [ComfyUI] [worker:ComfyUI-TRELLIS2] [sparse-conv] out=31MB alloc=1015MB
  [ComfyUI] [worker:ComfyUI-TRELLIS2] [UNET] level=2 block=6 SparseConvNeXtBlock3d N=65,016 ch=256 alloc=966MB
  [ComfyUI] [worker:ComfyUI-TRELLIS2] [UNET] level=2 block=6 SparseConvNeXtBlock3d N=65,016 ch=256 alloc=966MB
  [ComfyUI] [worker:ComfyUI-TRELLIS2] [sparse-conv] N=65,016 Ci=256 Co=256 feats=31MB cache=17MB (miss) w_dev=cuda:0 alloc=983MB
  [ComfyUI] [worker:ComfyUI-TRELLIS2] [sparse-conv] N=65,016 Ci=256 Co=256 feats=31MB cache=17MB (miss) w_dev=cuda:0 alloc=983MB
  [ComfyUI] [worker:ComfyUI-TRELLIS2] [sparse-conv] out=31MB alloc=1015MB
  [ComfyUI] [worker:ComfyUI-TRELLIS2] [sparse-conv] out=31MB alloc=1015MB
  [ComfyUI] [SubprocessWorker] callback 'report_progress' from call_id=75
  [ComfyUI] [SubprocessWorker] callback 'report_progress' from call_id=75
  [ComfyUI] [worker:ComfyUI-TRELLIS2] [UNET] level=2 block=7 SparseConvNeXtBlock3d N=65,016 ch=256 alloc=966MB
  [ComfyUI] [worker:ComfyUI-TRELLIS2] [UNET] level=2 block=7 SparseConvNeXtBlock3d N=65,016 ch=256 alloc=966MB
  [ComfyUI] [worker:ComfyUI-TRELLIS2] [sparse-conv] N=65,016 Ci=256 Co=256 feats=31MB cache=17MB (miss) w_dev=cuda:0 alloc=983MB
  [ComfyUI] [worker:ComfyUI-TRELLIS2] [sparse-conv] N=65,016 Ci=256 Co=256 feats=31MB cache=17MB (miss) w_dev=cuda:0 alloc=983MB
  [ComfyUI] [worker:ComfyUI-TRELLIS2] [sparse-conv] out=31MB alloc=1015MB
  [ComfyUI] [worker:ComfyUI-TRELLIS2] [sparse-conv] out=31MB alloc=1015MB
  [ComfyUI] [worker:ComfyUI-TRELLIS2] [UNET] level=2 block=8 SparseResBlockC2S3d N=65,016 ch=256 alloc=966MB
  [ComfyUI] [worker:ComfyUI-TRELLIS2] [UNET] level=2 block=8 SparseResBlockC2S3d N=65,016 ch=256 alloc=966MB
  [ComfyUI] [worker:ComfyUI-TRELLIS2] [C2S3d] after subdiv: alloc=967MB
  [ComfyUI] [worker:ComfyUI-TRELLIS2] [C2S3d] after subdiv: alloc=967MB
  [ComfyUI] [worker:ComfyUI-TRELLIS2] [C2S3d] after norm1: alloc=999MB
  [ComfyUI] [worker:ComfyUI-TRELLIS2] [C2S3d] after norm1: alloc=999MB
  [ComfyUI] [worker:ComfyUI-TRELLIS2] [C2S3d] pre-conv1: N=65,016 Ci=256 Co=1024 alloc=999MB
  [ComfyUI] [worker:ComfyUI-TRELLIS2] [C2S3d] pre-conv1: N=65,016 Ci=256 Co=1024 alloc=999MB
  [ComfyUI] [worker:ComfyUI-TRELLIS2] [C2S3d] x.feats offloaded before conv1: alloc=999MB
  [ComfyUI] [worker:ComfyUI-TRELLIS2] [C2S3d] x.feats offloaded before conv1: alloc=999MB
  [ComfyUI] [worker:ComfyUI-TRELLIS2] [sparse-conv] N=65,016 Ci=256 Co=1024 feats=31MB cache=17MB (miss) w_dev=cuda:0 alloc=1016MB
  [ComfyUI] [worker:ComfyUI-TRELLIS2] [sparse-conv] N=65,016 Ci=256 Co=1024 feats=31MB cache=17MB (miss) w_dev=cuda:0 alloc=1016MB
  Frame 18 saved (frame_017.jpg, t=195.9s)
  [capture-periodic] freeze=4ms shot=119ms unfreeze=6ms saved=True
  [ComfyUI] [worker:ComfyUI-TRELLIS2] [VRAM] +384MB (now 1399MB) reserved=1458MB peak=2612MB
  [ComfyUI] [worker:ComfyUI-TRELLIS2] [VRAM] +384MB (now 1399MB) reserved=1458MB peak=2612MB
  [ComfyUI] [worker:ComfyUI-TRELLIS2] [sparse-conv] out=126MB alloc=1144MB
  [ComfyUI] [worker:ComfyUI-TRELLIS2] [sparse-conv] out=126MB alloc=1144MB
  [ComfyUI] [worker:ComfyUI-TRELLIS2] [C2S3d] post-conv1: h=torch.Size([65016, 1024]) alloc=1112MB
  [ComfyUI] [worker:ComfyUI-TRELLIS2] [C2S3d] post-conv1: h=torch.Size([65016, 1024]) alloc=1112MB
  [ComfyUI] [worker:ComfyUI-TRELLIS2] [C2S3d] x.feats restored from CPU: alloc=1144MB
  [ComfyUI] [worker:ComfyUI-TRELLIS2] [C2S3d] x.feats restored from CPU: alloc=1144MB
  [ComfyUI] [worker:ComfyUI-TRELLIS2] [C2S3d] pre-C2S(h): alloc=1144MB
  [ComfyUI] [worker:ComfyUI-TRELLIS2] [C2S3d] pre-C2S(h): alloc=1144MB
  [ComfyUI] [worker:ComfyUI-TRELLIS2] [C2S] scatter: 65,016�1024 -> 291,141�128 in=126MB out=71MB alloc=1155MB
  [ComfyUI] [worker:ComfyUI-TRELLIS2] [C2S] scatter: 65,016�1024 -> 291,141�128 in=126MB out=71MB alloc=1155MB
  [ComfyUI] [worker:ComfyUI-TRELLIS2] [C2S] scatter done: alloc=1226MB
  [ComfyUI] [worker:ComfyUI-TRELLIS2] [C2S] scatter done: alloc=1226MB
  [ComfyUI] [worker:ComfyUI-TRELLIS2] [C2S3d] post-C2S(h): h=torch.Size([291141, 128]) alloc=1092MB
  [ComfyUI] [worker:ComfyUI-TRELLIS2] [C2S3d] post-C2S(h): h=torch.Size([291141, 128]) alloc=1092MB
  [ComfyUI] [worker:ComfyUI-TRELLIS2] [C2S] scatter: 65,016�256 -> 291,141�32 in=31MB out=17MB alloc=1104MB
  [ComfyUI] [worker:ComfyUI-TRELLIS2] [C2S] scatter: 65,016�256 -> 291,141�32 in=31MB out=17MB alloc=1104MB
  [ComfyUI] [worker:ComfyUI-TRELLIS2] [C2S] scatter done: alloc=1122MB
  [ComfyUI] [worker:ComfyUI-TRELLIS2] [C2S] scatter done: alloc=1122MB
  [ComfyUI] [worker:ComfyUI-TRELLIS2] [C2S3d] post-C2S(x): x=torch.Size([291141, 32]) alloc=1083MB
  [ComfyUI] [worker:ComfyUI-TRELLIS2] [C2S3d] post-C2S(x): x=torch.Size([291141, 32]) alloc=1083MB
  [ComfyUI] [worker:ComfyUI-TRELLIS2] [C2S3d] post-C2S: N=291,141 h=128ch x=32ch alloc=1082MB
  [ComfyUI] [worker:ComfyUI-TRELLIS2] [C2S3d] post-C2S: N=291,141 h=128ch x=32ch alloc=1082MB
  [ComfyUI] [worker:ComfyUI-TRELLIS2] [C2S3d] x offloaded to CPU, pre-conv2: alloc=1060MB
  [ComfyUI] [worker:ComfyUI-TRELLIS2] [C2S3d] x offloaded to CPU, pre-conv2: alloc=1060MB
  [ComfyUI] [worker:ComfyUI-TRELLIS2] [C2S3d] after norm2: alloc=1060MB
  [ComfyUI] [worker:ComfyUI-TRELLIS2] [C2S3d] after norm2: alloc=1060MB
  [ComfyUI] [worker:ComfyUI-TRELLIS2] [C2S3d] after silu: alloc=1060MB
  [ComfyUI] [worker:ComfyUI-TRELLIS2] [C2S3d] after silu: alloc=1060MB
  [ComfyUI] [worker:ComfyUI-TRELLIS2] [sparse-conv] N=291,141 Ci=128 Co=128 feats=71MB cache=68MB (miss) w_dev=cuda:0 alloc=1129MB
  [ComfyUI] [worker:ComfyUI-TRELLIS2] [sparse-conv] N=291,141 Ci=128 Co=128 feats=71MB cache=68MB (miss) w_dev=cuda:0 alloc=1129MB
  [ComfyUI] [worker:ComfyUI-TRELLIS2] [sparse-conv] out=71MB alloc=1200MB
  [ComfyUI] [worker:ComfyUI-TRELLIS2] [sparse-conv] out=71MB alloc=1200MB
  [ComfyUI] [worker:ComfyUI-TRELLIS2] [C2S3d] post-conv2: alloc=1129MB
  [ComfyUI] [worker:ComfyUI-TRELLIS2] [C2S3d] post-conv2: alloc=1129MB
  [ComfyUI] [worker:ComfyUI-TRELLIS2] [C2S3d] post-conv2 (cache cleared): alloc=1060MB
  [ComfyUI] [worker:ComfyUI-TRELLIS2] [C2S3d] post-conv2 (cache cleared): alloc=1060MB
  [ComfyUI] [worker:ComfyUI-TRELLIS2] [C2S3d] after skip expand: alloc=1131MB
  [ComfyUI] [worker:ComfyUI-TRELLIS2] [C2S3d] after skip expand: alloc=1131MB
  [ComfyUI] [worker:ComfyUI-TRELLIS2] [C2S3d] post-skip: alloc=1060MB
  [ComfyUI] [worker:ComfyUI-TRELLIS2] [C2S3d] post-skip: alloc=1060MB
  [ComfyUI] [SubprocessWorker] callback 'report_progress' from call_id=75
  [ComfyUI] [SubprocessWorker] callback 'report_progress' from call_id=75
  [ComfyUI] [worker:ComfyUI-TRELLIS2] [UNET] level=3 block=0 SparseConvNeXtBlock3d N=291,141 ch=128 alloc=1028MB
  [ComfyUI] [worker:ComfyUI-TRELLIS2] [UNET] level=3 block=0 SparseConvNeXtBlock3d N=291,141 ch=128 alloc=1028MB
  [ComfyUI] [worker:ComfyUI-TRELLIS2] [sparse-conv] N=291,141 Ci=128 Co=128 feats=71MB cache=68MB (miss) w_dev=cuda:0 alloc=1097MB
  [ComfyUI] [worker:ComfyUI-TRELLIS2] [sparse-conv] N=291,141 Ci=128 Co=128 feats=71MB cache=68MB (miss) w_dev=cuda:0 alloc=1097MB
  [ComfyUI] [worker:ComfyUI-TRELLIS2] [sparse-conv] out=71MB alloc=1168MB
  [ComfyUI] [worker:ComfyUI-TRELLIS2] [sparse-conv] out=71MB alloc=1168MB
  [ComfyUI] [worker:ComfyUI-TRELLIS2] [UNET] level=3 block=1 SparseConvNeXtBlock3d N=291,141 ch=128 alloc=1028MB
  [ComfyUI] [worker:ComfyUI-TRELLIS2] [UNET] level=3 block=1 SparseConvNeXtBlock3d N=291,141 ch=128 alloc=1028MB
  [ComfyUI] [worker:ComfyUI-TRELLIS2] [sparse-conv] N=291,141 Ci=128 Co=128 feats=71MB cache=68MB (miss) w_dev=cuda:0 alloc=1097MB
  [ComfyUI] [worker:ComfyUI-TRELLIS2] [sparse-conv] N=291,141 Ci=128 Co=128 feats=71MB cache=68MB (miss) w_dev=cuda:0 alloc=1097MB
  [ComfyUI] [worker:ComfyUI-TRELLIS2] [sparse-conv] out=71MB alloc=1168MB
  [ComfyUI] [worker:ComfyUI-TRELLIS2] [sparse-conv] out=71MB alloc=1168MB
  [ComfyUI] [worker:ComfyUI-TRELLIS2] [UNET] level=3 block=2 SparseConvNeXtBlock3d N=291,141 ch=128 alloc=1028MB
  [ComfyUI] [worker:ComfyUI-TRELLIS2] [UNET] level=3 block=2 SparseConvNeXtBlock3d N=291,141 ch=128 alloc=1028MB
  [ComfyUI] [worker:ComfyUI-TRELLIS2] [sparse-conv] N=291,141 Ci=128 Co=128 feats=71MB cache=68MB (miss) w_dev=cuda:0 alloc=1097MB
  [ComfyUI] [worker:ComfyUI-TRELLIS2] [sparse-conv] N=291,141 Ci=128 Co=128 feats=71MB cache=68MB (miss) w_dev=cuda:0 alloc=1097MB
  [ComfyUI] [worker:ComfyUI-TRELLIS2] [sparse-conv] out=71MB alloc=1168MB
  [ComfyUI] [worker:ComfyUI-TRELLIS2] [sparse-conv] out=71MB alloc=1168MB
  [ComfyUI] [worker:ComfyUI-TRELLIS2] [UNET] level=3 block=3 SparseConvNeXtBlock3d N=291,141 ch=128 alloc=1028MB
  [ComfyUI] [worker:ComfyUI-TRELLIS2] [UNET] level=3 block=3 SparseConvNeXtBlock3d N=291,141 ch=128 alloc=1028MB
  [ComfyUI] [worker:ComfyUI-TRELLIS2] [sparse-conv] N=291,141 Ci=128 Co=128 feats=71MB cache=68MB (miss) w_dev=cuda:0 alloc=1097MB
  [ComfyUI] [worker:ComfyUI-TRELLIS2] [sparse-conv] N=291,141 Ci=128 Co=128 feats=71MB cache=68MB (miss) w_dev=cuda:0 alloc=1097MB
  [ComfyUI] [worker:ComfyUI-TRELLIS2] [sparse-conv] out=71MB alloc=1168MB
  [ComfyUI] [worker:ComfyUI-TRELLIS2] [sparse-conv] out=71MB alloc=1168MB
  [ComfyUI] [SubprocessWorker] callback 'report_progress' from call_id=75
  [ComfyUI] [SubprocessWorker] callback 'report_progress' from call_id=75
  [ComfyUI] [worker:ComfyUI-TRELLIS2] [UNET] level=3 block=4 SparseResBlockC2S3d N=291,141 ch=128 alloc=1028MB
  [ComfyUI] [worker:ComfyUI-TRELLIS2] [UNET] level=3 block=4 SparseResBlockC2S3d N=291,141 ch=128 alloc=1028MB
  [ComfyUI] [worker:ComfyUI-TRELLIS2] [C2S3d] after subdiv: alloc=1033MB
  [ComfyUI] [worker:ComfyUI-TRELLIS2] [C2S3d] after subdiv: alloc=1033MB
  [ComfyUI] [worker:ComfyUI-TRELLIS2] [C2S3d] after norm1: alloc=1104MB
  [ComfyUI] [worker:ComfyUI-TRELLIS2] [C2S3d] after norm1: alloc=1104MB
  [ComfyUI] [worker:ComfyUI-TRELLIS2] [C2S3d] pre-conv1: N=291,141 Ci=128 Co=512 alloc=1104MB
  [ComfyUI] [worker:ComfyUI-TRELLIS2] [C2S3d] pre-conv1: N=291,141 Ci=128 Co=512 alloc=1104MB
  [ComfyUI] [worker:ComfyUI-TRELLIS2] [C2S3d] x.feats offloaded before conv1: alloc=1106MB
  [ComfyUI] [worker:ComfyUI-TRELLIS2] [C2S3d] x.feats offloaded before conv1: alloc=1106MB
  [ComfyUI] [worker:ComfyUI-TRELLIS2] [sparse-conv] N=291,141 Ci=128 Co=512 feats=71MB cache=68MB (miss) w_dev=cuda:0 alloc=1175MB
  [ComfyUI] [worker:ComfyUI-TRELLIS2] [sparse-conv] N=291,141 Ci=128 Co=512 feats=71MB cache=68MB (miss) w_dev=cuda:0 alloc=1175MB
  [ComfyUI] [worker:ComfyUI-TRELLIS2] [sparse-conv] out=284MB alloc=1460MB
  [ComfyUI] [worker:ComfyUI-TRELLIS2] [sparse-conv] out=284MB alloc=1460MB
  [ComfyUI] [worker:ComfyUI-TRELLIS2] [C2S3d] post-conv1: h=torch.Size([291141, 512]) alloc=1389MB
  [ComfyUI] [worker:ComfyUI-TRELLIS2] [C2S3d] post-conv1: h=torch.Size([291141, 512]) alloc=1389MB
  [ComfyUI] [worker:ComfyUI-TRELLIS2] [C2S3d] x.feats restored from CPU: alloc=1460MB
  [ComfyUI] [worker:ComfyUI-TRELLIS2] [C2S3d] x.feats restored from CPU: alloc=1460MB
  [ComfyUI] [worker:ComfyUI-TRELLIS2] [C2S3d] pre-C2S(h): alloc=1460MB
  [ComfyUI] [worker:ComfyUI-TRELLIS2] [C2S3d] pre-C2S(h): alloc=1460MB
  [ComfyUI] [worker:ComfyUI-TRELLIS2] [C2S] scatter: 291,141�512 -> 1,172,771�64 in=284MB out=143MB alloc=1507MB
  [ComfyUI] [worker:ComfyUI-TRELLIS2] [C2S] scatter: 291,141�512 -> 1,172,771�64 in=284MB out=143MB alloc=1507MB
  [ComfyUI] [worker:ComfyUI-TRELLIS2] [C2S] offloaded 284MB to CPU, alloc=1223MB
  [ComfyUI] [worker:ComfyUI-TRELLIS2] [C2S] offloaded 284MB to CPU, alloc=1223MB
  [ComfyUI] [worker:ComfyUI-TRELLIS2] [C2S] scatter done: alloc=1366MB
  [ComfyUI] [worker:ComfyUI-TRELLIS2] [C2S] scatter done: alloc=1366MB
  [ComfyUI] [worker:ComfyUI-TRELLIS2] [C2S3d] post-C2S(h): h=torch.Size([1172771, 64]) alloc=1337MB
  [ComfyUI] [worker:ComfyUI-TRELLIS2] [C2S3d] post-C2S(h): h=torch.Size([1172771, 64]) alloc=1337MB
  [ComfyUI] [worker:ComfyUI-TRELLIS2] [C2S] scatter: 291,141�128 -> 1,172,771�16 in=71MB out=35MB alloc=1384MB
  [ComfyUI] [worker:ComfyUI-TRELLIS2] [C2S] scatter: 291,141�128 -> 1,172,771�16 in=71MB out=35MB alloc=1384MB
  [ComfyUI] [worker:ComfyUI-TRELLIS2] [C2S] scatter done: alloc=1420MB
  [ComfyUI] [worker:ComfyUI-TRELLIS2] [C2S] scatter done: alloc=1420MB
  [capture-loop] iter=1650 t=197.2s state={'complete': False, 'error': None, 'executedCount': 2, 'wsState': 1} eval_ms=9 ram=12.5/31.9GB (39%) swap=0.6/9.4GB (7%) cpu=11% browser_rss=0.68GB
  [ComfyUI] [worker:ComfyUI-TRELLIS2] [C2S3d] post-C2S(x): x=torch.Size([1172771, 16]) alloc=1320MB
  [ComfyUI] [worker:ComfyUI-TRELLIS2] [C2S3d] post-C2S(x): x=torch.Size([1172771, 16]) alloc=1320MB
  [ComfyUI] [worker:ComfyUI-TRELLIS2] [C2S3d] post-C2S: N=1,172,771 h=64ch x=16ch alloc=1317MB
  [ComfyUI] [worker:ComfyUI-TRELLIS2] [C2S3d] post-C2S: N=1,172,771 h=64ch x=16ch alloc=1317MB
  [ComfyUI] [worker:ComfyUI-TRELLIS2] [C2S3d] x offloaded to CPU, pre-conv2: alloc=1263MB
  [ComfyUI] [worker:ComfyUI-TRELLIS2] [C2S3d] x offloaded to CPU, pre-conv2: alloc=1263MB
  [ComfyUI] [worker:ComfyUI-TRELLIS2] [C2S3d] h.feats offloaded for chunked norm2+silu: alloc=1120MB
  [ComfyUI] [worker:ComfyUI-TRELLIS2] [C2S3d] h.feats offloaded for chunked norm2+silu: alloc=1120MB
  [ComfyUI] [worker:ComfyUI-TRELLIS2] [VRAM] -238MB (now 1162MB) reserved=1704MB peak=2612MB
  [ComfyUI] [worker:ComfyUI-TRELLIS2] [VRAM] -238MB (now 1162MB) reserved=1704MB peak=2612MB
  [ComfyUI] [worker:ComfyUI-TRELLIS2] [C2S3d] after chunked norm2+silu: alloc=1263MB
  [ComfyUI] [worker:ComfyUI-TRELLIS2] [C2S3d] after chunked norm2+silu: alloc=1263MB
  [ComfyUI] [worker:ComfyUI-TRELLIS2] [sparse-conv] TILED: N=1,172,771 max_tile=1,000,000 feats=143MB alloc=1263MB
  [ComfyUI] [worker:ComfyUI-TRELLIS2] [sparse-conv] TILED: N=1,172,771 max_tile=1,000,000 feats=143MB alloc=1263MB
  [ComfyUI] [worker:ComfyUI-TRELLIS2] [sparse-conv] TILED feats offloaded to CPU, alloc=1120MB
  [ComfyUI] [worker:ComfyUI-TRELLIS2] [sparse-conv] TILED feats offloaded to CPU, alloc=1120MB
  [ComfyUI] [worker:ComfyUI-TRELLIS2] [tiled_conv] N=1,172,771 Ci=64 Co=64 K=(3, 3, 3) feats=143MB out=143MB feats_dev=cpu alloc=1120MB
  [ComfyUI] [worker:ComfyUI-TRELLIS2] [tiled_conv] N=1,172,771 Ci=64 Co=64 K=(3, 3, 3) feats=143MB out=143MB feats_dev=cpu alloc=1120MB
  [ComfyUI] [worker:ComfyUI-TRELLIS2] [tiled_conv] 2 tiles, VRAM baseline=1120MB
  [ComfyUI] [worker:ComfyUI-TRELLIS2] [tiled_conv] 2 tiles, VRAM baseline=1120MB
  [ComfyUI] 
  [ComfyUI] 
  [ComfyUI] Tiled Conv3d:   0%|          | 0/2 [00:00<?]
  [ComfyUI] Tiled Conv3d:   0%|          | 0/2 [00:00<?]
  [ComfyUI] Tiled Conv3d:   0%|          | 0/2 [00:00<?]
  [ComfyUI] Tiled Conv3d:   0%|          | 0/2 [00:00<?]
  [ComfyUI] Tiled Conv3d:  50%|█████     | 1/2 [00:00<00:00]
  [ComfyUI] Tiled Conv3d:  50%|█████     | 1/2 [00:00<00:00]
  [ComfyUI] Tiled Conv3d:  50%|█████     | 1/2 [00:00<00:00]
  [ComfyUI] Tiled Conv3d:  50%|█████     | 1/2 [00:00<00:00]
  [ComfyUI] Tiled Conv3d: 100%|██████████| 2/2 [00:00<00:00]
  [ComfyUI] Tiled Conv3d: 100%|██████████| 2/2 [00:00<00:00]
  [ComfyUI] [worker:ComfyUI-TRELLIS2] [tiled_conv] done: 1172771/1172771 voxels, tile_peak=1505MB, final=1263MB
  [ComfyUI] [worker:ComfyUI-TRELLIS2] [tiled_conv] done: 1172771/1172771 voxels, tile_peak=1505MB, final=1263MB
  [ComfyUI] [worker:ComfyUI-TRELLIS2] [sparse-conv] TILED done: out=143MB alloc=1263MB
  [ComfyUI] [worker:ComfyUI-TRELLIS2] [sparse-conv] TILED done: out=143MB alloc=1263MB
  [ComfyUI] [worker:ComfyUI-TRELLIS2] [C2S3d] post-conv2: alloc=1263MB
  [ComfyUI] [worker:ComfyUI-TRELLIS2] [C2S3d] post-conv2: alloc=1263MB
  [ComfyUI] [worker:ComfyUI-TRELLIS2] [C2S3d] post-conv2 (cache cleared): alloc=1263MB
  [ComfyUI] [worker:ComfyUI-TRELLIS2] [C2S3d] post-conv2 (cache cleared): alloc=1263MB
  [ComfyUI] [worker:ComfyUI-TRELLIS2] [C2S3d] after chunked skip: alloc=1263MB
  [ComfyUI] [worker:ComfyUI-TRELLIS2] [C2S3d] after chunked skip: alloc=1263MB
  [ComfyUI] [SubprocessWorker] callback 'report_progress' from call_id=75
  [ComfyUI] [SubprocessWorker] callback 'report_progress' from call_id=75
  [ComfyUI] [SubprocessWorker] callback 'report_progress' from call_id=75
  [ComfyUI] [SubprocessWorker] callback 'report_progress' from call_id=75
  [ComfyUI] [worker:ComfyUI-TRELLIS2] [FlexiDecoder] pre-cleanup: alloc=986MB
  [ComfyUI] [worker:ComfyUI-TRELLIS2] [FlexiDecoder] pre-cleanup: alloc=986MB
  Frame 19 saved (frame_018.jpg, t=198.0s)
  [capture-periodic] freeze=16ms shot=157ms unfreeze=6ms saved=True
  [ComfyUI] [worker:ComfyUI-TRELLIS2] [FlexiDecoder] model to CPU: alloc=70MB
  [ComfyUI] [worker:ComfyUI-TRELLIS2] [FlexiDecoder] model to CPU: alloc=70MB
  [ComfyUI] [worker:ComfyUI-TRELLIS2] [FlexiDecoder] extra[0][0] feats=torch.Size([2615, 8]) on cuda:0, 0MB
  [ComfyUI] [worker:ComfyUI-TRELLIS2] [FlexiDecoder] extra[0][0] feats=torch.Size([2615, 8]) on cuda:0, 0MB
  [ComfyUI] [worker:ComfyUI-TRELLIS2] [FlexiDecoder] extra[0][1] feats=torch.Size([12685, 8]) on cuda:0, 0MB
  [ComfyUI] [worker:ComfyUI-TRELLIS2] [FlexiDecoder] extra[0][1] feats=torch.Size([12685, 8]) on cuda:0, 0MB
  [ComfyUI] [worker:ComfyUI-TRELLIS2] [FlexiDecoder] extra[0][2] feats=torch.Size([65016, 8]) on cuda:0, 0MB
  [ComfyUI] [worker:ComfyUI-TRELLIS2] [FlexiDecoder] extra[0][2] feats=torch.Size([65016, 8]) on cuda:0, 0MB
  [ComfyUI] [worker:ComfyUI-TRELLIS2] [FlexiDecoder] extra[0][3] feats=torch.Size([291141, 8]) on cuda:0, 4MB
  [ComfyUI] [worker:ComfyUI-TRELLIS2] [FlexiDecoder] extra[0][3] feats=torch.Size([291141, 8]) on cuda:0, 4MB
  [ComfyUI] [worker:ComfyUI-TRELLIS2] [FlexiDecoder] subs to CPU: alloc=69MB
  [ComfyUI] [worker:ComfyUI-TRELLIS2] [FlexiDecoder] subs to CPU: alloc=69MB
  [ComfyUI] [worker:ComfyUI-TRELLIS2] [FlexiDecoder] coords: torch.Size([1172771, 3]) cuda:0 13MB
  [ComfyUI] [worker:ComfyUI-TRELLIS2] [FlexiDecoder] coords: torch.Size([1172771, 3]) cuda:0 13MB
  [ComfyUI] [worker:ComfyUI-TRELLIS2] [FlexiDecoder] vertices.feats: torch.Size([1172771, 3]) cuda:0 6MB
  [ComfyUI] [worker:ComfyUI-TRELLIS2] [FlexiDecoder] vertices.feats: torch.Size([1172771, 3]) cuda:0 6MB
  [ComfyUI] [worker:ComfyUI-TRELLIS2] [FlexiDecoder] intersected.feats: torch.Size([1172771, 3]) cuda:0 3MB
  [ComfyUI] [worker:ComfyUI-TRELLIS2] [FlexiDecoder] intersected.feats: torch.Size([1172771, 3]) cuda:0 3MB
  [ComfyUI] [worker:ComfyUI-TRELLIS2] [FlexiDecoder] quad_lerp.feats: torch.Size([1172771, 1]) cuda:0 2MB
  [ComfyUI] [worker:ComfyUI-TRELLIS2] [FlexiDecoder] quad_lerp.feats: torch.Size([1172771, 1]) cuda:0 2MB
  [ComfyUI] [worker:ComfyUI-TRELLIS2] [FlexiDecoder] post-cleanup: alloc=69MB, starting mesh extraction
  [ComfyUI] [worker:ComfyUI-TRELLIS2] [FlexiDecoder] post-cleanup: alloc=69MB, starting mesh extraction
  [ComfyUI] 
  [ComfyUI] 
  [ComfyUI] Fast Tiled Decoding:   0%|          | 0/36 [00:00<?, ?it/s][worker:ComfyUI-TRELLIS2] [VRAM] -985MB (now 177MB) reserved=338MB peak=2612MB
  [ComfyUI] Fast Tiled Decoding:   0%|          | 0/36 [00:00<?, ?it/s][worker:ComfyUI-TRELLIS2] [VRAM] -985MB (now 177MB) reserved=338MB peak=2612MB
  [ComfyUI] 
  [ComfyUI] 
  [ComfyUI] Fast Tiled Decoding:  69%|██████▉   | 25/36 [00:00<00:00, 238.65it/s]
  [ComfyUI] Fast Tiled Decoding:  69%|██████▉   | 25/36 [00:00<00:00, 238.65it/s]
  [ComfyUI] Fast Tiled Decoding: 100%|██████████| 36/36 [00:00<00:00, 282.06it/s]
  [ComfyUI] Fast Tiled Decoding: 100%|██████████| 36/36 [00:00<00:00, 282.06it/s]
  [ComfyUI] [SubprocessWorker] callback 'report_progress' from call_id=75
  [ComfyUI] [SubprocessWorker] callback 'report_progress' from call_id=75
  Frame 20 saved (frame_019.jpg, t=200.3s)
  [capture-periodic] freeze=4ms shot=119ms unfreeze=6ms saved=True
  [ComfyUI] [SubprocessWorker] callback 'report_progress' from call_id=75
  [ComfyUI] [SubprocessWorker] callback 'report_progress' from call_id=75
  [ComfyUI] [SubprocessWorker] callback 'report_progress' from call_id=75
  [ComfyUI] [SubprocessWorker] callback 'report_progress' from call_id=75
  [ComfyUI] [worker:ComfyUI-TRELLIS2] [TRELLIS2] Built SparseUnetVaeDecoder on CPU: dtype=torch.bfloat16, 4.0s
  [ComfyUI] [worker:ComfyUI-TRELLIS2] [TRELLIS2] Built SparseUnetVaeDecoder on CPU: dtype=torch.bfloat16, 4.0s
  [ComfyUI] [SubprocessWorker] callback 'request_vram_budget' from call_id=75
  [ComfyUI] [SubprocessWorker] callback 'request_vram_budget' from call_id=75
  [ComfyUI] [comfy-env] VRAM request: 0.95GB, free before eviction: 24.44GB
  [ComfyUI] [comfy-env] VRAM request: 0.95GB, free before eviction: 24.44GB
  [ComfyUI] [comfy-env] VRAM after eviction: 24.44GB
  [ComfyUI] [comfy-env] VRAM after eviction: 24.44GB
  [ComfyUI] [worker:ComfyUI-TRELLIS2] [VRAM] +272MB (now 449MB) reserved=572MB peak=2612MB
  [ComfyUI] [worker:ComfyUI-TRELLIS2] [VRAM] +272MB (now 449MB) reserved=572MB peak=2612MB
  [ComfyUI] [worker:ComfyUI-TRELLIS2] [TRELLIS2] tex_slat_decoder -> GPU: 0.5s
  [ComfyUI] [worker:ComfyUI-TRELLIS2] [TRELLIS2] tex_slat_decoder -> GPU: 0.5s
  [ComfyUI] [worker:ComfyUI-TRELLIS2] [vae] set max_voxels_per_tile=1000000 on 40 SparseConv3d modules
  [ComfyUI] [worker:ComfyUI-TRELLIS2] [vae] set max_voxels_per_tile=1000000 on 40 SparseConv3d modules
  [ComfyUI] [worker:ComfyUI-TRELLIS2] [UNET] level=0 block=0 SparseConvNeXtBlock3d N=2,615 ch=1024 alloc=942MB
  [ComfyUI] [worker:ComfyUI-TRELLIS2] [UNET] level=0 block=0 SparseConvNeXtBlock3d N=2,615 ch=1024 alloc=942MB
  [ComfyUI] [worker:ComfyUI-TRELLIS2] [sparse-conv] N=2,615 Ci=1024 Co=1024 feats=5MB cache=0MB (hit) w_dev=cuda:0 alloc=942MB
  [ComfyUI] [worker:ComfyUI-TRELLIS2] [sparse-conv] N=2,615 Ci=1024 Co=1024 feats=5MB cache=0MB (hit) w_dev=cuda:0 alloc=942MB
  [ComfyUI] [worker:ComfyUI-TRELLIS2] [sparse-conv] out=5MB alloc=947MB
  [ComfyUI] [worker:ComfyUI-TRELLIS2] [sparse-conv] out=5MB alloc=947MB
  [ComfyUI] [SubprocessWorker] callback 'report_progress' from call_id=75
  [ComfyUI] [SubprocessWorker] callback 'report_progress' from call_id=75
  [ComfyUI] [worker:ComfyUI-TRELLIS2] [UNET] level=0 block=1 SparseConvNeXtBlock3d N=2,615 ch=1024 alloc=942MB
  [ComfyUI] [worker:ComfyUI-TRELLIS2] [UNET] level=0 block=1 SparseConvNeXtBlock3d N=2,615 ch=1024 alloc=942MB
  [ComfyUI] [worker:ComfyUI-TRELLIS2] [sparse-conv] N=2,615 Ci=1024 Co=1024 feats=5MB cache=0MB (miss) w_dev=cuda:0 alloc=942MB
  [ComfyUI] [worker:ComfyUI-TRELLIS2] [sparse-conv] N=2,615 Ci=1024 Co=1024 feats=5MB cache=0MB (miss) w_dev=cuda:0 alloc=942MB
  [ComfyUI] [worker:ComfyUI-TRELLIS2] [sparse-conv] out=5MB alloc=948MB
  [ComfyUI] [worker:ComfyUI-TRELLIS2] [sparse-conv] out=5MB alloc=948MB
  [ComfyUI] [worker:ComfyUI-TRELLIS2] [UNET] level=0 block=2 SparseConvNeXtBlock3d N=2,615 ch=1024 alloc=942MB
  [ComfyUI] [worker:ComfyUI-TRELLIS2] [UNET] level=0 block=2 SparseConvNeXtBlock3d N=2,615 ch=1024 alloc=942MB
  [ComfyUI] [worker:ComfyUI-TRELLIS2] [sparse-conv] N=2,615 Ci=1024 Co=1024 feats=5MB cache=0MB (miss) w_dev=cuda:0 alloc=942MB
  [ComfyUI] [worker:ComfyUI-TRELLIS2] [sparse-conv] N=2,615 Ci=1024 Co=1024 feats=5MB cache=0MB (miss) w_dev=cuda:0 alloc=942MB
  [ComfyUI] [worker:ComfyUI-TRELLIS2] [sparse-conv] out=5MB alloc=948MB
  [ComfyUI] [worker:ComfyUI-TRELLIS2] [sparse-conv] out=5MB alloc=948MB
  [ComfyUI] [worker:ComfyUI-TRELLIS2] [UNET] level=0 block=3 SparseConvNeXtBlock3d N=2,615 ch=1024 alloc=942MB
  [ComfyUI] [worker:ComfyUI-TRELLIS2] [UNET] level=0 block=3 SparseConvNeXtBlock3d N=2,615 ch=1024 alloc=942MB
  [ComfyUI] [worker:ComfyUI-TRELLIS2] [sparse-conv] N=2,615 Ci=1024 Co=1024 feats=5MB cache=0MB (miss) w_dev=cuda:0 alloc=943MB
  [ComfyUI] [worker:ComfyUI-TRELLIS2] [sparse-conv] N=2,615 Ci=1024 Co=1024 feats=5MB cache=0MB (miss) w_dev=cuda:0 alloc=943MB
  [ComfyUI] [worker:ComfyUI-TRELLIS2] [sparse-conv] out=5MB alloc=948MB
  [ComfyUI] [worker:ComfyUI-TRELLIS2] [sparse-conv] out=5MB alloc=948MB
  [ComfyUI] [worker:ComfyUI-TRELLIS2] [UNET] level=0 block=4 SparseResBlockC2S3d N=2,615 ch=1024 alloc=942MB
  [ComfyUI] [worker:ComfyUI-TRELLIS2] [UNET] level=0 block=4 SparseResBlockC2S3d N=2,615 ch=1024 alloc=942MB
  [ComfyUI] [worker:ComfyUI-TRELLIS2] [C2S3d] after subdiv: alloc=942MB
  [ComfyUI] [worker:ComfyUI-TRELLIS2] [C2S3d] after subdiv: alloc=942MB
  [ComfyUI] [worker:ComfyUI-TRELLIS2] [C2S3d] after norm1: alloc=947MB
  [ComfyUI] [worker:ComfyUI-TRELLIS2] [C2S3d] after norm1: alloc=947MB
  [ComfyUI] [worker:ComfyUI-TRELLIS2] [C2S3d] pre-conv1: N=2,615 Ci=1024 Co=4096 alloc=947MB
  [ComfyUI] [worker:ComfyUI-TRELLIS2] [C2S3d] pre-conv1: N=2,615 Ci=1024 Co=4096 alloc=947MB
  [ComfyUI] [worker:ComfyUI-TRELLIS2] [C2S3d] x.feats offloaded before conv1: alloc=947MB
  [ComfyUI] [worker:ComfyUI-TRELLIS2] [C2S3d] x.feats offloaded before conv1: alloc=947MB
  [ComfyUI] [worker:ComfyUI-TRELLIS2] [sparse-conv] N=2,615 Ci=1024 Co=4096 feats=5MB cache=0MB (miss) w_dev=cuda:0 alloc=948MB
  [ComfyUI] [worker:ComfyUI-TRELLIS2] [sparse-conv] N=2,615 Ci=1024 Co=4096 feats=5MB cache=0MB (miss) w_dev=cuda:0 alloc=948MB
  [ComfyUI] [worker:ComfyUI-TRELLIS2] [sparse-conv] out=20MB alloc=968MB
  [ComfyUI] [worker:ComfyUI-TRELLIS2] [sparse-conv] out=20MB alloc=968MB
  [ComfyUI] [worker:ComfyUI-TRELLIS2] [C2S3d] post-conv1: h=torch.Size([2615, 4096]) alloc=963MB
  [ComfyUI] [worker:ComfyUI-TRELLIS2] [C2S3d] post-conv1: h=torch.Size([2615, 4096]) alloc=963MB
  [ComfyUI] [worker:ComfyUI-TRELLIS2] [C2S3d] x.feats restored from CPU: alloc=968MB
  [ComfyUI] [worker:ComfyUI-TRELLIS2] [C2S3d] x.feats restored from CPU: alloc=968MB
  [ComfyUI] [worker:ComfyUI-TRELLIS2] [C2S3d] pre-C2S(h): alloc=968MB
  [ComfyUI] [worker:ComfyUI-TRELLIS2] [C2S3d] pre-C2S(h): alloc=968MB
  [ComfyUI] [worker:ComfyUI-TRELLIS2] [C2S] scatter: 2,615�4096 -> 12,685�512 in=20MB out=12MB alloc=969MB
  [ComfyUI] [worker:ComfyUI-TRELLIS2] [C2S] scatter: 2,615�4096 -> 12,685�512 in=20MB out=12MB alloc=969MB
  [ComfyUI] [worker:ComfyUI-TRELLIS2] [C2S] scatter done: alloc=981MB
  [ComfyUI] [worker:ComfyUI-TRELLIS2] [C2S] scatter done: alloc=981MB
  [ComfyUI] [worker:ComfyUI-TRELLIS2] [C2S3d] post-C2S(h): h=torch.Size([12685, 512]) alloc=960MB
  [ComfyUI] [worker:ComfyUI-TRELLIS2] [C2S3d] post-C2S(h): h=torch.Size([12685, 512]) alloc=960MB
  [ComfyUI] [worker:ComfyUI-TRELLIS2] [C2S] scatter: 2,615�1024 -> 12,685�128 in=5MB out=3MB alloc=961MB
  [ComfyUI] [worker:ComfyUI-TRELLIS2] [C2S] scatter: 2,615�1024 -> 12,685�128 in=5MB out=3MB alloc=961MB
  [ComfyUI] [worker:ComfyUI-TRELLIS2] [C2S] scatter done: alloc=964MB
  [ComfyUI] [worker:ComfyUI-TRELLIS2] [C2S] scatter done: alloc=964MB
  [ComfyUI] [worker:ComfyUI-TRELLIS2] [C2S3d] post-C2S(x): x=torch.Size([12685, 128]) alloc=958MB
  [ComfyUI] [worker:ComfyUI-TRELLIS2] [C2S3d] post-C2S(x): x=torch.Size([12685, 128]) alloc=958MB
  [ComfyUI] [worker:ComfyUI-TRELLIS2] [C2S3d] post-C2S: N=12,685 h=512ch x=128ch alloc=958MB
  [ComfyUI] [worker:ComfyUI-TRELLIS2] [C2S3d] post-C2S: N=12,685 h=512ch x=128ch alloc=958MB
  [ComfyUI] [worker:ComfyUI-TRELLIS2] [C2S3d] x offloaded to CPU, pre-conv2: alloc=955MB
  [ComfyUI] [worker:ComfyUI-TRELLIS2] [C2S3d] x offloaded to CPU, pre-conv2: alloc=955MB
  [ComfyUI] [worker:ComfyUI-TRELLIS2] [C2S3d] after norm2: alloc=955MB
  [ComfyUI] [worker:ComfyUI-TRELLIS2] [C2S3d] after norm2: alloc=955MB
  [ComfyUI] [worker:ComfyUI-TRELLIS2] [C2S3d] after silu: alloc=955MB
  [ComfyUI] [worker:ComfyUI-TRELLIS2] [C2S3d] after silu: alloc=955MB
  [ComfyUI] [worker:ComfyUI-TRELLIS2] [sparse-conv] N=12,685 Ci=512 Co=512 feats=12MB cache=3MB (miss) w_dev=cuda:0 alloc=959MB
  [ComfyUI] [worker:ComfyUI-TRELLIS2] [sparse-conv] N=12,685 Ci=512 Co=512 feats=12MB cache=3MB (miss) w_dev=cuda:0 alloc=959MB
  [ComfyUI] [worker:ComfyUI-TRELLIS2] [sparse-conv] out=12MB alloc=971MB
  [ComfyUI] [worker:ComfyUI-TRELLIS2] [sparse-conv] out=12MB alloc=971MB
  [ComfyUI] [worker:ComfyUI-TRELLIS2] [C2S3d] post-conv2: alloc=959MB
  [ComfyUI] [worker:ComfyUI-TRELLIS2] [C2S3d] post-conv2: alloc=959MB
  [ComfyUI] [worker:ComfyUI-TRELLIS2] [C2S3d] post-conv2 (cache cleared): alloc=955MB
  [ComfyUI] [worker:ComfyUI-TRELLIS2] [C2S3d] post-conv2 (cache cleared): alloc=955MB
  [ComfyUI] [worker:ComfyUI-TRELLIS2] [C2S3d] after skip expand: alloc=967MB
  [ComfyUI] [worker:ComfyUI-TRELLIS2] [C2S3d] after skip expand: alloc=967MB
  [ComfyUI] [worker:ComfyUI-TRELLIS2] [C2S3d] post-skip: alloc=955MB
  [ComfyUI] [worker:ComfyUI-TRELLIS2] [C2S3d] post-skip: alloc=955MB
  [ComfyUI] [SubprocessWorker] callback 'report_progress' from call_id=75
  [ComfyUI] [SubprocessWorker] callback 'report_progress' from call_id=75
  [ComfyUI] [worker:ComfyUI-TRELLIS2] [UNET] level=1 block=0 SparseConvNeXtBlock3d N=12,685 ch=512 alloc=949MB
  [ComfyUI] [worker:ComfyUI-TRELLIS2] [UNET] level=1 block=0 SparseConvNeXtBlock3d N=12,685 ch=512 alloc=949MB
  [ComfyUI] [worker:ComfyUI-TRELLIS2] [sparse-conv] N=12,685 Ci=512 Co=512 feats=12MB cache=3MB (miss) w_dev=cuda:0 alloc=953MB
  [ComfyUI] [worker:ComfyUI-TRELLIS2] [sparse-conv] N=12,685 Ci=512 Co=512 feats=12MB cache=3MB (miss) w_dev=cuda:0 alloc=953MB
  [ComfyUI] [worker:ComfyUI-TRELLIS2] [sparse-conv] out=12MB alloc=965MB
  [ComfyUI] [worker:ComfyUI-TRELLIS2] [sparse-conv] out=12MB alloc=965MB
  [ComfyUI] [worker:ComfyUI-TRELLIS2] [UNET] level=1 block=1 SparseConvNeXtBlock3d N=12,685 ch=512 alloc=949MB
  [ComfyUI] [worker:ComfyUI-TRELLIS2] [UNET] level=1 block=1 SparseConvNeXtBlock3d N=12,685 ch=512 alloc=949MB
  [ComfyUI] [worker:ComfyUI-TRELLIS2] [sparse-conv] N=12,685 Ci=512 Co=512 feats=12MB cache=3MB (miss) w_dev=cuda:0 alloc=953MB
  [ComfyUI] [worker:ComfyUI-TRELLIS2] [sparse-conv] N=12,685 Ci=512 Co=512 feats=12MB cache=3MB (miss) w_dev=cuda:0 alloc=953MB
  [ComfyUI] [worker:ComfyUI-TRELLIS2] [sparse-conv] out=12MB alloc=965MB
  [ComfyUI] [worker:ComfyUI-TRELLIS2] [sparse-conv] out=12MB alloc=965MB
  [ComfyUI] [worker:ComfyUI-TRELLIS2] [UNET] level=1 block=2 SparseConvNeXtBlock3d N=12,685 ch=512 alloc=949MB
  [ComfyUI] [worker:ComfyUI-TRELLIS2] [UNET] level=1 block=2 SparseConvNeXtBlock3d N=12,685 ch=512 alloc=949MB
  [ComfyUI] [worker:ComfyUI-TRELLIS2] [sparse-conv] N=12,685 Ci=512 Co=512 feats=12MB cache=3MB (miss) w_dev=cuda:0 alloc=953MB
  [ComfyUI] [worker:ComfyUI-TRELLIS2] [sparse-conv] N=12,685 Ci=512 Co=512 feats=12MB cache=3MB (miss) w_dev=cuda:0 alloc=953MB
  [ComfyUI] [worker:ComfyUI-TRELLIS2] [sparse-conv] out=12MB alloc=965MB
  [ComfyUI] [worker:ComfyUI-TRELLIS2] [sparse-conv] out=12MB alloc=965MB
  [ComfyUI] [worker:ComfyUI-TRELLIS2] [UNET] level=1 block=3 SparseConvNeXtBlock3d N=12,685 ch=512 alloc=949MB
  [ComfyUI] [worker:ComfyUI-TRELLIS2] [UNET] level=1 block=3 SparseConvNeXtBlock3d N=12,685 ch=512 alloc=949MB
  [ComfyUI] [worker:ComfyUI-TRELLIS2] [sparse-conv] N=12,685 Ci=512 Co=512 feats=12MB cache=3MB (miss) w_dev=cuda:0 alloc=953MB
  [ComfyUI] [worker:ComfyUI-TRELLIS2] [sparse-conv] N=12,685 Ci=512 Co=512 feats=12MB cache=3MB (miss) w_dev=cuda:0 alloc=953MB
  [ComfyUI] [worker:ComfyUI-TRELLIS2] [sparse-conv] out=12MB alloc=965MB
  [ComfyUI] [worker:ComfyUI-TRELLIS2] [sparse-conv] out=12MB alloc=965MB
  [ComfyUI] [worker:ComfyUI-TRELLIS2] [UNET] level=1 block=4 SparseConvNeXtBlock3d N=12,685 ch=512 alloc=949MB
  [ComfyUI] [worker:ComfyUI-TRELLIS2] [UNET] level=1 block=4 SparseConvNeXtBlock3d N=12,685 ch=512 alloc=949MB
  [ComfyUI] [worker:ComfyUI-TRELLIS2] [sparse-conv] N=12,685 Ci=512 Co=512 feats=12MB cache=3MB (miss) w_dev=cuda:0 alloc=953MB
  [ComfyUI] [worker:ComfyUI-TRELLIS2] [sparse-conv] N=12,685 Ci=512 Co=512 feats=12MB cache=3MB (miss) w_dev=cuda:0 alloc=953MB
  [ComfyUI] [worker:ComfyUI-TRELLIS2] [sparse-conv] out=12MB alloc=965MB
  [ComfyUI] [worker:ComfyUI-TRELLIS2] [sparse-conv] out=12MB alloc=965MB
  [ComfyUI] [SubprocessWorker] callback 'report_progress' from call_id=75
  [ComfyUI] [SubprocessWorker] callback 'report_progress' from call_id=75
  [ComfyUI] [worker:ComfyUI-TRELLIS2] [UNET] level=1 block=5 SparseConvNeXtBlock3d N=12,685 ch=512 alloc=949MB
  [ComfyUI] [worker:ComfyUI-TRELLIS2] [UNET] level=1 block=5 SparseConvNeXtBlock3d N=12,685 ch=512 alloc=949MB
  [ComfyUI] [worker:ComfyUI-TRELLIS2] [sparse-conv] N=12,685 Ci=512 Co=512 feats=12MB cache=3MB (miss) w_dev=cuda:0 alloc=953MB
  [ComfyUI] [worker:ComfyUI-TRELLIS2] [sparse-conv] N=12,685 Ci=512 Co=512 feats=12MB cache=3MB (miss) w_dev=cuda:0 alloc=953MB
  [ComfyUI] [worker:ComfyUI-TRELLIS2] [sparse-conv] out=12MB alloc=965MB
  [ComfyUI] [worker:ComfyUI-TRELLIS2] [sparse-conv] out=12MB alloc=965MB
  [ComfyUI] [worker:ComfyUI-TRELLIS2] [UNET] level=1 block=6 SparseConvNeXtBlock3d N=12,685 ch=512 alloc=949MB
  [ComfyUI] [worker:ComfyUI-TRELLIS2] [UNET] level=1 block=6 SparseConvNeXtBlock3d N=12,685 ch=512 alloc=949MB
  [ComfyUI] [worker:ComfyUI-TRELLIS2] [sparse-conv] N=12,685 Ci=512 Co=512 feats=12MB cache=3MB (miss) w_dev=cuda:0 alloc=953MB
  [ComfyUI] [worker:ComfyUI-TRELLIS2] [sparse-conv] N=12,685 Ci=512 Co=512 feats=12MB cache=3MB (miss) w_dev=cuda:0 alloc=953MB
  [ComfyUI] [worker:ComfyUI-TRELLIS2] [sparse-conv] out=12MB alloc=965MB
  [ComfyUI] [worker:ComfyUI-TRELLIS2] [sparse-conv] out=12MB alloc=965MB
  [ComfyUI] [worker:ComfyUI-TRELLIS2] [UNET] level=1 block=7 SparseConvNeXtBlock3d N=12,685 ch=512 alloc=949MB
  [ComfyUI] [worker:ComfyUI-TRELLIS2] [UNET] level=1 block=7 SparseConvNeXtBlock3d N=12,685 ch=512 alloc=949MB
  [ComfyUI] [worker:ComfyUI-TRELLIS2] [sparse-conv] N=12,685 Ci=512 Co=512 feats=12MB cache=3MB (miss) w_dev=cuda:0 alloc=953MB
  [ComfyUI] [worker:ComfyUI-TRELLIS2] [sparse-conv] N=12,685 Ci=512 Co=512 feats=12MB cache=3MB (miss) w_dev=cuda:0 alloc=953MB
  [ComfyUI] [worker:ComfyUI-TRELLIS2] [sparse-conv] out=12MB alloc=965MB
  [ComfyUI] [worker:ComfyUI-TRELLIS2] [sparse-conv] out=12MB alloc=965MB
  [ComfyUI] [worker:ComfyUI-TRELLIS2] [UNET] level=1 block=8 SparseConvNeXtBlock3d N=12,685 ch=512 alloc=949MB
  [ComfyUI] [worker:ComfyUI-TRELLIS2] [UNET] level=1 block=8 SparseConvNeXtBlock3d N=12,685 ch=512 alloc=949MB
  [ComfyUI] [worker:ComfyUI-TRELLIS2] [sparse-conv] N=12,685 Ci=512 Co=512 feats=12MB cache=3MB (miss) w_dev=cuda:0 alloc=953MB
  [ComfyUI] [worker:ComfyUI-TRELLIS2] [sparse-conv] N=12,685 Ci=512 Co=512 feats=12MB cache=3MB (miss) w_dev=cuda:0 alloc=953MB
  [ComfyUI] [worker:ComfyUI-TRELLIS2] [sparse-conv] out=12MB alloc=965MB
  [ComfyUI] [worker:ComfyUI-TRELLIS2] [sparse-conv] out=12MB alloc=965MB
  [ComfyUI] [worker:ComfyUI-TRELLIS2] [UNET] level=1 block=9 SparseConvNeXtBlock3d N=12,685 ch=512 alloc=949MB
  [ComfyUI] [worker:ComfyUI-TRELLIS2] [UNET] level=1 block=9 SparseConvNeXtBlock3d N=12,685 ch=512 alloc=949MB
  [ComfyUI] [worker:ComfyUI-TRELLIS2] [sparse-conv] N=12,685 Ci=512 Co=512 feats=12MB cache=3MB (miss) w_dev=cuda:0 alloc=953MB
  [ComfyUI] [worker:ComfyUI-TRELLIS2] [sparse-conv] N=12,685 Ci=512 Co=512 feats=12MB cache=3MB (miss) w_dev=cuda:0 alloc=953MB
  [ComfyUI] [worker:ComfyUI-TRELLIS2] [sparse-conv] out=12MB alloc=965MB
  [ComfyUI] [worker:ComfyUI-TRELLIS2] [sparse-conv] out=12MB alloc=965MB
  [ComfyUI] [SubprocessWorker] callback 'report_progress' from call_id=75
  [ComfyUI] [SubprocessWorker] callback 'report_progress' from call_id=75
  [ComfyUI] [worker:ComfyUI-TRELLIS2] [UNET] level=1 block=10 SparseConvNeXtBlock3d N=12,685 ch=512 alloc=949MB
  [ComfyUI] [worker:ComfyUI-TRELLIS2] [UNET] level=1 block=10 SparseConvNeXtBlock3d N=12,685 ch=512 alloc=949MB
  [ComfyUI] [worker:ComfyUI-TRELLIS2] [sparse-conv] N=12,685 Ci=512 Co=512 feats=12MB cache=3MB (miss) w_dev=cuda:0 alloc=953MB
  [ComfyUI] [worker:ComfyUI-TRELLIS2] [sparse-conv] N=12,685 Ci=512 Co=512 feats=12MB cache=3MB (miss) w_dev=cuda:0 alloc=953MB
  [ComfyUI] [worker:ComfyUI-TRELLIS2] [sparse-conv] out=12MB alloc=965MB
  [ComfyUI] [worker:ComfyUI-TRELLIS2] [sparse-conv] out=12MB alloc=965MB
  [ComfyUI] [worker:ComfyUI-TRELLIS2] [UNET] level=1 block=11 SparseConvNeXtBlock3d N=12,685 ch=512 alloc=949MB
  [ComfyUI] [worker:ComfyUI-TRELLIS2] [UNET] level=1 block=11 SparseConvNeXtBlock3d N=12,685 ch=512 alloc=949MB
  [ComfyUI] [worker:ComfyUI-TRELLIS2] [sparse-conv] N=12,685 Ci=512 Co=512 feats=12MB cache=3MB (miss) w_dev=cuda:0 alloc=953MB
  [ComfyUI] [worker:ComfyUI-TRELLIS2] [sparse-conv] N=12,685 Ci=512 Co=512 feats=12MB cache=3MB (miss) w_dev=cuda:0 alloc=953MB
  [ComfyUI] [worker:ComfyUI-TRELLIS2] [sparse-conv] out=12MB alloc=965MB
  [ComfyUI] [worker:ComfyUI-TRELLIS2] [sparse-conv] out=12MB alloc=965MB
  [ComfyUI] [worker:ComfyUI-TRELLIS2] [UNET] level=1 block=12 SparseConvNeXtBlock3d N=12,685 ch=512 alloc=949MB
  [ComfyUI] [worker:ComfyUI-TRELLIS2] [UNET] level=1 block=12 SparseConvNeXtBlock3d N=12,685 ch=512 alloc=949MB
  [ComfyUI] [worker:ComfyUI-TRELLIS2] [sparse-conv] N=12,685 Ci=512 Co=512 feats=12MB cache=3MB (miss) w_dev=cuda:0 alloc=953MB
  [ComfyUI] [worker:ComfyUI-TRELLIS2] [sparse-conv] N=12,685 Ci=512 Co=512 feats=12MB cache=3MB (miss) w_dev=cuda:0 alloc=953MB
  [ComfyUI] [worker:ComfyUI-TRELLIS2] [sparse-conv] out=12MB alloc=965MB
  [ComfyUI] [worker:ComfyUI-TRELLIS2] [sparse-conv] out=12MB alloc=965MB
  [ComfyUI] [worker:ComfyUI-TRELLIS2] [UNET] level=1 block=13 SparseConvNeXtBlock3d N=12,685 ch=512 alloc=949MB
  [ComfyUI] [worker:ComfyUI-TRELLIS2] [UNET] level=1 block=13 SparseConvNeXtBlock3d N=12,685 ch=512 alloc=949MB
  [ComfyUI] [worker:ComfyUI-TRELLIS2] [sparse-conv] N=12,685 Ci=512 Co=512 feats=12MB cache=3MB (miss) w_dev=cuda:0 alloc=953MB
  [ComfyUI] [worker:ComfyUI-TRELLIS2] [sparse-conv] N=12,685 Ci=512 Co=512 feats=12MB cache=3MB (miss) w_dev=cuda:0 alloc=953MB
  [ComfyUI] [worker:ComfyUI-TRELLIS2] [sparse-conv] out=12MB alloc=965MB
  [ComfyUI] [worker:ComfyUI-TRELLIS2] [sparse-conv] out=12MB alloc=965MB
  [ComfyUI] [worker:ComfyUI-TRELLIS2] [UNET] level=1 block=14 SparseConvNeXtBlock3d N=12,685 ch=512 alloc=949MB
  [ComfyUI] [worker:ComfyUI-TRELLIS2] [UNET] level=1 block=14 SparseConvNeXtBlock3d N=12,685 ch=512 alloc=949MB
  [ComfyUI] [worker:ComfyUI-TRELLIS2] [sparse-conv] N=12,685 Ci=512 Co=512 feats=12MB cache=3MB (miss) w_dev=cuda:0 alloc=953MB
  [ComfyUI] [worker:ComfyUI-TRELLIS2] [sparse-conv] N=12,685 Ci=512 Co=512 feats=12MB cache=3MB (miss) w_dev=cuda:0 alloc=953MB
  [ComfyUI] [worker:ComfyUI-TRELLIS2] [sparse-conv] out=12MB alloc=965MB
  [ComfyUI] [worker:ComfyUI-TRELLIS2] [sparse-conv] out=12MB alloc=965MB
  [ComfyUI] [worker:ComfyUI-TRELLIS2] [UNET] level=1 block=15 SparseConvNeXtBlock3d N=12,685 ch=512 alloc=949MB
  [ComfyUI] [worker:ComfyUI-TRELLIS2] [UNET] level=1 block=15 SparseConvNeXtBlock3d N=12,685 ch=512 alloc=949MB
  [ComfyUI] [worker:ComfyUI-TRELLIS2] [sparse-conv] N=12,685 Ci=512 Co=512 feats=12MB cache=3MB (miss) w_dev=cuda:0 alloc=953MB
  [ComfyUI] [worker:ComfyUI-TRELLIS2] [sparse-conv] N=12,685 Ci=512 Co=512 feats=12MB cache=3MB (miss) w_dev=cuda:0 alloc=953MB
  [ComfyUI] [worker:ComfyUI-TRELLIS2] [sparse-conv] out=12MB alloc=965MB
  [ComfyUI] [worker:ComfyUI-TRELLIS2] [sparse-conv] out=12MB alloc=965MB
  [ComfyUI] [worker:ComfyUI-TRELLIS2] [UNET] level=1 block=16 SparseResBlockC2S3d N=12,685 ch=512 alloc=949MB
  [ComfyUI] [worker:ComfyUI-TRELLIS2] [UNET] level=1 block=16 SparseResBlockC2S3d N=12,685 ch=512 alloc=949MB
  [ComfyUI] [worker:ComfyUI-TRELLIS2] [C2S3d] after subdiv: alloc=949MB
  [ComfyUI] [worker:ComfyUI-TRELLIS2] [C2S3d] after subdiv: alloc=949MB
  [ComfyUI] [worker:ComfyUI-TRELLIS2] [C2S3d] after norm1: alloc=962MB
  [ComfyUI] [worker:ComfyUI-TRELLIS2] [C2S3d] after norm1: alloc=962MB
  [ComfyUI] [worker:ComfyUI-TRELLIS2] [C2S3d] pre-conv1: N=12,685 Ci=512 Co=2048 alloc=962MB
  [ComfyUI] [worker:ComfyUI-TRELLIS2] [C2S3d] pre-conv1: N=12,685 Ci=512 Co=2048 alloc=962MB
  [ComfyUI] [worker:ComfyUI-TRELLIS2] [C2S3d] x.feats offloaded before conv1: alloc=962MB
  [ComfyUI] [worker:ComfyUI-TRELLIS2] [C2S3d] x.feats offloaded before conv1: alloc=962MB
  [capture-loop] iter=1700 t=203.8s state={'complete': False, 'error': None, 'executedCount': 2, 'wsState': 1} eval_ms=5 ram=13.7/31.9GB (43%) swap=0.6/9.4GB (7%) cpu=36% browser_rss=0.68GB
  [ComfyUI] [worker:ComfyUI-TRELLIS2] [sparse-conv] N=12,685 Ci=512 Co=2048 feats=12MB cache=3MB (miss) w_dev=cuda:0 alloc=965MB
  [ComfyUI] [worker:ComfyUI-TRELLIS2] [sparse-conv] N=12,685 Ci=512 Co=2048 feats=12MB cache=3MB (miss) w_dev=cuda:0 alloc=965MB
  [ComfyUI] [worker:ComfyUI-TRELLIS2] [sparse-conv] out=49MB alloc=1015MB
  [ComfyUI] [worker:ComfyUI-TRELLIS2] [sparse-conv] out=49MB alloc=1015MB
  [ComfyUI] [worker:ComfyUI-TRELLIS2] [C2S3d] post-conv1: h=torch.Size([12685, 2048]) alloc=1003MB
  [ComfyUI] [worker:ComfyUI-TRELLIS2] [C2S3d] post-conv1: h=torch.Size([12685, 2048]) alloc=1003MB
  [ComfyUI] [worker:ComfyUI-TRELLIS2] [C2S3d] x.feats restored from CPU: alloc=1015MB
  [ComfyUI] [worker:ComfyUI-TRELLIS2] [C2S3d] x.feats restored from CPU: alloc=1015MB
  [ComfyUI] [worker:ComfyUI-TRELLIS2] [C2S3d] pre-C2S(h): alloc=1015MB
  [ComfyUI] [worker:ComfyUI-TRELLIS2] [C2S3d] pre-C2S(h): alloc=1015MB
  [ComfyUI] [worker:ComfyUI-TRELLIS2] [C2S] scatter: 12,685�2048 -> 65,016�256 in=49MB out=31MB alloc=1018MB
  [ComfyUI] [worker:ComfyUI-TRELLIS2] [C2S] scatter: 12,685�2048 -> 65,016�256 in=49MB out=31MB alloc=1018MB
  [ComfyUI] [worker:ComfyUI-TRELLIS2] [C2S] scatter done: alloc=1050MB
  [ComfyUI] [worker:ComfyUI-TRELLIS2] [C2S] scatter done: alloc=1050MB
  [ComfyUI] [worker:ComfyUI-TRELLIS2] [C2S3d] post-C2S(h): h=torch.Size([65016, 256]) alloc=998MB
  [ComfyUI] [worker:ComfyUI-TRELLIS2] [C2S3d] post-C2S(h): h=torch.Size([65016, 256]) alloc=998MB
  [ComfyUI] [worker:ComfyUI-TRELLIS2] [C2S] scatter: 12,685�512 -> 65,016�64 in=12MB out=7MB alloc=1001MB
  [ComfyUI] [worker:ComfyUI-TRELLIS2] [C2S] scatter: 12,685�512 -> 65,016�64 in=12MB out=7MB alloc=1001MB
  [ComfyUI] [worker:ComfyUI-TRELLIS2] [C2S] scatter done: alloc=1009MB
  [ComfyUI] [worker:ComfyUI-TRELLIS2] [C2S] scatter done: alloc=1009MB
  [ComfyUI] [worker:ComfyUI-TRELLIS2] [C2S3d] post-C2S(x): x=torch.Size([65016, 64]) alloc=995MB
  [ComfyUI] [worker:ComfyUI-TRELLIS2] [C2S3d] post-C2S(x): x=torch.Size([65016, 64]) alloc=995MB
  [ComfyUI] [worker:ComfyUI-TRELLIS2] [C2S3d] post-C2S: N=65,016 h=256ch x=64ch alloc=995MB
  [ComfyUI] [worker:ComfyUI-TRELLIS2] [C2S3d] post-C2S: N=65,016 h=256ch x=64ch alloc=995MB
  [ComfyUI] [worker:ComfyUI-TRELLIS2] [C2S3d] x offloaded to CPU, pre-conv2: alloc=986MB
  [ComfyUI] [worker:ComfyUI-TRELLIS2] [C2S3d] x offloaded to CPU, pre-conv2: alloc=986MB
  [ComfyUI] [worker:ComfyUI-TRELLIS2] [C2S3d] after norm2: alloc=986MB
  [ComfyUI] [worker:ComfyUI-TRELLIS2] [C2S3d] after norm2: alloc=986MB
  [ComfyUI] [worker:ComfyUI-TRELLIS2] [C2S3d] after silu: alloc=986MB
  [ComfyUI] [worker:ComfyUI-TRELLIS2] [C2S3d] after silu: alloc=986MB
  [ComfyUI] [worker:ComfyUI-TRELLIS2] [sparse-conv] N=65,016 Ci=256 Co=256 feats=31MB cache=17MB (miss) w_dev=cuda:0 alloc=1004MB
  [ComfyUI] [worker:ComfyUI-TRELLIS2] [sparse-conv] N=65,016 Ci=256 Co=256 feats=31MB cache=17MB (miss) w_dev=cuda:0 alloc=1004MB
  [ComfyUI] [worker:ComfyUI-TRELLIS2] [sparse-conv] out=31MB alloc=1036MB
  [ComfyUI] [worker:ComfyUI-TRELLIS2] [sparse-conv] out=31MB alloc=1036MB
  [ComfyUI] [worker:ComfyUI-TRELLIS2] [C2S3d] post-conv2: alloc=1004MB
  [ComfyUI] [worker:ComfyUI-TRELLIS2] [C2S3d] post-conv2: alloc=1004MB
  [ComfyUI] [worker:ComfyUI-TRELLIS2] [C2S3d] post-conv2 (cache cleared): alloc=986MB
  [ComfyUI] [worker:ComfyUI-TRELLIS2] [C2S3d] post-conv2 (cache cleared): alloc=986MB
  [ComfyUI] [worker:ComfyUI-TRELLIS2] [C2S3d] after skip expand: alloc=1018MB
  [ComfyUI] [worker:ComfyUI-TRELLIS2] [C2S3d] after skip expand: alloc=1018MB
  [ComfyUI] [worker:ComfyUI-TRELLIS2] [C2S3d] post-skip: alloc=986MB
  [ComfyUI] [worker:ComfyUI-TRELLIS2] [C2S3d] post-skip: alloc=986MB
  [ComfyUI] [SubprocessWorker] callback 'report_progress' from call_id=75
  [ComfyUI] [SubprocessWorker] callback 'report_progress' from call_id=75
  [ComfyUI] [worker:ComfyUI-TRELLIS2] [UNET] level=2 block=0 SparseConvNeXtBlock3d N=65,016 ch=256 alloc=970MB
  [ComfyUI] [worker:ComfyUI-TRELLIS2] [UNET] level=2 block=0 SparseConvNeXtBlock3d N=65,016 ch=256 alloc=970MB
  [ComfyUI] [worker:ComfyUI-TRELLIS2] [sparse-conv] N=65,016 Ci=256 Co=256 feats=31MB cache=17MB (miss) w_dev=cuda:0 alloc=988MB
  [ComfyUI] [worker:ComfyUI-TRELLIS2] [sparse-conv] N=65,016 Ci=256 Co=256 feats=31MB cache=17MB (miss) w_dev=cuda:0 alloc=988MB
  [ComfyUI] [worker:ComfyUI-TRELLIS2] [sparse-conv] out=31MB alloc=1020MB
  [ComfyUI] [worker:ComfyUI-TRELLIS2] [sparse-conv] out=31MB alloc=1020MB
  [ComfyUI] [worker:ComfyUI-TRELLIS2] [UNET] level=2 block=1 SparseConvNeXtBlock3d N=65,016 ch=256 alloc=970MB
  [ComfyUI] [worker:ComfyUI-TRELLIS2] [UNET] level=2 block=1 SparseConvNeXtBlock3d N=65,016 ch=256 alloc=970MB
  [ComfyUI] [worker:ComfyUI-TRELLIS2] [sparse-conv] N=65,016 Ci=256 Co=256 feats=31MB cache=17MB (miss) w_dev=cuda:0 alloc=988MB
  [ComfyUI] [worker:ComfyUI-TRELLIS2] [sparse-conv] N=65,016 Ci=256 Co=256 feats=31MB cache=17MB (miss) w_dev=cuda:0 alloc=988MB
  [ComfyUI] [worker:ComfyUI-TRELLIS2] [sparse-conv] out=31MB alloc=1020MB
  [ComfyUI] [worker:ComfyUI-TRELLIS2] [sparse-conv] out=31MB alloc=1020MB
  [ComfyUI] [worker:ComfyUI-TRELLIS2] [UNET] level=2 block=2 SparseConvNeXtBlock3d N=65,016 ch=256 alloc=970MB
  [ComfyUI] [worker:ComfyUI-TRELLIS2] [UNET] level=2 block=2 SparseConvNeXtBlock3d N=65,016 ch=256 alloc=970MB
  [ComfyUI] [worker:ComfyUI-TRELLIS2] [sparse-conv] N=65,016 Ci=256 Co=256 feats=31MB cache=17MB (miss) w_dev=cuda:0 alloc=988MB
  [ComfyUI] [worker:ComfyUI-TRELLIS2] [sparse-conv] N=65,016 Ci=256 Co=256 feats=31MB cache=17MB (miss) w_dev=cuda:0 alloc=988MB
  [ComfyUI] [worker:ComfyUI-TRELLIS2] [sparse-conv] out=31MB alloc=1020MB
  [ComfyUI] [worker:ComfyUI-TRELLIS2] [sparse-conv] out=31MB alloc=1020MB
  [ComfyUI] [worker:ComfyUI-TRELLIS2] [UNET] level=2 block=3 SparseConvNeXtBlock3d N=65,016 ch=256 alloc=970MB
  [ComfyUI] [worker:ComfyUI-TRELLIS2] [UNET] level=2 block=3 SparseConvNeXtBlock3d N=65,016 ch=256 alloc=970MB
  [ComfyUI] [worker:ComfyUI-TRELLIS2] [sparse-conv] N=65,016 Ci=256 Co=256 feats=31MB cache=17MB (miss) w_dev=cuda:0 alloc=988MB
  [ComfyUI] [worker:ComfyUI-TRELLIS2] [sparse-conv] N=65,016 Ci=256 Co=256 feats=31MB cache=17MB (miss) w_dev=cuda:0 alloc=988MB
  [ComfyUI] [worker:ComfyUI-TRELLIS2] [sparse-conv] out=31MB alloc=1020MB
  [ComfyUI] [worker:ComfyUI-TRELLIS2] [sparse-conv] out=31MB alloc=1020MB
  [ComfyUI] [worker:ComfyUI-TRELLIS2] [UNET] level=2 block=4 SparseConvNeXtBlock3d N=65,016 ch=256 alloc=970MB
  [ComfyUI] [worker:ComfyUI-TRELLIS2] [UNET] level=2 block=4 SparseConvNeXtBlock3d N=65,016 ch=256 alloc=970MB
  [ComfyUI] [worker:ComfyUI-TRELLIS2] [sparse-conv] N=65,016 Ci=256 Co=256 feats=31MB cache=17MB (miss) w_dev=cuda:0 alloc=988MB
  [ComfyUI] [worker:ComfyUI-TRELLIS2] [sparse-conv] N=65,016 Ci=256 Co=256 feats=31MB cache=17MB (miss) w_dev=cuda:0 alloc=988MB
  [ComfyUI] [worker:ComfyUI-TRELLIS2] [sparse-conv] out=31MB alloc=1020MB
  [ComfyUI] [worker:ComfyUI-TRELLIS2] [sparse-conv] out=31MB alloc=1020MB
  [ComfyUI] [worker:ComfyUI-TRELLIS2] [UNET] level=2 block=5 SparseConvNeXtBlock3d N=65,016 ch=256 alloc=970MB
  [ComfyUI] [worker:ComfyUI-TRELLIS2] [UNET] level=2 block=5 SparseConvNeXtBlock3d N=65,016 ch=256 alloc=970MB
  [ComfyUI] [worker:ComfyUI-TRELLIS2] [sparse-conv] N=65,016 Ci=256 Co=256 feats=31MB cache=17MB (miss) w_dev=cuda:0 alloc=988MB
  [ComfyUI] [worker:ComfyUI-TRELLIS2] [sparse-conv] N=65,016 Ci=256 Co=256 feats=31MB cache=17MB (miss) w_dev=cuda:0 alloc=988MB
  [ComfyUI] [worker:ComfyUI-TRELLIS2] [sparse-conv] out=31MB alloc=1020MB
  [ComfyUI] [worker:ComfyUI-TRELLIS2] [sparse-conv] out=31MB alloc=1020MB
  [ComfyUI] [worker:ComfyUI-TRELLIS2] [UNET] level=2 block=6 SparseConvNeXtBlock3d N=65,016 ch=256 alloc=970MB
  [ComfyUI] [worker:ComfyUI-TRELLIS2] [UNET] level=2 block=6 SparseConvNeXtBlock3d N=65,016 ch=256 alloc=970MB
  [ComfyUI] [worker:ComfyUI-TRELLIS2] [sparse-conv] N=65,016 Ci=256 Co=256 feats=31MB cache=17MB (miss) w_dev=cuda:0 alloc=988MB
  [ComfyUI] [worker:ComfyUI-TRELLIS2] [sparse-conv] N=65,016 Ci=256 Co=256 feats=31MB cache=17MB (miss) w_dev=cuda:0 alloc=988MB
  [ComfyUI] [worker:ComfyUI-TRELLIS2] [sparse-conv] out=31MB alloc=1020MB
  [ComfyUI] [worker:ComfyUI-TRELLIS2] [sparse-conv] out=31MB alloc=1020MB
  [ComfyUI] [SubprocessWorker] callback 'report_progress' from call_id=75
  [ComfyUI] [SubprocessWorker] callback 'report_progress' from call_id=75
  [ComfyUI] [worker:ComfyUI-TRELLIS2] [UNET] level=2 block=7 SparseConvNeXtBlock3d N=65,016 ch=256 alloc=970MB
  [ComfyUI] [worker:ComfyUI-TRELLIS2] [UNET] level=2 block=7 SparseConvNeXtBlock3d N=65,016 ch=256 alloc=970MB
  [ComfyUI] [worker:ComfyUI-TRELLIS2] [sparse-conv] N=65,016 Ci=256 Co=256 feats=31MB cache=17MB (miss) w_dev=cuda:0 alloc=988MB
  [ComfyUI] [worker:ComfyUI-TRELLIS2] [sparse-conv] N=65,016 Ci=256 Co=256 feats=31MB cache=17MB (miss) w_dev=cuda:0 alloc=988MB
  [ComfyUI] [worker:ComfyUI-TRELLIS2] [sparse-conv] out=31MB alloc=1020MB
  [ComfyUI] [worker:ComfyUI-TRELLIS2] [sparse-conv] out=31MB alloc=1020MB
  [ComfyUI] [worker:ComfyUI-TRELLIS2] [VRAM] +584MB (now 1034MB) reserved=1322MB peak=2612MB
  [ComfyUI] [worker:ComfyUI-TRELLIS2] [VRAM] +584MB (now 1034MB) reserved=1322MB peak=2612MB
  [ComfyUI] [worker:ComfyUI-TRELLIS2] [UNET] level=2 block=8 SparseResBlockC2S3d N=65,016 ch=256 alloc=970MB
  [ComfyUI] [worker:ComfyUI-TRELLIS2] [UNET] level=2 block=8 SparseResBlockC2S3d N=65,016 ch=256 alloc=970MB
  [ComfyUI] [worker:ComfyUI-TRELLIS2] [C2S3d] after subdiv: alloc=970MB
  [ComfyUI] [worker:ComfyUI-TRELLIS2] [C2S3d] after subdiv: alloc=970MB
  [ComfyUI] [worker:ComfyUI-TRELLIS2] [C2S3d] after norm1: alloc=1002MB
  [ComfyUI] [worker:ComfyUI-TRELLIS2] [C2S3d] after norm1: alloc=1002MB
  [ComfyUI] [worker:ComfyUI-TRELLIS2] [C2S3d] pre-conv1: N=65,016 Ci=256 Co=1024 alloc=1002MB
  [ComfyUI] [worker:ComfyUI-TRELLIS2] [C2S3d] pre-conv1: N=65,016 Ci=256 Co=1024 alloc=1002MB
  [ComfyUI] [worker:ComfyUI-TRELLIS2] [C2S3d] x.feats offloaded before conv1: alloc=1002MB
  [ComfyUI] [worker:ComfyUI-TRELLIS2] [C2S3d] x.feats offloaded before conv1: alloc=1002MB
  [ComfyUI] [worker:ComfyUI-TRELLIS2] [sparse-conv] N=65,016 Ci=256 Co=1024 feats=31MB cache=17MB (miss) w_dev=cuda:0 alloc=1020MB
  [ComfyUI] [worker:ComfyUI-TRELLIS2] [sparse-conv] N=65,016 Ci=256 Co=1024 feats=31MB cache=17MB (miss) w_dev=cuda:0 alloc=1020MB
  [ComfyUI] [worker:ComfyUI-TRELLIS2] [sparse-conv] out=126MB alloc=1147MB
  [ComfyUI] [worker:ComfyUI-TRELLIS2] [sparse-conv] out=126MB alloc=1147MB
  [ComfyUI] [worker:ComfyUI-TRELLIS2] [C2S3d] post-conv1: h=torch.Size([65016, 1024]) alloc=1115MB
  [ComfyUI] [worker:ComfyUI-TRELLIS2] [C2S3d] post-conv1: h=torch.Size([65016, 1024]) alloc=1115MB
  [ComfyUI] [worker:ComfyUI-TRELLIS2] [C2S3d] x.feats restored from CPU: alloc=1147MB
  [ComfyUI] [worker:ComfyUI-TRELLIS2] [C2S3d] x.feats restored from CPU: alloc=1147MB
  [ComfyUI] [worker:ComfyUI-TRELLIS2] [C2S3d] pre-C2S(h): alloc=1147MB
  [ComfyUI] [worker:ComfyUI-TRELLIS2] [C2S3d] pre-C2S(h): alloc=1147MB
  [ComfyUI] [worker:ComfyUI-TRELLIS2] [C2S] scatter: 65,016�1024 -> 291,141�128 in=126MB out=71MB alloc=1159MB
  [ComfyUI] [worker:ComfyUI-TRELLIS2] [C2S] scatter: 65,016�1024 -> 291,141�128 in=126MB out=71MB alloc=1159MB
  [ComfyUI] [worker:ComfyUI-TRELLIS2] [C2S] scatter done: alloc=1231MB
  [ComfyUI] [worker:ComfyUI-TRELLIS2] [C2S] scatter done: alloc=1231MB
  [ComfyUI] [worker:ComfyUI-TRELLIS2] [C2S3d] post-C2S(h): h=torch.Size([291141, 128]) alloc=1097MB
  [ComfyUI] [worker:ComfyUI-TRELLIS2] [C2S3d] post-C2S(h): h=torch.Size([291141, 128]) alloc=1097MB
  [ComfyUI] [worker:ComfyUI-TRELLIS2] [C2S] scatter: 65,016�256 -> 291,141�32 in=31MB out=17MB alloc=1108MB
  [ComfyUI] [worker:ComfyUI-TRELLIS2] [C2S] scatter: 65,016�256 -> 291,141�32 in=31MB out=17MB alloc=1108MB
  [ComfyUI] [worker:ComfyUI-TRELLIS2] [C2S] scatter done: alloc=1126MB
  [ComfyUI] [worker:ComfyUI-TRELLIS2] [C2S] scatter done: alloc=1126MB
  [ComfyUI] [worker:ComfyUI-TRELLIS2] [C2S3d] post-C2S(x): x=torch.Size([291141, 32]) alloc=1087MB
  [ComfyUI] [worker:ComfyUI-TRELLIS2] [C2S3d] post-C2S(x): x=torch.Size([291141, 32]) alloc=1087MB
  [ComfyUI] [worker:ComfyUI-TRELLIS2] [C2S3d] post-C2S: N=291,141 h=128ch x=32ch alloc=1086MB
  [ComfyUI] [worker:ComfyUI-TRELLIS2] [C2S3d] post-C2S: N=291,141 h=128ch x=32ch alloc=1086MB
  [ComfyUI] [worker:ComfyUI-TRELLIS2] [C2S3d] x offloaded to CPU, pre-conv2: alloc=1064MB
  [ComfyUI] [worker:ComfyUI-TRELLIS2] [C2S3d] x offloaded to CPU, pre-conv2: alloc=1064MB
  [ComfyUI] [worker:ComfyUI-TRELLIS2] [C2S3d] after norm2: alloc=1064MB
  [ComfyUI] [worker:ComfyUI-TRELLIS2] [C2S3d] after norm2: alloc=1064MB
  [ComfyUI] [worker:ComfyUI-TRELLIS2] [C2S3d] after silu: alloc=1064MB
  [ComfyUI] [worker:ComfyUI-TRELLIS2] [C2S3d] after silu: alloc=1064MB
  [ComfyUI] [worker:ComfyUI-TRELLIS2] [sparse-conv] N=291,141 Ci=128 Co=128 feats=71MB cache=68MB (miss) w_dev=cuda:0 alloc=1134MB
  [ComfyUI] [worker:ComfyUI-TRELLIS2] [sparse-conv] N=291,141 Ci=128 Co=128 feats=71MB cache=68MB (miss) w_dev=cuda:0 alloc=1134MB
  [ComfyUI] [worker:ComfyUI-TRELLIS2] [sparse-conv] out=71MB alloc=1206MB
  [ComfyUI] [worker:ComfyUI-TRELLIS2] [sparse-conv] out=71MB alloc=1206MB
  [ComfyUI] [worker:ComfyUI-TRELLIS2] [C2S3d] post-conv2: alloc=1134MB
  [ComfyUI] [worker:ComfyUI-TRELLIS2] [C2S3d] post-conv2: alloc=1134MB
  [ComfyUI] [worker:ComfyUI-TRELLIS2] [C2S3d] post-conv2 (cache cleared): alloc=1064MB
  [ComfyUI] [worker:ComfyUI-TRELLIS2] [C2S3d] post-conv2 (cache cleared): alloc=1064MB
  [ComfyUI] [worker:ComfyUI-TRELLIS2] [C2S3d] after skip expand: alloc=1136MB
  [ComfyUI] [worker:ComfyUI-TRELLIS2] [C2S3d] after skip expand: alloc=1136MB
  [ComfyUI] [worker:ComfyUI-TRELLIS2] [C2S3d] post-skip: alloc=1064MB
  [ComfyUI] [worker:ComfyUI-TRELLIS2] [C2S3d] post-skip: alloc=1064MB
  [ComfyUI] [SubprocessWorker] callback 'report_progress' from call_id=75
  [ComfyUI] [SubprocessWorker] callback 'report_progress' from call_id=75
  [ComfyUI] [worker:ComfyUI-TRELLIS2] [UNET] level=3 block=0 SparseConvNeXtBlock3d N=291,141 ch=128 alloc=1013MB
  [ComfyUI] [worker:ComfyUI-TRELLIS2] [UNET] level=3 block=0 SparseConvNeXtBlock3d N=291,141 ch=128 alloc=1013MB
  [ComfyUI] [worker:ComfyUI-TRELLIS2] [sparse-conv] N=291,141 Ci=128 Co=128 feats=71MB cache=68MB (miss) w_dev=cuda:0 alloc=1082MB
  [ComfyUI] [worker:ComfyUI-TRELLIS2] [sparse-conv] N=291,141 Ci=128 Co=128 feats=71MB cache=68MB (miss) w_dev=cuda:0 alloc=1082MB
  [ComfyUI] [worker:ComfyUI-TRELLIS2] [sparse-conv] out=71MB alloc=1155MB
  [ComfyUI] [worker:ComfyUI-TRELLIS2] [sparse-conv] out=71MB alloc=1155MB
  [ComfyUI] [worker:ComfyUI-TRELLIS2] [UNET] level=3 block=1 SparseConvNeXtBlock3d N=291,141 ch=128 alloc=1013MB
  [ComfyUI] [worker:ComfyUI-TRELLIS2] [UNET] level=3 block=1 SparseConvNeXtBlock3d N=291,141 ch=128 alloc=1013MB
  [ComfyUI] [worker:ComfyUI-TRELLIS2] [sparse-conv] N=291,141 Ci=128 Co=128 feats=71MB cache=68MB (miss) w_dev=cuda:0 alloc=1082MB
  [ComfyUI] [worker:ComfyUI-TRELLIS2] [sparse-conv] N=291,141 Ci=128 Co=128 feats=71MB cache=68MB (miss) w_dev=cuda:0 alloc=1082MB
  [ComfyUI] [worker:ComfyUI-TRELLIS2] [sparse-conv] out=71MB alloc=1155MB
  [ComfyUI] [worker:ComfyUI-TRELLIS2] [sparse-conv] out=71MB alloc=1155MB
  [ComfyUI] [worker:ComfyUI-TRELLIS2] [UNET] level=3 block=2 SparseConvNeXtBlock3d N=291,141 ch=128 alloc=1013MB
  [ComfyUI] [worker:ComfyUI-TRELLIS2] [UNET] level=3 block=2 SparseConvNeXtBlock3d N=291,141 ch=128 alloc=1013MB
  [ComfyUI] [worker:ComfyUI-TRELLIS2] [sparse-conv] N=291,141 Ci=128 Co=128 feats=71MB cache=68MB (miss) w_dev=cuda:0 alloc=1082MB
  [ComfyUI] [worker:ComfyUI-TRELLIS2] [sparse-conv] N=291,141 Ci=128 Co=128 feats=71MB cache=68MB (miss) w_dev=cuda:0 alloc=1082MB
  [ComfyUI] [worker:ComfyUI-TRELLIS2] [sparse-conv] out=71MB alloc=1155MB
  [ComfyUI] [worker:ComfyUI-TRELLIS2] [sparse-conv] out=71MB alloc=1155MB
  [ComfyUI] [SubprocessWorker] callback 'report_progress' from call_id=75
  [ComfyUI] [SubprocessWorker] callback 'report_progress' from call_id=75
  [ComfyUI] [worker:ComfyUI-TRELLIS2] [UNET] level=3 block=3 SparseConvNeXtBlock3d N=291,141 ch=128 alloc=1013MB
  [ComfyUI] [worker:ComfyUI-TRELLIS2] [UNET] level=3 block=3 SparseConvNeXtBlock3d N=291,141 ch=128 alloc=1013MB
  [ComfyUI] [worker:ComfyUI-TRELLIS2] [sparse-conv] N=291,141 Ci=128 Co=128 feats=71MB cache=68MB (miss) w_dev=cuda:0 alloc=1082MB
  [ComfyUI] [worker:ComfyUI-TRELLIS2] [sparse-conv] N=291,141 Ci=128 Co=128 feats=71MB cache=68MB (miss) w_dev=cuda:0 alloc=1082MB
  [ComfyUI] [worker:ComfyUI-TRELLIS2] [sparse-conv] out=71MB alloc=1155MB
  [ComfyUI] [worker:ComfyUI-TRELLIS2] [sparse-conv] out=71MB alloc=1155MB
  [ComfyUI] [worker:ComfyUI-TRELLIS2] [UNET] level=3 block=4 SparseResBlockC2S3d N=291,141 ch=128 alloc=1013MB
  [ComfyUI] [worker:ComfyUI-TRELLIS2] [UNET] level=3 block=4 SparseResBlockC2S3d N=291,141 ch=128 alloc=1013MB
  [ComfyUI] [worker:ComfyUI-TRELLIS2] [C2S3d] after subdiv: alloc=1013MB
  [ComfyUI] [worker:ComfyUI-TRELLIS2] [C2S3d] after subdiv: alloc=1013MB
  [ComfyUI] [worker:ComfyUI-TRELLIS2] [C2S3d] after norm1: alloc=1085MB
  [ComfyUI] [worker:ComfyUI-TRELLIS2] [C2S3d] after norm1: alloc=1085MB
  [ComfyUI] [worker:ComfyUI-TRELLIS2] [C2S3d] pre-conv1: N=291,141 Ci=128 Co=512 alloc=1085MB
  [ComfyUI] [worker:ComfyUI-TRELLIS2] [C2S3d] pre-conv1: N=291,141 Ci=128 Co=512 alloc=1085MB
  [ComfyUI] [worker:ComfyUI-TRELLIS2] [C2S3d] x.feats offloaded before conv1: alloc=1087MB
  [ComfyUI] [worker:ComfyUI-TRELLIS2] [C2S3d] x.feats offloaded before conv1: alloc=1087MB
  [ComfyUI] [worker:ComfyUI-TRELLIS2] [sparse-conv] N=291,141 Ci=128 Co=512 feats=71MB cache=68MB (miss) w_dev=cuda:0 alloc=1157MB
  [ComfyUI] [worker:ComfyUI-TRELLIS2] [sparse-conv] N=291,141 Ci=128 Co=512 feats=71MB cache=68MB (miss) w_dev=cuda:0 alloc=1157MB
  [ComfyUI] [worker:ComfyUI-TRELLIS2] [sparse-conv] out=284MB alloc=1441MB
  [ComfyUI] [worker:ComfyUI-TRELLIS2] [sparse-conv] out=284MB alloc=1441MB
  [ComfyUI] [worker:ComfyUI-TRELLIS2] [C2S3d] post-conv1: h=torch.Size([291141, 512]) alloc=1369MB
  [ComfyUI] [worker:ComfyUI-TRELLIS2] [C2S3d] post-conv1: h=torch.Size([291141, 512]) alloc=1369MB
  [ComfyUI] [worker:ComfyUI-TRELLIS2] [C2S3d] x.feats restored from CPU: alloc=1441MB
  [ComfyUI] [worker:ComfyUI-TRELLIS2] [C2S3d] x.feats restored from CPU: alloc=1441MB
  [ComfyUI] [worker:ComfyUI-TRELLIS2] [C2S3d] pre-C2S(h): alloc=1441MB
  [ComfyUI] [worker:ComfyUI-TRELLIS2] [C2S3d] pre-C2S(h): alloc=1441MB
  [ComfyUI] [worker:ComfyUI-TRELLIS2] [C2S] scatter: 291,141�512 -> 1,172,771�64 in=284MB out=143MB alloc=1488MB
  [ComfyUI] [worker:ComfyUI-TRELLIS2] [C2S] scatter: 291,141�512 -> 1,172,771�64 in=284MB out=143MB alloc=1488MB
  [ComfyUI] [worker:ComfyUI-TRELLIS2] [C2S] offloaded 284MB to CPU, alloc=1204MB
  [ComfyUI] [worker:ComfyUI-TRELLIS2] [C2S] offloaded 284MB to CPU, alloc=1204MB
  [ComfyUI] [worker:ComfyUI-TRELLIS2] [C2S] scatter done: alloc=1348MB
  [ComfyUI] [worker:ComfyUI-TRELLIS2] [C2S] scatter done: alloc=1348MB
  [ComfyUI] [worker:ComfyUI-TRELLIS2] [C2S3d] post-C2S(h): h=torch.Size([1172771, 64]) alloc=1319MB
  [ComfyUI] [worker:ComfyUI-TRELLIS2] [C2S3d] post-C2S(h): h=torch.Size([1172771, 64]) alloc=1319MB
  [ComfyUI] [worker:ComfyUI-TRELLIS2] [C2S] scatter: 291,141�128 -> 1,172,771�16 in=71MB out=35MB alloc=1366MB
  [ComfyUI] [worker:ComfyUI-TRELLIS2] [C2S] scatter: 291,141�128 -> 1,172,771�16 in=71MB out=35MB alloc=1366MB
  [ComfyUI] [worker:ComfyUI-TRELLIS2] [C2S] scatter done: alloc=1402MB
  [ComfyUI] [worker:ComfyUI-TRELLIS2] [C2S] scatter done: alloc=1402MB
  [ComfyUI] [worker:ComfyUI-TRELLIS2] [C2S3d] post-C2S(x): x=torch.Size([1172771, 16]) alloc=1301MB
  [ComfyUI] [worker:ComfyUI-TRELLIS2] [C2S3d] post-C2S(x): x=torch.Size([1172771, 16]) alloc=1301MB
  [ComfyUI] [worker:ComfyUI-TRELLIS2] [C2S3d] post-C2S: N=1,172,771 h=64ch x=16ch alloc=1299MB
  [ComfyUI] [worker:ComfyUI-TRELLIS2] [C2S3d] post-C2S: N=1,172,771 h=64ch x=16ch alloc=1299MB
  [ComfyUI] [worker:ComfyUI-TRELLIS2] [C2S3d] x offloaded to CPU, pre-conv2: alloc=1245MB
  [ComfyUI] [worker:ComfyUI-TRELLIS2] [C2S3d] x offloaded to CPU, pre-conv2: alloc=1245MB
  [ComfyUI] [worker:ComfyUI-TRELLIS2] [C2S3d] h.feats offloaded for chunked norm2+silu: alloc=1101MB
  [ComfyUI] [worker:ComfyUI-TRELLIS2] [C2S3d] h.feats offloaded for chunked norm2+silu: alloc=1101MB
  [ComfyUI] [worker:ComfyUI-TRELLIS2] [C2S3d] after chunked norm2+silu: alloc=1245MB
  [ComfyUI] [worker:ComfyUI-TRELLIS2] [C2S3d] after chunked norm2+silu: alloc=1245MB
  [ComfyUI] [worker:ComfyUI-TRELLIS2] [sparse-conv] TILED: N=1,172,771 max_tile=1,000,000 feats=143MB alloc=1245MB
  [ComfyUI] [worker:ComfyUI-TRELLIS2] [sparse-conv] TILED: N=1,172,771 max_tile=1,000,000 feats=143MB alloc=1245MB
  [ComfyUI] [worker:ComfyUI-TRELLIS2] [sparse-conv] TILED feats offloaded to CPU, alloc=1101MB
  [ComfyUI] [worker:ComfyUI-TRELLIS2] [sparse-conv] TILED feats offloaded to CPU, alloc=1101MB
  [ComfyUI] [worker:ComfyUI-TRELLIS2] [tiled_conv] N=1,172,771 Ci=64 Co=64 K=(3, 3, 3) feats=143MB out=143MB feats_dev=cpu alloc=1101MB
  [ComfyUI] [worker:ComfyUI-TRELLIS2] [tiled_conv] N=1,172,771 Ci=64 Co=64 K=(3, 3, 3) feats=143MB out=143MB feats_dev=cpu alloc=1101MB
  [ComfyUI] [worker:ComfyUI-TRELLIS2] [tiled_conv] 2 tiles, VRAM baseline=1101MB
  [ComfyUI] [worker:ComfyUI-TRELLIS2] [tiled_conv] 2 tiles, VRAM baseline=1101MB
  [ComfyUI] 
  [ComfyUI] 
  [ComfyUI] Tiled Conv3d:   0%|          | 0/2 [00:00<?]
  [ComfyUI] Tiled Conv3d:   0%|          | 0/2 [00:00<?]
  [ComfyUI] Tiled Conv3d:   0%|          | 0/2 [00:00<?]
  [ComfyUI] Tiled Conv3d:   0%|          | 0/2 [00:00<?]
  Frame 21 saved (frame_020.jpg, t=204.7s)
  [capture-periodic] freeze=8ms shot=175ms unfreeze=13ms saved=True
  [ComfyUI] Tiled Conv3d:  50%|█████     | 1/2 [00:00<00:00]
  [ComfyUI] Tiled Conv3d:  50%|█████     | 1/2 [00:00<00:00]
  [ComfyUI] Tiled Conv3d:  50%|█████     | 1/2 [00:00<00:00]
  [ComfyUI] Tiled Conv3d:  50%|█████     | 1/2 [00:00<00:00]
  [ComfyUI] Tiled Conv3d: 100%|██████████| 2/2 [00:00<00:00]
  [ComfyUI] Tiled Conv3d: 100%|██████████| 2/2 [00:00<00:00]
  [ComfyUI] [worker:ComfyUI-TRELLIS2] [tiled_conv] done: 1172771/1172771 voxels, tile_peak=1485MB, final=1245MB
  [ComfyUI] [worker:ComfyUI-TRELLIS2] [tiled_conv] done: 1172771/1172771 voxels, tile_peak=1485MB, final=1245MB
  [ComfyUI] [worker:ComfyUI-TRELLIS2] [sparse-conv] TILED done: out=143MB alloc=1245MB
  [ComfyUI] [worker:ComfyUI-TRELLIS2] [sparse-conv] TILED done: out=143MB alloc=1245MB
  [ComfyUI] [worker:ComfyUI-TRELLIS2] [C2S3d] post-conv2: alloc=1245MB
  [ComfyUI] [worker:ComfyUI-TRELLIS2] [C2S3d] post-conv2: alloc=1245MB
  [ComfyUI] [worker:ComfyUI-TRELLIS2] [C2S3d] post-conv2 (cache cleared): alloc=1245MB
  [ComfyUI] [worker:ComfyUI-TRELLIS2] [C2S3d] post-conv2 (cache cleared): alloc=1245MB
  [ComfyUI] [worker:ComfyUI-TRELLIS2] [VRAM] +211MB (now 1245MB) reserved=1280MB peak=2612MB
  [ComfyUI] [worker:ComfyUI-TRELLIS2] [VRAM] +211MB (now 1245MB) reserved=1280MB peak=2612MB
  [ComfyUI] [worker:ComfyUI-TRELLIS2] [C2S3d] after chunked skip: alloc=1245MB
  [ComfyUI] [worker:ComfyUI-TRELLIS2] [C2S3d] after chunked skip: alloc=1245MB
  [ComfyUI] [SubprocessWorker] callback 'report_progress' from call_id=75
  [ComfyUI] [SubprocessWorker] callback 'report_progress' from call_id=75
  [ComfyUI] [SubprocessWorker] callback 'report_progress' from call_id=75
  [ComfyUI] [SubprocessWorker] callback 'report_progress' from call_id=75
  [ComfyUI] [SubprocessWorker] callback 'report_progress' from call_id=75
  [ComfyUI] [SubprocessWorker] callback 'report_progress' from call_id=75
  [ComfyUI] [SubprocessWorker] callback 'report_progress' from call_id=75
  [ComfyUI] [SubprocessWorker] callback 'report_progress' from call_id=75
  [ComfyUI] [SubprocessWorker] got response: ok
  [ComfyUI] [SubprocessWorker] got response: ok
  [ComfyUI] [comfy-env] Created 3 model patchers: ['SLatFlowModel_3', 'FlexiDualGridVaeDecoder_4', 'SparseUnetVaeDecoder_5']
  [ComfyUI] [comfy-env] Created 3 model patchers: ['SLatFlowModel_3', 'FlexiDualGridVaeDecoder_4', 'SparseUnetVaeDecoder_5']
  [ComfyUI] [comfy-env] Trellis2TextureMesh done (31.37s): result: NodeOutput
  [ComfyUI] [comfy-env] Trellis2TextureMesh done (31.37s): result: NodeOutput
  [ComfyUI] [VRAM] After Trellis2TextureMesh: 1271 / 24575 MB
  [ComfyUI] [VRAM] After Trellis2TextureMesh: 1271 / 24575 MB
  [ComfyUI] [VRAM] Loaded: SubprocessModel (0 MB), SubprocessModel (0 MB), SubprocessModel (0 MB), SubprocessModel (0 MB), SubprocessModel (0 MB)
  [ComfyUI] [VRAM] Loaded: SubprocessModel (0 MB), SubprocessModel (0 MB), SubprocessModel (0 MB), SubprocessModel (0 MB), SubprocessModel (0 MB)
  [ComfyUI] [comfy-env] Running Trellis2RasterizePBR: texture_size: 1024, trimesh: Trimesh, voxelgrid: dict, original_mesh: Trimesh
  [ComfyUI] [comfy-env] Running Trellis2RasterizePBR: texture_size: 1024, trimesh: Trimesh, voxelgrid: dict, original_mesh: Trimesh
  [ComfyUI] [VRAM] Before Trellis2RasterizePBR: 1271 / 24575 MB
  [ComfyUI] [VRAM] Before Trellis2RasterizePBR: 1271 / 24575 MB
  [ComfyUI] [VRAM] Loaded: SubprocessModel (0 MB), SubprocessModel (0 MB), SubprocessModel (0 MB), SubprocessModel (0 MB), SubprocessModel (0 MB)
  [ComfyUI] [VRAM] Loaded: SubprocessModel (0 MB), SubprocessModel (0 MB), SubprocessModel (0 MB), SubprocessModel (0 MB), SubprocessModel (0 MB)
  [ComfyUI] [SubprocessWorker] call_method: nodes.nodes_unwrap.Trellis2RasterizePBR.EXECUTE_NORMALIZED
  [ComfyUI] [SubprocessWorker] call_method: nodes.nodes_unwrap.Trellis2RasterizePBR.EXECUTE_NORMALIZED
  [ComfyUI] [SubprocessWorker] acquired lock, ensuring started...
  [ComfyUI] [SubprocessWorker] acquired lock, ensuring started...
  [ComfyUI] [ComfyUI-TRELLIS2] Health check: ping (timeout=5.0s)...
  [ComfyUI] [ComfyUI-TRELLIS2] Health check: ping (timeout=5.0s)...
  [ComfyUI] [ComfyUI-TRELLIS2] Health check: ok
  [ComfyUI] [ComfyUI-TRELLIS2] Health check: ok
  [ComfyUI] [SubprocessWorker] worker started/confirmed
  [ComfyUI] [SubprocessWorker] worker started/confirmed
  [ComfyUI] [SubprocessWorker] serializing kwargs to shm...
  [ComfyUI] [SubprocessWorker] serializing kwargs to shm...
  [ComfyUI] [SubprocessWorker] created 2 shm blocks
  [ComfyUI] [SubprocessWorker] created 2 shm blocks
  [ComfyUI] [SubprocessWorker] sending request via socket...
  [ComfyUI] [SubprocessWorker] sending request via socket...
  [ComfyUI] [SubprocessWorker] call_id=76 sending call_method
  [ComfyUI] [SubprocessWorker] call_id=76 sending call_method
  [ComfyUI] [worker:ComfyUI-TRELLIS2] [comfy-env] _from_shm got dict with keys: ['__type__', 'strategy', 'manager_path', 'storage_key', 'storage_size']
  [ComfyUI] [worker:ComfyUI-TRELLIS2] [comfy-env] _from_shm got dict with keys: ['__type__', 'strategy', 'manager_path', 'storage_key', 'storage_size']
  [ComfyUI] [worker:ComfyUI-TRELLIS2] [comfy-env] DESERIALIZE TensorRef: tensor_size=[1172771, 3]
  [ComfyUI] [worker:ComfyUI-TRELLIS2] [comfy-env] DESERIALIZE TensorRef: tensor_size=[1172771, 3]
  [ComfyUI] [worker:ComfyUI-TRELLIS2] [comfy-env] DESERIALIZED tensor shape: torch.Size([1172771, 3])
  [ComfyUI] [worker:ComfyUI-TRELLIS2] [comfy-env] DESERIALIZED tensor shape: torch.Size([1172771, 3])
  [ComfyUI] [worker:ComfyUI-TRELLIS2] [comfy-env] _from_shm got dict with keys: ['__type__', 'strategy', 'manager_path', 'storage_key', 'storage_size']
  [ComfyUI] [worker:ComfyUI-TRELLIS2] [comfy-env] _from_shm got dict with keys: ['__type__', 'strategy', 'manager_path', 'storage_key', 'storage_size']
  [ComfyUI] [worker:ComfyUI-TRELLIS2] [comfy-env] DESERIALIZE TensorRef: tensor_size=[1172771, 6]
  [ComfyUI] [worker:ComfyUI-TRELLIS2] [comfy-env] DESERIALIZE TensorRef: tensor_size=[1172771, 6]
  [ComfyUI] [worker:ComfyUI-TRELLIS2] [comfy-env] DESERIALIZED tensor shape: torch.Size([1172771, 6])
  [ComfyUI] [worker:ComfyUI-TRELLIS2] [comfy-env] DESERIALIZED tensor shape: torch.Size([1172771, 6])
  [ComfyUI] [worker:ComfyUI-TRELLIS2] [VRAM] -1177MB (now 69MB) reserved=192MB peak=2612MB
  [ComfyUI] [worker:ComfyUI-TRELLIS2] [VRAM] -1177MB (now 69MB) reserved=192MB peak=2612MB
  Frame 22 saved (frame_021.jpg, t=207.0s)
  [capture-periodic] freeze=4ms shot=124ms unfreeze=7ms saved=True
  [ComfyUI] [worker:ComfyUI-TRELLIS2] [VRAM] +372MB (now 442MB) reserved=488MB peak=2612MB
  [ComfyUI] [worker:ComfyUI-TRELLIS2] [VRAM] +372MB (now 442MB) reserved=488MB peak=2612MB
  [ComfyUI] [worker:ComfyUI-TRELLIS2] [VRAM] -299MB (now 143MB) reserved=488MB peak=2612MB
  [ComfyUI] [worker:ComfyUI-TRELLIS2] [VRAM] -299MB (now 143MB) reserved=488MB peak=2612MB
  [capture-loop] iter=1750 t=210.1s state={'complete': False, 'error': None, 'executedCount': 2, 'wsState': 1} eval_ms=4 ram=14.8/31.9GB (46%) swap=0.6/9.4GB (7%) cpu=22% browser_rss=0.68GB
  [ComfyUI] [worker:ComfyUI-TRELLIS2] [RasterizePBR] Output trimesh:
  [ComfyUI] [worker:ComfyUI-TRELLIS2] [RasterizePBR] Output trimesh:
  [ComfyUI] [worker:ComfyUI-TRELLIS2]   vertices: (171247, 3)
  [ComfyUI] [worker:ComfyUI-TRELLIS2]   vertices: (171247, 3)
  [ComfyUI] [worker:ComfyUI-TRELLIS2]   faces: (263528, 3)
  [ComfyUI] [worker:ComfyUI-TRELLIS2]   faces: (263528, 3)
  [ComfyUI] [worker:ComfyUI-TRELLIS2]   visual type: TextureVisuals
  [ComfyUI] [worker:ComfyUI-TRELLIS2]   visual type: TextureVisuals
  [ComfyUI] [worker:ComfyUI-TRELLIS2]   UVs: (171247, 2)
  [ComfyUI] [worker:ComfyUI-TRELLIS2]   UVs: (171247, 2)
  [ComfyUI] [worker:ComfyUI-TRELLIS2]   material type: PBRMaterial
  [ComfyUI] [worker:ComfyUI-TRELLIS2]   material type: PBRMaterial
  [ComfyUI] [worker:ComfyUI-TRELLIS2]   baseColorTexture: (1024, 1024) mode=RGBA
  [ComfyUI] [worker:ComfyUI-TRELLIS2]   baseColorTexture: (1024, 1024) mode=RGBA
  [ComfyUI] [worker:ComfyUI-TRELLIS2]   metallicRoughnessTexture: (1024, 1024) mode=RGB
  [ComfyUI] [worker:ComfyUI-TRELLIS2]   metallicRoughnessTexture: (1024, 1024) mode=RGB
  [ComfyUI] [worker:ComfyUI-TRELLIS2]   vertex_normals: (171247, 3)
  [ComfyUI] [worker:ComfyUI-TRELLIS2]   vertex_normals: (171247, 3)
  [ComfyUI] [worker:ComfyUI-TRELLIS2]   vertex_attributes: ['base_color_r', 'base_color_g', 'base_color_b', 'metallic', 'roughness', 'alpha']
  [ComfyUI] [worker:ComfyUI-TRELLIS2]   vertex_attributes: ['base_color_r', 'base_color_g', 'base_color_b', 'metallic', 'roughness', 'alpha']
  [ComfyUI] [SubprocessWorker] got response: ok
  [ComfyUI] [SubprocessWorker] got response: ok
  [ComfyUI] [comfy-env] Trellis2RasterizePBR done (5.42s): result: NodeOutput
  [ComfyUI] [comfy-env] Trellis2RasterizePBR done (5.42s): result: NodeOutput
  [ComfyUI] [VRAM] After Trellis2RasterizePBR: 1271 / 24575 MB
  [ComfyUI] [VRAM] After Trellis2RasterizePBR: 1271 / 24575 MB
  [ComfyUI] [VRAM] Loaded: SubprocessModel (0 MB), SubprocessModel (0 MB), SubprocessModel (0 MB), SubprocessModel (0 MB), SubprocessModel (0 MB)
  [ComfyUI] [VRAM] Loaded: SubprocessModel (0 MB), SubprocessModel (0 MB), SubprocessModel (0 MB), SubprocessModel (0 MB), SubprocessModel (0 MB)
  [ComfyUI] [comfy-env] Running GeomPackSaveMesh: file_path: 'output', format: 'glb', trimesh: Trimesh
  [ComfyUI] [comfy-env] Running GeomPackSaveMesh: file_path: 'output', format: 'glb', trimesh: Trimesh
  [ComfyUI] [VRAM] Before GeomPackSaveMesh: 1271 / 24575 MB
  [ComfyUI] [VRAM] Before GeomPackSaveMesh: 1271 / 24575 MB
  [ComfyUI] [VRAM] Loaded: SubprocessModel (0 MB), SubprocessModel (0 MB), SubprocessModel (0 MB), SubprocessModel (0 MB), SubprocessModel (0 MB)
  [ComfyUI] [VRAM] Loaded: SubprocessModel (0 MB), SubprocessModel (0 MB), SubprocessModel (0 MB), SubprocessModel (0 MB), SubprocessModel (0 MB)
  [ComfyUI] [SubprocessWorker] call_method: nodes.io.save_mesh.SaveMesh.EXECUTE_NORMALIZED
  [ComfyUI] [SubprocessWorker] call_method: nodes.io.save_mesh.SaveMesh.EXECUTE_NORMALIZED
  [ComfyUI] [SubprocessWorker] acquired lock, ensuring started...
  [ComfyUI] [SubprocessWorker] acquired lock, ensuring started...
  [ComfyUI] [ComfyUI-GeometryPack] Health check: ping (timeout=5.0s)...
  [ComfyUI] [ComfyUI-GeometryPack] Health check: ping (timeout=5.0s)...
  [ComfyUI] [ComfyUI-GeometryPack] Health check: failed
  [ComfyUI] [ComfyUI-GeometryPack] Health check: failed
  [ComfyUI] [ComfyUI-GeometryPack] Socket unhealthy, restarting worker...
  [ComfyUI] [ComfyUI-GeometryPack] Socket unhealthy, restarting worker...
  [ComfyUI] [comfy-env] geometrypack-nodes: Library/bin has 611 DLLs
  [ComfyUI] [comfy-env] geometrypack-nodes: Library/bin has 611 DLLs
  [ComfyUI] [ComfyUI-GeometryPack] python: C:\Users\ContainerUser\AppData\Local\Programs\comfy-env\.pixi\envs\geometrypack-nodes\python.exe
  [ComfyUI] [ComfyUI-GeometryPack] python: C:\Users\ContainerUser\AppData\Local\Programs\comfy-env\.pixi\envs\geometrypack-nodes\python.exe
  [ComfyUI] [ComfyUI-GeometryPack] sys_path sent to worker: ['C:\\workspaces\\TRELLIS2-2130\\ComfyUI', 'C:\\workspaces\\TRELLIS2-2130\\ComfyUI\\custom_nodes\\ComfyUI-GeometryPack', 'C:\\Users\\ContainerUser\\AppData\\Local\\Programs\\comfy-env\\.pixi\\envs\\geometrypack-nodes\\Lib\\site-packages', 'C:\\workspaces\\TRELLIS2-2130\\ComfyUI\\custom_nodes\\ComfyUI-GeometryPack']
  [ComfyUI] [ComfyUI-GeometryPack] sys_path sent to worker: ['C:\\workspaces\\TRELLIS2-2130\\ComfyUI', 'C:\\workspaces\\TRELLIS2-2130\\ComfyUI\\custom_nodes\\ComfyUI-GeometryPack', 'C:\\Users\\ContainerUser\\AppData\\Local\\Programs\\comfy-env\\.pixi\\envs\\geometrypack-nodes\\Lib\\site-packages', 'C:\\workspaces\\TRELLIS2-2130\\ComfyUI\\custom_nodes\\ComfyUI-GeometryPack']
  [ComfyUI] [SubprocessWorker] is_pixi=True, python=C:\Users\ContainerUser\AppData\Local\Programs\comfy-env\.pixi\envs\geometrypack-nodes\python.exe
  [ComfyUI] [SubprocessWorker] is_pixi=True, python=C:\Users\ContainerUser\AppData\Local\Programs\comfy-env\.pixi\envs\geometrypack-nodes\python.exe
  [ComfyUI] [SubprocessWorker] launching cmd=['C:\\Users\\ContainerUser\\.pixi\\bin\\pixi.exe', 'run', '--as-is', '--manifest-path', 'C:\\Users\\ContainerUser\\AppData\\Local\\Programs\\comfy-env\\pixi.toml', '-e', 'geometrypack-nodes', 'python', 'C:\\Users\\ContainerUser\\AppData\\Local\\Temp\\comfyui_pvenv_w9jibkrz\\persistent_worker.py', 'tcp://127.0.0.1:50457']...
  [ComfyUI] [SubprocessWorker] launching cmd=['C:\\Users\\ContainerUser\\.pixi\\bin\\pixi.exe', 'run', '--as-is', '--manifest-path', 'C:\\Users\\ContainerUser\\AppData\\Local\\Programs\\comfy-env\\pixi.toml', '-e', 'geometrypack-nodes', 'python', 'C:\\Users\\ContainerUser\\AppData\\Local\\Temp\\comfyui_pvenv_w9jibkrz\\persistent_worker.py', 'tcp://127.0.0.1:50457']...
  Frame 23 saved (frame_022.jpg, t=211.4s)
  [capture-periodic] freeze=4ms shot=125ms unfreeze=6ms saved=True
  [ComfyUI] [worker:ComfyUI-GeometryPack] ERROR: Failed to import comfy_kitchen, Error: No module named 'comfy_kitchen', fp8 and fp4 support will not be available.
  [ComfyUI] [worker:ComfyUI-GeometryPack] ERROR: Failed to import comfy_kitchen, Error: No module named 'comfy_kitchen', fp8 and fp4 support will not be available.
  [ComfyUI] [SubprocessWorker] worker started/confirmed
  [ComfyUI] [SubprocessWorker] worker started/confirmed
  [ComfyUI] [SubprocessWorker] serializing kwargs to shm...
  [ComfyUI] [SubprocessWorker] serializing kwargs to shm...
  [ComfyUI] [SubprocessWorker] created 1 shm blocks
  [ComfyUI] [SubprocessWorker] created 1 shm blocks
  [ComfyUI] [SubprocessWorker] sending request via socket...
  [ComfyUI] [SubprocessWorker] sending request via socket...
  [ComfyUI] [SubprocessWorker] call_id=12 sending call_method
  [ComfyUI] [SubprocessWorker] call_id=12 sending call_method
  [capture-loop] iter=1800 t=215.9s state={'complete': False, 'error': None, 'executedCount': 2, 'wsState': 1} eval_ms=4 ram=14.7/31.9GB (46%) swap=0.6/9.4GB (7%) cpu=8% browser_rss=0.68GB
  [ComfyUI] [worker:ComfyUI-GeometryPack] INFO: Mesh has 171247 vertices, 263528 faces
  [ComfyUI] [worker:ComfyUI-GeometryPack] INFO: Mesh has 171247 vertices, 263528 faces
  [ComfyUI] [worker:ComfyUI-GeometryPack] INFO: Saving to output folder: output.glb
  [ComfyUI] [worker:ComfyUI-GeometryPack] INFO: Saving to output folder: output.glb
  [ComfyUI] [worker:ComfyUI-GeometryPack] INFO: Successfully saved mesh to: C:\workspaces\TRELLIS2-2130\ComfyUI\output\output.glb
  [ComfyUI] [worker:ComfyUI-GeometryPack] INFO: Successfully saved mesh to: C:\workspaces\TRELLIS2-2130\ComfyUI\output\output.glb
  [ComfyUI] [worker:ComfyUI-GeometryPack] INFO:   Vertices: 171247
  [ComfyUI] [worker:ComfyUI-GeometryPack] INFO:   Vertices: 171247
  [ComfyUI] [worker:ComfyUI-GeometryPack] INFO:   Faces: 263528
  [ComfyUI] [worker:ComfyUI-GeometryPack] INFO:   Faces: 263528
  [ComfyUI] [SubprocessWorker] got response: ok
  [ComfyUI] [SubprocessWorker] got response: ok
  [ComfyUI] [comfy-env] GeomPackSaveMesh done (5.81s): result: NodeOutput
  [ComfyUI] [comfy-env] GeomPackSaveMesh done (5.81s): result: NodeOutput
  [ComfyUI] [VRAM] After GeomPackSaveMesh: 1271 / 24575 MB
  [ComfyUI] [VRAM] After GeomPackSaveMesh: 1271 / 24575 MB
  [ComfyUI] [VRAM] Loaded: SubprocessModel (0 MB), SubprocessModel (0 MB), SubprocessModel (0 MB), SubprocessModel (0 MB), SubprocessModel (0 MB)
  [ComfyUI] [VRAM] Loaded: SubprocessModel (0 MB), SubprocessModel (0 MB), SubprocessModel (0 MB), SubprocessModel (0 MB), SubprocessModel (0 MB)
  [ComfyUI] [comfy-env] Running Trellis2ExportTrimesh: filename_prefix: 'trellis2', file_format: 'glb', trimesh: Trimesh
  [ComfyUI] [comfy-env] Running Trellis2ExportTrimesh: filename_prefix: 'trellis2', file_format: 'glb', trimesh: Trimesh
  [ComfyUI] [VRAM] Before Trellis2ExportTrimesh: 1271 / 24575 MB
  [ComfyUI] [VRAM] Before Trellis2ExportTrimesh: 1271 / 24575 MB
  [ComfyUI] [VRAM] Loaded: SubprocessModel (0 MB), SubprocessModel (0 MB), SubprocessModel (0 MB), SubprocessModel (0 MB), SubprocessModel (0 MB)
  [ComfyUI] [VRAM] Loaded: SubprocessModel (0 MB), SubprocessModel (0 MB), SubprocessModel (0 MB), SubprocessModel (0 MB), SubprocessModel (0 MB)
  [ComfyUI] [SubprocessWorker] call_method: nodes.nodes_unwrap.Trellis2ExportTrimesh.EXECUTE_NORMALIZED
  [ComfyUI] [SubprocessWorker] call_method: nodes.nodes_unwrap.Trellis2ExportTrimesh.EXECUTE_NORMALIZED
  [ComfyUI] [SubprocessWorker] acquired lock, ensuring started...
  [ComfyUI] [SubprocessWorker] acquired lock, ensuring started...
  [ComfyUI] [ComfyUI-TRELLIS2] Health check: ping (timeout=5.0s)...
  [ComfyUI] [ComfyUI-TRELLIS2] Health check: ping (timeout=5.0s)...
  [ComfyUI] [ComfyUI-TRELLIS2] Health check: ok
  [ComfyUI] [ComfyUI-TRELLIS2] Health check: ok
  [ComfyUI] [SubprocessWorker] worker started/confirmed
  [ComfyUI] [SubprocessWorker] worker started/confirmed
  [ComfyUI] [SubprocessWorker] serializing kwargs to shm...
  [ComfyUI] [SubprocessWorker] serializing kwargs to shm...
  [ComfyUI] [SubprocessWorker] created 1 shm blocks
  [ComfyUI] [SubprocessWorker] created 1 shm blocks
  [ComfyUI] [SubprocessWorker] sending request via socket...
  [ComfyUI] [SubprocessWorker] sending request via socket...
  [ComfyUI] [SubprocessWorker] call_id=77 sending call_method
  [ComfyUI] [SubprocessWorker] call_id=77 sending call_method
  [ComfyUI] [SubprocessWorker] got response: ok
  [ComfyUI] [SubprocessWorker] got response: ok
  [ComfyUI] [comfy-env] Trellis2ExportTrimesh done (0.77s): result: NodeOutput
  [ComfyUI] [comfy-env] Trellis2ExportTrimesh done (0.77s): result: NodeOutput
  [ComfyUI] [VRAM] After Trellis2ExportTrimesh: 1271 / 24575 MB
  [ComfyUI] [VRAM] After Trellis2ExportTrimesh: 1271 / 24575 MB
  [ComfyUI] [VRAM] Loaded: SubprocessModel (0 MB), SubprocessModel (0 MB), SubprocessModel (0 MB), SubprocessModel (0 MB), SubprocessModel (0 MB)
  [ComfyUI] [VRAM] Loaded: SubprocessModel (0 MB), SubprocessModel (0 MB), SubprocessModel (0 MB), SubprocessModel (0 MB), SubprocessModel (0 MB)
  [ComfyUI] [comfy-env] Running GeomPackPreviewMeshDual: layout: 'side_by_side', mode: 'texture', opacity_1: 1.0, opacity_2: 1.0, mesh_1: Trimesh, mesh_2: Trimesh
  [ComfyUI] [comfy-env] Running GeomPackPreviewMeshDual: layout: 'side_by_side', mode: 'texture', opacity_1: 1.0, opacity_2: 1.0, mesh_1: Trimesh, mesh_2: Trimesh
  [ComfyUI] [VRAM] Before GeomPackPreviewMeshDual: 1271 / 24575 MB
  [ComfyUI] [VRAM] Before GeomPackPreviewMeshDual: 1271 / 24575 MB
  [ComfyUI] [VRAM] Loaded: SubprocessModel (0 MB), SubprocessModel (0 MB), SubprocessModel (0 MB), SubprocessModel (0 MB), SubprocessModel (0 MB)
  [ComfyUI] [VRAM] Loaded: SubprocessModel (0 MB), SubprocessModel (0 MB), SubprocessModel (0 MB), SubprocessModel (0 MB), SubprocessModel (0 MB)
  [ComfyUI] [SubprocessWorker] call_method: nodes.visualization.preview_mesh_dual.PreviewMeshDualNode.EXECUTE_NORMALIZED
  [ComfyUI] [SubprocessWorker] call_method: nodes.visualization.preview_mesh_dual.PreviewMeshDualNode.EXECUTE_NORMALIZED
  [ComfyUI] [SubprocessWorker] acquired lock, ensuring started...
  [ComfyUI] [SubprocessWorker] acquired lock, ensuring started...
  [ComfyUI] [ComfyUI-GeometryPack] Health check: ping (timeout=5.0s)...
  [ComfyUI] [ComfyUI-GeometryPack] Health check: ping (timeout=5.0s)...
  [ComfyUI] [ComfyUI-GeometryPack] Health check: ok
  [ComfyUI] [ComfyUI-GeometryPack] Health check: ok
  [ComfyUI] [SubprocessWorker] worker started/confirmed
  [ComfyUI] [SubprocessWorker] worker started/confirmed
  [ComfyUI] [SubprocessWorker] serializing kwargs to shm...
  [ComfyUI] [SubprocessWorker] serializing kwargs to shm...
  [ComfyUI] [SubprocessWorker] created 2 shm blocks
  [ComfyUI] [SubprocessWorker] created 2 shm blocks
  [ComfyUI] [SubprocessWorker] sending request via socket...
  [ComfyUI] [SubprocessWorker] sending request via socket...
  [ComfyUI] [SubprocessWorker] call_id=13 sending call_method
  [ComfyUI] [SubprocessWorker] call_id=13 sending call_method
  [ComfyUI] [worker:ComfyUI-GeometryPack] INFO: Layout: side_by_side, Mode: texture
  [ComfyUI] [worker:ComfyUI-GeometryPack] INFO: Layout: side_by_side, Mode: texture
  [ComfyUI] [worker:ComfyUI-GeometryPack] INFO: Mesh 1: Mesh - 131718 vertices, 263528 faces
  [ComfyUI] [worker:ComfyUI-GeometryPack] INFO: Mesh 1: Mesh - 131718 vertices, 263528 faces
  [ComfyUI] [worker:ComfyUI-GeometryPack] INFO: Mesh 2: Mesh - 171247 vertices, 263528 faces
  [ComfyUI] [worker:ComfyUI-GeometryPack] INFO: Mesh 2: Mesh - 171247 vertices, 263528 faces
  [ComfyUI] [worker:ComfyUI-GeometryPack] INFO: Mesh 1 fields: ['face.stl']
  [ComfyUI] [worker:ComfyUI-GeometryPack] INFO: Mesh 1 fields: ['face.stl']
  [ComfyUI] [worker:ComfyUI-GeometryPack] INFO: Mesh 2 fields: ['base_color_r', 'base_color_g', 'base_color_b', 'metallic', 'roughness', 'alpha']
  [ComfyUI] [worker:ComfyUI-GeometryPack] INFO: Mesh 2 fields: ['base_color_r', 'base_color_g', 'base_color_b', 'metallic', 'roughness', 'alpha']
  [ComfyUI] [worker:ComfyUI-GeometryPack] INFO: Common fields: []
  [ComfyUI] [worker:ComfyUI-GeometryPack] INFO: Common fields: []
  [ComfyUI] [worker:ComfyUI-GeometryPack] INFO: Mesh 1 visual: kind=None, texture=False, vertex_colors=False
  [ComfyUI] [worker:ComfyUI-GeometryPack] INFO: Mesh 1 visual: kind=None, texture=False, vertex_colors=False
  [ComfyUI] [worker:ComfyUI-GeometryPack] INFO: Mesh 2 visual: kind=texture, texture=True, vertex_colors=False
  [ComfyUI] [worker:ComfyUI-GeometryPack] INFO: Mesh 2 visual: kind=texture, texture=True, vertex_colors=False
  Node executed (3 total), capturing...
  [ComfyUI] [worker:ComfyUI-GeometryPack] INFO: Exported GLB: C:\workspaces\TRELLIS2-2130\ComfyUI\output\preview_dual_1_5800e812.glb
  [ComfyUI] [worker:ComfyUI-GeometryPack] INFO: Exported GLB: C:\workspaces\TRELLIS2-2130\ComfyUI\output\preview_dual_1_5800e812.glb
  [ComfyUI] [worker:ComfyUI-GeometryPack] INFO: Exported GLB: C:\workspaces\TRELLIS2-2130\ComfyUI\output\preview_dual_2_5800e812.glb
  [ComfyUI] [worker:ComfyUI-GeometryPack] INFO: Exported GLB: C:\workspaces\TRELLIS2-2130\ComfyUI\output\preview_dual_2_5800e812.glb
  Frame 24 saved (frame_023.jpg, t=218.0s)
  [capture-node] freeze=395ms shot=576ms unfreeze=7ms saved=True
  [ComfyUI] [worker:ComfyUI-GeometryPack] INFO: Preview ready
  [ComfyUI] [worker:ComfyUI-GeometryPack] INFO: Preview ready
  [ComfyUI] [SubprocessWorker] got response: ok
  [ComfyUI] [SubprocessWorker] got response: ok
  [ComfyUI] [comfy-env] GeomPackPreviewMeshDual done (1.63s): result: NodeOutput
  [ComfyUI] [comfy-env] GeomPackPreviewMeshDual done (1.63s): result: NodeOutput
  [ComfyUI] [VRAM] After GeomPackPreviewMeshDual: 1271 / 24575 MB
  [ComfyUI] [VRAM] After GeomPackPreviewMeshDual: 1271 / 24575 MB
  [ComfyUI] [VRAM] Loaded: SubprocessModel (0 MB), SubprocessModel (0 MB), SubprocessModel (0 MB), SubprocessModel (0 MB), SubprocessModel (0 MB)
  [ComfyUI] [VRAM] Loaded: SubprocessModel (0 MB), SubprocessModel (0 MB), SubprocessModel (0 MB), SubprocessModel (0 MB), SubprocessModel (0 MB)
  [ComfyUI] Prompt executed in 219.11 seconds
  [ComfyUI] Prompt executed in 219.11 seconds
  [ComfyUI] [comfy-env] [VRAM] Before offload 'SLatFlowModel_3' (2464 MB) -> cpu: 1271 / 24575 MB
  [ComfyUI] [comfy-env] [VRAM] Before offload 'SLatFlowModel_3' (2464 MB) -> cpu: 1271 / 24575 MB
  [ComfyUI] [ComfyUI-TRELLIS2] Health check: ping (timeout=5.0s)...
  [ComfyUI] [ComfyUI-TRELLIS2] Health check: ping (timeout=5.0s)...
  [ComfyUI] [ComfyUI-TRELLIS2] Health check: ok
  [ComfyUI] [ComfyUI-TRELLIS2] Health check: ok
  [ComfyUI] [SubprocessWorker] call_id=78 sending model_to_device
  [ComfyUI] [SubprocessWorker] call_id=78 sending model_to_device
  [ComfyUI] [comfy-env] [VRAM] After offload 'SLatFlowModel_3' (2464 MB): 1271 / 24575 MB
  [ComfyUI] [comfy-env] [VRAM] After offload 'SLatFlowModel_3' (2464 MB): 1271 / 24575 MB
  [ComfyUI] [comfy-env] [VRAM] Before offload 'DINOv3ViT_2' (1156 MB) -> cpu: 1271 / 24575 MB
  [ComfyUI] [comfy-env] [VRAM] Before offload 'DINOv3ViT_2' (1156 MB) -> cpu: 1271 / 24575 MB
  [ComfyUI] [ComfyUI-TRELLIS2] Health check: ping (timeout=5.0s)...
  [ComfyUI] [ComfyUI-TRELLIS2] Health check: ping (timeout=5.0s)...
  [ComfyUI] [ComfyUI-TRELLIS2] Health check: ok
  [ComfyUI] [ComfyUI-TRELLIS2] Health check: ok
  [ComfyUI] [SubprocessWorker] call_id=79 sending model_to_device
  [ComfyUI] [SubprocessWorker] call_id=79 sending model_to_device
  [ComfyUI] [comfy-env] [VRAM] After offload 'DINOv3ViT_2' (1156 MB): 1271 / 24575 MB
  [ComfyUI] [comfy-env] [VRAM] After offload 'DINOv3ViT_2' (1156 MB): 1271 / 24575 MB
  [ComfyUI] [comfy-env] [VRAM] Before offload 'FlexiDualGridVaeDecoder_4' (904 MB) -> cpu: 1271 / 24575 MB
  [ComfyUI] [comfy-env] [VRAM] Before offload 'FlexiDualGridVaeDecoder_4' (904 MB) -> cpu: 1271 / 24575 MB
  [ComfyUI] [ComfyUI-TRELLIS2] Health check: ping (timeout=5.0s)...
  [ComfyUI] [ComfyUI-TRELLIS2] Health check: ping (timeout=5.0s)...
  [ComfyUI] [ComfyUI-TRELLIS2] Health check: ok
  [ComfyUI] [ComfyUI-TRELLIS2] Health check: ok
  [ComfyUI] [SubprocessWorker] call_id=80 sending model_to_device
  [ComfyUI] [SubprocessWorker] call_id=80 sending model_to_device
  [ComfyUI] [comfy-env] [VRAM] After offload 'FlexiDualGridVaeDecoder_4' (904 MB): 1271 / 24575 MB
  [ComfyUI] [comfy-env] [VRAM] After offload 'FlexiDualGridVaeDecoder_4' (904 MB): 1271 / 24575 MB
  [ComfyUI] [comfy-env] [VRAM] Before offload 'SparseUnetVaeDecoder_5' (904 MB) -> cpu: 1271 / 24575 MB
  [ComfyUI] [comfy-env] [VRAM] Before offload 'SparseUnetVaeDecoder_5' (904 MB) -> cpu: 1271 / 24575 MB
  [ComfyUI] [ComfyUI-TRELLIS2] Health check: ping (timeout=5.0s)...
  [ComfyUI] [ComfyUI-TRELLIS2] Health check: ping (timeout=5.0s)...
  [ComfyUI] [ComfyUI-TRELLIS2] Health check: ok
  [ComfyUI] [ComfyUI-TRELLIS2] Health check: ok
  [ComfyUI] [SubprocessWorker] call_id=81 sending model_to_device
  [ComfyUI] [SubprocessWorker] call_id=81 sending model_to_device
  [ComfyUI] [comfy-env] [VRAM] After offload 'SparseUnetVaeDecoder_5' (904 MB): 1271 / 24575 MB
  [ComfyUI] [comfy-env] [VRAM] After offload 'SparseUnetVaeDecoder_5' (904 MB): 1271 / 24575 MB
  [ComfyUI] [comfy-env] [VRAM] Before offload 'FlexiDualGridVaeEncoder_1' (675 MB) -> cpu: 1271 / 24575 MB
  [ComfyUI] [comfy-env] [VRAM] Before offload 'FlexiDualGridVaeEncoder_1' (675 MB) -> cpu: 1271 / 24575 MB
  [ComfyUI] [ComfyUI-TRELLIS2] Health check: ping (timeout=5.0s)...
  [ComfyUI] [ComfyUI-TRELLIS2] Health check: ping (timeout=5.0s)...
  [ComfyUI] [ComfyUI-TRELLIS2] Health check: ok
  [ComfyUI] [ComfyUI-TRELLIS2] Health check: ok
  [ComfyUI] [SubprocessWorker] call_id=82 sending model_to_device
  [ComfyUI] [SubprocessWorker] call_id=82 sending model_to_device
  [ComfyUI] [comfy-env] [VRAM] After offload 'FlexiDualGridVaeEncoder_1' (675 MB): 1271 / 24575 MB
  [ComfyUI] [comfy-env] [VRAM] After offload 'FlexiDualGridVaeEncoder_1' (675 MB): 1271 / 24575 MB
  Node executed (4 total), capturing...
  Frame 25 saved (frame_024.jpg, t=219.6s)
  [capture-node] freeze=27ms shot=232ms unfreeze=0ms saved=True
  Execution complete (t=219.5s)
  [3d-wait] Phase 1: Waiting for 'Loading 3D Model' text to disappear...
  [3d-wait] Phase 1 exception after 60.0s: Page.wait_for_function: Timeout 60000ms exceeded.
  [3d-wait] Phase 2: iframes=1
  [3d-wait] iframe viewer_ready=True (matched 1 console logs)
  [3d-wait] Unfrozen in 0.006s, rendering for 5s...
  [3d-wait] JS halted via CDP after 5.0s
  [3d-wait] Re-frozen in 6.0s
  [3d-wait] Total 3D wait: 66.1s
  Captured 25 unique frames over 285.93s
  [debug] iframes: 1
  [debug]   iframe[0]: src=http://127.0.0.1:41880/extensions/ComfyUI-GeometryPack/viewer_dual_textured.html, canvas=370x485, rafFrozen=True
  [timing] trigger_3d_previews: 0.0s
  Saved high-quality screenshot: standalone_texturing_executed.png
  [timing] final_screenshot: 0.3s
    Captured 26 video frames