Capturing execution frames: geometry_only_1024.json
  Frame 1 saved (frame_000.jpg, t=0.0s)
  Validating workflow...
  [ComfyUI] === /validate endpoint called ===
  [ComfyUI] Received JSON with keys: ['prompt']
  [ComfyUI] Prompt has 8 nodes
  [ComfyUI]   Node 1: LoadImage
  [ComfyUI]     Inputs: {"image": "t_logo.png"}
  [ComfyUI]   Node 10: MaskPreview
  Queuing workflow for execution...
  [ComfyUI]     Inputs: {"mask": ["11", 0]}
  [ComfyUI]   Node 11: InvertMask
  [ComfyUI]     Inputs: {"mask": ["1", 1]}
  [ComfyUI]   Node 91: Trellis2GetConditioning
  [ComfyUI]     Inputs: {"background_color": "black", "model_config": ["92", 0], "image": ["1", 0], "mask": ["11", 0]}
  [ComfyUI]   Node 92: LoadTrellis2Models
  [ComfyUI]     Inputs: {"resolution": "1024", "precision": "auto", "attn_backend": "auto"}
  [ComfyUI]   Node 104: Trellis2ImageToShape
  [ComfyUI]     Inputs: {"seed": 561843699, "ss_guidance_strength": 6.5, "ss_guidance_rescale": 0.05, "ss_sampling_steps": 12, "shape_guidance_strength": 6.5, "shape_guidance_rescale": 0.05, "shape_sampling_steps": 12, "max_
  [ComfyUI]   Node 108: GeomPackPreviewMeshVTK
  [ComfyUI]     Inputs: {"mode": "fields", "preview_vtk": "{\"show_edges\":false,\"camera_state\":\"{\\\"position\\\":[0,0,1],\\\"focalPoint\\\":[0,0,0],\\\"viewUp\\\":[0,1,0]}\",\"selected_field\":\"\",\"selected_channel\":
  [ComfyUI]   Node 109: Trellis2ProcessMesh
  [ComfyUI]     Inputs: {"target_face_count": 500000, "fill_holes": false, "fill_holes_perimeter": 0.03, "remesh": true, "remesh_band": 1, "remove_inner_faces": true, "min_component_faces": 1, "chart_cone_angle": 90, "chart_
  [ComfyUI] Generated prompt_id: 25af0859-f2c3-4105-af32-a9facf4533bf
  [ComfyUI] Calling execution.validate_prompt()...
  [ComfyUI] Validation result: valid=True
  [ComfyUI] === Validation PASSED ===
  [ComfyUI] got prompt
  [ComfyUI] [comfy-env] Running LoadTrellis2Models: resolution: '1024', precision: 'auto', attn_backend: 'auto'
  [ComfyUI] [VRAM] Before LoadTrellis2Models: 153 / 7703 MB
  [ComfyUI] [comfy-env] SubprocessWorker: /workspaces/TRELLIS2-0211/ComfyUI/.ce/.pixi/envs/trellis2-nodes/bin/python
  [ComfyUI] [SubprocessWorker] call_method: nodes.nodes_loader.LoadTrellis2Models.EXECUTE_NORMALIZED
  [ComfyUI] [comfy-env] env_vars: {'PYTORCH_CUDA_ALLOC_CONF': 'expandable_segments:True', 'COMFYUI_BASE': '/workspaces/TRELLIS2-0211/ComfyUI'}
  [ComfyUI] [SubprocessWorker] acquired lock, ensuring started...
  [ComfyUI] [ComfyUI-TRELLIS2] python: /workspaces/TRELLIS2-0211/ComfyUI/.ce/.pixi/envs/trellis2-nodes/bin/python
  [ComfyUI] [ComfyUI-TRELLIS2] sys_path sent to worker: ['/workspaces/TRELLIS2-0211/ComfyUI', '/workspaces/TRELLIS2-0211/ComfyUI/custom_nodes/ComfyUI-TRELLIS2', '/workspaces/TRELLIS2-0211/ComfyUI/.ce/.pixi/envs/trellis2-nodes/lib/python3.1/site-packages', '/workspaces/TRELLIS2-0211/ComfyUI/custom_nodes/ComfyUI-TRELLIS2']
  [ComfyUI] [SubprocessWorker] is_pixi=True, python=/workspaces/TRELLIS2-0211/ComfyUI/.ce/.pixi/envs/trellis2-nodes/bin/python
  [ComfyUI] [SubprocessWorker] launching cmd=['/root/.local/bin/pixi', 'run', '--as-is', '--manifest-path', '/workspaces/TRELLIS2-0211/ComfyUI/.ce/pixi.toml', '-e', 'trellis2-nodes', 'python', '/tmp/comfyui_pvenv_cgcz3o91/persistent_worker.py', 'abstract://comfy_worker_d1aaecac1522']...
  [ComfyUI] [SubprocessWorker] socket_addr=abstract://comfy_worker_d1aaecac1522 (abstract, no filesystem path)
  Node executed (1 total), capturing...
  Frame 2 saved (frame_001.jpg, t=0.7s)
  [capture-node] freeze=2ms shot=143ms unfreeze=8ms saved=True
  [ComfyUI] [worker:ComfyUI-TRELLIS2] WARNING: WARNING: You need pytorch with cu130 or higher to use optimized CUDA operations.
  [ComfyUI] [SubprocessWorker] worker started/confirmed
  [ComfyUI] [SubprocessWorker] serializing kwargs to shm...
  [ComfyUI] [SubprocessWorker] created 0 shm blocks
  [ComfyUI] [SubprocessWorker] sending request via socket...
  [ComfyUI] [SubprocessWorker] call_id=1 sending call_method
  Frame 3 saved (frame_002.jpg, t=3.0s)
  [capture-periodic] freeze=2ms shot=170ms unfreeze=7ms saved=True
  [ComfyUI] [worker:ComfyUI-TRELLIS2] [TRELLIS2] Downloading pipeline config from HuggingFace...
  [ComfyUI] [worker:ComfyUI-TRELLIS2] [TRELLIS2] Pipeline config downloaded
  [ComfyUI] [worker:ComfyUI-TRELLIS2] [TRELLIS2] Downloading ckpts/ss_dec_conv3d_16l8_fp16 from microsoft/TRELLIS-image-large...
  Frame 4 saved (frame_003.jpg, t=5.3s)
  [capture-periodic] freeze=2ms shot=187ms unfreeze=9ms saved=True
  [capture-loop] iter=50 t=6.4s state={'complete': False, 'error': None, 'executedCount': 1, 'wsState': 1} eval_ms=2
  [ComfyUI] [worker:ComfyUI-TRELLIS2] [TRELLIS2] Downloaded ckpts/ss_dec_conv3d_16l8_fp16
  [ComfyUI] [worker:ComfyUI-TRELLIS2] [TRELLIS2] Downloading ckpts/ss_flow_img_dit_1_3B_64_bf16 from microsoft/TRELLIS.2-4B...
  Frame 5 saved (frame_004.jpg, t=7.6s)
  [capture-periodic] freeze=2ms shot=172ms unfreeze=8ms saved=True
  [capture-loop] iter=100 t=12.0s state={'complete': False, 'error': None, 'executedCount': 1, 'wsState': 1} eval_ms=2
  [capture-loop] iter=150 t=17.7s state={'complete': False, 'error': None, 'executedCount': 1, 'wsState': 1} eval_ms=2
  [capture-loop] iter=200 t=23.3s state={'complete': False, 'error': None, 'executedCount': 1, 'wsState': 1} eval_ms=2
  [capture-loop] iter=250 t=29.1s state={'complete': False, 'error': None, 'executedCount': 1, 'wsState': 1} eval_ms=2
  [capture-loop] iter=300 t=34.9s state={'complete': False, 'error': None, 'executedCount': 1, 'wsState': 1} eval_ms=2
  [ComfyUI] [worker:ComfyUI-TRELLIS2] [TRELLIS2] Downloaded ckpts/ss_flow_img_dit_1_3B_64_bf16
  [ComfyUI] [worker:ComfyUI-TRELLIS2] [TRELLIS2] Downloading ckpts/shape_dec_next_dc_f16c32_fp16 from microsoft/TRELLIS.2-4B...
  [capture-loop] iter=350 t=40.6s state={'complete': False, 'error': None, 'executedCount': 1, 'wsState': 1} eval_ms=2
  [capture-loop] iter=400 t=46.2s state={'complete': False, 'error': None, 'executedCount': 1, 'wsState': 1} eval_ms=2
  [ComfyUI] [worker:ComfyUI-TRELLIS2] [TRELLIS2] Downloaded ckpts/shape_dec_next_dc_f16c32_fp16
  [ComfyUI] [worker:ComfyUI-TRELLIS2] [TRELLIS2] Downloading ckpts/slat_flow_img2shape_dit_1_3B_512_bf16 from microsoft/TRELLIS.2-4B...
  [capture-loop] iter=450 t=52.0s state={'complete': False, 'error': None, 'executedCount': 1, 'wsState': 1} eval_ms=2
  [capture-loop] iter=500 t=57.5s state={'complete': False, 'error': None, 'executedCount': 1, 'wsState': 1} eval_ms=2
  [ComfyUI] [worker:ComfyUI-TRELLIS2]
  [ComfyUI] === WATCHDOG TICK 1 ===
  [ComfyUI] [worker:ComfyUI-TRELLIS2] Thread 0x00007d16c185b640 (most recent call first):
  [ComfyUI]   File "/workspaces/TRELLIS2-0211/ComfyUI/.ce/.pixi/envs/trellis2-nodes/lib/python3.10/threading.py", line 324 in wait
  [ComfyUI]   File "/workspaces/TRELLIS2-0211/ComfyUI/.ce/.pixi/envs/trellis2-nodes/lib/python3.10/threading.py", line 607 in wait
  [ComfyUI]   File "/workspaces/TRELLIS2-0211/ComfyUI/.ce/.pixi/envs/trellis2-nodes/lib/python3.10/site-packages/tqdm/_monitor.py", line 60 in run
  [ComfyUI]   File "/workspaces/TRELLIS2-0211/ComfyUI/.ce/.pixi/envs/trellis2-nodes/lib/python3.10/threading.py", line 1016 in _bootstrap_inner
  [ComfyUI]   File "/workspaces/TRELLIS2-0211/ComfyUI/.ce/.pixi/envs/trellis2-nodes/lib/python3.10/threading.py", line 973 in _bootstrap
  [ComfyUI] 
  [ComfyUI] Thread 0x00007d1ad0d23640 (most recent call first):
  [ComfyUI]   File "/tmp/comfyui_pvenv_cgcz3o91/persistent_worker.py", line 106 in _vram_poller
  [ComfyUI]   File "/workspaces/TRELLIS2-0211/ComfyUI/.ce/.pixi/envs/trellis2-nodes/lib/python3.10/threading.py", line 953 in run
  [ComfyUI]   File "/workspaces/TRELLIS2-0211/ComfyUI/.ce/.pixi/envs/trellis2-nodes/lib/python3.10/threading.py", line 1016 in _bootstrap_inner
  [ComfyUI]   File "/workspaces/TRELLIS2-0211/ComfyUI/.ce/.pixi/envs/trellis2-nodes/lib/python3.10/threading.py", line 973 in _bootstrap
  [ComfyUI] 
  [ComfyUI] Current thread 0x00007d1ad1524640 (most recent call first):
  [ComfyUI]   File "/tmp/comfyui_pvenv_cgcz3o91/persistent_worker.py", line 52 in _watchdog
  [ComfyUI]   File "/workspaces/TRELLIS2-0211/ComfyUI/.ce/.pixi/envs/trellis2-nodes/lib/python3.10/threading.py", line 953 in run
  [ComfyUI]   File "/workspaces/TRELLIS2-0211/ComfyUI/.ce/.pixi/envs/trellis2-nodes/lib/python3.10/threading.py", line 1016 in _bootstrap_inner
  [ComfyUI]   File "/workspaces/TRELLIS2-0211/ComfyUI/.ce/.pixi/envs/trellis2-nodes/lib/python3.10/threading.py", line 973 in _bootstrap
  [ComfyUI] 
  [ComfyUI] Thread 0x00007d1ad1afa740 (most recent call first):
  [ComfyUI]   File "/workspaces/TRELLIS2-0211/ComfyUI/.ce/.pixi/envs/trellis2-nodes/lib/python3.1/site-packages/huggingface_hub/file_download.py", line 633 in xet_get
  [ComfyUI]   File "/workspaces/TRELLIS2-0211/ComfyUI/.ce/.pixi/envs/trellis2-nodes/lib/python3.1/site-packages/huggingface_hub/file_download.py", line 1727 in _download_to_tmp_and_move
  [ComfyUI]   File "/workspaces/TRELLIS2-0211/ComfyUI/.ce/.pixi/envs/trellis2-nodes/lib/python3.1/site-packages/huggingface_hub/file_download.py", line 1304 in _hf_hub_download_to_local_dir
  [ComfyUI]   File "/workspaces/TRELLIS2-0211/ComfyUI/.ce/.pixi/envs/trellis2-nodes/lib/python3.1/site-packages/huggingface_hub/file_download.py", line 994 in hf_hub_download
  [ComfyUI]   File "/workspaces/TRELLIS2-0211/ComfyUI/.ce/.pixi/envs/trellis2-nodes/lib/python3.1/site-packages/huggingface_hub/utils/_validators.py", line 114 in _inner_fn
  [ComfyUI]   File "/workspaces/TRELLIS2-0211/ComfyUI/custom_nodes/ComfyUI-TRELLIS2/nodes/stages.py", line 200 in _init_config
  [ComfyUI]   File "/workspaces/TRELLIS2-0211/ComfyUI/custom_nodes/ComfyUI-TRELLIS2/nodes/nodes_loader.py", line 71 in execute
  [ComfyUI]   File "/workspaces/TRELLIS2-0211/ComfyUI/comfy_api/latest/_io.py", line 1826 in EXECUTE_NORMALIZED
  [ComfyUI]   File "/tmp/comfyui_pvenv_cgcz3o91/persistent_worker.py", line 1749 in main
  [ComfyUI]   File "/tmp/comfyui_pvenv_cgcz3o91/persistent_worker.py", line 1794 in <module>
  [ComfyUI] 
  [ComfyUI] [worker:ComfyUI-TRELLIS2] === END ===
  [ComfyUI] 
  [capture-loop] iter=550 t=63.4s state={'complete': False, 'error': None, 'executedCount': 1, 'wsState': 1} eval_ms=2
  [capture-loop] iter=600 t=69.1s state={'complete': False, 'error': None, 'executedCount': 1, 'wsState': 1} eval_ms=2
  [capture-loop] iter=650 t=74.8s state={'complete': False, 'error': None, 'executedCount': 1, 'wsState': 1} eval_ms=2
  [ComfyUI] [worker:ComfyUI-TRELLIS2] [TRELLIS2] Downloaded ckpts/slat_flow_img2shape_dit_1_3B_512_bf16
  [ComfyUI] [worker:ComfyUI-TRELLIS2] [TRELLIS2] Downloading ckpts/slat_flow_img2shape_dit_1_3B_1024_bf16 from microsoft/TRELLIS.2-4B...
  [capture-loop] iter=700 t=80.9s state={'complete': False, 'error': None, 'executedCount': 1, 'wsState': 1} eval_ms=3
  [capture-loop] iter=750 t=86.5s state={'complete': False, 'error': None, 'executedCount': 1, 'wsState': 1} eval_ms=3
  [capture-loop] iter=800 t=92.2s state={'complete': False, 'error': None, 'executedCount': 1, 'wsState': 1} eval_ms=2
  [capture-loop] iter=850 t=97.8s state={'complete': False, 'error': None, 'executedCount': 1, 'wsState': 1} eval_ms=2
  [ComfyUI] [worker:ComfyUI-TRELLIS2] [TRELLIS2] Downloaded ckpts/slat_flow_img2shape_dit_1_3B_1024_bf16
  [ComfyUI] [worker:ComfyUI-TRELLIS2] [TRELLIS2] Downloading ckpts/tex_dec_next_dc_f16c32_fp16 from microsoft/TRELLIS.2-4B...
  [capture-loop] iter=900 t=103.5s state={'complete': False, 'error': None, 'executedCount': 1, 'wsState': 1} eval_ms=2
  [capture-loop] iter=950 t=109.1s state={'complete': False, 'error': None, 'executedCount': 1, 'wsState': 1} eval_ms=2
  [ComfyUI] [worker:ComfyUI-TRELLIS2] [TRELLIS2] Downloaded ckpts/tex_dec_next_dc_f16c32_fp16
  [ComfyUI] [worker:ComfyUI-TRELLIS2] [TRELLIS2] Downloading ckpts/slat_flow_imgshape2tex_dit_1_3B_512_bf16 from microsoft/TRELLIS.2-4B...
  [capture-loop] iter=1000 t=114.8s state={'complete': False, 'error': None, 'executedCount': 1, 'wsState': 1} eval_ms=2
  [capture-loop] iter=1050 t=120.4s state={'complete': False, 'error': None, 'executedCount': 1, 'wsState': 1} eval_ms=2
  [ComfyUI] [worker:ComfyUI-TRELLIS2]
  [ComfyUI] === WATCHDOG TICK 2 ===
  [ComfyUI] [worker:ComfyUI-TRELLIS2] Thread 0x00007d16c185b640 (most recent call first):
  [ComfyUI]   File "/workspaces/TRELLIS2-0211/ComfyUI/.ce/.pixi/envs/trellis2-nodes/lib/python3.10/threading.py", line 324 in wait
  [ComfyUI]   File "/workspaces/TRELLIS2-0211/ComfyUI/.ce/.pixi/envs/trellis2-nodes/lib/python3.10/threading.py", line 607 in wait
  [ComfyUI]   File "/workspaces/TRELLIS2-0211/ComfyUI/.ce/.pixi/envs/trellis2-nodes/lib/python3.10/site-packages/tqdm/_monitor.py", line 60 in run
  [ComfyUI]   File "/workspaces/TRELLIS2-0211/ComfyUI/.ce/.pixi/envs/trellis2-nodes/lib/python3.10/threading.py", line 1016 in _bootstrap_inner
  [ComfyUI]   File "/workspaces/TRELLIS2-0211/ComfyUI/.ce/.pixi/envs/trellis2-nodes/lib/python3.10/threading.py", line 973 in _bootstrap
  [ComfyUI] 
  [ComfyUI] Thread 0x00007d1ad0d23640 (most recent call first):
  [ComfyUI]   File "/tmp/comfyui_pvenv_cgcz3o91/persistent_worker.py", line 106 in _vram_poller
  [ComfyUI]   File "/workspaces/TRELLIS2-0211/ComfyUI/.ce/.pixi/envs/trellis2-nodes/lib/python3.10/threading.py", line 953 in run
  [ComfyUI]   File "/workspaces/TRELLIS2-0211/ComfyUI/.ce/.pixi/envs/trellis2-nodes/lib/python3.10/threading.py", line 1016 in _bootstrap_inner
  [ComfyUI]   File "/workspaces/TRELLIS2-0211/ComfyUI/.ce/.pixi/envs/trellis2-nodes/lib/python3.10/threading.py", line 973 in _bootstrap
  [ComfyUI] 
  [ComfyUI] Current thread 0x00007d1ad1524640 (most recent call first):
  [ComfyUI]   File "/tmp/comfyui_pvenv_cgcz3o91/persistent_worker.py", line 52 in _watchdog
  [ComfyUI]   File "/workspaces/TRELLIS2-0211/ComfyUI/.ce/.pixi/envs/trellis2-nodes/lib/python3.10/threading.py", line 953 in run
  [ComfyUI]   File "/workspaces/TRELLIS2-0211/ComfyUI/.ce/.pixi/envs/trellis2-nodes/lib/python3.10/threading.py", line 1016 in _bootstrap_inner
  [ComfyUI]   File "/workspaces/TRELLIS2-0211/ComfyUI/.ce/.pixi/envs/trellis2-nodes/lib/python3.10/threading.py", line 973 in _bootstrap
  [ComfyUI] 
  [ComfyUI] Thread 0x00007d1ad1afa740 (most recent call first):
  [ComfyUI]   File "/workspaces/TRELLIS2-0211/ComfyUI/.ce/.pixi/envs/trellis2-nodes/lib/python3.1/site-packages/huggingface_hub/file_download.py", line 633 in xet_get
  [ComfyUI]   File "/workspaces/TRELLIS2-0211/ComfyUI/.ce/.pixi/envs/trellis2-nodes/lib/python3.1/site-packages/huggingface_hub/file_download.py", line 1727 in _download_to_tmp_and_move
  [ComfyUI]   File "/workspaces/TRELLIS2-0211/ComfyUI/.ce/.pixi/envs/trellis2-nodes/lib/python3.1/site-packages/huggingface_hub/file_download.py", line 1304 in _hf_hub_download_to_local_dir
  [ComfyUI]   File "/workspaces/TRELLIS2-0211/ComfyUI/.ce/.pixi/envs/trellis2-nodes/lib/python3.1/site-packages/huggingface_hub/file_download.py", line 994 in hf_hub_download
  [ComfyUI]   File "/workspaces/TRELLIS2-0211/ComfyUI/.ce/.pixi/envs/trellis2-nodes/lib/python3.1/site-packages/huggingface_hub/utils/_validators.py", line 114 in _inner_fn
  [ComfyUI]   File "/workspaces/TRELLIS2-0211/ComfyUI/custom_nodes/ComfyUI-TRELLIS2/nodes/stages.py", line 200 in _init_config
  [ComfyUI]   File "/workspaces/TRELLIS2-0211/ComfyUI/custom_nodes/ComfyUI-TRELLIS2/nodes/nodes_loader.py", line 71 in execute
  [ComfyUI]   File "/workspaces/TRELLIS2-0211/ComfyUI/comfy_api/latest/_io.py", line 1826 in EXECUTE_NORMALIZED
  [ComfyUI]   File "/tmp/comfyui_pvenv_cgcz3o91/persistent_worker.py", line 1749 in main
  [ComfyUI]   File "/tmp/comfyui_pvenv_cgcz3o91/persistent_worker.py", line 1794 in <module>
  [ComfyUI] 
  [ComfyUI] [worker:ComfyUI-TRELLIS2] === END ===
  [ComfyUI] 
  [capture-loop] iter=1100 t=126.1s state={'complete': False, 'error': None, 'executedCount': 1, 'wsState': 1} eval_ms=2
  [capture-loop] iter=1150 t=131.7s state={'complete': False, 'error': None, 'executedCount': 1, 'wsState': 1} eval_ms=2
  [ComfyUI] [worker:ComfyUI-TRELLIS2] [TRELLIS2] Downloaded ckpts/slat_flow_imgshape2tex_dit_1_3B_512_bf16
  [ComfyUI] [worker:ComfyUI-TRELLIS2] [TRELLIS2] Downloading ckpts/slat_flow_imgshape2tex_dit_1_3B_1024_bf16 from microsoft/TRELLIS.2-4B...
  [capture-loop] iter=1200 t=137.5s state={'complete': False, 'error': None, 'executedCount': 1, 'wsState': 1} eval_ms=2
  [capture-loop] iter=1250 t=143.0s state={'complete': False, 'error': None, 'executedCount': 1, 'wsState': 1} eval_ms=2
  [capture-loop] iter=1300 t=148.7s state={'complete': False, 'error': None, 'executedCount': 1, 'wsState': 1} eval_ms=2
  [capture-loop] iter=1350 t=154.2s state={'complete': False, 'error': None, 'executedCount': 1, 'wsState': 1} eval_ms=2
  [capture-loop] iter=1400 t=160.0s state={'complete': False, 'error': None, 'executedCount': 1, 'wsState': 1} eval_ms=2
  [capture-loop] iter=1450 t=165.5s state={'complete': False, 'error': None, 'executedCount': 1, 'wsState': 1} eval_ms=2
  [capture-loop] iter=1500 t=171.4s state={'complete': False, 'error': None, 'executedCount': 1, 'wsState': 1} eval_ms=2
  [capture-loop] iter=1550 t=177.0s state={'complete': False, 'error': None, 'executedCount': 1, 'wsState': 1} eval_ms=2
  [ComfyUI] [worker:ComfyUI-TRELLIS2]
  [ComfyUI] === WATCHDOG TICK 3 ===
  [ComfyUI] [worker:ComfyUI-TRELLIS2] Thread 0x00007d16c185b640 (most recent call first):
  [ComfyUI]   File "/workspaces/TRELLIS2-0211/ComfyUI/.ce/.pixi/envs/trellis2-nodes/lib/python3.10/threading.py", line 324 in wait
  [ComfyUI]   File "/workspaces/TRELLIS2-0211/ComfyUI/.ce/.pixi/envs/trellis2-nodes/lib/python3.10/threading.py", line 607 in wait
  [ComfyUI]   File "/workspaces/TRELLIS2-0211/ComfyUI/.ce/.pixi/envs/trellis2-nodes/lib/python3.10/site-packages/tqdm/_monitor.py", line 60 in run
  [ComfyUI]   File "/workspaces/TRELLIS2-0211/ComfyUI/.ce/.pixi/envs/trellis2-nodes/lib/python3.10/threading.py", line 1016 in _bootstrap_inner
  [ComfyUI]   File "/workspaces/TRELLIS2-0211/ComfyUI/.ce/.pixi/envs/trellis2-nodes/lib/python3.10/threading.py", line 973 in _bootstrap
  [ComfyUI] 
  [ComfyUI] Thread 0x00007d1ad0d23640 (most recent call first):
  [ComfyUI]   File "/tmp/comfyui_pvenv_cgcz3o91/persistent_worker.py", line 106 in _vram_poller
  [ComfyUI]   File "/workspaces/TRELLIS2-0211/ComfyUI/.ce/.pixi/envs/trellis2-nodes/lib/python3.10/threading.py", line 953 in run
  [ComfyUI]   File "/workspaces/TRELLIS2-0211/ComfyUI/.ce/.pixi/envs/trellis2-nodes/lib/python3.10/threading.py", line 1016 in _bootstrap_inner
  [ComfyUI]   File "/workspaces/TRELLIS2-0211/ComfyUI/.ce/.pixi/envs/trellis2-nodes/lib/python3.10/threading.py", line 973 in _bootstrap
  [ComfyUI] 
  [ComfyUI] Current thread 0x00007d1ad1524640 (most recent call first):
  [ComfyUI]   File "/tmp/comfyui_pvenv_cgcz3o91/persistent_worker.py", line 52 in _watchdog
  [ComfyUI]   File "/workspaces/TRELLIS2-0211/ComfyUI/.ce/.pixi/envs/trellis2-nodes/lib/python3.10/threading.py", line 953 in run
  [ComfyUI]   File "/workspaces/TRELLIS2-0211/ComfyUI/.ce/.pixi/envs/trellis2-nodes/lib/python3.10/threading.py", line 1016 in _bootstrap_inner
  [ComfyUI]   File "/workspaces/TRELLIS2-0211/ComfyUI/.ce/.pixi/envs/trellis2-nodes/lib/python3.10/threading.py", line 973 in _bootstrap
  [ComfyUI] 
  [ComfyUI] Thread 0x00007d1ad1afa740 (most recent call first):
  [ComfyUI]   File "/workspaces/TRELLIS2-0211/ComfyUI/.ce/.pixi/envs/trellis2-nodes/lib/python3.1/site-packages/huggingface_hub/file_download.py", line 633 in xet_get
  [ComfyUI]   File "/workspaces/TRELLIS2-0211/ComfyUI/.ce/.pixi/envs/trellis2-nodes/lib/python3.1/site-packages/huggingface_hub/file_download.py", line 1727 in _download_to_tmp_and_move
  [ComfyUI]   File "/workspaces/TRELLIS2-0211/ComfyUI/.ce/.pixi/envs/trellis2-nodes/lib/python3.1/site-packages/huggingface_hub/file_download.py", line 1304 in _hf_hub_download_to_local_dir
  [ComfyUI]   File "/workspaces/TRELLIS2-0211/ComfyUI/.ce/.pixi/envs/trellis2-nodes/lib/python3.1/site-packages/huggingface_hub/file_download.py", line 994 in hf_hub_download
  [ComfyUI]   File "/workspaces/TRELLIS2-0211/ComfyUI/.ce/.pixi/envs/trellis2-nodes/lib/python3.1/site-packages/huggingface_hub/utils/_validators.py", line 114 in _inner_fn
  [ComfyUI]   File "/workspaces/TRELLIS2-0211/ComfyUI/custom_nodes/ComfyUI-TRELLIS2/nodes/stages.py", line 200 in _init_config
  [ComfyUI]   File "/workspaces/TRELLIS2-0211/ComfyUI/custom_nodes/ComfyUI-TRELLIS2/nodes/nodes_loader.py", line 71 in execute
  [ComfyUI]   File "/workspaces/TRELLIS2-0211/ComfyUI/comfy_api/latest/_io.py", line 1826 in EXECUTE_NORMALIZED
  [ComfyUI]   File "/tmp/comfyui_pvenv_cgcz3o91/persistent_worker.py", line 1749 in main
  [ComfyUI]   File "/tmp/comfyui_pvenv_cgcz3o91/persistent_worker.py", line 1794 in <module>
  [ComfyUI] 
  [ComfyUI] [worker:ComfyUI-TRELLIS2] === END ===
  [ComfyUI] 
  [capture-loop] iter=1600 t=182.7s state={'complete': False, 'error': None, 'executedCount': 1, 'wsState': 1} eval_ms=2
  [ComfyUI] [worker:ComfyUI-TRELLIS2] [TRELLIS2] Downloaded ckpts/slat_flow_imgshape2tex_dit_1_3B_1024_bf16
  [ComfyUI] [worker:ComfyUI-TRELLIS2] [TRELLIS2] Downloading ckpts/shape_enc_next_dc_f16c32_fp16...
  [capture-loop] iter=1650 t=188.2s state={'complete': False, 'error': None, 'executedCount': 1, 'wsState': 1} eval_ms=2
  [capture-loop] iter=1700 t=193.9s state={'complete': False, 'error': None, 'executedCount': 1, 'wsState': 1} eval_ms=1
  [capture-loop] iter=1750 t=199.4s state={'complete': False, 'error': None, 'executedCount': 1, 'wsState': 1} eval_ms=2
  [capture-loop] iter=1800 t=205.1s state={'complete': False, 'error': None, 'executedCount': 1, 'wsState': 1} eval_ms=2
  [ComfyUI] [worker:ComfyUI-TRELLIS2] [TRELLIS2] Downloaded ckpts/shape_enc_next_dc_f16c32_fp16
  [ComfyUI] [worker:ComfyUI-TRELLIS2] [TRELLIS2] Config loaded: 9 models registered
  [ComfyUI] [SubprocessWorker] got response: ok
  [ComfyUI] [comfy-env] LoadTrellis2Models done (208.28s): result: NodeOutput
  [ComfyUI] [VRAM] After LoadTrellis2Models: 270 / 7703 MB
  [ComfyUI] [comfy-env] Running Trellis2GetConditioning: background_color: 'black', model_config: dict, image: torch.float32 [1,1024,1024,3] cpu, mask: torch.float32 [1,1024,1024] cpu
  [ComfyUI] [VRAM] Before Trellis2GetConditioning: 270 / 7703 MB
  [ComfyUI] [SubprocessWorker] call_method: nodes.nodes_inference.Trellis2GetConditioning.EXECUTE_NORMALIZED
  [ComfyUI] [SubprocessWorker] acquired lock, ensuring started...
  [ComfyUI] [ComfyUI-TRELLIS2] Health check: ping (timeout=5.0s)...
  [ComfyUI] [ComfyUI-TRELLIS2] Health check: ok
  [ComfyUI] [SubprocessWorker] worker started/confirmed
  [ComfyUI] [comfy-env] PRE-SERIALIZE 'image' shape: torch.Size([1, 1024, 1024, 3])
  [ComfyUI] [comfy-env] PRE-SERIALIZE 'mask' shape: torch.Size([1, 1024, 1024])
  [ComfyUI] [SubprocessWorker] serializing kwargs to shm...
  [ComfyUI] [SubprocessWorker] created 0 shm blocks
  [ComfyUI] [SubprocessWorker] sending request via socket...
  [ComfyUI] [SubprocessWorker] call_id=2 sending call_method
  [ComfyUI] [worker:ComfyUI-TRELLIS2] [comfy-env] _from_shm got dict with keys: ['__type__', 'strategy', 'parent_pid', 'fd', 'storage_size']
  [ComfyUI] [worker:ComfyUI-TRELLIS2] [comfy-env] DESERIALIZE TensorRef: tensor_size=[1, 1024, 1024, 3]
  [ComfyUI] [worker:ComfyUI-TRELLIS2] [comfy-env] DESERIALIZED tensor shape: torch.Size([1, 1024, 1024, 3])
  [ComfyUI] [worker:ComfyUI-TRELLIS2] [comfy-env] _from_shm got dict with keys: ['__type__', 'strategy', 'parent_pid', 'fd', 'storage_size']
  [ComfyUI] [worker:ComfyUI-TRELLIS2] [comfy-env] DESERIALIZE TensorRef: tensor_size=[1, 1024, 1024]
  [ComfyUI] [worker:ComfyUI-TRELLIS2] [comfy-env] DESERIALIZED tensor shape: torch.Size([1, 1024, 1024])
  Frame 6 saved (frame_005.jpg, t=209.4s)
  [capture-periodic] freeze=2ms shot=177ms unfreeze=2ms saved=True
  [capture-loop] iter=1850 t=210.9s state={'complete': False, 'error': None, 'executedCount': 1, 'wsState': 1} eval_ms=2
  Frame 7 saved (frame_006.jpg, t=211.7s)
  [capture-periodic] freeze=1ms shot=178ms unfreeze=10ms saved=True
  [capture-loop] iter=1900 t=216.6s state={'complete': False, 'error': None, 'executedCount': 1, 'wsState': 1} eval_ms=2
  [capture-loop] iter=1950 t=222.2s state={'complete': False, 'error': None, 'executedCount': 1, 'wsState': 1} eval_ms=2
  [capture-loop] iter=2000 t=228.0s state={'complete': False, 'error': None, 'executedCount': 1, 'wsState': 1} eval_ms=2
  [capture-loop] iter=2050 t=234.0s state={'complete': False, 'error': None, 'executedCount': 1, 'wsState': 1} eval_ms=2
  [ComfyUI] [SubprocessWorker] callback 'request_vram_budget' from call_id=2
  [ComfyUI] [comfy-env] VRAM request: 1.21GB, free before eviction: 7.79GB
  [ComfyUI] [comfy-env] VRAM after eviction: 7.79GB
  [ComfyUI] [worker:ComfyUI-TRELLIS2] [VRAM] +512MB (now 512MB) reserved=522MB peak=512MB
  [ComfyUI] [worker:ComfyUI-TRELLIS2] [TRELLIS2] DinoV3 conditioning: dtype=torch.bfloat16
  [ComfyUI] [worker:ComfyUI-TRELLIS2] [comfy.attention_sparse] Dense attention: attention_sage
  [ComfyUI] [SubprocessWorker] callback 'report_progress' from call_id=2
  [ComfyUI] [SubprocessWorker] callback 'report_progress' from call_id=2
  [ComfyUI] [SubprocessWorker] callback 'report_progress' from call_id=2
  [ComfyUI] [worker:ComfyUI-TRELLIS2] [TRELLIS2] DinoV3 conditioning: dtype=torch.bfloat16
  [ComfyUI] [SubprocessWorker] callback 'report_progress' from call_id=2
  [ComfyUI] [SubprocessWorker] callback 'report_progress' from call_id=2
  Frame 8 saved (frame_007.jpg, t=234.9s)
  [capture-periodic] freeze=4ms shot=183ms unfreeze=14ms saved=True
  [ComfyUI] [SubprocessWorker] callback 'report_progress' from call_id=2
  [ComfyUI] [worker:ComfyUI-TRELLIS2] [VRAM] -492MB (now 21MB) reserved=44MB peak=1178MB
  [ComfyUI] [SubprocessWorker] got response: ok
  [ComfyUI] [comfy-env] Created 1 model patchers: ['DINOv3ViT_1']
  [ComfyUI] [comfy-env] Trellis2GetConditioning done (26.86s): result: NodeOutput
  [ComfyUI] [VRAM] After Trellis2GetConditioning: 350 / 7703 MB
  [ComfyUI] [VRAM] Loaded: SubprocessModel (0 MB)
  [ComfyUI] [comfy-env] Running Trellis2ImageToShape: seed: 561843699, ss_guidance_strength: 6.5, ss_guidance_rescale: 0.05, ss_sampling_steps: 12, shape_guidance_strength: 6.5, shape_guidance_rescale: 0.05, shape_sampling_steps: 12, max_tokens: 49152, model_config: dict, conditioning: dict
  [ComfyUI] [VRAM] Before Trellis2ImageToShape: 350 / 7703 MB
  [ComfyUI] [VRAM] Loaded: SubprocessModel (0 MB)
  [ComfyUI] [SubprocessWorker] call_method: nodes.nodes_inference.Trellis2ImageToShape.EXECUTE_NORMALIZED
  [ComfyUI] [SubprocessWorker] acquired lock, ensuring started...
  [ComfyUI] [ComfyUI-TRELLIS2] Health check: ping (timeout=5.0s)...
  [ComfyUI] [ComfyUI-TRELLIS2] Health check: ok
  [ComfyUI] [SubprocessWorker] worker started/confirmed
  [ComfyUI] [SubprocessWorker] serializing kwargs to shm...
  [ComfyUI] [SubprocessWorker] created 0 shm blocks
  [ComfyUI] [SubprocessWorker] sending request via socket...
  [ComfyUI] [SubprocessWorker] call_id=3 sending call_method
  [ComfyUI] [worker:ComfyUI-TRELLIS2] [comfy-env] _from_shm got dict with keys: ['__type__', 'strategy', 'parent_pid', 'fd', 'storage_size']
  [ComfyUI] [worker:ComfyUI-TRELLIS2] [comfy-env] DESERIALIZE TensorRef: tensor_size=[1, 1029, 1024]
  [ComfyUI] [worker:ComfyUI-TRELLIS2] [comfy-env] DESERIALIZED tensor shape: torch.Size([1, 1029, 1024])
  [ComfyUI] [worker:ComfyUI-TRELLIS2] [comfy-env] _from_shm got dict with keys: ['__type__', 'strategy', 'parent_pid', 'fd', 'storage_size']
  [ComfyUI] [worker:ComfyUI-TRELLIS2] [comfy-env] DESERIALIZE TensorRef: tensor_size=[1, 1029, 1024]
  [ComfyUI] [worker:ComfyUI-TRELLIS2] [comfy-env] DESERIALIZED tensor shape: torch.Size([1, 1029, 1024])
  [ComfyUI] [worker:ComfyUI-TRELLIS2] [comfy-env] _from_shm got dict with keys: ['__type__', 'strategy', 'parent_pid', 'fd', 'storage_size']
  [ComfyUI] [worker:ComfyUI-TRELLIS2] [comfy-env] DESERIALIZE TensorRef: tensor_size=[1, 4101, 1024]
  [ComfyUI] [worker:ComfyUI-TRELLIS2] [comfy-env] DESERIALIZED tensor shape: torch.Size([1, 4101, 1024])
  [ComfyUI] [SubprocessWorker] callback 'report_progress' from call_id=3
  [ComfyUI] [SubprocessWorker] callback 'report_progress' from call_id=3
  [ComfyUI] [worker:ComfyUI-TRELLIS2] [TRELLIS2] Built SparseStructureFlowModel on CPU: dtype=torch.bfloat16, 0.1s
  [ComfyUI] [SubprocessWorker] callback 'request_vram_budget' from call_id=3
  [ComfyUI] [comfy-env] VRAM request: 2.59GB, free before eviction: 7.71GB
  [ComfyUI] [comfy-env] VRAM after eviction: 7.71GB
  [ComfyUI] [worker:ComfyUI-TRELLIS2] [VRAM] +519MB (now 540MB) reserved=564MB peak=1178MB
  [ComfyUI] [worker:ComfyUI-TRELLIS2] [TRELLIS2] sparse_structure_flow_model -> GPU: 0.7s
  Frame 9 saved (frame_008.jpg, t=237.2s)
  [capture-periodic] freeze=2ms shot=177ms unfreeze=7ms saved=True
  [ComfyUI] [worker:ComfyUI-TRELLIS2] [VRAM] +1973MB (now 2514MB) reserved=2708MB peak=2616MB
  [ComfyUI] [SubprocessWorker] callback 'report_progress' from call_id=3
  [ComfyUI] [SubprocessWorker] callback 'report_progress' from call_id=3
  [ComfyUI] [SubprocessWorker] callback 'report_progress' from call_id=3
  Frame 10 saved (frame_009.jpg, t=239.5s)
  [capture-periodic] freeze=2ms shot=178ms unfreeze=7ms saved=True
  [capture-loop] iter=2100 t=240.0s state={'complete': False, 'error': None, 'executedCount': 1, 'wsState': 1} eval_ms=2
  [ComfyUI] [SubprocessWorker] callback 'report_progress' from call_id=3
  [ComfyUI] [worker:ComfyUI-TRELLIS2]
  [ComfyUI] === WATCHDOG TICK 4 ===
  [ComfyUI] [worker:ComfyUI-TRELLIS2] Thread 0x00007d173d1fc640 (most recent call first):
  [ComfyUI]   File "/workspaces/TRELLIS2-0211/ComfyUI/.ce/.pixi/envs/trellis2-nodes/lib/python3.10/socket.py", line 293 in accept
  [ComfyUI]   File "/workspaces/TRELLIS2-0211/ComfyUI/.ce/.pixi/envs/trellis2-nodes/lib/python3.10/multiprocessing/connection.py", line 609 in accept
  [ComfyUI]   File "/workspaces/TRELLIS2-0211/ComfyUI/.ce/.pixi/envs/trellis2-nodes/lib/python3.10/multiprocessing/connection.py", line 463 in accept
  [ComfyUI]   File "/workspaces/TRELLIS2-0211/ComfyUI/.ce/.pixi/envs/trellis2-nodes/lib/python3.10/multiprocessing/resource_sharer.py", line 138 in _serve
  [ComfyUI]   File "/workspaces/TRELLIS2-0211/ComfyUI/.ce/.pixi/envs/trellis2-nodes/lib/python3.10/threading.py", line 953 in run
  [ComfyUI]   File "/workspaces/TRELLIS2-0211/ComfyUI/.ce/.pixi/envs/trellis2-nodes/lib/python3.10/threading.py", line 1016 in _bootstrap_inner
  [ComfyUI]   File "/workspaces/TRELLIS2-0211/ComfyUI/.ce/.pixi/envs/trellis2-nodes/lib/python3.10/threading.py", line 973 in _bootstrap
  [ComfyUI] 
  [ComfyUI] Thread 0x00007d16c185b640 (most recent call first):
  [ComfyUI]   File "/workspaces/TRELLIS2-0211/ComfyUI/.ce/.pixi/envs/trellis2-nodes/lib/python3.10/threading.py", line 324 in wait
  [ComfyUI]   File "/workspaces/TRELLIS2-0211/ComfyUI/.ce/.pixi/envs/trellis2-nodes/lib/python3.10/threading.py", line 607 in wait
  [ComfyUI]   File "/workspaces/TRELLIS2-0211/ComfyUI/.ce/.pixi/envs/trellis2-nodes/lib/python3.10/site-packages/tqdm/_monitor.py", line 60 in run
  [ComfyUI]   File "/workspaces/TRELLIS2-0211/ComfyUI/.ce/.pixi/envs/trellis2-nodes/lib/python3.10/threading.py", line 1016 in _bootstrap_inner
  [ComfyUI]   File "/workspaces/TRELLIS2-0211/ComfyUI/.ce/.pixi/envs/trellis2-nodes/lib/python3.10/threading.py", line 973 in _bootstrap
  [ComfyUI] 
  [ComfyUI] Thread 0x00007d1ad0d23640 (most recent call first):
  [ComfyUI]   File "/tmp/comfyui_pvenv_cgcz3o91/persistent_worker.py", line 106 in _vram_poller
  [ComfyUI]   File "/workspaces/TRELLIS2-0211/ComfyUI/.ce/.pixi/envs/trellis2-nodes/lib/python3.10/threading.py", line 953 in run
  [ComfyUI]   File "/workspaces/TRELLIS2-0211/ComfyUI/.ce/.pixi/envs/trellis2-nodes/lib/python3.10/threading.py", line 1016 in _bootstrap_inner
  [ComfyUI]   File "/workspaces/TRELLIS2-0211/ComfyUI/.ce/.pixi/envs/trellis2-nodes/lib/python3.10/threading.py", line 973 in _bootstrap
  [ComfyUI] 
  [ComfyUI] Current thread 0x00007d1ad1524640 (most recent call first):
  [ComfyUI]   File "/tmp/comfyui_pvenv_cgcz3o91/persistent_worker.py", line 52 in _watchdog
  [ComfyUI]   File "/workspaces/TRELLIS2-0211/ComfyUI/.ce/.pixi/envs/trellis2-nodes/lib/python3.10/threading.py", line 953 in run
  [ComfyUI]   File "/workspaces/TRELLIS2-0211/ComfyUI/.ce/.pixi/envs/trellis2-nodes/lib/python3.10/threading.py", line 1016 in _bootstrap_inner
  [ComfyUI]   File "/workspaces/TRELLIS2-0211/ComfyUI/.ce/.pixi/envs/trellis2-nodes/lib/python3.10/threading.py", line 973 in _bootstrap
  [ComfyUI] 
  [ComfyUI] Thread 0x00007d1ad1afa740 (most recent call first):
  [ComfyUI]   File "/workspaces/TRELLIS2-0211/ComfyUI/custom_nodes/ComfyUI-TRELLIS2/nodes/trellis2/samplers/flow_euler.py", line 47 in _inference_model
  [ComfyUI]   File "/workspaces/TRELLIS2-0211/ComfyUI/custom_nodes/ComfyUI-TRELLIS2/nodes/trellis2/samplers/classifier_free_guidance_mixin.py", line 16 in _inference_model
  [ComfyUI]   File "/workspaces/TRELLIS2-0211/ComfyUI/custom_nodes/ComfyUI-TRELLIS2/nodes/trellis2/samplers/guidance_interval_mixin.py", line 11 in _inference_model
  [ComfyUI]   File "/workspaces/TRELLIS2-0211/ComfyUI/custom_nodes/ComfyUI-TRELLIS2/nodes/trellis2/samplers/flow_euler.py", line 75 in _get_model_prediction
  [ComfyUI]   File "/workspaces/TRELLIS2-0211/ComfyUI/custom_nodes/ComfyUI-TRELLIS2/nodes/trellis2/samplers/flow_euler.py", line 105 in sample_once
  [ComfyUI]   File "/workspaces/TRELLIS2-0211/ComfyUI/.ce/.pixi/envs/trellis2-nodes/lib/python3.10/site-packages/torch/utils/_contextlib.py", line 124 in decorate_context
  [ComfyUI]   File "/workspaces/TRELLIS2-0211/ComfyUI/custom_nodes/ComfyUI-TRELLIS2/nodes/trellis2/samplers/flow_euler.py", line 150 in sample
  [ComfyUI]   File "/workspaces/TRELLIS2-0211/ComfyUI/.ce/.pixi/envs/trellis2-nodes/lib/python3.10/site-packages/torch/utils/_contextlib.py", line 124 in decorate_context
  [ComfyUI]   File "/workspaces/TRELLIS2-0211/ComfyUI/custom_nodes/ComfyUI-TRELLIS2/nodes/trellis2/samplers/flow_euler.py", line 238 in sample
  [ComfyUI]   File "/workspaces/TRELLIS2-0211/ComfyUI/.ce/.pixi/envs/trellis2-nodes/lib/python3.10/site-packages/torch/utils/_contextlib.py", line 124 in decorate_context
  [ComfyUI]   File "/workspaces/TRELLIS2-0211/ComfyUI/custom_nodes/ComfyUI-TRELLIS2/nodes/stages.py", line 435 in _sample_sparse_structure
  [ComfyUI]   File "/workspaces/TRELLIS2-0211/ComfyUI/custom_nodes/ComfyUI-TRELLIS2/nodes/stages.py", line 906 in run_shape_generation
  [ComfyUI]   File "/workspaces/TRELLIS2-0211/ComfyUI/custom_nodes/ComfyUI-TRELLIS2/nodes/nodes_inference.py", line 132 in execute
  [ComfyUI]   File "/workspaces/TRELLIS2-0211/ComfyUI/comfy_api/latest/_io.py", line 1826 in EXECUTE_NORMALIZED
  [ComfyUI]   File "/tmp/comfyui_pvenv_cgcz3o91/persistent_worker.py", line 1749 in main
  [ComfyUI]   File "/tmp/comfyui_pvenv_cgcz3o91/persistent_worker.py", line 1794 in <module>
  [ComfyUI] 
  [ComfyUI] [worker:ComfyUI-TRELLIS2] === END ===
  [ComfyUI] 
  [ComfyUI] [SubprocessWorker] callback 'report_progress' from call_id=3
  [ComfyUI] [SubprocessWorker] callback 'report_progress' from call_id=3
  Frame 11 saved (frame_010.jpg, t=241.8s)
  [capture-periodic] freeze=2ms shot=164ms unfreeze=7ms saved=True
  [ComfyUI] [SubprocessWorker] callback 'report_progress' from call_id=3
  [ComfyUI] [SubprocessWorker] callback 'report_progress' from call_id=3
  [ComfyUI] [SubprocessWorker] callback 'report_progress' from call_id=3
  Frame 12 saved (frame_011.jpg, t=244.1s)
  [capture-periodic] freeze=2ms shot=176ms unfreeze=10ms saved=True
  [ComfyUI] [SubprocessWorker] callback 'report_progress' from call_id=3
  [ComfyUI] [SubprocessWorker] callback 'report_progress' from call_id=3
  [capture-loop] iter=2150 t=245.6s state={'complete': False, 'error': None, 'executedCount': 1, 'wsState': 1} eval_ms=2
  [ComfyUI] [SubprocessWorker] callback 'report_progress' from call_id=3
  [ComfyUI] [worker:ComfyUI-TRELLIS2] [VRAM] -323MB (now 2191MB) reserved=2708MB peak=2622MB
  Frame 13 saved (frame_012.jpg, t=246.4s)
  [capture-periodic] freeze=1ms shot=179ms unfreeze=10ms saved=True
  [ComfyUI] [worker:ComfyUI-TRELLIS2] [VRAM] -1765MB (now 427MB) reserved=2708MB peak=2622MB
  [ComfyUI] [SubprocessWorker] callback 'report_progress' from call_id=3
  [ComfyUI] [SubprocessWorker] callback 'report_progress' from call_id=3
  [ComfyUI] [SubprocessWorker] callback 'report_progress' from call_id=3
  [ComfyUI] [worker:ComfyUI-TRELLIS2] [TRELLIS2] Built SparseStructureDecoder on CPU: dtype=torch.bfloat16, 0.3s
  [ComfyUI] [SubprocessWorker] callback 'request_vram_budget' from call_id=3
  [ComfyUI] [comfy-env] VRAM request: 0.15GB, free before eviction: 7.71GB
  [ComfyUI] [comfy-env] VRAM after eviction: 7.71GB
  [ComfyUI] [worker:ComfyUI-TRELLIS2] [TRELLIS2] sparse_structure_decoder -> GPU: 0.1s
  [ComfyUI] [SubprocessWorker] callback 'report_progress' from call_id=3
  [ComfyUI] [SubprocessWorker] callback 'report_progress' from call_id=3
  [ComfyUI] [SubprocessWorker] callback 'report_progress' from call_id=3
  [ComfyUI] [worker:ComfyUI-TRELLIS2] [TRELLIS2] Built SLatFlowModel on CPU: dtype=torch.bfloat16, 0.1s
  [ComfyUI] [SubprocessWorker] callback 'request_vram_budget' from call_id=3
  [ComfyUI] [comfy-env] VRAM request: 2.58GB, free before eviction: 7.71GB
  [ComfyUI] [comfy-env] VRAM after eviction: 7.71GB
  [ComfyUI] [worker:ComfyUI-TRELLIS2] [VRAM] +689MB (now 1117MB) reserved=1146MB peak=2622MB
  [ComfyUI] [worker:ComfyUI-TRELLIS2] [TRELLIS2] shape_slat_flow_model_1024 -> GPU: 0.6s
  Frame 14 saved (frame_013.jpg, t=248.7s)
  [capture-periodic] freeze=2ms shot=167ms unfreeze=7ms saved=True
  [ComfyUI] [worker:ComfyUI-TRELLIS2] [33m[comfy-attn] Varlen attention: sage2[0m
  [ComfyUI] [worker:ComfyUI-TRELLIS2] [VRAM] +2084MB (now 3201MB) reserved=3228MB peak=3201MB
  Frame 15 saved (frame_014.jpg, t=251.0s)
  [capture-periodic] freeze=2ms shot=141ms unfreeze=7ms saved=True
  [capture-loop] iter=2200 t=251.5s state={'complete': False, 'error': None, 'executedCount': 1, 'wsState': 1} eval_ms=2
  [ComfyUI] [worker:ComfyUI-TRELLIS2] [VRAM] -438MB (now 2764MB) reserved=3488MB peak=3254MB
  [ComfyUI] [worker:ComfyUI-TRELLIS2] [VRAM] +279MB (now 3044MB) reserved=3488MB peak=3254MB
  [ComfyUI] [worker:ComfyUI-TRELLIS2] [VRAM] -280MB (now 2764MB) reserved=3488MB peak=3254MB
  [ComfyUI] [worker:ComfyUI-TRELLIS2] [VRAM] +275MB (now 3040MB) reserved=3488MB peak=3254MB
  [ComfyUI] [worker:ComfyUI-TRELLIS2] [VRAM] -307MB (now 2734MB) reserved=3488MB peak=3254MB
  [ComfyUI] [SubprocessWorker] callback 'report_progress' from call_id=3
  [capture-loop] iter=2250 t=257.0s state={'complete': False, 'error': None, 'executedCount': 1, 'wsState': 1} eval_ms=2
  [ComfyUI] [worker:ComfyUI-TRELLIS2] [VRAM] +314MB (now 3048MB) reserved=3488MB peak=3254MB
  Frame 16 saved (frame_015.jpg, t=257.7s)
  [capture-periodic] freeze=1ms shot=163ms unfreeze=8ms saved=True
  [ComfyUI] [worker:ComfyUI-TRELLIS2] [VRAM] -280MB (now 2769MB) reserved=3488MB peak=3254MB
  [ComfyUI] [worker:ComfyUI-TRELLIS2] [VRAM] +275MB (now 3044MB) reserved=3488MB peak=3254MB
  Frame 17 saved (frame_016.jpg, t=260.0s)
  [capture-periodic] freeze=2ms shot=158ms unfreeze=6ms saved=True
  [ComfyUI] [worker:ComfyUI-TRELLIS2] [VRAM] -307MB (now 2738MB) reserved=3488MB peak=3254MB
  [ComfyUI] [SubprocessWorker] callback 'report_progress' from call_id=3
  [ComfyUI] [worker:ComfyUI-TRELLIS2] [VRAM] +314MB (now 3053MB) reserved=3488MB peak=3254MB
  Frame 18 saved (frame_017.jpg, t=262.3s)
  [capture-periodic] freeze=2ms shot=158ms unfreeze=6ms saved=True
  [capture-loop] iter=2300 t=262.8s state={'complete': False, 'error': None, 'executedCount': 1, 'wsState': 1} eval_ms=2
  [ComfyUI] [worker:ComfyUI-TRELLIS2] [VRAM] -280MB (now 2773MB) reserved=3488MB peak=3254MB
  [ComfyUI] [worker:ComfyUI-TRELLIS2] [VRAM] +279MB (now 3053MB) reserved=3488MB peak=3254MB
  Frame 19 saved (frame_018.jpg, t=264.5s)
  [capture-periodic] freeze=2ms shot=242ms unfreeze=62ms saved=True
  [ComfyUI] [worker:ComfyUI-TRELLIS2] [VRAM] -311MB (now 2742MB) reserved=3488MB peak=3254MB
  [ComfyUI] [worker:ComfyUI-TRELLIS2] [VRAM] +306MB (now 3049MB) reserved=3488MB peak=3254MB
  [ComfyUI] [SubprocessWorker] callback 'report_progress' from call_id=3
  [ComfyUI] [worker:ComfyUI-TRELLIS2] [VRAM] -272MB (now 2777MB) reserved=3488MB peak=3254MB
  [capture-loop] iter=2350 t=268.5s state={'complete': False, 'error': None, 'executedCount': 1, 'wsState': 1} eval_ms=1
  [ComfyUI] [worker:ComfyUI-TRELLIS2] [VRAM] +279MB (now 3057MB) reserved=3488MB peak=3254MB
  Frame 20 saved (frame_019.jpg, t=269.1s)
  [capture-periodic] freeze=1ms shot=169ms unfreeze=7ms saved=True
  [ComfyUI] [worker:ComfyUI-TRELLIS2] [VRAM] -311MB (now 2747MB) reserved=3488MB peak=3254MB
  [ComfyUI] [worker:ComfyUI-TRELLIS2] [VRAM] +306MB (now 3053MB) reserved=3488MB peak=3254MB
  [ComfyUI] [SubprocessWorker] callback 'report_progress' from call_id=3
  [ComfyUI] [worker:ComfyUI-TRELLIS2] [VRAM] -272MB (now 2782MB) reserved=3488MB peak=3254MB
  [ComfyUI] [worker:ComfyUI-TRELLIS2] [VRAM] +279MB (now 3061MB) reserved=3488MB peak=3254MB
  Frame 21 saved (frame_020.jpg, t=273.6s)
  [capture-periodic] freeze=2ms shot=150ms unfreeze=7ms saved=True
  [capture-loop] iter=2400 t=274.2s state={'complete': False, 'error': None, 'executedCount': 1, 'wsState': 1} eval_ms=1
  [ComfyUI] [worker:ComfyUI-TRELLIS2] [VRAM] -280MB (now 2782MB) reserved=3488MB peak=3254MB
  [ComfyUI] [worker:ComfyUI-TRELLIS2] [VRAM] +275MB (now 3057MB) reserved=3488MB peak=3254MB
  [ComfyUI] [worker:ComfyUI-TRELLIS2] [VRAM] -307MB (now 2751MB) reserved=3488MB peak=3254MB
  [ComfyUI] [SubprocessWorker] callback 'report_progress' from call_id=3
  [ComfyUI] [worker:ComfyUI-TRELLIS2] [VRAM] +314MB (now 3066MB) reserved=3488MB peak=3254MB
  Frame 22 saved (frame_021.jpg, t=278.1s)
  [capture-periodic] freeze=2ms shot=178ms unfreeze=8ms saved=True
  [ComfyUI] [worker:ComfyUI-TRELLIS2] [VRAM] -280MB (now 2786MB) reserved=3488MB peak=3254MB
  [ComfyUI] [worker:ComfyUI-TRELLIS2] [VRAM] +279MB (now 3066MB) reserved=3488MB peak=3254MB
  [capture-loop] iter=2450 t=279.8s state={'complete': False, 'error': None, 'executedCount': 1, 'wsState': 1} eval_ms=2
  Frame 23 saved (frame_022.jpg, t=280.4s)
  [capture-periodic] freeze=2ms shot=172ms unfreeze=5ms saved=True
  [ComfyUI] [worker:ComfyUI-TRELLIS2] [VRAM] -311MB (now 2755MB) reserved=3488MB peak=3254MB
  [ComfyUI] [worker:ComfyUI-TRELLIS2] [VRAM] +306MB (now 3062MB) reserved=3488MB peak=3254MB
  [ComfyUI] [SubprocessWorker] callback 'report_progress' from call_id=3
  Frame 24 saved (frame_023.jpg, t=282.7s)
  [capture-periodic] freeze=2ms shot=169ms unfreeze=8ms saved=True
  [ComfyUI] [worker:ComfyUI-TRELLIS2] [VRAM] -272MB (now 2791MB) reserved=3488MB peak=3254MB
  [ComfyUI] [worker:ComfyUI-TRELLIS2] [VRAM] +279MB (now 3070MB) reserved=3488MB peak=3254MB
  [ComfyUI] [worker:ComfyUI-TRELLIS2] [VRAM] -280MB (now 2791MB) reserved=3488MB peak=3254MB
  [capture-loop] iter=2500 t=285.6s state={'complete': False, 'error': None, 'executedCount': 1, 'wsState': 1} eval_ms=1
  [ComfyUI] [worker:ComfyUI-TRELLIS2] [VRAM] +275MB (now 3066MB) reserved=3488MB peak=3254MB
  [ComfyUI] [worker:ComfyUI-TRELLIS2] [VRAM] -307MB (now 2760MB) reserved=3488MB peak=3254MB
  [ComfyUI] [SubprocessWorker] callback 'report_progress' from call_id=3
  [ComfyUI] [worker:ComfyUI-TRELLIS2] [VRAM] +314MB (now 3074MB) reserved=3488MB peak=3254MB
  [ComfyUI] [worker:ComfyUI-TRELLIS2] [VRAM] -280MB (now 2795MB) reserved=3488MB peak=3254MB
  Frame 25 saved (frame_024.jpg, t=289.5s)
  [capture-periodic] freeze=2ms shot=166ms unfreeze=3ms saved=True
  [ComfyUI] [worker:ComfyUI-TRELLIS2] [VRAM] +279MB (now 3074MB) reserved=3488MB peak=3254MB
  [capture-loop] iter=2550 t=291.1s state={'complete': False, 'error': None, 'executedCount': 1, 'wsState': 1} eval_ms=2
  [ComfyUI] [worker:ComfyUI-TRELLIS2] [VRAM] -308MB (now 2767MB) reserved=3488MB peak=3254MB
  Frame 26 saved (frame_025.jpg, t=291.8s)
  [capture-periodic] freeze=2ms shot=169ms unfreeze=7ms saved=True
  [ComfyUI] [worker:ComfyUI-TRELLIS2] [VRAM] +408MB (now 3176MB) reserved=3488MB peak=3254MB
  [ComfyUI] [SubprocessWorker] callback 'report_progress' from call_id=3
  [ComfyUI] [worker:ComfyUI-TRELLIS2] [VRAM] -377MB (now 2799MB) reserved=3488MB peak=3254MB
  Frame 27 saved (frame_026.jpg, t=294.1s)
  [capture-periodic] freeze=2ms shot=169ms unfreeze=7ms saved=True
  [ComfyUI] [worker:ComfyUI-TRELLIS2] [VRAM] +279MB (now 3079MB) reserved=3488MB peak=3254MB
  [ComfyUI] [worker:ComfyUI-TRELLIS2] [VRAM] -311MB (now 2769MB) reserved=3488MB peak=3254MB
  Frame 28 saved (frame_027.jpg, t=296.4s)
  [capture-periodic] freeze=1ms shot=173ms unfreeze=7ms saved=True
  [capture-loop] iter=2600 t=297.0s state={'complete': False, 'error': None, 'executedCount': 1, 'wsState': 1} eval_ms=2
  [ComfyUI] [worker:ComfyUI-TRELLIS2] [VRAM] +306MB (now 3075MB) reserved=3488MB peak=3254MB
  [ComfyUI] [SubprocessWorker] callback 'report_progress' from call_id=3
  [ComfyUI] [worker:ComfyUI-TRELLIS2] [VRAM] -272MB (now 2804MB) reserved=3488MB peak=3254MB
  Frame 29 saved (frame_028.jpg, t=298.7s)
  [capture-periodic] freeze=2ms shot=217ms unfreeze=5ms saved=True
  [ComfyUI] [worker:ComfyUI-TRELLIS2] [VRAM] +279MB (now 3083MB) reserved=3488MB peak=3254MB
  [ComfyUI] [worker:ComfyUI-TRELLIS2]
  [ComfyUI] === WATCHDOG TICK 5 ===
  [ComfyUI] [worker:ComfyUI-TRELLIS2] Thread 0x00007d173d1fc640 (most recent call first):
  [ComfyUI]   File "/workspaces/TRELLIS2-0211/ComfyUI/.ce/.pixi/envs/trellis2-nodes/lib/python3.10/socket.py", line 293 in accept
  [ComfyUI]   File "/workspaces/TRELLIS2-0211/ComfyUI/.ce/.pixi/envs/trellis2-nodes/lib/python3.10/multiprocessing/connection.py", line 609 in accept
  [ComfyUI]   File "/workspaces/TRELLIS2-0211/ComfyUI/.ce/.pixi/envs/trellis2-nodes/lib/python3.10/multiprocessing/connection.py", line 463 in accept
  [ComfyUI]   File "/workspaces/TRELLIS2-0211/ComfyUI/.ce/.pixi/envs/trellis2-nodes/lib/python3.10/multiprocessing/resource_sharer.py", line 138 in _serve
  [ComfyUI]   File "/workspaces/TRELLIS2-0211/ComfyUI/.ce/.pixi/envs/trellis2-nodes/lib/python3.10/threading.py", line 953 in run
  [ComfyUI]   File "/workspaces/TRELLIS2-0211/ComfyUI/.ce/.pixi/envs/trellis2-nodes/lib/python3.10/threading.py", line 1016 in _bootstrap_inner
  [ComfyUI]   File "/workspaces/TRELLIS2-0211/ComfyUI/.ce/.pixi/envs/trellis2-nodes/lib/python3.10/threading.py", line 973 in _bootstrap
  [ComfyUI] 
  [ComfyUI] Thread 0x00007d16c185b640 (most recent call first):
  [ComfyUI]   File "/workspaces/TRELLIS2-0211/ComfyUI/.ce/.pixi/envs/trellis2-nodes/lib/python3.10/threading.py", line 324 in wait
  [ComfyUI]   File "/workspaces/TRELLIS2-0211/ComfyUI/.ce/.pixi/envs/trellis2-nodes/lib/python3.10/threading.py", line 607 in wait
  [ComfyUI]   File "/workspaces/TRELLIS2-0211/ComfyUI/.ce/.pixi/envs/trellis2-nodes/lib/python3.10/site-packages/tqdm/_monitor.py", line 60 in run
  [ComfyUI]   File "/workspaces/TRELLIS2-0211/ComfyUI/.ce/.pixi/envs/trellis2-nodes/lib/python3.10/threading.py", line 1016 in _bootstrap_inner
  [ComfyUI]   File "/workspaces/TRELLIS2-0211/ComfyUI/.ce/.pixi/envs/trellis2-nodes/lib/python3.10/threading.py", line 973 in _bootstrap
  [ComfyUI] 
  [ComfyUI] Thread 0x00007d1ad0d23640 (most recent call first):
  [ComfyUI]   File "/tmp/comfyui_pvenv_cgcz3o91/persistent_worker.py", line 106 in _vram_poller
  [ComfyUI]   File "/workspaces/TRELLIS2-0211/ComfyUI/.ce/.pixi/envs/trellis2-nodes/lib/python3.10/threading.py", line 953 in run
  [ComfyUI]   File "/workspaces/TRELLIS2-0211/ComfyUI/.ce/.pixi/envs/trellis2-nodes/lib/python3.10/threading.py", line 1016 in _bootstrap_inner
  [ComfyUI]   File "/workspaces/TRELLIS2-0211/ComfyUI/.ce/.pixi/envs/trellis2-nodes/lib/python3.10/threading.py", line 973 in _bootstrap
  [ComfyUI] 
  [ComfyUI] Current thread 0x00007d1ad1524640 (most recent call first):
  [ComfyUI]   File "/tmp/comfyui_pvenv_cgcz3o91/persistent_worker.py", line 52 in _watchdog
  [ComfyUI]   File "/workspaces/TRELLIS2-0211/ComfyUI/.ce/.pixi/envs/trellis2-nodes/lib/python3.10/threading.py", line 953 in run
  [ComfyUI]   File "/workspaces/TRELLIS2-0211/ComfyUI/.ce/.pixi/envs/trellis2-nodes/lib/python3.10/threading.py", line 1016 in _bootstrap_inner
  [ComfyUI]   File "/workspaces/TRELLIS2-0211/ComfyUI/.ce/.pixi/envs/trellis2-nodes/lib/python3.10/threading.py", line 973 in _bootstrap
  [ComfyUI] 
  [ComfyUI] Thread 0x00007d1ad1afa740 (most recent call first):
  [ComfyUI]   File "/workspaces/TRELLIS2-0211/ComfyUI/comfy/attention_sparse.py", line 214 in sparse_scaled_dot_product_attention
  [ComfyUI]   File "/workspaces/TRELLIS2-0211/ComfyUI/custom_nodes/ComfyUI-TRELLIS2/nodes/trellis2/model.py", line 1040 in forward
  [ComfyUI]   File "/workspaces/TRELLIS2-0211/ComfyUI/.ce/.pixi/envs/trellis2-nodes/lib/python3.10/site-packages/torch/nn/modules/module.py", line 1790 in _call_impl
  [ComfyUI]   File "/workspaces/TRELLIS2-0211/ComfyUI/.ce/.pixi/envs/trellis2-nodes/lib/python3.10/site-packages/torch/nn/modules/module.py", line 1779 in _wrapped_call_impl
  [ComfyUI]   File "/workspaces/TRELLIS2-0211/ComfyUI/custom_nodes/ComfyUI-TRELLIS2/nodes/trellis2/model.py", line 1417 in _forward
  [ComfyUI]   File "/workspaces/TRELLIS2-0211/ComfyUI/custom_nodes/ComfyUI-TRELLIS2/nodes/trellis2/model.py", line 1442 in forward
  [ComfyUI]   File "/workspaces/TRELLIS2-0211/ComfyUI/.ce/.pixi/envs/trellis2-nodes/lib/python3.10/site-packages/torch/nn/modules/module.py", line 1790 in _call_impl
  [ComfyUI]   File "/workspaces/TRELLIS2-0211/ComfyUI/.ce/.pixi/envs/trellis2-nodes/lib/python3.10/site-packages/torch/nn/modules/module.py", line 1779 in _wrapped_call_impl
  [ComfyUI]   File "/workspaces/TRELLIS2-0211/ComfyUI/custom_nodes/ComfyUI-TRELLIS2/nodes/trellis2/model.py", line 1999 in _forward
  [ComfyUI]   File "/workspaces/TRELLIS2-0211/ComfyUI/comfy/patcher_extension.py", line 112 in execute
  [ComfyUI]   File "/workspaces/TRELLIS2-0211/ComfyUI/custom_nodes/ComfyUI-TRELLIS2/nodes/trellis2/model.py", line 1948 in forward
  [ComfyUI]   File "/workspaces/TRELLIS2-0211/ComfyUI/.ce/.pixi/envs/trellis2-nodes/lib/python3.10/site-packages/torch/nn/modules/module.py", line 1790 in _call_impl
  [ComfyUI]   File "/workspaces/TRELLIS2-0211/ComfyUI/.ce/.pixi/envs/trellis2-nodes/lib/python3.10/site-packages/torch/nn/modules/module.py", line 1779 in _wrapped_call_impl
  [ComfyUI]   File "/workspaces/TRELLIS2-0211/ComfyUI/custom_nodes/ComfyUI-TRELLIS2/nodes/trellis2/samplers/flow_euler.py", line 67 in _inference_model
  [ComfyUI]   File "/workspaces/TRELLIS2-0211/ComfyUI/custom_nodes/ComfyUI-TRELLIS2/nodes/trellis2/samplers/classifier_free_guidance_mixin.py", line 11 in _inference_model
  [ComfyUI]   File "/workspaces/TRELLIS2-0211/ComfyUI/custom_nodes/ComfyUI-TRELLIS2/nodes/trellis2/samplers/guidance_interval_mixin.py", line 13 in _inference_model
  [ComfyUI]   File "/workspaces/TRELLIS2-0211/ComfyUI/custom_nodes/ComfyUI-TRELLIS2/nodes/trellis2/samplers/flow_euler.py", line 75 in _get_model_prediction
  [ComfyUI]   File "/workspaces/TRELLIS2-0211/ComfyUI/custom_nodes/ComfyUI-TRELLIS2/nodes/trellis2/samplers/flow_euler.py", line 105 in sample_once
  [ComfyUI]   File "/workspaces/TRELLIS2-0211/ComfyUI/.ce/.pixi/envs/trellis2-nodes/lib/python3.10/site-packages/torch/utils/_contextlib.py", line 124 in decorate_context
  [ComfyUI]   File "/workspaces/TRELLIS2-0211/ComfyUI/custom_nodes/ComfyUI-TRELLIS2/nodes/trellis2/samplers/flow_euler.py", line 150 in sample
  [ComfyUI]   File "/workspaces/TRELLIS2-0211/ComfyUI/.ce/.pixi/envs/trellis2-nodes/lib/python3.10/site-packages/torch/utils/_contextlib.py", line 124 in decorate_context
  [ComfyUI]   File "/workspaces/TRELLIS2-0211/ComfyUI/custom_nodes/ComfyUI-TRELLIS2/nodes/trellis2/samplers/flow_euler.py", line 238 in sample
  [ComfyUI]   File "/workspaces/TRELLIS2-0211/ComfyUI/.ce/.pixi/envs/trellis2-nodes/lib/python3.10/site-packages/torch/utils/_contextlib.py", line 124 in decorate_context
  [ComfyUI]   File "/workspaces/TRELLIS2-0211/ComfyUI/custom_nodes/ComfyUI-TRELLIS2/nodes/stages.py", line 492 in _sample_shape_slat
  [ComfyUI]   File "/workspaces/TRELLIS2-0211/ComfyUI/custom_nodes/ComfyUI-TRELLIS2/nodes/stages.py", line 921 in run_shape_generation
  [ComfyUI]   File "/workspaces/TRELLIS2-0211/ComfyUI/custom_nodes/ComfyUI-TRELLIS2/nodes/nodes_inference.py", line 132 in execute
  [ComfyUI]   File "/workspaces/TRELLIS2-0211/ComfyUI/comfy_api/latest/_io.py", line 1826 in EXECUTE_NORMALIZED
  [ComfyUI]   File "/tmp/comfyui_pvenv_cgcz3o91/persistent_worker.py", line 1749 in main
  [ComfyUI]   File "/tmp/comfyui_pvenv_cgcz3o91/persistent_worker.py", line 1794 in <module>
  [ComfyUI] 
  [ComfyUI] [worker:ComfyUI-TRELLIS2] === END ===
  [ComfyUI] 
  [ComfyUI] [worker:ComfyUI-TRELLIS2] [VRAM] -280MB (now 2804MB) reserved=3488MB peak=3254MB
  [ComfyUI] [SubprocessWorker] callback 'report_progress' from call_id=3
  Frame 30 saved (frame_029.jpg, t=301.0s)
  [capture-periodic] freeze=1ms shot=192ms unfreeze=7ms saved=True
  [ComfyUI] [worker:ComfyUI-TRELLIS2] [VRAM] +283MB (now 3088MB) reserved=3528MB peak=3254MB
  [capture-loop] iter=2650 t=302.7s state={'complete': False, 'error': None, 'executedCount': 1, 'wsState': 1} eval_ms=2
  [ComfyUI] [worker:ComfyUI-TRELLIS2] [VRAM] -280MB (now 2808MB) reserved=3528MB peak=3254MB
  Frame 31 saved (frame_030.jpg, t=303.3s)
  [capture-periodic] freeze=2ms shot=163ms unfreeze=5ms saved=True
  [ComfyUI] [SubprocessWorker] callback 'report_progress' from call_id=3
  [ComfyUI] [worker:ComfyUI-TRELLIS2] [VRAM] +283MB (now 3092MB) reserved=3528MB peak=3254MB
  Frame 32 saved (frame_031.jpg, t=305.6s)
  [capture-periodic] freeze=2ms shot=177ms unfreeze=8ms saved=True
  [ComfyUI] [worker:ComfyUI-TRELLIS2] [VRAM] -280MB (now 2813MB) reserved=3528MB peak=3254MB
  [ComfyUI] [SubprocessWorker] callback 'report_progress' from call_id=3
  [ComfyUI] [worker:ComfyUI-TRELLIS2] [VRAM] -1042MB (now 1771MB) reserved=3528MB peak=3254MB
  [ComfyUI] [worker:ComfyUI-TRELLIS2] [VRAM] -1622MB (now 149MB) reserved=3528MB peak=3254MB
  Frame 33 saved (frame_032.jpg, t=307.9s)
  [capture-periodic] freeze=2ms shot=180ms unfreeze=8ms saved=True
  [ComfyUI] [SubprocessWorker] callback 'report_progress' from call_id=3
  [capture-loop] iter=2700 t=308.6s state={'complete': False, 'error': None, 'executedCount': 1, 'wsState': 1} eval_ms=2
  Frame 34 saved (frame_033.jpg, t=310.2s)
  [capture-periodic] freeze=2ms shot=162ms unfreeze=7ms saved=True
  Frame 35 saved (frame_034.jpg, t=312.5s)
  [ComfyUI] [SubprocessWorker] callback 'report_progress' from call_id=3
  [capture-periodic] freeze=1ms shot=186ms unfreeze=9ms saved=True
  [ComfyUI] [SubprocessWorker] callback 'report_progress' from call_id=3
  [ComfyUI] [worker:ComfyUI-TRELLIS2] [TRELLIS2] Built FlexiDualGridVaeDecoder on CPU: dtype=torch.bfloat16, 4.6s
  [ComfyUI] [SubprocessWorker] callback 'request_vram_budget' from call_id=3
  [ComfyUI] [comfy-env] VRAM request: 0.95GB, free before eviction: 7.66GB
  [ComfyUI] [comfy-env] VRAM after eviction: 7.66GB
  [ComfyUI] [worker:ComfyUI-TRELLIS2] [VRAM] +542MB (now 692MB) reserved=726MB peak=3254MB
  [ComfyUI] [worker:ComfyUI-TRELLIS2] [TRELLIS2] shape_slat_decoder -> GPU: 0.3s
  [ComfyUI] [worker:ComfyUI-TRELLIS2] [vae] set max_voxels_per_tile=1000000 on 40 SparseConv3d modules
  [ComfyUI] [worker:ComfyUI-TRELLIS2] [UNET] level=0 block=0 SparseConvNeXtBlock3d N=17,945 ch=1024 alloc=985MB
  [ComfyUI] [worker:ComfyUI-TRELLIS2] [sparse-conv] N=17,945 Ci=1024 Co=1024 feats=35MB cache=4MB (miss) w_dev=cuda:0 alloc=989MB
  [ComfyUI] [worker:ComfyUI-TRELLIS2] [VRAM] +588MB (now 1281MB) reserved=1298MB peak=3254MB
  [capture-loop] iter=2750 t=314.2s state={'complete': False, 'error': None, 'executedCount': 1, 'wsState': 1} eval_ms=2
  [ComfyUI] [worker:ComfyUI-TRELLIS2] [VRAM] -256MB (now 1025MB) reserved=1298MB peak=3254MB
  Frame 36 saved (frame_035.jpg, t=314.8s)
  [capture-periodic] freeze=1ms shot=162ms unfreeze=5ms saved=True
  [ComfyUI] [worker:ComfyUI-TRELLIS2] [VRAM] +256MB (now 1281MB) reserved=1298MB peak=3254MB
  [ComfyUI] [worker:ComfyUI-TRELLIS2] [VRAM] -256MB (now 1025MB) reserved=1298MB peak=3254MB
  Frame 37 saved (frame_036.jpg, t=317.1s)
  [capture-periodic] freeze=1ms shot=167ms unfreeze=5ms saved=True
  [ComfyUI] [worker:ComfyUI-TRELLIS2] [sparse-conv] out=35MB alloc=1025MB
  [ComfyUI] [SubprocessWorker] callback 'report_progress' from call_id=3
  [ComfyUI] [worker:ComfyUI-TRELLIS2] [UNET] level=0 block=1 SparseConvNeXtBlock3d N=17,945 ch=1024 alloc=990MB
  [ComfyUI] [worker:ComfyUI-TRELLIS2] [sparse-conv] N=17,945 Ci=1024 Co=1024 feats=35MB cache=4MB (miss) w_dev=cuda:0 alloc=994MB
  [ComfyUI] [worker:ComfyUI-TRELLIS2] [sparse-conv] out=35MB alloc=1029MB
  [ComfyUI] [worker:ComfyUI-TRELLIS2] [UNET] level=0 block=2 SparseConvNeXtBlock3d N=17,945 ch=1024 alloc=990MB
  [ComfyUI] [worker:ComfyUI-TRELLIS2] [sparse-conv] N=17,945 Ci=1024 Co=1024 feats=35MB cache=4MB (miss) w_dev=cuda:0 alloc=994MB
  [ComfyUI] [worker:ComfyUI-TRELLIS2] [sparse-conv] out=35MB alloc=1029MB
  [ComfyUI] [worker:ComfyUI-TRELLIS2] [UNET] level=0 block=3 SparseConvNeXtBlock3d N=17,945 ch=1024 alloc=990MB
  [ComfyUI] [worker:ComfyUI-TRELLIS2] [sparse-conv] N=17,945 Ci=1024 Co=1024 feats=35MB cache=4MB (miss) w_dev=cuda:0 alloc=994MB
  [ComfyUI] [worker:ComfyUI-TRELLIS2] [sparse-conv] out=35MB alloc=1029MB
  [ComfyUI] [SubprocessWorker] callback 'report_progress' from call_id=3
  [ComfyUI] [worker:ComfyUI-TRELLIS2] [UNET] level=0 block=4 SparseResBlockC2S3d N=17,945 ch=1024 alloc=990MB
  [ComfyUI] [worker:ComfyUI-TRELLIS2] [C2S3d] after subdiv: alloc=990MB
  [ComfyUI] [worker:ComfyUI-TRELLIS2] [C2S3d] after norm1: alloc=1025MB
  [ComfyUI] [worker:ComfyUI-TRELLIS2] [C2S3d] pre-conv1: N=17,945 Ci=1024 Co=4096 alloc=1025MB
  [ComfyUI] [worker:ComfyUI-TRELLIS2] [C2S3d] x.feats offloaded before conv1: alloc=1025MB
  [ComfyUI] [worker:ComfyUI-TRELLIS2] [sparse-conv] N=17,945 Ci=1024 Co=4096 feats=35MB cache=4MB (miss) w_dev=cuda:0 alloc=1030MB
  [ComfyUI] [worker:ComfyUI-TRELLIS2] [VRAM] +401MB (now 1426MB) reserved=1478MB peak=3254MB
  Frame 38 saved (frame_037.jpg, t=319.4s)
  [capture-periodic] freeze=2ms shot=171ms unfreeze=66ms saved=True
  [capture-loop] iter=2800 t=320.1s state={'complete': False, 'error': None, 'executedCount': 1, 'wsState': 1} eval_ms=2
  [ComfyUI] [worker:ComfyUI-TRELLIS2] [VRAM] -256MB (now 1170MB) reserved=1478MB peak=3254MB
  Frame 39 saved (frame_038.jpg, t=321.8s)
  [capture-periodic] freeze=1ms shot=200ms unfreeze=8ms saved=True
  [ComfyUI] [worker:ComfyUI-TRELLIS2] [VRAM] +256MB (now 1426MB) reserved=1478MB peak=3254MB
  [ComfyUI] [worker:ComfyUI-TRELLIS2] [VRAM] -256MB (now 1170MB) reserved=1478MB peak=3254MB
  [ComfyUI] [worker:ComfyUI-TRELLIS2] [VRAM] +256MB (now 1426MB) reserved=1478MB peak=3254MB
  [capture-loop] iter=2850 t=325.7s state={'complete': False, 'error': None, 'executedCount': 1, 'wsState': 1} eval_ms=2
  [ComfyUI] [worker:ComfyUI-TRELLIS2] [VRAM] -256MB (now 1170MB) reserved=1478MB peak=3254MB
  [ComfyUI] [worker:ComfyUI-TRELLIS2] [VRAM] +256MB (now 1426MB) reserved=1478MB peak=3254MB
  [ComfyUI] [worker:ComfyUI-TRELLIS2] [VRAM] -256MB (now 1170MB) reserved=1478MB peak=3254MB
  [ComfyUI] [worker:ComfyUI-TRELLIS2] [VRAM] +256MB (now 1426MB) reserved=1478MB peak=3254MB
  [capture-loop] iter=2900 t=331.4s state={'complete': False, 'error': None, 'executedCount': 1, 'wsState': 1} eval_ms=2
  [ComfyUI] [worker:ComfyUI-TRELLIS2] [sparse-conv] out=140MB alloc=1170MB
  [ComfyUI] [worker:ComfyUI-TRELLIS2] [C2S3d] post-conv1: h=torch.Size([17945, 4096]) alloc=1135MB
  [ComfyUI] [worker:ComfyUI-TRELLIS2] [VRAM] -256MB (now 1170MB) reserved=1478MB peak=3254MB
  [ComfyUI] [worker:ComfyUI-TRELLIS2] [C2S3d] x.feats restored from CPU: alloc=1170MB
  [ComfyUI] [worker:ComfyUI-TRELLIS2] [C2S3d] pre-C2S(h): alloc=1170MB
  [ComfyUI] [worker:ComfyUI-TRELLIS2] [C2S] scatter: 17,945×4096 -> 86,811×512 in=140MB out=84MB alloc=1173MB
  [ComfyUI] [worker:ComfyUI-TRELLIS2] [C2S] scatter done: alloc=1258MB
  [ComfyUI] [worker:ComfyUI-TRELLIS2] [C2S3d] post-C2S(h): h=torch.Size([86811, 512]) alloc=1116MB
  [ComfyUI] [worker:ComfyUI-TRELLIS2] [C2S] scatter: 17,945×1024 -> 86,811×128 in=35MB out=21MB alloc=1119MB
  [ComfyUI] [worker:ComfyUI-TRELLIS2] [C2S] scatter done: alloc=1141MB
  [ComfyUI] [worker:ComfyUI-TRELLIS2] [C2S3d] post-C2S(x): x=torch.Size([86811, 128]) alloc=1103MB
  [ComfyUI] [worker:ComfyUI-TRELLIS2] [C2S3d] post-C2S: N=86,811 h=512ch x=128ch alloc=1103MB
  [ComfyUI] [worker:ComfyUI-TRELLIS2] [C2S3d] x offloaded to CPU, pre-conv2: alloc=1081MB
  [ComfyUI] [worker:ComfyUI-TRELLIS2] [C2S3d] after norm2: alloc=1081MB
  [ComfyUI] [worker:ComfyUI-TRELLIS2] [C2S3d] after silu: alloc=1081MB
  [ComfyUI] [worker:ComfyUI-TRELLIS2] [sparse-conv] N=86,811 Ci=512 Co=512 feats=84MB cache=21MB (miss) w_dev=cuda:0 alloc=1102MB
  [ComfyUI] [worker:ComfyUI-TRELLIS2] [VRAM] +273MB (now 1443MB) reserved=1500MB peak=3254MB
  [ComfyUI] [worker:ComfyUI-TRELLIS2] [VRAM] -256MB (now 1187MB) reserved=1500MB peak=3254MB
  [ComfyUI] [worker:ComfyUI-TRELLIS2] [VRAM] +256MB (now 1443MB) reserved=1500MB peak=3254MB
  [ComfyUI] [worker:ComfyUI-TRELLIS2] [VRAM] -256MB (now 1187MB) reserved=1500MB peak=3254MB
  [ComfyUI] [worker:ComfyUI-TRELLIS2] [sparse-conv] out=84MB alloc=1187MB
  [ComfyUI] [worker:ComfyUI-TRELLIS2] [C2S3d] post-conv2: alloc=1103MB
  [ComfyUI] [worker:ComfyUI-TRELLIS2] [C2S3d] post-conv2 (cache cleared): alloc=1081MB
  [ComfyUI] [worker:ComfyUI-TRELLIS2] [C2S3d] after skip expand: alloc=1166MB
  [ComfyUI] [worker:ComfyUI-TRELLIS2] [C2S3d] post-skip: alloc=1081MB
  [ComfyUI] [SubprocessWorker] callback 'report_progress' from call_id=3
  [ComfyUI] [worker:ComfyUI-TRELLIS2] [UNET] level=1 block=0 SparseConvNeXtBlock3d N=86,811 ch=512 alloc=1046MB
  [ComfyUI] [worker:ComfyUI-TRELLIS2] [sparse-conv] N=86,811 Ci=512 Co=512 feats=84MB cache=21MB (miss) w_dev=cuda:0 alloc=1067MB
  [ComfyUI] [worker:ComfyUI-TRELLIS2] [sparse-conv] out=84MB alloc=1152MB
  [ComfyUI] [worker:ComfyUI-TRELLIS2] [UNET] level=1 block=1 SparseConvNeXtBlock3d N=86,811 ch=512 alloc=1046MB
  [ComfyUI] [worker:ComfyUI-TRELLIS2] [sparse-conv] N=86,811 Ci=512 Co=512 feats=84MB cache=21MB (miss) w_dev=cuda:0 alloc=1067MB
  [ComfyUI] [worker:ComfyUI-TRELLIS2] [sparse-conv] out=84MB alloc=1152MB
  [ComfyUI] [worker:ComfyUI-TRELLIS2] [UNET] level=1 block=2 SparseConvNeXtBlock3d N=86,811 ch=512 alloc=1046MB
  [ComfyUI] [worker:ComfyUI-TRELLIS2] [sparse-conv] N=86,811 Ci=512 Co=512 feats=84MB cache=21MB (miss) w_dev=cuda:0 alloc=1067MB
  [ComfyUI] [worker:ComfyUI-TRELLIS2] [sparse-conv] out=84MB alloc=1152MB
  [ComfyUI] [worker:ComfyUI-TRELLIS2] [UNET] level=1 block=3 SparseConvNeXtBlock3d N=86,811 ch=512 alloc=1046MB
  [ComfyUI] [worker:ComfyUI-TRELLIS2] [sparse-conv] N=86,811 Ci=512 Co=512 feats=84MB cache=21MB (miss) w_dev=cuda:0 alloc=1067MB
  [ComfyUI] [worker:ComfyUI-TRELLIS2] [sparse-conv] out=84MB alloc=1152MB
  [ComfyUI] [SubprocessWorker] callback 'report_progress' from call_id=3
  [ComfyUI] [worker:ComfyUI-TRELLIS2] [UNET] level=1 block=4 SparseConvNeXtBlock3d N=86,811 ch=512 alloc=1046MB
  [ComfyUI] [worker:ComfyUI-TRELLIS2] [sparse-conv] N=86,811 Ci=512 Co=512 feats=84MB cache=21MB (miss) w_dev=cuda:0 alloc=1067MB
  [ComfyUI] [worker:ComfyUI-TRELLIS2] [sparse-conv] out=84MB alloc=1152MB
  [ComfyUI] [worker:ComfyUI-TRELLIS2] [UNET] level=1 block=5 SparseConvNeXtBlock3d N=86,811 ch=512 alloc=1046MB
  [ComfyUI] [worker:ComfyUI-TRELLIS2] [sparse-conv] N=86,811 Ci=512 Co=512 feats=84MB cache=21MB (miss) w_dev=cuda:0 alloc=1067MB
  [ComfyUI] [worker:ComfyUI-TRELLIS2] [sparse-conv] out=84MB alloc=1152MB
  [ComfyUI] [worker:ComfyUI-TRELLIS2] [UNET] level=1 block=6 SparseConvNeXtBlock3d N=86,811 ch=512 alloc=1046MB
  [ComfyUI] [worker:ComfyUI-TRELLIS2] [sparse-conv] N=86,811 Ci=512 Co=512 feats=84MB cache=21MB (miss) w_dev=cuda:0 alloc=1067MB
  [ComfyUI] [worker:ComfyUI-TRELLIS2] [sparse-conv] out=84MB alloc=1152MB
  [ComfyUI] [SubprocessWorker] callback 'report_progress' from call_id=3
  [ComfyUI] [worker:ComfyUI-TRELLIS2] [UNET] level=1 block=7 SparseConvNeXtBlock3d N=86,811 ch=512 alloc=1046MB
  [ComfyUI] [worker:ComfyUI-TRELLIS2] [sparse-conv] N=86,811 Ci=512 Co=512 feats=84MB cache=21MB (miss) w_dev=cuda:0 alloc=1067MB
  [ComfyUI] [worker:ComfyUI-TRELLIS2] [sparse-conv] out=84MB alloc=1152MB
  [ComfyUI] [worker:ComfyUI-TRELLIS2] [UNET] level=1 block=8 SparseConvNeXtBlock3d N=86,811 ch=512 alloc=1046MB
  [ComfyUI] [worker:ComfyUI-TRELLIS2] [sparse-conv] N=86,811 Ci=512 Co=512 feats=84MB cache=21MB (miss) w_dev=cuda:0 alloc=1067MB
  [ComfyUI] [worker:ComfyUI-TRELLIS2] [sparse-conv] out=84MB alloc=1152MB
  [ComfyUI] [worker:ComfyUI-TRELLIS2] [UNET] level=1 block=9 SparseConvNeXtBlock3d N=86,811 ch=512 alloc=1046MB
  [ComfyUI] [worker:ComfyUI-TRELLIS2] [sparse-conv] N=86,811 Ci=512 Co=512 feats=84MB cache=21MB (miss) w_dev=cuda:0 alloc=1067MB
  [ComfyUI] [worker:ComfyUI-TRELLIS2] [sparse-conv] out=84MB alloc=1152MB
  [ComfyUI] [SubprocessWorker] callback 'report_progress' from call_id=3
  [ComfyUI] [worker:ComfyUI-TRELLIS2] [UNET] level=1 block=10 SparseConvNeXtBlock3d N=86,811 ch=512 alloc=1046MB
  [ComfyUI] [worker:ComfyUI-TRELLIS2] [sparse-conv] N=86,811 Ci=512 Co=512 feats=84MB cache=21MB (miss) w_dev=cuda:0 alloc=1067MB
  [ComfyUI] [worker:ComfyUI-TRELLIS2] [sparse-conv] out=84MB alloc=1152MB
  [ComfyUI] [worker:ComfyUI-TRELLIS2] [UNET] level=1 block=11 SparseConvNeXtBlock3d N=86,811 ch=512 alloc=1046MB
  [ComfyUI] [worker:ComfyUI-TRELLIS2] [sparse-conv] N=86,811 Ci=512 Co=512 feats=84MB cache=21MB (miss) w_dev=cuda:0 alloc=1067MB
  [ComfyUI] [worker:ComfyUI-TRELLIS2] [sparse-conv] out=84MB alloc=1152MB
  [ComfyUI] [worker:ComfyUI-TRELLIS2] [UNET] level=1 block=12 SparseConvNeXtBlock3d N=86,811 ch=512 alloc=1046MB
  [ComfyUI] [worker:ComfyUI-TRELLIS2] [sparse-conv] N=86,811 Ci=512 Co=512 feats=84MB cache=21MB (miss) w_dev=cuda:0 alloc=1067MB
  [ComfyUI] [worker:ComfyUI-TRELLIS2] [sparse-conv] out=84MB alloc=1152MB
  [ComfyUI] [SubprocessWorker] callback 'report_progress' from call_id=3
  [ComfyUI] [worker:ComfyUI-TRELLIS2] [UNET] level=1 block=13 SparseConvNeXtBlock3d N=86,811 ch=512 alloc=1046MB
  [ComfyUI] [worker:ComfyUI-TRELLIS2] [sparse-conv] N=86,811 Ci=512 Co=512 feats=84MB cache=21MB (miss) w_dev=cuda:0 alloc=1067MB
  [ComfyUI] [worker:ComfyUI-TRELLIS2] [sparse-conv] out=84MB alloc=1152MB
  [ComfyUI] [worker:ComfyUI-TRELLIS2] [UNET] level=1 block=14 SparseConvNeXtBlock3d N=86,811 ch=512 alloc=1046MB
  [ComfyUI] [worker:ComfyUI-TRELLIS2] [sparse-conv] N=86,811 Ci=512 Co=512 feats=84MB cache=21MB (miss) w_dev=cuda:0 alloc=1067MB
  [ComfyUI] [worker:ComfyUI-TRELLIS2] [sparse-conv] out=84MB alloc=1152MB
  [ComfyUI] [worker:ComfyUI-TRELLIS2] [UNET] level=1 block=15 SparseConvNeXtBlock3d N=86,811 ch=512 alloc=1046MB
  [ComfyUI] [worker:ComfyUI-TRELLIS2] [sparse-conv] N=86,811 Ci=512 Co=512 feats=84MB cache=21MB (miss) w_dev=cuda:0 alloc=1067MB
  [ComfyUI] [worker:ComfyUI-TRELLIS2] [sparse-conv] out=84MB alloc=1152MB
  [ComfyUI] [SubprocessWorker] callback 'report_progress' from call_id=3
  [ComfyUI] [worker:ComfyUI-TRELLIS2] [UNET] level=1 block=16 SparseResBlockC2S3d N=86,811 ch=512 alloc=1046MB
  [ComfyUI] [worker:ComfyUI-TRELLIS2] [C2S3d] after subdiv: alloc=1047MB
  [ComfyUI] [worker:ComfyUI-TRELLIS2] [C2S3d] after norm1: alloc=1132MB
  [ComfyUI] [worker:ComfyUI-TRELLIS2] [C2S3d] pre-conv1: N=86,811 Ci=512 Co=2048 alloc=1132MB
  [capture-loop] iter=2950 t=336.9s state={'complete': False, 'error': None, 'executedCount': 1, 'wsState': 1} eval_ms=14
  [ComfyUI] [worker:ComfyUI-TRELLIS2] [C2S3d] x.feats offloaded before conv1: alloc=1132MB
  [ComfyUI] [worker:ComfyUI-TRELLIS2] [sparse-conv] N=86,811 Ci=512 Co=2048 feats=84MB cache=21MB (miss) w_dev=cuda:0 alloc=1154MB
  [ComfyUI] [worker:ComfyUI-TRELLIS2] [VRAM] +305MB (now 1493MB) reserved=1562MB peak=3254MB
  Frame 40 saved (frame_039.jpg, t=337.5s)
  [capture-periodic] freeze=2ms shot=147ms unfreeze=4ms saved=True
  [ComfyUI] [worker:ComfyUI-TRELLIS2] [VRAM] +256MB (now 1749MB) reserved=1822MB peak=3254MB
  [ComfyUI] [worker:ComfyUI-TRELLIS2] [VRAM] -256MB (now 1493MB) reserved=1822MB peak=3254MB
  Frame 41 saved (frame_040.jpg, t=339.8s)
  [capture-periodic] freeze=1ms shot=171ms unfreeze=8ms saved=True
  [ComfyUI] [worker:ComfyUI-TRELLIS2] [VRAM] +256MB (now 1749MB) reserved=1822MB peak=3254MB
  [ComfyUI] [worker:ComfyUI-TRELLIS2] [VRAM] -256MB (now 1493MB) reserved=1822MB peak=3254MB
  [capture-loop] iter=3000 t=342.7s state={'complete': False, 'error': None, 'executedCount': 1, 'wsState': 1} eval_ms=2
  [ComfyUI] [worker:ComfyUI-TRELLIS2] [VRAM] +256MB (now 1749MB) reserved=1822MB peak=3254MB
  [ComfyUI] [worker:ComfyUI-TRELLIS2] [VRAM] -256MB (now 1494MB) reserved=1822MB peak=3254MB
  [ComfyUI] [worker:ComfyUI-TRELLIS2] [VRAM] +256MB (now 1750MB) reserved=1822MB peak=3254MB
  [ComfyUI] [worker:ComfyUI-TRELLIS2] [sparse-conv] out=339MB alloc=1494MB
  [ComfyUI] [worker:ComfyUI-TRELLIS2] [C2S3d] post-conv1: h=torch.Size([86811, 2048]) alloc=1409MB
  [ComfyUI] [worker:ComfyUI-TRELLIS2] [C2S3d] x.feats restored from CPU: alloc=1494MB
  [ComfyUI] [worker:ComfyUI-TRELLIS2] [C2S3d] pre-C2S(h): alloc=1494MB
  [ComfyUI] [worker:ComfyUI-TRELLIS2] [C2S] scatter: 86,811×2048 -> 406,239×256 in=339MB out=198MB alloc=1510MB
  [ComfyUI] [worker:ComfyUI-TRELLIS2] [C2S] offloaded 339MB to CPU, alloc=1171MB
  [ComfyUI] [worker:ComfyUI-TRELLIS2] [C2S] scatter done: alloc=1369MB
  [ComfyUI] [worker:ComfyUI-TRELLIS2] [C2S3d] post-C2S(h): h=torch.Size([406239, 256]) alloc=1359MB
  [ComfyUI] [worker:ComfyUI-TRELLIS2] [C2S] scatter: 86,811×512 -> 406,239×64 in=84MB out=49MB alloc=1375MB
  [ComfyUI] [worker:ComfyUI-TRELLIS2] [C2S] scatter done: alloc=1425MB
  [ComfyUI] [worker:ComfyUI-TRELLIS2] [C2S3d] post-C2S(x): x=torch.Size([406239, 64]) alloc=1330MB
  [ComfyUI] [worker:ComfyUI-TRELLIS2] [C2S3d] post-C2S: N=406,239 h=256ch x=64ch alloc=1329MB
  [ComfyUI] [worker:ComfyUI-TRELLIS2] [C2S3d] x offloaded to CPU, pre-conv2: alloc=1274MB
  [ComfyUI] [worker:ComfyUI-TRELLIS2] [C2S3d] after norm2: alloc=1274MB
  [ComfyUI] [worker:ComfyUI-TRELLIS2] [C2S3d] after silu: alloc=1274MB
  [ComfyUI] [worker:ComfyUI-TRELLIS2] [sparse-conv] N=406,239 Ci=256 Co=256 feats=198MB cache=98MB (miss) w_dev=cuda:0 alloc=1372MB
  [capture-loop] iter=3050 t=348.2s state={'complete': False, 'error': None, 'executedCount': 1, 'wsState': 1} eval_ms=2
  [ComfyUI] [worker:ComfyUI-TRELLIS2] [sparse-conv] out=198MB alloc=1572MB
  [ComfyUI] [worker:ComfyUI-TRELLIS2] [C2S3d] post-conv2: alloc=1374MB
  [ComfyUI] [worker:ComfyUI-TRELLIS2] [C2S3d] post-conv2 (cache cleared): alloc=1274MB
  [ComfyUI] [worker:ComfyUI-TRELLIS2] [VRAM] -476MB (now 1274MB) reserved=2000MB peak=3254MB
  [ComfyUI] [worker:ComfyUI-TRELLIS2] [C2S3d] after skip expand: alloc=1472MB
  [ComfyUI] [worker:ComfyUI-TRELLIS2] [C2S3d] post-skip: alloc=1274MB
  [ComfyUI] [SubprocessWorker] callback 'report_progress' from call_id=3
  [ComfyUI] [worker:ComfyUI-TRELLIS2] [UNET] level=2 block=0 SparseConvNeXtBlock3d N=406,239 ch=256 alloc=1189MB
  [ComfyUI] [worker:ComfyUI-TRELLIS2] [sparse-conv] N=406,239 Ci=256 Co=256 feats=198MB cache=98MB (miss) w_dev=cuda:0 alloc=1287MB
  [ComfyUI] [worker:ComfyUI-TRELLIS2] [sparse-conv] out=198MB alloc=1486MB
  [ComfyUI] [worker:ComfyUI-TRELLIS2] [UNET] level=2 block=1 SparseConvNeXtBlock3d N=406,239 ch=256 alloc=1189MB
  [ComfyUI] [worker:ComfyUI-TRELLIS2] [sparse-conv] N=406,239 Ci=256 Co=256 feats=198MB cache=98MB (miss) w_dev=cuda:0 alloc=1287MB
  [ComfyUI] [worker:ComfyUI-TRELLIS2] [sparse-conv] out=198MB alloc=1486MB
  [ComfyUI] [worker:ComfyUI-TRELLIS2] [UNET] level=2 block=2 SparseConvNeXtBlock3d N=406,239 ch=256 alloc=1189MB
  [ComfyUI] [worker:ComfyUI-TRELLIS2] [sparse-conv] N=406,239 Ci=256 Co=256 feats=198MB cache=98MB (miss) w_dev=cuda:0 alloc=1287MB
  [ComfyUI] [worker:ComfyUI-TRELLIS2] [sparse-conv] out=198MB alloc=1486MB
  [ComfyUI] [SubprocessWorker] callback 'report_progress' from call_id=3
  [ComfyUI] [worker:ComfyUI-TRELLIS2] [UNET] level=2 block=3 SparseConvNeXtBlock3d N=406,239 ch=256 alloc=1189MB
  [ComfyUI] [worker:ComfyUI-TRELLIS2] [sparse-conv] N=406,239 Ci=256 Co=256 feats=198MB cache=98MB (miss) w_dev=cuda:0 alloc=1287MB
  [ComfyUI] [worker:ComfyUI-TRELLIS2] [sparse-conv] out=198MB alloc=1486MB
  [ComfyUI] [worker:ComfyUI-TRELLIS2] [UNET] level=2 block=4 SparseConvNeXtBlock3d N=406,239 ch=256 alloc=1189MB
  [ComfyUI] [worker:ComfyUI-TRELLIS2] [sparse-conv] N=406,239 Ci=256 Co=256 feats=198MB cache=98MB (miss) w_dev=cuda:0 alloc=1287MB
  [ComfyUI] [worker:ComfyUI-TRELLIS2] [sparse-conv] out=198MB alloc=1486MB
  [ComfyUI] [SubprocessWorker] callback 'report_progress' from call_id=3
  [ComfyUI] [worker:ComfyUI-TRELLIS2] [UNET] level=2 block=5 SparseConvNeXtBlock3d N=406,239 ch=256 alloc=1189MB
  [ComfyUI] [worker:ComfyUI-TRELLIS2] [sparse-conv] N=406,239 Ci=256 Co=256 feats=198MB cache=98MB (miss) w_dev=cuda:0 alloc=1287MB
  [ComfyUI] [worker:ComfyUI-TRELLIS2] [sparse-conv] out=198MB alloc=1486MB
  [ComfyUI] [worker:ComfyUI-TRELLIS2] [UNET] level=2 block=6 SparseConvNeXtBlock3d N=406,239 ch=256 alloc=1189MB
  [ComfyUI] [worker:ComfyUI-TRELLIS2] [sparse-conv] N=406,239 Ci=256 Co=256 feats=198MB cache=98MB (miss) w_dev=cuda:0 alloc=1287MB
  [ComfyUI] [worker:ComfyUI-TRELLIS2] [sparse-conv] out=198MB alloc=1486MB
  [ComfyUI] [SubprocessWorker] callback 'report_progress' from call_id=3
  [ComfyUI] [worker:ComfyUI-TRELLIS2] [UNET] level=2 block=7 SparseConvNeXtBlock3d N=406,239 ch=256 alloc=1189MB
  [ComfyUI] [worker:ComfyUI-TRELLIS2] [sparse-conv] N=406,239 Ci=256 Co=256 feats=198MB cache=98MB (miss) w_dev=cuda:0 alloc=1287MB
  [ComfyUI] [worker:ComfyUI-TRELLIS2] [sparse-conv] out=198MB alloc=1486MB
  [ComfyUI] [worker:ComfyUI-TRELLIS2] [UNET] level=2 block=8 SparseResBlockC2S3d N=406,239 ch=256 alloc=1189MB
  [ComfyUI] [worker:ComfyUI-TRELLIS2] [C2S3d] after subdiv: alloc=1195MB
  [ComfyUI] [worker:ComfyUI-TRELLIS2] [C2S3d] after norm1: alloc=1393MB
  [ComfyUI] [worker:ComfyUI-TRELLIS2] [C2S3d] pre-conv1: N=406,239 Ci=256 Co=1024 alloc=1393MB
  [ComfyUI] [worker:ComfyUI-TRELLIS2] [C2S3d] x.feats offloaded before conv1: alloc=1396MB
  [ComfyUI] [worker:ComfyUI-TRELLIS2] [sparse-conv] N=406,239 Ci=256 Co=1024 feats=198MB cache=98MB (miss) w_dev=cuda:0 alloc=1495MB
  [ComfyUI] [worker:ComfyUI-TRELLIS2] [VRAM] +1271MB (now 2545MB) reserved=2760MB peak=3254MB
  Frame 42 saved (frame_041.jpg, t=351.1s)
  [capture-periodic] freeze=1ms shot=203ms unfreeze=5ms saved=True
  [ComfyUI] [worker:ComfyUI-TRELLIS2] [VRAM] -256MB (now 2289MB) reserved=2760MB peak=3254MB
  [ComfyUI] [worker:ComfyUI-TRELLIS2] [VRAM] +256MB (now 2545MB) reserved=2760MB peak=3254MB
  Frame 43 saved (frame_042.jpg, t=353.4s)
  [capture-periodic] freeze=1ms shot=119ms unfreeze=7ms saved=True
  [capture-loop] iter=3100 t=354.0s state={'complete': False, 'error': None, 'executedCount': 1, 'wsState': 1} eval_ms=2
  [ComfyUI] [worker:ComfyUI-TRELLIS2] [VRAM] -256MB (now 2289MB) reserved=2760MB peak=3254MB
  [ComfyUI] [worker:ComfyUI-TRELLIS2] [VRAM] +256MB (now 2545MB) reserved=2760MB peak=3254MB
  [ComfyUI] [worker:ComfyUI-TRELLIS2] [VRAM] -256MB (now 2290MB) reserved=2760MB peak=3254MB
  [ComfyUI] [worker:ComfyUI-TRELLIS2] [sparse-conv] out=793MB alloc=2290MB
  [ComfyUI] [worker:ComfyUI-TRELLIS2] [C2S3d] post-conv1: h=torch.Size([406239, 1024]) alloc=2092MB
  [ComfyUI] [worker:ComfyUI-TRELLIS2] [C2S3d] x.feats restored from CPU: alloc=2290MB
  [ComfyUI] [worker:ComfyUI-TRELLIS2] [C2S3d] pre-C2S(h): alloc=2290MB
  [ComfyUI] [worker:ComfyUI-TRELLIS2] [C2S] scatter: 406,239×1024 -> 1,898,839×128 in=793MB out=463MB alloc=2366MB
  [ComfyUI] [worker:ComfyUI-TRELLIS2] [C2S] offloaded 793MB to CPU, alloc=1572MB
  [ComfyUI] [worker:ComfyUI-TRELLIS2] [VRAM] -718MB (now 1572MB) reserved=1660MB peak=3254MB
  [ComfyUI] [worker:ComfyUI-TRELLIS2] [C2S] scatter done: alloc=2036MB
  [ComfyUI] [worker:ComfyUI-TRELLIS2] [C2S3d] post-C2S(h): h=torch.Size([1898839, 128]) alloc=1989MB
  [ComfyUI] [worker:ComfyUI-TRELLIS2] [C2S] scatter: 406,239×256 -> 1,898,839×32 in=198MB out=115MB alloc=2065MB
  [ComfyUI] [worker:ComfyUI-TRELLIS2] [C2S] scatter done: alloc=2181MB
  [ComfyUI] [worker:ComfyUI-TRELLIS2] [C2S3d] post-C2S(x): x=torch.Size([1898839, 32]) alloc=1936MB
  [ComfyUI] [worker:ComfyUI-TRELLIS2] [C2S3d] post-C2S: N=1,898,839 h=128ch x=32ch alloc=1933MB
  [ComfyUI] [worker:ComfyUI-TRELLIS2] [C2S3d] x offloaded to CPU, pre-conv2: alloc=1788MB
  [ComfyUI] [worker:ComfyUI-TRELLIS2] [C2S3d] h.feats offloaded for chunked norm2+silu: alloc=1324MB
  [capture-loop] iter=3150 t=359.5s state={'complete': False, 'error': None, 'executedCount': 1, 'wsState': 1} eval_ms=1
  [ComfyUI] [worker:ComfyUI-TRELLIS2] [VRAM] -249MB (now 1324MB) reserved=2160MB peak=3254MB
  [ComfyUI] [worker:ComfyUI-TRELLIS2] [C2S3d] after chunked norm2+silu: alloc=1788MB
  [ComfyUI] [worker:ComfyUI-TRELLIS2] [sparse-conv] TILED: N=1,898,839 max_tile=1,000,000 feats=463MB alloc=1788MB
  [ComfyUI] [worker:ComfyUI-TRELLIS2] [sparse-conv] TILED feats offloaded to CPU, alloc=1324MB
  [ComfyUI] [worker:ComfyUI-TRELLIS2] [tiled_conv] N=1,898,839 Ci=128 Co=128 K=(3, 3, 3) feats=464MB out=464MB feats_dev=cpu alloc=1324MB
  [ComfyUI] [worker:ComfyUI-TRELLIS2] [tiled_conv] 2 tiles, VRAM baseline=1324MB
  [ComfyUI] 
  [ComfyUI] Tiled Conv3d:   0%|          | 0/2 [00:00<?][worker:ComfyUI-TRELLIS2] [VRAM] +981MB (now 2306MB) reserved=2442MB peak=3254MB
  [ComfyUI] [worker:ComfyUI-TRELLIS2]
  [ComfyUI] === WATCHDOG TICK 6 ===
  [ComfyUI] [worker:ComfyUI-TRELLIS2] Thread 0x00007d1690b39640 (most recent call first):
  [ComfyUI]   File "/workspaces/TRELLIS2-0211/ComfyUI/.ce/.pixi/envs/trellis2-nodes/lib/python3.10/threading.py", line 324 in wait
  [ComfyUI]   File "/workspaces/TRELLIS2-0211/ComfyUI/.ce/.pixi/envs/trellis2-nodes/lib/python3.10/threading.py", line 607 in wait
  [ComfyUI]   File "/workspaces/TRELLIS2-0211/ComfyUI/.ce/.pixi/envs/trellis2-nodes/lib/python3.10/site-packages/tqdm/_monitor.py", line 60 in run
  [ComfyUI]   File "/workspaces/TRELLIS2-0211/ComfyUI/.ce/.pixi/envs/trellis2-nodes/lib/python3.10/threading.py", line 1016 in _bootstrap_inner
  [ComfyUI]   File "/workspaces/TRELLIS2-0211/ComfyUI/.ce/.pixi/envs/trellis2-nodes/lib/python3.10/threading.py", line 973 in _bootstrap
  [ComfyUI] 
  [ComfyUI] Thread 0x00007d173d1fc640 (most recent call first):
  [ComfyUI]   File "/workspaces/TRELLIS2-0211/ComfyUI/.ce/.pixi/envs/trellis2-nodes/lib/python3.10/socket.py", line 293 in accept
  [ComfyUI]   File "/workspaces/TRELLIS2-0211/ComfyUI/.ce/.pixi/envs/trellis2-nodes/lib/python3.10/multiprocessing/connection.py", line 609 in accept
  [ComfyUI]   File "/workspaces/TRELLIS2-0211/ComfyUI/.ce/.pixi/envs/trellis2-nodes/lib/python3.10/multiprocessing/connection.py", line 463 in accept
  [ComfyUI]   File "/workspaces/TRELLIS2-0211/ComfyUI/.ce/.pixi/envs/trellis2-nodes/lib/python3.10/multiprocessing/resource_sharer.py", line 138 in _serve
  [ComfyUI]   File "/workspaces/TRELLIS2-0211/ComfyUI/.ce/.pixi/envs/trellis2-nodes/lib/python3.10/threading.py", line 953 in run
  [ComfyUI]   File "/workspaces/TRELLIS2-0211/ComfyUI/.ce/.pixi/envs/trellis2-nodes/lib/python3.10/threading.py", line 1016 in _bootstrap_inner
  [ComfyUI]   File "/workspaces/TRELLIS2-0211/ComfyUI/.ce/.pixi/envs/trellis2-nodes/lib/python3.10/threading.py", line 973 in _bootstrap
  [ComfyUI] 
  [ComfyUI] Thread 0x00007d16c185b640 (most recent call first):
  [ComfyUI]   File "/workspaces/TRELLIS2-0211/ComfyUI/.ce/.pixi/envs/trellis2-nodes/lib/python3.10/threading.py", line 324 in wait
  [ComfyUI]   File "/workspaces/TRELLIS2-0211/ComfyUI/.ce/.pixi/envs/trellis2-nodes/lib/python3.10/threading.py", line 607 in wait
  [ComfyUI]   File "/workspaces/TRELLIS2-0211/ComfyUI/.ce/.pixi/envs/trellis2-nodes/lib/python3.10/site-packages/tqdm/_monitor.py", line 60 in run
  [ComfyUI]   File "/workspaces/TRELLIS2-0211/ComfyUI/.ce/.pixi/envs/trellis2-nodes/lib/python3.10/threading.py", line 1016 in _bootstrap_inner
  [ComfyUI]   File "/workspaces/TRELLIS2-0211/ComfyUI/.ce/.pixi/envs/trellis2-nodes/lib/python3.10/threading.py", line 973 in _bootstrap
  [ComfyUI] 
  [ComfyUI] Thread 0x00007d1ad0d23640 (most recent call first):
  [ComfyUI]   File "/tmp/comfyui_pvenv_cgcz3o91/persistent_worker.py", line 106 in _vram_poller
  [ComfyUI]   File "/workspaces/TRELLIS2-0211/ComfyUI/.ce/.pixi/envs/trellis2-nodes/lib/python3.10/threading.py", line 953 in run
  [ComfyUI]   File "/workspaces/TRELLIS2-0211/ComfyUI/.ce/.pixi/envs/trellis2-nodes/lib/python3.10/threading.py", line 1016 in _bootstrap_inner
  [ComfyUI]   File "/workspaces/TRELLIS2-0211/ComfyUI/.ce/.pixi/envs/trellis2-nodes/lib/python3.10/threading.py", line 973 in _bootstrap
  [ComfyUI] 
  [ComfyUI] Current thread 0x00007d1ad1524640 (most recent call first):
  [ComfyUI]   File "/tmp/comfyui_pvenv_cgcz3o91/persistent_worker.py", line 52 in _watchdog
  [ComfyUI]   File "/workspaces/TRELLIS2-0211/ComfyUI/.ce/.pixi/envs/trellis2-nodes/lib/python3.10/threading.py", line 953 in run
  [ComfyUI]   File "/workspaces/TRELLIS2-0211/ComfyUI/.ce/.pixi/envs/trellis2-nodes/lib/python3.10/threading.py", line 1016 in _bootstrap_inner
  [ComfyUI]   File "/workspaces/TRELLIS2-0211/ComfyUI/.ce/.pixi/envs/trellis2-nodes/lib/python3.10/threading.py", line 973 in _bootstrap
  [ComfyUI] 
  [ComfyUI] Thread 0x00007d1ad1afa740 (most recent call first):
  [ComfyUI]   File "/workspaces/TRELLIS2-0211/ComfyUI/.ce/.pixi/envs/trellis2-nodes/lib/python3.10/site-packages/torch/cuda/__init__.py", line 1162 in synchronize
  [ComfyUI]   File "/workspaces/TRELLIS2-0211/ComfyUI/.ce/.pixi/envs/trellis2-nodes/lib/python3.1/site-packages/triton/testing.py", line 188 in do_bench
  [ComfyUI]   File "/workspaces/TRELLIS2-0211/ComfyUI/.ce/.pixi/envs/trellis2-nodes/lib/python3.1/site-packages/triton/runtime/autotuner.py", line 164 in _bench
  [ComfyUI]   File "/workspaces/TRELLIS2-0211/ComfyUI/.ce/.pixi/envs/trellis2-nodes/lib/python3.1/site-packages/flex_gemm_ap/utils/autotuner.py", line 67 in <dictcomp>
  [ComfyUI]   File "/workspaces/TRELLIS2-0211/ComfyUI/.ce/.pixi/envs/trellis2-nodes/lib/python3.1/site-packages/flex_gemm_ap/utils/autotuner.py", line 67 in run
  [ComfyUI]   File "/workspaces/TRELLIS2-0211/ComfyUI/.ce/.pixi/envs/trellis2-nodes/lib/python3.1/site-packages/triton/runtime/jit.py", line 370 in <lambda>
  [ComfyUI]   File "/workspaces/TRELLIS2-0211/ComfyUI/.ce/.pixi/envs/trellis2-nodes/lib/python3.1/site-packages/flex_gemm_ap/kernels/triton/spconv/sparse_submanifold_conv_fwd_masked_implicit_gemm_splitk.py", line 153 in sparse_submanifold_conv_fwd_masked_implicit_gemm_splitk
  [ComfyUI]   File "/workspaces/TRELLIS2-0211/ComfyUI/.ce/.pixi/envs/trellis2-nodes/lib/python3.1/site-packages/flex_gemm_ap/utils/autotuner.py", line 265 in __call__
  [ComfyUI]   File "/workspaces/TRELLIS2-0211/ComfyUI/.ce/.pixi/envs/trellis2-nodes/lib/python3.1/site-packages/flex_gemm_ap/ops/spconv/submanifold_conv3d.py", line 336 in _sparse_submanifold_conv_forward
  [ComfyUI]   File "/workspaces/TRELLIS2-0211/ComfyUI/.ce/.pixi/envs/trellis2-nodes/lib/python3.1/site-packages/flex_gemm_ap/ops/spconv/submanifold_conv3d.py", line 154 in tiled_forward
  [ComfyUI]   File "/workspaces/TRELLIS2-0211/ComfyUI/comfy/ops_sparse.py", line 235 in _flex_gemm_conv3d_forward
  [ComfyUI]   File "/workspaces/TRELLIS2-0211/ComfyUI/comfy/ops_sparse.py", line 545 in _forward
  [ComfyUI]   File "/workspaces/TRELLIS2-0211/ComfyUI/comfy/ops_sparse.py", line 560 in forward_comfy_cast_weights
  [ComfyUI]   File "/workspaces/TRELLIS2-0211/ComfyUI/comfy/ops_sparse.py", line 571 in forward
  [ComfyUI]   File "/workspaces/TRELLIS2-0211/ComfyUI/.ce/.pixi/envs/trellis2-nodes/lib/python3.10/site-packages/torch/nn/modules/module.py", line 1790 in _call_impl
  [ComfyUI]   File "/workspaces/TRELLIS2-0211/ComfyUI/.ce/.pixi/envs/trellis2-nodes/lib/python3.10/site-packages/torch/nn/modules/module.py", line 1779 in _wrapped_call_impl
  [ComfyUI]   File "/workspaces/TRELLIS2-0211/ComfyUI/custom_nodes/ComfyUI-TRELLIS2/nodes/trellis2/vae.py", line 735 in _forward
  [ComfyUI]   File "/workspaces/TRELLIS2-0211/ComfyUI/custom_nodes/ComfyUI-TRELLIS2/nodes/trellis2/vae.py", line 767 in forward
  [ComfyUI]   File "/workspaces/TRELLIS2-0211/ComfyUI/.ce/.pixi/envs/trellis2-nodes/lib/python3.10/site-packages/torch/nn/modules/module.py", line 1790 in _call_impl
  [ComfyUI]   File "/workspaces/TRELLIS2-0211/ComfyUI/.ce/.pixi/envs/trellis2-nodes/lib/python3.10/site-packages/torch/nn/modules/module.py", line 1779 in _wrapped_call_impl
  [ComfyUI]   File "/workspaces/TRELLIS2-0211/ComfyUI/custom_nodes/ComfyUI-TRELLIS2/nodes/trellis2/vae.py", line 1074 in forward
  [ComfyUI]   File "/workspaces/TRELLIS2-0211/ComfyUI/custom_nodes/ComfyUI-TRELLIS2/nodes/trellis2/vae.py", line 1335 in forward
  [ComfyUI]   File "/workspaces/TRELLIS2-0211/ComfyUI/.ce/.pixi/envs/trellis2-nodes/lib/python3.10/site-packages/torch/nn/modules/module.py", line 1790 in _call_impl
  [ComfyUI]   File "/workspaces/TRELLIS2-0211/ComfyUI/.ce/.pixi/envs/trellis2-nodes/lib/python3.10/site-packages/torch/nn/modules/module.py", line 1779 in _wrapped_call_impl
  [ComfyUI]   File "/workspaces/TRELLIS2-0211/ComfyUI/custom_nodes/ComfyUI-TRELLIS2/nodes/stages.py", line 631 in _decode_shape_slat
  [ComfyUI]   File "/workspaces/TRELLIS2-0211/ComfyUI/custom_nodes/ComfyUI-TRELLIS2/nodes/stages.py", line 947 in run_shape_generation
  [ComfyUI]   File "/workspaces/TRELLIS2-0211/ComfyUI/custom_nodes/ComfyUI-TRELLIS2/nodes/nodes_inference.py", line 132 in execute
  [ComfyUI]   File "/workspaces/TRELLIS2-0211/ComfyUI/comfy_api/latest/_io.py", line 1826 in EXECUTE_NORMALIZED
  [ComfyUI]   File "/tmp/comfyui_pvenv_cgcz3o91/persistent_worker.py", line 1749 in main
  [ComfyUI]   File "/tmp/comfyui_pvenv_cgcz3o91/persistent_worker.py", line 1794 in <module>
  [ComfyUI] 
  [ComfyUI] [worker:ComfyUI-TRELLIS2] === END ===
  [ComfyUI] 
  [ComfyUI] [worker:ComfyUI-TRELLIS2] [VRAM] -255MB (now 2051MB) reserved=2442MB peak=3254MB
  [ComfyUI] 
  [ComfyUI] Tiled Conv3d:   0%|          | 0/2 [00:02<?]
  [ComfyUI] Tiled Conv3d:  50%|█████     | 1/2 [00:02<00:02]
  [ComfyUI] Tiled Conv3d:  50%|█████     | 1/2 [00:02<00:02]
  [ComfyUI] Tiled Conv3d: 100%|██████████| 2/2 [00:02<00:00]
  [ComfyUI] Tiled Conv3d: 100%|██████████| 2/2 [00:02<00:00]
  [ComfyUI] [worker:ComfyUI-TRELLIS2] [VRAM] -264MB (now 1788MB) reserved=1900MB peak=3254MB
  [ComfyUI] [worker:ComfyUI-TRELLIS2] [tiled_conv] done: 1898839/1898839 voxels, tile_peak=2053MB, final=1788MB
  [ComfyUI] [worker:ComfyUI-TRELLIS2] [sparse-conv] TILED done: out=463MB alloc=1788MB
  [ComfyUI] [worker:ComfyUI-TRELLIS2] [C2S3d] post-conv2: alloc=1788MB
  [ComfyUI] [worker:ComfyUI-TRELLIS2] [C2S3d] post-conv2 (cache cleared): alloc=1788MB
  [ComfyUI] [worker:ComfyUI-TRELLIS2] [C2S3d] after chunked skip: alloc=1788MB
  [ComfyUI] [SubprocessWorker] callback 'report_progress' from call_id=3
  [ComfyUI] [worker:ComfyUI-TRELLIS2] [UNET] level=3 block=0 SparseConvNeXtBlock3d N=1,898,839 ch=128 alloc=1589MB
  [ComfyUI] [worker:ComfyUI-TRELLIS2] [sparse-conv] TILED: N=1,898,839 max_tile=1,000,000 feats=463MB alloc=1589MB
  [ComfyUI] [worker:ComfyUI-TRELLIS2] [sparse-conv] TILED feats offloaded to CPU, alloc=1126MB
  [ComfyUI] [worker:ComfyUI-TRELLIS2] [tiled_conv] N=1,898,839 Ci=128 Co=128 K=(3, 3, 3) feats=464MB out=464MB feats_dev=cpu alloc=1126MB
  [ComfyUI] [worker:ComfyUI-TRELLIS2] [tiled_conv] 2 tiles, VRAM baseline=1126MB
  [ComfyUI] 
  [ComfyUI] Tiled Conv3d:   0%|          | 0/2 [00:00<?]
  [ComfyUI] Tiled Conv3d:   0%|          | 0/2 [00:00<?]
  [ComfyUI] Tiled Conv3d:  50%|█████     | 1/2 [00:00<00:00][worker:ComfyUI-TRELLIS2] [VRAM] -652MB (now 1137MB) reserved=1240MB peak=3254MB
  [ComfyUI] 
  [ComfyUI] Tiled Conv3d:  50%|█████     | 1/2 [00:01<00:00]
  [ComfyUI] Tiled Conv3d: 100%|██████████| 2/2 [00:01<00:00]
  [ComfyUI] Tiled Conv3d: 100%|██████████| 2/2 [00:01<00:00]
  [ComfyUI] [worker:ComfyUI-TRELLIS2] [tiled_conv] done: 1898839/1898839 voxels, tile_peak=1852MB, final=1589MB
  [ComfyUI] [worker:ComfyUI-TRELLIS2] [sparse-conv] TILED done: out=463MB alloc=1589MB
  Frame 44 saved (frame_043.jpg, t=364.6s)
  [capture-periodic] freeze=1ms shot=186ms unfreeze=8ms saved=True
  [ComfyUI] [worker:ComfyUI-TRELLIS2] [VRAM] +427MB (now 1565MB) reserved=3680MB peak=3254MB
  [capture-loop] iter=3200 t=365.3s state={'complete': False, 'error': None, 'executedCount': 1, 'wsState': 1} eval_ms=1
  [ComfyUI] [SubprocessWorker] callback 'report_progress' from call_id=3
  [ComfyUI] [worker:ComfyUI-TRELLIS2] [UNET] level=3 block=1 SparseConvNeXtBlock3d N=1,898,839 ch=128 alloc=1589MB
  [ComfyUI] [worker:ComfyUI-TRELLIS2] [sparse-conv] TILED: N=1,898,839 max_tile=1,000,000 feats=463MB alloc=1589MB
  [ComfyUI] [worker:ComfyUI-TRELLIS2] [sparse-conv] TILED feats offloaded to CPU, alloc=1126MB
  [ComfyUI] [worker:ComfyUI-TRELLIS2] [tiled_conv] N=1,898,839 Ci=128 Co=128 K=(3, 3, 3) feats=464MB out=464MB feats_dev=cpu alloc=1126MB
  [ComfyUI] [worker:ComfyUI-TRELLIS2] [tiled_conv] 2 tiles, VRAM baseline=1126MB
  [ComfyUI] 
  [ComfyUI] Tiled Conv3d:   0%|          | 0/2 [00:00<?][worker:ComfyUI-TRELLIS2] [VRAM] +288MB (now 1853MB) reserved=2222MB peak=3254MB
  [ComfyUI] 
  [ComfyUI] Tiled Conv3d:   0%|          | 0/2 [00:00<?]
  [ComfyUI] Tiled Conv3d:  50%|█████     | 1/2 [00:00<00:00]
  [ComfyUI] Tiled Conv3d:  50%|█████     | 1/2 [00:00<00:00]
  [ComfyUI] Tiled Conv3d: 100%|██████████| 2/2 [00:00<00:00]
  [ComfyUI] Tiled Conv3d: 100%|██████████| 2/2 [00:00<00:00]
  [ComfyUI] [worker:ComfyUI-TRELLIS2] [tiled_conv] done: 1898839/1898839 voxels, tile_peak=1852MB, final=1589MB
  [ComfyUI] [worker:ComfyUI-TRELLIS2] [sparse-conv] TILED done: out=463MB alloc=1589MB
  [ComfyUI] [worker:ComfyUI-TRELLIS2] [VRAM] -483MB (now 1370MB) reserved=3680MB peak=3254MB
  Frame 45 saved (frame_044.jpg, t=366.9s)
  [capture-periodic] freeze=2ms shot=180ms unfreeze=8ms saved=True
  [ComfyUI] [SubprocessWorker] callback 'report_progress' from call_id=3
  [ComfyUI] [worker:ComfyUI-TRELLIS2] [UNET] level=3 block=2 SparseConvNeXtBlock3d N=1,898,839 ch=128 alloc=1589MB
  [ComfyUI] [worker:ComfyUI-TRELLIS2] [sparse-conv] TILED: N=1,898,839 max_tile=1,000,000 feats=463MB alloc=1589MB
  [ComfyUI] [worker:ComfyUI-TRELLIS2] [sparse-conv] TILED feats offloaded to CPU, alloc=1126MB
  [ComfyUI] [worker:ComfyUI-TRELLIS2] [tiled_conv] N=1,898,839 Ci=128 Co=128 K=(3, 3, 3) feats=464MB out=464MB feats_dev=cpu alloc=1126MB
  [ComfyUI] [worker:ComfyUI-TRELLIS2] [tiled_conv] 2 tiles, VRAM baseline=1126MB
  [ComfyUI] 
  [ComfyUI] Tiled Conv3d:   0%|          | 0/2 [00:00<?][worker:ComfyUI-TRELLIS2] [VRAM] -234MB (now 1137MB) reserved=1240MB peak=3254MB
  [ComfyUI] 
  [ComfyUI] Tiled Conv3d:   0%|          | 0/2 [00:00<?]
  [ComfyUI] Tiled Conv3d:  50%|█████     | 1/2 [00:00<00:00]
  [ComfyUI] Tiled Conv3d:  50%|█████     | 1/2 [00:01<00:00]
  [ComfyUI] Tiled Conv3d: 100%|██████████| 2/2 [00:01<00:00]
  [ComfyUI] Tiled Conv3d: 100%|██████████| 2/2 [00:01<00:00]
  [ComfyUI] [worker:ComfyUI-TRELLIS2] [VRAM] +452MB (now 1589MB) reserved=1700MB peak=3254MB
  [ComfyUI] [worker:ComfyUI-TRELLIS2] [tiled_conv] done: 1898839/1898839 voxels, tile_peak=1852MB, final=1589MB
  [ComfyUI] [worker:ComfyUI-TRELLIS2] [sparse-conv] TILED done: out=463MB alloc=1589MB
  Frame 46 saved (frame_045.jpg, t=369.2s)
  [capture-periodic] freeze=1ms shot=168ms unfreeze=7ms saved=True
  [ComfyUI] [SubprocessWorker] callback 'report_progress' from call_id=3
  [ComfyUI] [worker:ComfyUI-TRELLIS2] [UNET] level=3 block=3 SparseConvNeXtBlock3d N=1,898,839 ch=128 alloc=1589MB
  [ComfyUI] [worker:ComfyUI-TRELLIS2] [sparse-conv] TILED: N=1,898,839 max_tile=1,000,000 feats=463MB alloc=1589MB
  [ComfyUI] [worker:ComfyUI-TRELLIS2] [sparse-conv] TILED feats offloaded to CPU, alloc=1126MB
  [ComfyUI] [worker:ComfyUI-TRELLIS2] [tiled_conv] N=1,898,839 Ci=128 Co=128 K=(3, 3, 3) feats=464MB out=464MB feats_dev=cpu alloc=1126MB
  [ComfyUI] [worker:ComfyUI-TRELLIS2] [tiled_conv] 2 tiles, VRAM baseline=1126MB
  [ComfyUI] 
  [ComfyUI] Tiled Conv3d:   0%|          | 0/2 [00:00<?][worker:ComfyUI-TRELLIS2] [VRAM] -453MB (now 1137MB) reserved=1240MB peak=3254MB
  [ComfyUI] 
  [ComfyUI] Tiled Conv3d:   0%|          | 0/2 [00:00<?]
  [capture-loop] iter=3250 t=370.9s state={'complete': False, 'error': None, 'executedCount': 1, 'wsState': 1} eval_ms=2
  [ComfyUI] Tiled Conv3d:  50%|█████     | 1/2 [00:00<00:00][worker:ComfyUI-TRELLIS2] [VRAM] +947MB (now 2085MB) reserved=2222MB peak=3254MB
  [ComfyUI] 
  [ComfyUI] Tiled Conv3d:  50%|█████     | 1/2 [00:01<00:00]
  [ComfyUI] Tiled Conv3d: 100%|██████████| 2/2 [00:01<00:00]
  [ComfyUI] Tiled Conv3d: 100%|██████████| 2/2 [00:01<00:00]
  [ComfyUI] [worker:ComfyUI-TRELLIS2] [tiled_conv] done: 1898839/1898839 voxels, tile_peak=1852MB, final=1589MB
  [ComfyUI] [worker:ComfyUI-TRELLIS2] [sparse-conv] TILED done: out=463MB alloc=1589MB
  Frame 47 saved (frame_046.jpg, t=371.5s)
  [capture-periodic] freeze=2ms shot=263ms unfreeze=12ms saved=True
  [ComfyUI] [worker:ComfyUI-TRELLIS2] [VRAM] -496MB (now 1589MB) reserved=3680MB peak=3254MB
  [ComfyUI] [SubprocessWorker] callback 'report_progress' from call_id=3
  [ComfyUI] [worker:ComfyUI-TRELLIS2] [UNET] level=3 block=4 SparseResBlockC2S3d N=1,898,839 ch=128 alloc=1589MB
  [ComfyUI] [worker:ComfyUI-TRELLIS2] [C2S3d] after subdiv: alloc=1618MB
  [ComfyUI] [worker:ComfyUI-TRELLIS2] [C2S3d] after norm1: alloc=2082MB
  [ComfyUI] [worker:ComfyUI-TRELLIS2] [C2S3d] pre-conv1: N=1,898,839 Ci=128 Co=512 alloc=2082MB
  [ComfyUI] [worker:ComfyUI-TRELLIS2] [C2S3d] TILED: N=1,898,839 -> 6 tiles, alloc=2097MB
  [ComfyUI] [worker:ComfyUI-TRELLIS2] [C2S3d] TILED feats offloaded, alloc=1169MB
  [ComfyUI] [worker:ComfyUI-TRELLIS2] [C2S3d] TILED tile 1/6: conv1 N_halo=372,083 alloc=1272MB
  [ComfyUI] [worker:ComfyUI-TRELLIS2] [VRAM] +395MB (now 1985MB) reserved=2140MB peak=3254MB
  Frame 48 saved (frame_047.jpg, t=373.9s)
  [capture-periodic] freeze=1ms shot=166ms unfreeze=6ms saved=True
  [ComfyUI] [worker:ComfyUI-TRELLIS2] [VRAM] -256MB (now 1730MB) reserved=2142MB peak=3254MB
  [ComfyUI] [worker:ComfyUI-TRELLIS2] [VRAM] +258MB (now 1988MB) reserved=2242MB peak=3254MB
  [ComfyUI] [worker:ComfyUI-TRELLIS2] [C2S3d] TILED tile 1/6: N_int=366,044 fine=1,783,658 alloc=1199MB
  [ComfyUI] [worker:ComfyUI-TRELLIS2] [C2S3d] TILED tile 2/6: conv1 N_halo=163,951 alloc=1247MB
  [ComfyUI] [worker:ComfyUI-TRELLIS2] [VRAM] -288MB (now 1701MB) reserved=1802MB peak=3254MB
  Frame 49 saved (frame_048.jpg, t=376.2s)
  [capture-periodic] freeze=1ms shot=172ms unfreeze=6ms saved=True
  [capture-loop] iter=3300 t=376.9s state={'complete': False, 'error': None, 'executedCount': 1, 'wsState': 1} eval_ms=2
  [ComfyUI] [worker:ComfyUI-TRELLIS2] [C2S3d] TILED tile 2/6: N_int=162,101 fine=698,638 alloc=1181MB
  [ComfyUI] [worker:ComfyUI-TRELLIS2] [C2S3d] TILED tile 3/6: conv1 N_halo=428,115 alloc=1299MB
  [ComfyUI] [worker:ComfyUI-TRELLIS2] [C2S3d] TILED tile 3/6: N_int=421,323 fine=1,923,413 alloc=1202MB
  [ComfyUI] [worker:ComfyUI-TRELLIS2] [C2S3d] TILED tile 4/6: conv1 N_halo=372,478 alloc=1305MB
  [ComfyUI] [worker:ComfyUI-TRELLIS2] [VRAM] +287MB (now 1989MB) reserved=2282MB peak=3254MB
  [ComfyUI] [worker:ComfyUI-TRELLIS2] [C2S3d] TILED tile 4/6: N_int=366,444 fine=1,784,438 alloc=1199MB
  [ComfyUI] [worker:ComfyUI-TRELLIS2] [C2S3d] TILED tile 5/6: conv1 N_halo=428,703 alloc=1317MB
  [ComfyUI] [worker:ComfyUI-TRELLIS2] [C2S3d] TILED tile 5/6: N_int=421,886 fine=1,925,769 alloc=1202MB
  [ComfyUI] [worker:ComfyUI-TRELLIS2] [C2S3d] TILED tile 6/6: conv1 N_halo=162,879 alloc=1249MB
  [ComfyUI] [worker:ComfyUI-TRELLIS2] [C2S3d] TILED tile 6/6: N_int=161,041 fine=694,486 alloc=1181MB
  [ComfyUI] [worker:ComfyUI-TRELLIS2] [VRAM] -673MB (now 1316MB) reserved=1360MB peak=3254MB
  [ComfyUI] [worker:ComfyUI-TRELLIS2] [C2S3d] TILED done: h_fine=torch.Size([8810402, 64]) x_fine_cpu=torch.Size([8810402, 16]) alloc=2391MB
  [ComfyUI] [worker:ComfyUI-TRELLIS2] [VRAM] +1049MB (now 2365MB) reserved=2420MB peak=3254MB
  [ComfyUI] [worker:ComfyUI-TRELLIS2] [C2S3d] h.feats offloaded for chunked norm2+silu: alloc=1289MB
  [ComfyUI] [worker:ComfyUI-TRELLIS2] [VRAM] -954MB (now 1411MB) reserved=1720MB peak=3254MB
  [ComfyUI] [worker:ComfyUI-TRELLIS2] [VRAM] +953MB (now 2365MB) reserved=2420MB peak=3254MB
  [ComfyUI] [worker:ComfyUI-TRELLIS2] [C2S3d] after chunked norm2+silu: alloc=2365MB
  [ComfyUI] [worker:ComfyUI-TRELLIS2] [sparse-conv] TILED: N=8,810,402 max_tile=1,000,000 feats=1075MB alloc=2365MB
  [capture-loop] iter=3350 t=382.4s state={'complete': False, 'error': None, 'executedCount': 1, 'wsState': 1} eval_ms=2
  [ComfyUI] [worker:ComfyUI-TRELLIS2] [sparse-conv] TILED feats offloaded to CPU, alloc=1289MB
  [ComfyUI] [worker:ComfyUI-TRELLIS2] [tiled_conv] N=8,810,402 Ci=64 Co=64 K=(3, 3, 3) feats=1075MB out=1075MB feats_dev=cpu alloc=1289MB
  [ComfyUI] [worker:ComfyUI-TRELLIS2] [tiled_conv] 12 tiles, VRAM baseline=1289MB
  [ComfyUI] 
  [ComfyUI] Tiled Conv3d:   0%|          | 0/12 [00:00<?][worker:ComfyUI-TRELLIS2] [VRAM] -371MB (now 1994MB) reserved=2242MB peak=3254MB
  [ComfyUI] [worker:ComfyUI-TRELLIS2] [VRAM] -253MB (now 1742MB) reserved=2244MB peak=3254MB
  [ComfyUI] 
  [ComfyUI] Tiled Conv3d:   0%|          | 0/12 [00:01<?]
  [ComfyUI] Tiled Conv3d:   8%|▊         | 1/12 [00:01<00:16]
  [ComfyUI] Tiled Conv3d:   8%|▊         | 1/12 [00:01<00:16]
  [ComfyUI] Tiled Conv3d:  17%|█▋        | 2/12 [00:01<00:07]
  [ComfyUI] Tiled Conv3d:  17%|█▋        | 2/12 [00:01<00:07]
  [ComfyUI] Tiled Conv3d:  25%|██▌       | 3/12 [00:01<00:04]
  [ComfyUI] Tiled Conv3d:  25%|██▌       | 3/12 [00:02<00:04]
  [ComfyUI] Tiled Conv3d:  33%|███▎      | 4/12 [00:02<00:02]
  [ComfyUI] Tiled Conv3d:  33%|███▎      | 4/12 [00:02<00:02]
  [ComfyUI] Tiled Conv3d:  42%|████▏     | 5/12 [00:02<00:01]
  [ComfyUI] Tiled Conv3d:  42%|████▏     | 5/12 [00:02<00:01]
  [ComfyUI] Tiled Conv3d:  50%|█████     | 6/12 [00:02<00:01]
  [ComfyUI] Tiled Conv3d:  50%|█████     | 6/12 [00:02<00:01]
  [ComfyUI] Tiled Conv3d:  58%|█████▊    | 7/12 [00:02<00:01]
  [ComfyUI] Tiled Conv3d:  58%|█████▊    | 7/12 [00:02<00:01]
  [ComfyUI] Tiled Conv3d:  67%|██████▋   | 8/12 [00:02<00:00]
  [ComfyUI] Tiled Conv3d:  67%|██████▋   | 8/12 [00:02<00:00]
  [ComfyUI] Tiled Conv3d:  75%|███████▌  | 9/12 [00:02<00:00]
  [ComfyUI] Tiled Conv3d:  75%|███████▌  | 9/12 [00:03<00:00]
  [ComfyUI] Tiled Conv3d:  83%|████████▎ | 10/12 [00:03<00:00]
  [ComfyUI] Tiled Conv3d:  83%|████████▎ | 10/12 [00:03<00:00]
  [ComfyUI] Tiled Conv3d:  92%|█████████▏| 11/12 [00:03<00:00][worker:ComfyUI-TRELLIS2] [VRAM] -346MB (now 1397MB) reserved=1500MB peak=3254MB
  [ComfyUI] 
  [ComfyUI] Tiled Conv3d:  92%|█████████▏| 11/12 [00:03<00:00]
  [ComfyUI] Tiled Conv3d: 100%|██████████| 12/12 [00:03<00:00]
  [ComfyUI] Tiled Conv3d: 100%|██████████| 12/12 [00:03<00:00]
  [ComfyUI] [worker:ComfyUI-TRELLIS2] [tiled_conv] done: 8810402/8810402 voxels, tile_peak=1805MB, final=2365MB
  [ComfyUI] [worker:ComfyUI-TRELLIS2] [sparse-conv] TILED done: out=1075MB alloc=2365MB
  [ComfyUI] [worker:ComfyUI-TRELLIS2] [C2S3d] post-conv2: alloc=2365MB
  [ComfyUI] [worker:ComfyUI-TRELLIS2] [C2S3d] post-conv2 (cache cleared): alloc=2365MB
  [ComfyUI] [worker:ComfyUI-TRELLIS2] [VRAM] +1090MB (now 2487MB) reserved=2560MB peak=3254MB
  [ComfyUI] [worker:ComfyUI-TRELLIS2] [C2S3d] after chunked skip: alloc=2365MB
  [ComfyUI] [SubprocessWorker] callback 'report_progress' from call_id=3
  [capture-loop] iter=3400 t=388.1s state={'complete': False, 'error': None, 'executedCount': 1, 'wsState': 1} eval_ms=2
  [ComfyUI] [worker:ComfyUI-TRELLIS2] [VRAM] -1198MB (now 1289MB) reserved=1600MB peak=3254MB
  [ComfyUI] [worker:ComfyUI-TRELLIS2] [VRAM] +1075MB (now 2365MB) reserved=2420MB peak=3254MB
  [ComfyUI] [SubprocessWorker] callback 'report_progress' from call_id=3
  [ComfyUI] [worker:ComfyUI-TRELLIS2] [FlexiDecoder] pre-cleanup: alloc=1372MB
  [ComfyUI] [worker:ComfyUI-TRELLIS2] [FlexiDecoder] model to CPU: alloc=468MB
  [ComfyUI] [worker:ComfyUI-TRELLIS2] [FlexiDecoder] extra[0][0] feats=torch.Size([17945, 8]) on cuda:0, 0MB
  [ComfyUI] [worker:ComfyUI-TRELLIS2] [FlexiDecoder] extra[0][1] feats=torch.Size([86811, 8]) on cuda:0, 1MB
  [ComfyUI] [worker:ComfyUI-TRELLIS2] [FlexiDecoder] extra[0][2] feats=torch.Size([406239, 8]) on cuda:0, 6MB
  [ComfyUI] [worker:ComfyUI-TRELLIS2] [FlexiDecoder] extra[0][3] feats=torch.Size([1898839, 8]) on cuda:0, 28MB
  [ComfyUI] [worker:ComfyUI-TRELLIS2] [FlexiDecoder] subs to CPU: alloc=460MB
  [ComfyUI] [worker:ComfyUI-TRELLIS2] [FlexiDecoder] coords: torch.Size([8810402, 3]) cuda:0 100MB
  [ComfyUI] [worker:ComfyUI-TRELLIS2] [FlexiDecoder] vertices.feats: torch.Size([8810402, 3]) cuda:0 50MB
  [ComfyUI] [worker:ComfyUI-TRELLIS2] [FlexiDecoder] intersected.feats: torch.Size([8810402, 3]) cuda:0 25MB
  [ComfyUI] [worker:ComfyUI-TRELLIS2] [FlexiDecoder] quad_lerp.feats: torch.Size([8810402, 1]) cuda:0 16MB
  [ComfyUI] [worker:ComfyUI-TRELLIS2] [FlexiDecoder] post-cleanup: alloc=460MB, starting mesh extraction
  [ComfyUI] 
  [ComfyUI] Fast Tiled Decoding:   0%|          | 0/224 [00:00<?, ?it/s]
  [ComfyUI] Fast Tiled Decoding:  21%|██        | 47/224 [00:00<00:00, 458.33it/s]
  Frame 50 saved (frame_049.jpg, t=389.7s)
  [capture-periodic] freeze=2ms shot=177ms unfreeze=7ms saved=True
  [ComfyUI] Fast Tiled Decoding:  42%|████▏     | 93/224 [00:00<00:00, 419.24it/s]
  [ComfyUI] Fast Tiled Decoding:  61%|██████    | 136/224 [00:00<00:00, 370.89it/s]
  [ComfyUI] Fast Tiled Decoding:  78%|███████▊  | 175/224 [00:00<00:00, 374.81it/s]
  [ComfyUI] Fast Tiled Decoding:  98%|█████████▊| 220/224 [00:00<00:00, 397.94it/s]
  [ComfyUI] Fast Tiled Decoding: 100%|██████████| 224/224 [00:00<00:00, 398.18it/s]
  [ComfyUI] [SubprocessWorker] callback 'report_progress' from call_id=3
  [ComfyUI] [worker:ComfyUI-TRELLIS2] [VRAM] -1990MB (now 376MB) reserved=568MB peak=3254MB
  [ComfyUI] [SubprocessWorker] callback 'report_progress' from call_id=3
  [ComfyUI] [worker:ComfyUI-TRELLIS2] [VRAM] -367MB (now 9MB) reserved=46MB peak=3254MB
  [capture-loop] iter=3450 t=393.6s state={'complete': False, 'error': None, 'executedCount': 1, 'wsState': 1} eval_ms=2
  Frame 51 saved (frame_050.jpg, t=394.2s)
  [capture-periodic] freeze=2ms shot=178ms unfreeze=5ms saved=True
  [ComfyUI] [SubprocessWorker] got response: ok
  [ComfyUI] [comfy-env] Created 4 model patchers: ['SparseStructureFlowModel_2', 'SparseStructureDecoder_3', 'SLatFlowModel_4', 'FlexiDualGridVaeDecoder_5']
  [ComfyUI] [comfy-env] Trellis2ImageToShape done (163.06s): result: NodeOutput
  [ComfyUI] [VRAM] After Trellis2ImageToShape: 360 / 7703 MB
  [ComfyUI] [VRAM] Loaded: SubprocessModel (0 MB), SubprocessModel (0 MB), SubprocessModel (0 MB), SubprocessModel (0 MB), SubprocessModel (0 MB)
  [ComfyUI] [comfy-env] Running Trellis2ProcessMesh: target_face_count: 500000, fill_holes: False, fill_holes_perimeter: 0.03, remesh: True, remesh_band: 1.0, remove_inner_faces: True, min_component_faces: 1, chart_cone_angle: 90.0, chart_refine_iterations: 0, chart_global_iterations: 1, chart_smooth_strength: 1, weld_vertices: True, weld_digits: 4, trimesh: Trimesh
  [ComfyUI] [VRAM] Before Trellis2ProcessMesh: 360 / 7703 MB
  [ComfyUI] [VRAM] Loaded: SubprocessModel (0 MB), SubprocessModel (0 MB), SubprocessModel (0 MB), SubprocessModel (0 MB), SubprocessModel (0 MB)
  [ComfyUI] [SubprocessWorker] call_method: nodes.nodes_unwrap.Trellis2ProcessMesh.EXECUTE_NORMALIZED
  [ComfyUI] [SubprocessWorker] acquired lock, ensuring started...
  [ComfyUI] [ComfyUI-TRELLIS2] Health check: ping (timeout=5.0s)...
  [ComfyUI] [ComfyUI-TRELLIS2] Health check: ok
  [ComfyUI] [SubprocessWorker] worker started/confirmed
  [ComfyUI] [SubprocessWorker] serializing kwargs to shm...
  Frame 52 saved (frame_051.jpg, t=398.8s)
  [capture-periodic] freeze=1ms shot=189ms unfreeze=9ms saved=True
  [capture-loop] iter=3500 t=399.4s state={'complete': False, 'error': None, 'executedCount': 1, 'wsState': 1} eval_ms=2
  Frame 53 saved (frame_052.jpg, t=401.1s)
  [capture-periodic] freeze=2ms shot=171ms unfreeze=8ms saved=True
  [capture-loop] iter=3550 t=405.1s state={'complete': False, 'error': None, 'executedCount': 1, 'wsState': 1} eval_ms=2
  [ComfyUI] [SubprocessWorker] created 1 shm blocks
  [ComfyUI] [SubprocessWorker] sending request via socket...
  [ComfyUI] [SubprocessWorker] call_id=4 sending call_method
  [capture-loop] iter=3600 t=410.8s state={'complete': False, 'error': None, 'executedCount': 1, 'wsState': 1} eval_ms=2
  [ComfyUI] [worker:ComfyUI-TRELLIS2] [VRAM] ProcessMesh Start: alloc=9MB reserved=46MB peak=9MB
  [ComfyUI] [worker:ComfyUI-TRELLIS2] [ProcessMesh] Input: 8810371 verts, 21129146 faces (alloc=351MB)
  [ComfyUI] [worker:ComfyUI-TRELLIS2] [ProcessMesh] Remeshing (quad DC, resolution=512, band=1.0, remove_inner_faces=True)... (alloc=351MB)
  [ComfyUI] [worker:ComfyUI-TRELLIS2] [VRAM] +685MB (now 694MB) reserved=746MB peak=3254MB
  [capture-loop] iter=3650 t=416.3s state={'complete': False, 'error': None, 'executedCount': 1, 'wsState': 1} eval_ms=2
  [capture-loop] iter=3700 t=422.0s state={'complete': False, 'error': None, 'executedCount': 1, 'wsState': 1} eval_ms=2
  [capture-loop] iter=3750 t=427.6s state={'complete': False, 'error': None, 'executedCount': 1, 'wsState': 1} eval_ms=2
  [ComfyUI] [worker:ComfyUI-TRELLIS2]
  [ComfyUI] === WATCHDOG TICK 7 ===
  [ComfyUI] [worker:ComfyUI-TRELLIS2] Thread 0x00007d1690b39640 (most recent call first):
  [ComfyUI]   File "/workspaces/TRELLIS2-0211/ComfyUI/.ce/.pixi/envs/trellis2-nodes/lib/python3.10/threading.py", line 324 in wait
  [ComfyUI]   File "/workspaces/TRELLIS2-0211/ComfyUI/.ce/.pixi/envs/trellis2-nodes/lib/python3.10/threading.py", line 607 in wait
  [ComfyUI]   File "/workspaces/TRELLIS2-0211/ComfyUI/.ce/.pixi/envs/trellis2-nodes/lib/python3.10/site-packages/tqdm/_monitor.py", line 60 in run
  [ComfyUI]   File "/workspaces/TRELLIS2-0211/ComfyUI/.ce/.pixi/envs/trellis2-nodes/lib/python3.10/threading.py", line 1016 in _bootstrap_inner
  [ComfyUI]   File "/workspaces/TRELLIS2-0211/ComfyUI/.ce/.pixi/envs/trellis2-nodes/lib/python3.10/threading.py", line 973 in _bootstrap
  [ComfyUI] 
  [ComfyUI] Thread 0x00007d173d1fc640 (most recent call first):
  [ComfyUI]   File "/workspaces/TRELLIS2-0211/ComfyUI/.ce/.pixi/envs/trellis2-nodes/lib/python3.10/socket.py", line 293 in accept
  [ComfyUI]   File "/workspaces/TRELLIS2-0211/ComfyUI/.ce/.pixi/envs/trellis2-nodes/lib/python3.10/multiprocessing/connection.py", line 609 in accept
  [ComfyUI]   File "/workspaces/TRELLIS2-0211/ComfyUI/.ce/.pixi/envs/trellis2-nodes/lib/python3.10/multiprocessing/connection.py", line 463 in accept
  [ComfyUI]   File "/workspaces/TRELLIS2-0211/ComfyUI/.ce/.pixi/envs/trellis2-nodes/lib/python3.10/multiprocessing/resource_sharer.py", line 138 in _serve
  [ComfyUI]   File "/workspaces/TRELLIS2-0211/ComfyUI/.ce/.pixi/envs/trellis2-nodes/lib/python3.10/threading.py", line 953 in run
  [ComfyUI]   File "/workspaces/TRELLIS2-0211/ComfyUI/.ce/.pixi/envs/trellis2-nodes/lib/python3.10/threading.py", line 1016 in _bootstrap_inner
  [ComfyUI]   File "/workspaces/TRELLIS2-0211/ComfyUI/.ce/.pixi/envs/trellis2-nodes/lib/python3.10/threading.py", line 973 in _bootstrap
  [ComfyUI] 
  [ComfyUI] Thread 0x00007d16c185b640 (most recent call first):
  [ComfyUI]   File "/workspaces/TRELLIS2-0211/ComfyUI/.ce/.pixi/envs/trellis2-nodes/lib/python3.10/threading.py", line 324 in wait
  [ComfyUI]   File "/workspaces/TRELLIS2-0211/ComfyUI/.ce/.pixi/envs/trellis2-nodes/lib/python3.10/threading.py", line 607 in wait
  [ComfyUI]   File "/workspaces/TRELLIS2-0211/ComfyUI/.ce/.pixi/envs/trellis2-nodes/lib/python3.10/site-packages/tqdm/_monitor.py", line 60 in run
  [ComfyUI]   File "/workspaces/TRELLIS2-0211/ComfyUI/.ce/.pixi/envs/trellis2-nodes/lib/python3.10/threading.py", line 1016 in _bootstrap_inner
  [ComfyUI]   File "/workspaces/TRELLIS2-0211/ComfyUI/.ce/.pixi/envs/trellis2-nodes/lib/python3.10/threading.py", line 973 in _bootstrap
  [ComfyUI] 
  [ComfyUI] Thread 0x00007d1ad0d23640 (most recent call first):
  [ComfyUI]   File "/tmp/comfyui_pvenv_cgcz3o91/persistent_worker.py", line 106 in _vram_poller
  [ComfyUI]   File "/workspaces/TRELLIS2-0211/ComfyUI/.ce/.pixi/envs/trellis2-nodes/lib/python3.10/threading.py", line 953 in run
  [ComfyUI]   File "/workspaces/TRELLIS2-0211/ComfyUI/.ce/.pixi/envs/trellis2-nodes/lib/python3.10/threading.py", line 1016 in _bootstrap_inner
  [ComfyUI]   File "/workspaces/TRELLIS2-0211/ComfyUI/.ce/.pixi/envs/trellis2-nodes/lib/python3.10/threading.py", line 973 in _bootstrap
  [ComfyUI] 
  [ComfyUI] Current thread 0x00007d1ad1524640 (most recent call first):
  [ComfyUI]   File "/tmp/comfyui_pvenv_cgcz3o91/persistent_worker.py", line 52 in _watchdog
  [ComfyUI]   File "/workspaces/TRELLIS2-0211/ComfyUI/.ce/.pixi/envs/trellis2-nodes/lib/python3.10/threading.py", line 953 in run
  [ComfyUI]   File "/workspaces/TRELLIS2-0211/ComfyUI/.ce/.pixi/envs/trellis2-nodes/lib/python3.10/threading.py", line 1016 in _bootstrap_inner
  [ComfyUI]   File "/workspaces/TRELLIS2-0211/ComfyUI/.ce/.pixi/envs/trellis2-nodes/lib/python3.10/threading.py", line 973 in _bootstrap
  [ComfyUI] 
  [ComfyUI] Thread 0x00007d1ad1afa740 (most recent call first):
  [ComfyUI]   File "/workspaces/TRELLIS2-0211/ComfyUI/.ce/.pixi/envs/trellis2-nodes/lib/python3.1/site-packages/cumesh_vb/remeshing.py", line 740 in remesh_narrow_band_dc_quad
  [ComfyUI]   File "/workspaces/TRELLIS2-0211/ComfyUI/custom_nodes/ComfyUI-TRELLIS2/nodes/nodes_unwrap.py", line 378 in execute
  [ComfyUI]   File "/workspaces/TRELLIS2-0211/ComfyUI/comfy_api/latest/_io.py", line 1826 in EXECUTE_NORMALIZED
  [ComfyUI]   File "/tmp/comfyui_pvenv_cgcz3o91/persistent_worker.py", line 1749 in main
  [ComfyUI]   File "/tmp/comfyui_pvenv_cgcz3o91/persistent_worker.py", line 1794 in <module>
  [ComfyUI] 
  [ComfyUI] [worker:ComfyUI-TRELLIS2] === END ===
  [ComfyUI] 
  [ComfyUI] 
  [ComfyUI] Sparse Grid:   0%|          | 0/5 [00:00<?, ?it/s]
  [ComfyUI] Sparse Grid: 100%|██████████| 5/5 [00:00<00:00, 41.97it/s]
  [ComfyUI] [worker:ComfyUI-TRELLIS2] Dual Contouring ...
  [ComfyUI] [worker:ComfyUI-TRELLIS2] Quad Topology ...
  [ComfyUI] [worker:ComfyUI-TRELLIS2] [VRAM] +308MB (now 1003MB) reserved=1146MB peak=3254MB
  [ComfyUI] [worker:ComfyUI-TRELLIS2] Re-indexing vertices ...
  [ComfyUI] [worker:ComfyUI-TRELLIS2] Removing Inner Layer for 2106428 quads ...
  [capture-loop] iter=3800 t=433.3s state={'complete': False, 'error': None, 'executedCount': 1, 'wsState': 1} eval_ms=2
  [ComfyUI] [worker:ComfyUI-TRELLIS2] Re-indexing vertices after quad filtering ...
  [ComfyUI] [worker:ComfyUI-TRELLIS2] Triangulation ...
  [ComfyUI] [worker:ComfyUI-TRELLIS2] [ProcessMesh] After remesh: 1263327 verts, 2166778 faces (alloc=351MB)
  [ComfyUI] [worker:ComfyUI-TRELLIS2] [ProcessMesh] Removing floaters (min_component_faces=1)... (alloc=9MB)
  [ComfyUI] [worker:ComfyUI-TRELLIS2] [ProcessMesh] After floater removal: 1095202 verts, 2064628 faces (alloc=9MB)
  [ComfyUI] [worker:ComfyUI-TRELLIS2] [ProcessMesh] Cleaning up mesh... (alloc=9MB)
  [ComfyUI] [worker:ComfyUI-TRELLIS2] [ProcessMesh] Simplifying to 500000 faces... (alloc=9MB)
  [ComfyUI] 
  [ComfyUI] Simplifying:   0%|          | 0/1564628 [00:00<?, ?it/s]
  [ComfyUI] Simplifying [thres=1.00e-08]:   0%|          | 0/1564628 [00:00<?, ?it/s]
  [ComfyUI] Simplifying [thres=1.00e-08]:   2%|▏         | 30242/1564628 [00:00<00:00, 2024000.98it/s]
  [ComfyUI] Simplifying [thres=1.00e-07]:   3%|▎         | 48270/1564628 [00:00<00:00, 1745803.22it/s]
  [ComfyUI] Simplifying [thres=1.00e-07]:  13%|█▎        | 196640/1564628 [00:00<00:00, 4851376.35it/s]
  [ComfyUI] Simplifying [thres=1.00e-07]:  21%|██        | 331367/1564628 [00:00<00:00, 6190610.37it/s]
  [ComfyUI] Simplifying [thres=1.00e-07]:  29%|██▉       | 451808/1564628 [00:00<00:00, 6968522.84it/s]
  [ComfyUI] Simplifying [thres=1.00e-07]:  36%|███▌      | 559542/1564628 [00:00<00:00, 7411923.59it/s]
  [ComfyUI] Simplifying [thres=1.00e-07]:  42%|████▏     | 654194/1564628 [00:00<00:00, 7657156.72it/s]
  [ComfyUI] Simplifying [thres=1.00e-07]:  47%|████▋     | 736515/1564628 [00:00<00:00, 7729663.66it/s]
  [ComfyUI] Simplifying [thres=1.00e-07]:  52%|█████▏    | 808083/1564628 [00:00<00:00, 7750672.33it/s][worker:ComfyUI-TRELLIS2] [VRAM] -995MB (now 9MB) reserved=1308MB peak=3254MB
  [ComfyUI] 
  [ComfyUI] Simplifying [thres=1.00e-07]:  52%|█████▏    | 808083/1564628 [00:00<00:00, 7750672.33it/s]
  [ComfyUI] Simplifying [thres=1.00e-07]:  56%|█████▌    | 869853/1564628 [00:00<00:00, 7750672.33it/s]
  [ComfyUI] Simplifying [thres=1.00e-07]:  59%|█████▉    | 923332/1564628 [00:00<00:00, 7750672.33it/s]
  [ComfyUI] Simplifying [thres=1.00e-07]:  62%|██████▏   | 969772/1564628 [00:00<00:00, 7750672.33it/s]
  [ComfyUI] Simplifying [thres=1.00e-07]:  65%|██████▍   | 1009891/1564628 [00:00<00:00, 7750672.33it/s]
  [ComfyUI] Simplifying [thres=1.00e-07]:  67%|██████▋   | 1043617/1564628 [00:00<00:00, 7750672.33it/s]
  [ComfyUI] Simplifying [thres=1.00e-07]:  69%|██████▊   | 1072240/1564628 [00:00<00:00, 7750672.33it/s]
  [ComfyUI] Simplifying [thres=1.00e-07]:  70%|███████   | 1096280/1564628 [00:00<00:00, 7750672.33it/s]
  [ComfyUI] Simplifying [thres=1.00e-07]:  71%|███████▏  | 1115997/1564628 [00:00<00:00, 7750672.33it/s]
  [ComfyUI] Simplifying [thres=1.00e-07]:  72%|███████▏  | 1132219/1564628 [00:00<00:00, 7750672.33it/s]
  [ComfyUI] Simplifying [thres=1.00e-07]:  73%|███████▎  | 1145566/1564628 [00:00<00:00, 7750672.33it/s]
  [ComfyUI] Simplifying [thres=1.00e-07]:  74%|███████▍  | 1156549/1564628 [00:00<00:00, 7750672.33it/s]
  [ComfyUI] Simplifying [thres=1.00e-06]:  74%|███████▍  | 1165506/1564628 [00:00<00:00, 7750672.33it/s]
  [ComfyUI] Simplifying [thres=1.00e-06]:  80%|███████▉  | 1244025/1564628 [00:00<00:00, 7750672.33it/s]
  [ComfyUI] Simplifying [thres=1.00e-06]:  84%|████████▎ | 1310002/1564628 [00:00<00:00, 7750672.33it/s]
  [ComfyUI] Simplifying [thres=1.00e-06]:  87%|████████▋ | 1368513/1564628 [00:00<00:00, 7750672.33it/s]
  [ComfyUI] Simplifying [thres=1.00e-06]:  91%|█████████ | 1421297/1564628 [00:00<00:00, 7750672.33it/s]
  [ComfyUI] Simplifying [thres=1.00e-06]:  94%|█████████▍| 1469295/1564628 [00:00<00:00, 7750672.33it/s]
  [ComfyUI] Simplifying [thres=1.00e-06]:  97%|█████████▋| 1513397/1564628 [00:00<00:00, 7750672.33it/s]
  [ComfyUI] Simplifying [thres=1.00e-06]:  99%|█████████▉| 1553865/1564628 [00:00<00:00, 7750672.33it/s]
  [ComfyUI] Simplifying [thres=1.00e-06]: 100%|██████████| 1564628/1564628 [00:00<00:00, 6747938.59it/s]
  [ComfyUI] [worker:ComfyUI-TRELLIS2] [ProcessMesh] After simplify: 266451 verts, 473902 faces (alloc=9MB)
  [ComfyUI] [worker:ComfyUI-TRELLIS2] [ProcessMesh] Post-simplify cleanup... (alloc=9MB)
  [ComfyUI] [worker:ComfyUI-TRELLIS2] [ProcessMesh] UV unwrapping... (alloc=9MB)
  [ComfyUI] [worker:ComfyUI-TRELLIS2] Get 3488 clusters after fast clustering
  [ComfyUI] 
  [ComfyUI] Adding clusters to xatlas:   0%|          | 0/3488 [00:00<?, ?it/s]
  [ComfyUI] Adding clusters to xatlas:  59%|█████▉    | 2058/3488 [00:00<00:00, 20571.63it/s]
  [ComfyUI] Adding clusters to xatlas: 100%|██████████| 3488/3488 [00:00<00:00, 21051.37it/s]
  [ComfyUI] 
  [ComfyUI] xatlas: Computing charts:   0%|          | 0/100 [00:00<?, ?it/s]
  [ComfyUI] xatlas: Computing charts:   0%|          | 0/100 [00:00<?, ?it/s]
  [ComfyUI] xatlas: Computing charts:   1%|          | 1/100 [00:00<00:23,  4.14it/s]
  [ComfyUI] xatlas: Computing charts:   2%|▏         | 2/100 [00:00<00:17,  5.68it/s]
  [ComfyUI] xatlas: Computing charts:   3%|▎         | 3/100 [00:00<00:18,  5.31it/s]
  [ComfyUI] xatlas: Computing charts:   4%|▍         | 4/100 [00:00<00:15,  6.17it/s]
  [ComfyUI] xatlas: Computing charts:   5%|▌         | 5/100 [00:00<00:16,  5.73it/s]
  [ComfyUI] xatlas: Computing charts:   6%|▌         | 6/100 [00:00<00:15,  6.09it/s]
  [ComfyUI] xatlas: Computing charts:   7%|▋         | 7/100 [00:01<00:14,  6.43it/s]
  [ComfyUI] xatlas: Computing charts:   8%|▊         | 8/100 [00:01<00:14,  6.33it/s]
  [ComfyUI] xatlas: Computing charts:   9%|▉         | 9/100 [00:01<00:14,  6.17it/s]
  [ComfyUI] xatlas: Computing charts:  10%|█         | 10/100 [00:01<00:14,  6.34it/s]
  [ComfyUI] xatlas: Computing charts:  11%|█         | 11/100 [00:01<00:13,  6.70it/s]
  [ComfyUI] xatlas: Computing charts:  12%|█▏        | 12/100 [00:01<00:13,  6.47it/s]
  [ComfyUI] xatlas: Computing charts:  13%|█▎        | 13/100 [00:02<00:13,  6.32it/s]
  [ComfyUI] xatlas: Computing charts:  14%|█▍        | 14/100 [00:02<00:13,  6.55it/s]
  [ComfyUI] xatlas: Computing charts:  15%|█▌        | 15/100 [00:02<00:12,  6.65it/s]
  [capture-loop] iter=3850 t=438.9s state={'complete': False, 'error': None, 'executedCount': 1, 'wsState': 1} eval_ms=4
  [ComfyUI] xatlas: Computing charts:  16%|█▌        | 16/100 [00:02<00:12,  6.76it/s]
  [ComfyUI] xatlas: Computing charts:  17%|█▋        | 17/100 [00:02<00:12,  6.83it/s]
  [ComfyUI] xatlas: Computing charts:  18%|█▊        | 18/100 [00:02<00:11,  6.98it/s]
  [ComfyUI] xatlas: Computing charts:  19%|█▉        | 19/100 [00:02<00:11,  7.22it/s]
  [ComfyUI] xatlas: Computing charts:  20%|██        | 20/100 [00:02<00:10,  7.46it/s]
  [ComfyUI] xatlas: Computing charts:  21%|██        | 21/100 [00:02<00:10,  7.66it/s]
  [ComfyUI] xatlas: Computing charts:  22%|██▏       | 22/100 [00:02<00:10,  7.80it/s]
  [ComfyUI] xatlas: Computing charts:  23%|██▎       | 23/100 [00:02<00:09,  8.04it/s]
  [ComfyUI] xatlas: Computing charts:  24%|██▍       | 24/100 [00:02<00:09,  8.22it/s]
  [ComfyUI] xatlas: Computing charts:  25%|██▌       | 25/100 [00:02<00:08,  8.42it/s]
  [ComfyUI] xatlas: Computing charts:  26%|██▌       | 26/100 [00:03<00:08,  8.58it/s]
  [ComfyUI] xatlas: Computing charts:  27%|██▋       | 27/100 [00:03<00:08,  8.75it/s]
  [ComfyUI] xatlas: Computing charts:  28%|██▊       | 28/100 [00:03<00:08,  8.93it/s]
  [ComfyUI] xatlas: Computing charts:  29%|██▉       | 29/100 [00:03<00:07,  9.10it/s]
  [ComfyUI] xatlas: Computing charts:  30%|███       | 30/100 [00:03<00:07,  9.27it/s]
  [ComfyUI] xatlas: Computing charts:  31%|███       | 31/100 [00:03<00:07,  9.41it/s]
  [ComfyUI] xatlas: Computing charts:  32%|███▏      | 32/100 [00:03<00:07,  9.58it/s]
  [ComfyUI] xatlas: Computing charts:  33%|███▎      | 33/100 [00:03<00:06,  9.76it/s]
  [ComfyUI] xatlas: Computing charts:  34%|███▍      | 34/100 [00:03<00:06,  9.91it/s]
  [ComfyUI] xatlas: Computing charts:  35%|███▌      | 35/100 [00:03<00:06, 10.09it/s]
  [ComfyUI] xatlas: Computing charts:  36%|███▌      | 36/100 [00:03<00:06, 10.27it/s]
  [ComfyUI] xatlas: Computing charts:  37%|███▋      | 37/100 [00:03<00:06, 10.46it/s]
  [ComfyUI] xatlas: Computing charts:  38%|███▊      | 38/100 [00:03<00:05, 10.65it/s]
  [ComfyUI] xatlas: Computing charts:  39%|███▉      | 39/100 [00:03<00:05, 10.84it/s]
  [ComfyUI] xatlas: Computing charts:  40%|████      | 40/100 [00:03<00:05, 11.03it/s]
  [ComfyUI] xatlas: Computing charts:  41%|████      | 41/100 [00:03<00:05, 11.23it/s]
  [ComfyUI] xatlas: Computing charts:  42%|████▏     | 42/100 [00:03<00:05, 11.42it/s]
  [ComfyUI] xatlas: Computing charts:  43%|████▎     | 43/100 [00:03<00:04, 11.61it/s]
  [ComfyUI] xatlas: Computing charts:  44%|████▍     | 44/100 [00:03<00:04, 11.80it/s]
  [ComfyUI] xatlas: Computing charts:  45%|████▌     | 45/100 [00:03<00:04, 12.00it/s]
  [ComfyUI] xatlas: Computing charts:  46%|████▌     | 46/100 [00:03<00:04, 12.19it/s]
  [ComfyUI] xatlas: Computing charts:  47%|████▋     | 47/100 [00:03<00:04, 12.38it/s]
  [ComfyUI] xatlas: Computing charts:  48%|████▊     | 48/100 [00:03<00:04, 12.58it/s]
  [ComfyUI] xatlas: Computing charts:  49%|████▉     | 49/100 [00:03<00:03, 12.79it/s]
  [ComfyUI] xatlas: Computing charts:  50%|█████     | 50/100 [00:03<00:03, 12.99it/s]
  [ComfyUI] xatlas: Computing charts:  51%|█████     | 51/100 [00:03<00:03, 13.20it/s]
  [ComfyUI] xatlas: Computing charts:  52%|█████▏    | 52/100 [00:03<00:03, 13.41it/s]
  [ComfyUI] xatlas: Computing charts:  53%|█████▎    | 53/100 [00:03<00:03, 13.62it/s]
  [ComfyUI] xatlas: Computing charts:  54%|█████▍    | 54/100 [00:03<00:03, 13.84it/s]
  [ComfyUI] xatlas: Computing charts:  55%|█████▌    | 55/100 [00:03<00:03, 14.06it/s]
  [ComfyUI] xatlas: Computing charts:  56%|█████▌    | 56/100 [00:03<00:03, 14.29it/s]
  [ComfyUI] xatlas: Computing charts:  57%|█████▋    | 57/100 [00:03<00:02, 14.52it/s]
  [ComfyUI] xatlas: Computing charts: 100%|██████████| 100/100 [00:03<00:00, 25.46it/s]
  [ComfyUI] xatlas: Computing charts: 100%|██████████| 100/100 [00:03<00:00, 25.45it/s]
  [ComfyUI] 
  [ComfyUI] xatlas: Packing charts:   0%|          | 0/100 [00:00<?, ?it/s]
  [ComfyUI] xatlas: Packing charts:   0%|          | 0/100 [00:00<?, ?it/s]
  [ComfyUI] xatlas: Packing charts:   1%|          | 1/100 [00:00<00:08, 12.22it/s]
  [ComfyUI] xatlas: Packing charts:   2%|▏         | 2/100 [00:00<00:06, 16.11it/s]
  [ComfyUI] xatlas: Packing charts:   3%|▎         | 3/100 [00:00<00:05, 18.30it/s]
  [ComfyUI] xatlas: Packing charts:   4%|▍         | 4/100 [00:00<00:04, 20.77it/s]
  [ComfyUI] xatlas: Packing charts:   5%|▌         | 5/100 [00:00<00:04, 23.14it/s]
  [ComfyUI] xatlas: Packing charts:   6%|▌         | 6/100 [00:00<00:03, 25.17it/s]
  [ComfyUI] xatlas: Packing charts:   7%|▋         | 7/100 [00:00<00:03, 27.36it/s]
  [ComfyUI] xatlas: Packing charts:   8%|▊         | 8/100 [00:00<00:03, 29.31it/s]
  [ComfyUI] xatlas: Packing charts:   9%|▉         | 9/100 [00:00<00:02, 31.36it/s]
  [ComfyUI] xatlas: Packing charts:  10%|█         | 10/100 [00:00<00:02, 33.56it/s]
  [ComfyUI] xatlas: Packing charts:  11%|█         | 11/100 [00:00<00:02, 35.60it/s]
  [ComfyUI] xatlas: Packing charts:  12%|█▏        | 12/100 [00:00<00:02, 37.48it/s]
  [ComfyUI] xatlas: Packing charts:  13%|█▎        | 13/100 [00:00<00:02, 39.48it/s]
  [ComfyUI] xatlas: Packing charts:  14%|█▍        | 14/100 [00:00<00:02, 41.50it/s]
  [ComfyUI] xatlas: Packing charts:  15%|█▌        | 15/100 [00:00<00:01, 43.43it/s]
  [ComfyUI] xatlas: Packing charts:  16%|█▌        | 16/100 [00:00<00:01, 45.36it/s]
  [ComfyUI] xatlas: Packing charts:  17%|█▋        | 17/100 [00:00<00:01, 47.22it/s]
  [ComfyUI] xatlas: Packing charts:  18%|█▊        | 18/100 [00:00<00:01, 49.11it/s]
  [ComfyUI] xatlas: Packing charts:  19%|█▉        | 19/100 [00:00<00:01, 51.00it/s]
  [ComfyUI] xatlas: Packing charts:  20%|██        | 20/100 [00:00<00:01, 52.88it/s]
  [ComfyUI] xatlas: Packing charts:  21%|██        | 21/100 [00:00<00:01, 54.73it/s]
  [ComfyUI] xatlas: Packing charts:  22%|██▏       | 22/100 [00:00<00:01, 56.60it/s]
  [ComfyUI] xatlas: Packing charts:  23%|██▎       | 23/100 [00:00<00:01, 58.49it/s]
  [ComfyUI] xatlas: Packing charts:  24%|██▍       | 24/100 [00:00<00:01, 60.40it/s]
  [ComfyUI] xatlas: Packing charts:  25%|██▌       | 25/100 [00:00<00:01, 62.35it/s]
  [ComfyUI] xatlas: Packing charts:  26%|██▌       | 26/100 [00:00<00:01, 64.20it/s]
  [ComfyUI] xatlas: Packing charts:  27%|██▋       | 27/100 [00:00<00:01, 66.06it/s]
  [ComfyUI] xatlas: Packing charts:  28%|██▊       | 28/100 [00:00<00:01, 67.91it/s]
  [ComfyUI] xatlas: Packing charts:  29%|██▉       | 29/100 [00:00<00:01, 69.74it/s]
  [ComfyUI] xatlas: Packing charts:  30%|███       | 30/100 [00:00<00:00, 71.58it/s]
  [ComfyUI] xatlas: Packing charts:  31%|███       | 31/100 [00:00<00:00, 73.42it/s]
  [ComfyUI] xatlas: Packing charts:  32%|███▏      | 32/100 [00:00<00:00, 75.28it/s]
  [ComfyUI] xatlas: Packing charts:  33%|███▎      | 33/100 [00:00<00:00, 77.12it/s]
  [ComfyUI] xatlas: Packing charts:  34%|███▍      | 34/100 [00:00<00:00, 78.96it/s]
  [ComfyUI] xatlas: Packing charts:  35%|███▌      | 35/100 [00:00<00:00, 80.80it/s]
  [ComfyUI] xatlas: Packing charts:  36%|███▌      | 36/100 [00:00<00:00, 82.67it/s]
  [ComfyUI] xatlas: Packing charts:  37%|███▋      | 37/100 [00:00<00:00, 84.52it/s]
  [ComfyUI] xatlas: Packing charts:  38%|███▊      | 38/100 [00:00<00:00, 86.47it/s]
  [ComfyUI] xatlas: Packing charts:  39%|███▉      | 39/100 [00:00<00:00, 88.36it/s]
  [ComfyUI] xatlas: Packing charts:  40%|████      | 40/100 [00:00<00:00, 90.29it/s]
  [ComfyUI] xatlas: Packing charts:  41%|████      | 41/100 [00:00<00:00, 92.21it/s]
  [ComfyUI] xatlas: Packing charts:  42%|████▏     | 42/100 [00:00<00:00, 94.16it/s]
  [ComfyUI] xatlas: Packing charts:  43%|████▎     | 43/100 [00:00<00:00, 96.11it/s]
  [ComfyUI] xatlas: Packing charts:  44%|████▍     | 44/100 [00:00<00:00, 98.09it/s]
  [ComfyUI] xatlas: Packing charts:  45%|████▌     | 45/100 [00:00<00:00, 100.06it/s]
  [ComfyUI] xatlas: Packing charts:  46%|████▌     | 46/100 [00:00<00:00, 102.02it/s]
  [ComfyUI] xatlas: Packing charts:  47%|████▋     | 47/100 [00:00<00:00, 104.03it/s]
  [ComfyUI] xatlas: Packing charts:  48%|████▊     | 48/100 [00:00<00:00, 106.04it/s]
  [ComfyUI] xatlas: Packing charts:  49%|████▉     | 49/100 [00:00<00:00, 108.04it/s]
  [ComfyUI] xatlas: Packing charts:  50%|█████     | 50/100 [00:00<00:00, 110.05it/s]
  [ComfyUI] xatlas: Packing charts:  51%|█████     | 51/100 [00:00<00:00, 112.07it/s]
  [ComfyUI] xatlas: Packing charts:  52%|█████▏    | 52/100 [00:00<00:00, 114.07it/s]
  [ComfyUI] xatlas: Packing charts:  53%|█████▎    | 53/100 [00:00<00:00, 116.07it/s]
  [ComfyUI] xatlas: Packing charts:  54%|█████▍    | 54/100 [00:00<00:00, 118.10it/s]
  [ComfyUI] xatlas: Packing charts:  55%|█████▌    | 55/100 [00:00<00:00, 120.13it/s]
  [ComfyUI] xatlas: Packing charts:  56%|█████▌    | 56/100 [00:00<00:00, 122.15it/s]
  [ComfyUI] xatlas: Packing charts:  57%|█████▋    | 57/100 [00:00<00:00, 124.18it/s]
  [ComfyUI] xatlas: Packing charts:  58%|█████▊    | 58/100 [00:00<00:00, 126.21it/s]
  [ComfyUI] xatlas: Packing charts:  59%|█████▉    | 59/100 [00:00<00:00, 128.26it/s]
  [ComfyUI] xatlas: Packing charts:  60%|██████    | 60/100 [00:00<00:00, 130.30it/s]
  [ComfyUI] xatlas: Packing charts:  61%|██████    | 61/100 [00:00<00:00, 132.34it/s]
  [ComfyUI] xatlas: Packing charts:  62%|██████▏   | 62/100 [00:00<00:00, 134.37it/s]
  [ComfyUI] xatlas: Packing charts:  63%|██████▎   | 63/100 [00:00<00:00, 136.41it/s]
  [ComfyUI] xatlas: Packing charts:  64%|██████▍   | 64/100 [00:00<00:00, 138.46it/s]
  [ComfyUI] xatlas: Packing charts:  65%|██████▌   | 65/100 [00:00<00:00, 140.51it/s]
  [ComfyUI] xatlas: Packing charts:  66%|██████▌   | 66/100 [00:00<00:00, 142.56it/s]
  [ComfyUI] xatlas: Packing charts:  67%|██████▋   | 67/100 [00:00<00:00, 144.61it/s]
  [ComfyUI] xatlas: Packing charts:  68%|██████▊   | 68/100 [00:00<00:00, 146.65it/s]
  [ComfyUI] xatlas: Packing charts:  69%|██████▉   | 69/100 [00:00<00:00, 148.69it/s]
  [ComfyUI] xatlas: Packing charts:  70%|███████   | 70/100 [00:00<00:00, 150.73it/s]
  [ComfyUI] xatlas: Packing charts:  71%|███████   | 71/100 [00:00<00:00, 152.77it/s]
  [ComfyUI] xatlas: Packing charts:  72%|███████▏  | 72/100 [00:00<00:00, 154.83it/s]
  [ComfyUI] xatlas: Packing charts:  73%|███████▎  | 73/100 [00:00<00:00, 156.88it/s]
  [ComfyUI] xatlas: Packing charts:  74%|███████▍  | 74/100 [00:00<00:00, 158.93it/s]
  [ComfyUI] xatlas: Packing charts:  75%|███████▌  | 75/100 [00:00<00:00, 160.98it/s]
  [ComfyUI] xatlas: Packing charts:  76%|███████▌  | 76/100 [00:00<00:00, 163.03it/s]
  [ComfyUI] xatlas: Packing charts:  77%|███████▋  | 77/100 [00:00<00:00, 165.07it/s]
  [ComfyUI] xatlas: Packing charts:  78%|███████▊  | 78/100 [00:00<00:00, 167.12it/s]
  [ComfyUI] xatlas: Packing charts:  79%|███████▉  | 79/100 [00:00<00:00, 169.19it/s]
  [ComfyUI] xatlas: Packing charts:  80%|████████  | 80/100 [00:00<00:00, 171.26it/s]
  [ComfyUI] xatlas: Packing charts:  81%|████████  | 81/100 [00:00<00:00, 173.32it/s]
  [ComfyUI] xatlas: Packing charts:  82%|████████▏ | 82/100 [00:00<00:00, 175.39it/s]
  [ComfyUI] xatlas: Packing charts:  83%|████████▎ | 83/100 [00:00<00:00, 177.44it/s]
  [ComfyUI] xatlas: Packing charts:  84%|████████▍ | 84/100 [00:00<00:00, 179.50it/s]
  [ComfyUI] xatlas: Packing charts:  85%|████████▌ | 85/100 [00:00<00:00, 181.56it/s]
  [ComfyUI] xatlas: Packing charts:  86%|████████▌ | 86/100 [00:00<00:00, 183.63it/s]
  [ComfyUI] xatlas: Packing charts:  87%|████████▋ | 87/100 [00:00<00:00, 185.70it/s]
  [ComfyUI] xatlas: Packing charts:  88%|████████▊ | 88/100 [00:00<00:00, 187.78it/s]
  [ComfyUI] xatlas: Packing charts:  89%|████████▉ | 89/100 [00:00<00:00, 189.85it/s]
  [ComfyUI] xatlas: Packing charts:  90%|█████████ | 90/100 [00:00<00:00, 191.93it/s]
  [ComfyUI] xatlas: Packing charts:  91%|█████████ | 91/100 [00:00<00:00, 194.00it/s]
  [ComfyUI] xatlas: Packing charts:  92%|█████████▏| 92/100 [00:00<00:00, 196.07it/s]
  [ComfyUI] xatlas: Packing charts:  93%|█████████▎| 93/100 [00:00<00:00, 198.14it/s]
  [ComfyUI] xatlas: Packing charts:  94%|█████████▍| 94/100 [00:00<00:00, 200.21it/s]
  [ComfyUI] xatlas: Packing charts:  95%|█████████▌| 95/100 [00:00<00:00, 202.28it/s]
  [ComfyUI] xatlas: Packing charts:  96%|█████████▌| 96/100 [00:00<00:00, 204.35it/s]
  [ComfyUI] xatlas: Packing charts:  97%|█████████▋| 97/100 [00:00<00:00, 206.41it/s]
  [ComfyUI] xatlas: Packing charts:  98%|█████████▊| 98/100 [00:00<00:00, 208.48it/s]
  [ComfyUI] xatlas: Packing charts:  99%|█████████▉| 99/100 [00:00<00:00, 210.56it/s]
  [ComfyUI] xatlas: Packing charts: 100%|██████████| 100/100 [00:00<00:00, 212.64it/s]
  [ComfyUI] xatlas: Packing charts: 100%|██████████| 100/100 [00:00<00:00, 212.13it/s]
  [ComfyUI] 
  [ComfyUI] xatlas: Building output meshes:   0%|          | 0/100 [00:00<?, ?it/s]
  [ComfyUI] xatlas: Building output meshes:   0%|          | 0/100 [00:00<?, ?it/s]
  [ComfyUI] xatlas: Building output meshes:   1%|          | 1/100 [00:00<00:00, 6316.72it/s]
  [ComfyUI] xatlas: Building output meshes:   2%|▏         | 2/100 [00:00<00:00, 4809.98it/s]
  [ComfyUI] xatlas: Building output meshes:   3%|▎         | 3/100 [00:00<00:00, 4924.82it/s]
  [ComfyUI] xatlas: Building output meshes:   4%|▍         | 4/100 [00:00<00:00, 5329.48it/s]
  [ComfyUI] xatlas: Building output meshes:   5%|▌         | 5/100 [00:00<00:00, 5652.70it/s]
  [ComfyUI] xatlas: Building output meshes:   6%|▌         | 6/100 [00:00<00:00, 5455.41it/s]
  [ComfyUI] xatlas: Building output meshes:   7%|▋         | 7/100 [00:00<00:00, 5572.24it/s]
  [ComfyUI] xatlas: Building output meshes:   8%|▊         | 8/100 [00:00<00:00, 5612.05it/s]
  [ComfyUI] xatlas: Building output meshes:   9%|▉         | 9/100 [00:00<00:00, 5818.24it/s]
  [ComfyUI] xatlas: Building output meshes:  10%|█         | 10/100 [00:00<00:00, 5860.42it/s]
  [ComfyUI] xatlas: Building output meshes:  11%|█         | 11/100 [00:00<00:00, 6017.65it/s]
  [ComfyUI] xatlas: Building output meshes:  12%|█▏        | 12/100 [00:00<00:00, 6216.85it/s]
  [ComfyUI] xatlas: Building output meshes:  13%|█▎        | 13/100 [00:00<00:00, 6377.30it/s]
  [ComfyUI] xatlas: Building output meshes:  14%|█▍        | 14/100 [00:00<00:00, 6496.32it/s]
  [ComfyUI] xatlas: Building output meshes:  15%|█▌        | 15/100 [00:00<00:00, 6581.71it/s]
  [ComfyUI] xatlas: Building output meshes:  16%|█▌        | 16/100 [00:00<00:00, 6684.82it/s]
  [ComfyUI] xatlas: Building output meshes:  17%|█▋        | 17/100 [00:00<00:00, 6821.96it/s]
  [ComfyUI] xatlas: Building output meshes:  18%|█▊        | 18/100 [00:00<00:00, 6941.66it/s]
  [ComfyUI] xatlas: Building output meshes:  19%|█▉        | 19/100 [00:00<00:00, 7029.35it/s]
  [ComfyUI] xatlas: Building output meshes:  20%|██        | 20/100 [00:00<00:00, 7081.38it/s]
  [ComfyUI] xatlas: Building output meshes:  21%|██        | 21/100 [00:00<00:00, 7163.34it/s]
  [ComfyUI] xatlas: Building output meshes:  22%|██▏       | 22/100 [00:00<00:00, 7255.44it/s]
  [ComfyUI] xatlas: Building output meshes:  23%|██▎       | 23/100 [00:00<00:00, 7244.05it/s]
  [ComfyUI] xatlas: Building output meshes:  24%|██▍       | 24/100 [00:00<00:00, 7239.36it/s]
  [ComfyUI] xatlas: Building output meshes:  25%|██▌       | 25/100 [00:00<00:00, 7266.64it/s]
  [ComfyUI] xatlas: Building output meshes:  26%|██▌       | 26/100 [00:00<00:00, 7341.09it/s]
  [ComfyUI] xatlas: Building output meshes:  27%|██▋       | 27/100 [00:00<00:00, 7382.89it/s]
  [ComfyUI] xatlas: Building output meshes:  28%|██▊       | 28/100 [00:00<00:00, 7433.88it/s]
  [ComfyUI] xatlas: Building output meshes:  29%|██▉       | 29/100 [00:00<00:00, 7409.08it/s]
  [ComfyUI] xatlas: Building output meshes:  30%|███       | 30/100 [00:00<00:00, 7347.26it/s]
  [ComfyUI] xatlas: Building output meshes:  31%|███       | 31/100 [00:00<00:00, 7401.15it/s]
  [ComfyUI] xatlas: Building output meshes:  32%|███▏      | 32/100 [00:00<00:00, 7462.76it/s]
  [ComfyUI] xatlas: Building output meshes:  33%|███▎      | 33/100 [00:00<00:00, 7455.54it/s]
  [ComfyUI] xatlas: Building output meshes:  34%|███▍      | 34/100 [00:00<00:00, 7488.26it/s]
  [ComfyUI] xatlas: Building output meshes:  35%|███▌      | 35/100 [00:00<00:00, 7550.31it/s]
  [ComfyUI] xatlas: Building output meshes:  36%|███▌      | 36/100 [00:00<00:00, 7602.97it/s]
  [ComfyUI] xatlas: Building output meshes:  37%|███▋      | 37/100 [00:00<00:00, 7623.01it/s]
  [ComfyUI] xatlas: Building output meshes:  38%|███▊      | 38/100 [00:00<00:00, 7612.17it/s]
  [ComfyUI] xatlas: Building output meshes:  39%|███▉      | 39/100 [00:00<00:00, 7586.75it/s]
  [ComfyUI] xatlas: Building output meshes:  40%|████      | 40/100 [00:00<00:00, 7648.61it/s]
  [ComfyUI] xatlas: Building output meshes:  41%|████      | 41/100 [00:00<00:00, 7692.87it/s]
  [ComfyUI] xatlas: Building output meshes:  42%|████▏     | 42/100 [00:00<00:00, 7693.95it/s]
  [ComfyUI] xatlas: Building output meshes:  43%|████▎     | 43/100 [00:00<00:00, 7666.85it/s]
  [ComfyUI] xatlas: Building output meshes:  44%|████▍     | 44/100 [00:00<00:00, 7699.82it/s]
  [ComfyUI] xatlas: Building output meshes:  45%|████▌     | 45/100 [00:00<00:00, 7735.71it/s]
  [ComfyUI] xatlas: Building output meshes:  46%|████▌     | 46/100 [00:00<00:00, 7738.57it/s]
  [ComfyUI] xatlas: Building output meshes:  47%|████▋     | 47/100 [00:00<00:00, 7703.19it/s]
  [ComfyUI] xatlas: Building output meshes:  48%|████▊     | 48/100 [00:00<00:00, 7717.80it/s]
  [ComfyUI] xatlas: Building output meshes:  49%|████▉     | 49/100 [00:00<00:00, 7752.58it/s]
  [ComfyUI] xatlas: Building output meshes:  50%|█████     | 50/100 [00:00<00:00, 7784.82it/s]
  [ComfyUI] xatlas: Building output meshes:  51%|█████     | 51/100 [00:00<00:00, 7804.92it/s]
  [ComfyUI] xatlas: Building output meshes:  52%|█████▏    | 52/100 [00:00<00:00, 7811.18it/s]
  [ComfyUI] xatlas: Building output meshes:  53%|█████▎    | 53/100 [00:00<00:00, 7818.31it/s]
  [ComfyUI] xatlas: Building output meshes:  54%|█████▍    | 54/100 [00:00<00:00, 7842.26it/s]
  [ComfyUI] xatlas: Building output meshes:  55%|█████▌    | 55/100 [00:00<00:00, 7852.36it/s]
  [ComfyUI] xatlas: Building output meshes:  56%|█████▌    | 56/100 [00:00<00:00, 7821.81it/s]
  [ComfyUI] xatlas: Building output meshes:  57%|█████▋    | 57/100 [00:00<00:00, 7831.35it/s]
  [ComfyUI] xatlas: Building output meshes:  58%|█████▊    | 58/100 [00:00<00:00, 7850.95it/s]
  [ComfyUI] xatlas: Building output meshes:  59%|█████▉    | 59/100 [00:00<00:00, 7866.24it/s]
  [ComfyUI] xatlas: Building output meshes:  60%|██████    | 60/100 [00:00<00:00, 7863.09it/s]
  [ComfyUI] xatlas: Building output meshes:  61%|██████    | 61/100 [00:00<00:00, 7861.50it/s]
  [ComfyUI] xatlas: Building output meshes:  62%|██████▏   | 62/100 [00:00<00:00, 7894.80it/s]
  [ComfyUI] xatlas: Building output meshes:  63%|██████▎   | 63/100 [00:00<00:00, 7909.28it/s]
  [ComfyUI] xatlas: Building output meshes:  64%|██████▍   | 64/100 [00:00<00:00, 7869.24it/s]
  [ComfyUI] xatlas: Building output meshes:  65%|██████▌   | 65/100 [00:00<00:00, 7864.70it/s]
  [ComfyUI] xatlas: Building output meshes:  66%|██████▌   | 66/100 [00:00<00:00, 7891.45it/s]
  [ComfyUI] xatlas: Building output meshes:  67%|██████▋   | 67/100 [00:00<00:00, 7882.92it/s]
  [ComfyUI] xatlas: Building output meshes:  68%|██████▊   | 68/100 [00:00<00:00, 7892.54it/s]
  [ComfyUI] xatlas: Building output meshes:  69%|██████▉   | 69/100 [00:00<00:00, 7893.92it/s]
  [ComfyUI] xatlas: Building output meshes:  70%|███████   | 70/100 [00:00<00:00, 7910.58it/s]
  [ComfyUI] xatlas: Building output meshes:  71%|███████   | 71/100 [00:00<00:00, 7916.52it/s]
  [ComfyUI] xatlas: Building output meshes:  72%|███████▏  | 72/100 [00:00<00:00, 7949.40it/s]
  [ComfyUI] xatlas: Building output meshes:  73%|███████▎  | 73/100 [00:00<00:00, 7948.09it/s]
  [ComfyUI] xatlas: Building output meshes:  74%|███████▍  | 74/100 [00:00<00:00, 7946.81it/s]
  [ComfyUI] xatlas: Building output meshes:  75%|███████▌  | 75/100 [00:00<00:00, 7935.14it/s]
  [ComfyUI] xatlas: Building output meshes:  76%|███████▌  | 76/100 [00:00<00:00, 7935.45it/s]
  [ComfyUI] xatlas: Building output meshes:  77%|███████▋  | 77/100 [00:00<00:00, 7939.66it/s]
  [ComfyUI] xatlas: Building output meshes:  78%|███████▊  | 78/100 [00:00<00:00, 7908.81it/s]
  [ComfyUI] xatlas: Building output meshes:  79%|███████▉  | 79/100 [00:00<00:00, 7930.26it/s]
  [ComfyUI] xatlas: Building output meshes:  80%|████████  | 80/100 [00:00<00:00, 7958.45it/s]
  [ComfyUI] xatlas: Building output meshes:  81%|████████  | 81/100 [00:00<00:00, 7965.74it/s]
  [ComfyUI] xatlas: Building output meshes:  82%|████████▏ | 82/100 [00:00<00:00, 7985.07it/s]
  [ComfyUI] xatlas: Building output meshes:  83%|████████▎ | 83/100 [00:00<00:00, 7988.60it/s]
  [ComfyUI] xatlas: Building output meshes:  84%|████████▍ | 84/100 [00:00<00:00, 7994.23it/s]
  [ComfyUI] xatlas: Building output meshes:  85%|████████▌ | 85/100 [00:00<00:00, 8011.95it/s]
  [ComfyUI] xatlas: Building output meshes:  86%|████████▌ | 86/100 [00:00<00:00, 8044.92it/s]
  [ComfyUI] xatlas: Building output meshes:  87%|████████▋ | 87/100 [00:00<00:00, 8074.89it/s]
  [ComfyUI] xatlas: Building output meshes:  88%|████████▊ | 88/100 [00:00<00:00, 8090.01it/s]
  [ComfyUI] xatlas: Building output meshes:  89%|████████▉ | 89/100 [00:00<00:00, 8102.91it/s]
  [ComfyUI] xatlas: Building output meshes:  90%|█████████ | 90/100 [00:00<00:00, 8133.22it/s]
  [ComfyUI] xatlas: Building output meshes:  91%|█████████ | 91/100 [00:00<00:00, 8155.77it/s]
  [ComfyUI] xatlas: Building output meshes:  92%|█████████▏| 92/100 [00:00<00:00, 8148.75it/s]
  [ComfyUI] xatlas: Building output meshes:  93%|█████████▎| 93/100 [00:00<00:00, 8159.10it/s]
  [ComfyUI] xatlas: Building output meshes:  94%|█████████▍| 94/100 [00:00<00:00, 8157.42it/s]
  [ComfyUI] xatlas: Building output meshes:  95%|█████████▌| 95/100 [00:00<00:00, 8155.78it/s]
  [ComfyUI] xatlas: Building output meshes:  96%|█████████▌| 96/100 [00:00<00:00, 8166.25it/s]
  [ComfyUI] xatlas: Building output meshes:  97%|█████████▋| 97/100 [00:00<00:00, 8187.05it/s]
  [ComfyUI] xatlas: Building output meshes:  98%|█████████▊| 98/100 [00:00<00:00, 8190.86it/s]
  [ComfyUI] xatlas: Building output meshes:  99%|█████████▉| 99/100 [00:00<00:00, 8170.72it/s]
  [ComfyUI] xatlas: Building output meshes: 100%|██████████| 100/100 [00:00<00:00, 8150.14it/s]
  [ComfyUI] xatlas: Building output meshes: 100%|██████████| 100/100 [00:00<00:00, 7888.33it/s]
  [ComfyUI] 
  [ComfyUI] Gathering results from xatlas:   0%|          | 0/3488 [00:00<?, ?it/s]
  [ComfyUI] Gathering results from xatlas: 100%|██████████| 3488/3488 [00:00<00:00, 57253.62it/s]
  [ComfyUI] [worker:ComfyUI-TRELLIS2] [ProcessMesh] After UV unwrap: 345216 verts, 473576 faces (alloc=9MB)
  [ComfyUI] [worker:ComfyUI-TRELLIS2] [ProcessMesh] Welding vertices (digits=4)... (alloc=9MB)
  [ComfyUI] [worker:ComfyUI-TRELLIS2] [ProcessMesh] After weld: removed 100348 verts, now 244868 verts, 473563 faces (alloc=9MB)
  [ComfyUI] [worker:ComfyUI-TRELLIS2] [ProcessMesh] Done: 244868 verts, 473563 faces (alloc=9MB)
  [ComfyUI] [worker:ComfyUI-TRELLIS2] [VRAM] ProcessMesh done: alloc=9MB reserved=24MB peak=1265MB
  [ComfyUI] [SubprocessWorker] got response: ok
  [ComfyUI] [comfy-env] Trellis2ProcessMesh done (42.85s): result: NodeOutput
  [ComfyUI] [VRAM] After Trellis2ProcessMesh: 370 / 7703 MB
  [ComfyUI] [comfy-env] SubprocessWorker: /workspaces/TRELLIS2-0211/ComfyUI/.ce/.pixi/envs/geometrypack-main/bin/python
  [ComfyUI] [VRAM] Loaded: SubprocessModel (0 MB), SubprocessModel (0 MB), SubprocessModel (0 MB), SubprocessModel (0 MB), SubprocessModel (0 MB)
  [ComfyUI] [comfy-env] env_vars: {'KMP_DUPLICATE_LIB_OK': 'TRUE', 'OMP_NUM_THREADS': '1', 'COMFYUI_BASE': '/workspaces/TRELLIS2-0211/ComfyUI'}
  [ComfyUI] [comfy-env] Running GeomPackPreviewMeshVTK: mode: 'fields', trimesh: Trimesh
  [ComfyUI] [ComfyUI-GeometryPack] python: /workspaces/TRELLIS2-0211/ComfyUI/.ce/.pixi/envs/geometrypack-main/bin/python
  [ComfyUI] [VRAM] Before GeomPackPreviewMeshVTK: 370 / 7703 MB
  [ComfyUI] [ComfyUI-GeometryPack] sys_path sent to worker: ['/workspaces/TRELLIS2-0211/ComfyUI', '/workspaces/TRELLIS2-0211/ComfyUI/custom_nodes/ComfyUI-GeometryPack', '/workspaces/TRELLIS2-0211/ComfyUI/.ce/.pixi/envs/geometrypack-main/lib/python3.1/site-packages', '/workspaces/TRELLIS2-0211/ComfyUI/custom_nodes/ComfyUI-GeometryPack']
  [ComfyUI] [VRAM] Loaded: SubprocessModel (0 MB), SubprocessModel (0 MB), SubprocessModel (0 MB), SubprocessModel (0 MB), SubprocessModel (0 MB)
  [ComfyUI] [SubprocessWorker] is_pixi=True, python=/workspaces/TRELLIS2-0211/ComfyUI/.ce/.pixi/envs/geometrypack-main/bin/python
  [ComfyUI] [SubprocessWorker] call_method: nodes.main.visualization.preview_mesh_vtk.PreviewMeshVTKNode.EXECUTE_NORMALIZED
  [ComfyUI] [SubprocessWorker] launching cmd=['/root/.local/bin/pixi', 'run', '--as-is', '--manifest-path', '/workspaces/TRELLIS2-0211/ComfyUI/.ce/pixi.toml', '-e', 'geometrypack-main', 'python', '/tmp/comfyui_pvenv_movj16cw/persistent_worker.py', 'abstract://comfy_worker_1e40de8d4f8b']...
  [ComfyUI] [SubprocessWorker] acquired lock, ensuring started...
  [ComfyUI] [SubprocessWorker] socket_addr=abstract://comfy_worker_1e40de8d4f8b (abstract, no filesystem path)
  Frame 54 saved (frame_053.jpg, t=441.9s)
  [capture-periodic] freeze=2ms shot=160ms unfreeze=7ms saved=True
  [ComfyUI] [worker:ComfyUI-GeometryPack] WARNING: WARNING: You need pytorch with cu130 or higher to use optimized CUDA operations.
  [ComfyUI] [SubprocessWorker] worker started/confirmed
  [ComfyUI] [SubprocessWorker] serializing kwargs to shm...
  [ComfyUI] [SubprocessWorker] created 1 shm blocks
  [ComfyUI] [SubprocessWorker] sending request via socket...
  [ComfyUI] [SubprocessWorker] call_id=1 sending call_method
  Frame 55 saved (frame_054.jpg, t=444.2s)
  [capture-periodic] freeze=1ms shot=189ms unfreeze=7ms saved=True
  [capture-loop] iter=3900 t=444.8s state={'complete': False, 'error': None, 'executedCount': 1, 'wsState': 1} eval_ms=2
  [ComfyUI] [worker:ComfyUI-GeometryPack] INFO: Preparing preview: Mesh - 244868 vertices, 473563 faces
  [ComfyUI] [worker:ComfyUI-GeometryPack] INFO: Mode: fields
  [ComfyUI] [worker:ComfyUI-GeometryPack] INFO: Visual data - has_visual: True, kind: texture, texture: True, vertex_colors: False
  [ComfyUI] [worker:ComfyUI-GeometryPack] INFO: Using fields mode - VTP export
  [ComfyUI] [worker:ComfyUI-GeometryPack] INFO: Exporting mesh to VTP: /workspaces/TRELLIS2-0211/ComfyUI/output/preview_vtk_0b660c9f.vtp
  [ComfyUI] [worker:ComfyUI-GeometryPack] INFO: Adding normals field (244868 vertices)
  [ComfyUI] [worker:ComfyUI-GeometryPack] INFO: Export complete: 244868 vertices, 473563 faces
  [ComfyUI] [worker:ComfyUI-GeometryPack] INFO: Exported VTP to: /workspaces/TRELLIS2-0211/ComfyUI/output/preview_vtk_0b660c9f.vtp
  [ComfyUI] [worker:ComfyUI-GeometryPack] INFO: Fields mode info: watertight=False, volume=None, area=3.4057358198830294, no fields
  [ComfyUI] [SubprocessWorker] got response: ok
  [ComfyUI] [comfy-env] GeomPackPreviewMeshVTK done (6.39s): result: NodeOutput
  [ComfyUI] [VRAM] After GeomPackPreviewMeshVTK: 487 / 7703 MB
  [ComfyUI] [VRAM] Loaded: SubprocessModel (0 MB), SubprocessModel (0 MB), SubprocessModel (0 MB), SubprocessModel (0 MB), SubprocessModel (0 MB)
  [ComfyUI] Prompt executed in 447.56 seconds
  Node executed (2 total), capturing...
  Frame 56 saved (frame_055.jpg, t=448.1s)
  [capture-node] freeze=22ms shot=256ms unfreeze=0ms saved=True
  Execution complete (t=448.1s)
  Captured 56 unique frames over 448.48s
  [debug] iframes: 1
  [debug]   iframe[0]: src=http://127.0.0.1:41888/extensions/ComfyUI-GeometryPack/viewer_vtk.html?v=1777688, canvas=486x348, rafFrozen=True
  [timing] trigger_3d_previews: 0.0s
  Saved high-quality screenshot: geometry_only_1024_executed.png
  [timing] final_screenshot: 1.1s
    Captured 57 video frames