Capturing execution frames: geometry_only_1536.json
  Frame 1 saved (frame_000.jpg, t=0.0s)
  Validating workflow...
  [ComfyUI] === /validate endpoint called ===
  [ComfyUI] Received JSON with keys: ['prompt']
  [ComfyUI] Prompt has 8 nodes
  [ComfyUI]   Node 1: LoadImage
  [ComfyUI]     Inputs: {"image": "t_logo.png"}
  [ComfyUI]   Node 10: MaskPreview
  [ComfyUI]     Inputs: {"mask": ["11", 0]}
  Queuing workflow for execution...
  [ComfyUI]   Node 11: InvertMask
  [ComfyUI]     Inputs: {"mask": ["1", 1]}
  [ComfyUI]   Node 91: Trellis2GetConditioning
  [ComfyUI]     Inputs: {"background_color": "black", "model_config": ["92", 0], "image": ["1", 0], "mask": ["11", 0]}
  [ComfyUI]   Node 92: LoadTrellis2Models
  [ComfyUI]     Inputs: {"resolution": "1536_cascade", "precision": "auto", "attn_backend": "auto"}
  [ComfyUI]   Node 104: Trellis2ImageToShape
  [ComfyUI]     Inputs: {"seed": 863715411, "ss_guidance_strength": 6.5, "ss_guidance_rescale": 0.05, "ss_sampling_steps": 12, "shape_guidance_strength": 6.5, "shape_guidance_rescale": 0.05, "shape_sampling_steps": 12, "max_
  [ComfyUI]   Node 108: GeomPackPreviewMeshVTK
  [ComfyUI]     Inputs: {"mode": "fields", "preview_vtk": "{\"show_edges\":false,\"camera_state\":\"{\\\"position\\\":[0.3319241503649594,-0.1585724684983002,0.7863476748561323],\\\"focalPoint\\\":[0.00004982948303222656,-0.
  [ComfyUI]   Node 109: Trellis2ProcessMesh
  [ComfyUI]     Inputs: {"target_face_count": 500000, "fill_holes": false, "fill_holes_perimeter": 0.03, "remesh": true, "remesh_band": 1, "remove_inner_faces": true, "min_component_faces": 1, "chart_cone_angle": 90, "chart_
  [ComfyUI] Generated prompt_id: 178a2b51-3b5b-46e2-b7d3-673f3f0bf6a7
  [ComfyUI] Calling execution.validate_prompt()...
  [ComfyUI] Validation result: valid=True
  [ComfyUI] === Validation PASSED ===
  [ComfyUI] got prompt
  [ComfyUI] [comfy-env] Running LoadTrellis2Models: resolution: '1536_cascade', precision: 'auto', attn_backend: 'auto'
  [ComfyUI] [VRAM] Before LoadTrellis2Models: 521 / 7703 MB
  [ComfyUI] [SubprocessWorker] call_method: nodes.nodes_loader.LoadTrellis2Models.EXECUTE_NORMALIZED
  [ComfyUI] [SubprocessWorker] acquired lock, ensuring started...
  [ComfyUI] [ComfyUI-TRELLIS2] Health check: ping (timeout=5.0s)...
  [ComfyUI] [ComfyUI-TRELLIS2] Health check: ok
  [ComfyUI] [SubprocessWorker] worker started/confirmed
  [ComfyUI] [SubprocessWorker] serializing kwargs to shm...
  [ComfyUI] [SubprocessWorker] created 0 shm blocks
  [ComfyUI] [SubprocessWorker] sending request via socket...
  [ComfyUI] [SubprocessWorker] call_id=15 sending call_method
  [ComfyUI] [SubprocessWorker] got response: ok
  [ComfyUI] [comfy-env] LoadTrellis2Models done (0.01s): result: NodeOutput
  [ComfyUI] [VRAM] After LoadTrellis2Models: 521 / 7703 MB
  [ComfyUI] [comfy-env] Running Trellis2GetConditioning: background_color: 'black', model_config: dict, image: torch.float32 [1,1024,1024,3] cpu, mask: torch.float32 [1,1024,1024] cpu
  [ComfyUI] [VRAM] Before Trellis2GetConditioning: 521 / 7703 MB
  [ComfyUI] [SubprocessWorker] call_method: nodes.nodes_inference.Trellis2GetConditioning.EXECUTE_NORMALIZED
  [ComfyUI] [SubprocessWorker] acquired lock, ensuring started...
  [ComfyUI] [ComfyUI-TRELLIS2] Health check: ping (timeout=5.0s)...
  [ComfyUI] [ComfyUI-TRELLIS2] Health check: ok
  [ComfyUI] [SubprocessWorker] worker started/confirmed
  [ComfyUI] [comfy-env] PRE-SERIALIZE 'image' shape: torch.Size([1, 1024, 1024, 3])
  [ComfyUI] [comfy-env] PRE-SERIALIZE 'mask' shape: torch.Size([1, 1024, 1024])
  [ComfyUI] [SubprocessWorker] serializing kwargs to shm...
  [ComfyUI] [SubprocessWorker] created 0 shm blocks
  [ComfyUI] [SubprocessWorker] sending request via socket...
  [ComfyUI] [SubprocessWorker] call_id=16 sending call_method
  [ComfyUI] [worker:ComfyUI-TRELLIS2] [comfy-env] _from_shm got dict with keys: ['__type__', 'strategy', 'parent_pid', 'fd', 'storage_size']
  [ComfyUI] [worker:ComfyUI-TRELLIS2] [comfy-env] DESERIALIZE TensorRef: tensor_size=[1, 1024, 1024, 3]
  [ComfyUI] [worker:ComfyUI-TRELLIS2] [comfy-env] DESERIALIZED tensor shape: torch.Size([1, 1024, 1024, 3])
  [ComfyUI] [worker:ComfyUI-TRELLIS2] [comfy-env] _from_shm got dict with keys: ['__type__', 'strategy', 'parent_pid', 'fd', 'storage_size']
  [ComfyUI] [worker:ComfyUI-TRELLIS2] [comfy-env] DESERIALIZE TensorRef: tensor_size=[1, 1024, 1024]
  [ComfyUI] [worker:ComfyUI-TRELLIS2] [comfy-env] DESERIALIZED tensor shape: torch.Size([1, 1024, 1024])
  [ComfyUI] [SubprocessWorker] callback 'request_vram_budget' from call_id=16
  [ComfyUI] [comfy-env] VRAM request: 1.21GB, free before eviction: 7.53GB
  [ComfyUI] [comfy-env] VRAM after eviction: 7.53GB
  Node executed (1 total), capturing...
  [ComfyUI] [worker:ComfyUI-TRELLIS2] [VRAM] +448MB (now 457MB) reserved=484MB peak=3447MB
  Frame 2 saved (frame_001.jpg, t=0.7s)
  [capture-node] freeze=2ms shot=180ms unfreeze=7ms saved=True
  [ComfyUI] [worker:ComfyUI-TRELLIS2] [TRELLIS2] DinoV3 conditioning: dtype=torch.bfloat16
  [ComfyUI] [SubprocessWorker] callback 'report_progress' from call_id=16
  [ComfyUI] [SubprocessWorker] callback 'report_progress' from call_id=16
  [ComfyUI] [SubprocessWorker] callback 'report_progress' from call_id=16
  [ComfyUI] [worker:ComfyUI-TRELLIS2] [TRELLIS2] DinoV3 conditioning: dtype=torch.bfloat16
  [ComfyUI] [SubprocessWorker] callback 'report_progress' from call_id=16
  [ComfyUI] [SubprocessWorker] callback 'report_progress' from call_id=16
  [ComfyUI] [SubprocessWorker] callback 'report_progress' from call_id=16
  [ComfyUI] [SubprocessWorker] got response: ok
  [ComfyUI] [comfy-env] Trellis2GetConditioning done (1.38s): result: NodeOutput
  [ComfyUI] [VRAM] After Trellis2GetConditioning: 561 / 7703 MB
  [ComfyUI] [comfy-env] Running Trellis2ImageToShape: seed: 863715411, ss_guidance_strength: 6.5, ss_guidance_rescale: 0.05, ss_sampling_steps: 12, shape_guidance_strength: 6.5, shape_guidance_rescale: 0.05, shape_sampling_steps: 12, max_tokens: 49152, model_config: dict, conditioning: dict
  [ComfyUI] [VRAM] Before Trellis2ImageToShape: 561 / 7703 MB
  [ComfyUI] [SubprocessWorker] call_method: nodes.nodes_inference.Trellis2ImageToShape.EXECUTE_NORMALIZED
  [ComfyUI] [SubprocessWorker] acquired lock, ensuring started...
  [ComfyUI] [ComfyUI-TRELLIS2] Health check: ping (timeout=5.0s)...
  [ComfyUI] [ComfyUI-TRELLIS2] Health check: ok
  [ComfyUI] [SubprocessWorker] worker started/confirmed
  [ComfyUI] [SubprocessWorker] serializing kwargs to shm...
  [ComfyUI] [SubprocessWorker] created 0 shm blocks
  [ComfyUI] [SubprocessWorker] sending request via socket...
  [ComfyUI] [SubprocessWorker] call_id=17 sending call_method
  [ComfyUI] [worker:ComfyUI-TRELLIS2] [comfy-env] _from_shm got dict with keys: ['__type__', 'strategy', 'parent_pid', 'fd', 'storage_size']
  [ComfyUI] [worker:ComfyUI-TRELLIS2] [comfy-env] DESERIALIZE TensorRef: tensor_size=[1, 1029, 1024]
  [ComfyUI] [worker:ComfyUI-TRELLIS2] [comfy-env] DESERIALIZED tensor shape: torch.Size([1, 1029, 1024])
  [ComfyUI] [worker:ComfyUI-TRELLIS2] [comfy-env] _from_shm got dict with keys: ['__type__', 'strategy', 'parent_pid', 'fd', 'storage_size']
  [ComfyUI] [worker:ComfyUI-TRELLIS2] [comfy-env] DESERIALIZE TensorRef: tensor_size=[1, 1029, 1024]
  [ComfyUI] [worker:ComfyUI-TRELLIS2] [comfy-env] DESERIALIZED tensor shape: torch.Size([1, 1029, 1024])
  [ComfyUI] [worker:ComfyUI-TRELLIS2] [comfy-env] _from_shm got dict with keys: ['__type__', 'strategy', 'parent_pid', 'fd', 'storage_size']
  [ComfyUI] [worker:ComfyUI-TRELLIS2] [comfy-env] DESERIALIZE TensorRef: tensor_size=[1, 4101, 1024]
  [ComfyUI] [worker:ComfyUI-TRELLIS2] [comfy-env] DESERIALIZED tensor shape: torch.Size([1, 4101, 1024])
  [ComfyUI] [worker:ComfyUI-TRELLIS2] [VRAM] -449MB (now 9MB) reserved=64MB peak=3447MB
  [ComfyUI] [SubprocessWorker] callback 'request_vram_budget' from call_id=17
  [ComfyUI] [comfy-env] VRAM request: 2.59GB, free before eviction: 7.49GB
  [ComfyUI] [comfy-env] VRAM after eviction: 7.49GB
  [ComfyUI] [worker:ComfyUI-TRELLIS2] [TRELLIS2] sparse_structure_flow_model -> GPU: 0.6s
  [ComfyUI] [worker:ComfyUI-TRELLIS2] [VRAM] +2490MB (now 2500MB) reserved=2706MB peak=3447MB
  [ComfyUI] [SubprocessWorker] callback 'report_progress' from call_id=17
  Frame 3 saved (frame_002.jpg, t=3.0s)
  [capture-periodic] freeze=2ms shot=144ms unfreeze=2ms saved=True
  [ComfyUI] [SubprocessWorker] callback 'report_progress' from call_id=17
  [ComfyUI] [SubprocessWorker] callback 'report_progress' from call_id=17
  [ComfyUI] [SubprocessWorker] callback 'report_progress' from call_id=17
  Frame 4 saved (frame_003.jpg, t=5.3s)
  [capture-periodic] freeze=1ms shot=173ms unfreeze=2ms saved=True
  [ComfyUI] [SubprocessWorker] callback 'report_progress' from call_id=17
  [capture-loop] iter=50 t=6.4s state={'complete': False, 'error': None, 'executedCount': 1, 'wsState': 1} eval_ms=3
  [ComfyUI] [SubprocessWorker] callback 'report_progress' from call_id=17
  Frame 5 saved (frame_004.jpg, t=7.6s)
  [capture-periodic] freeze=1ms shot=166ms unfreeze=5ms saved=True
  [ComfyUI] [SubprocessWorker] callback 'report_progress' from call_id=17
  [ComfyUI] [SubprocessWorker] callback 'report_progress' from call_id=17
  [ComfyUI] [SubprocessWorker] callback 'report_progress' from call_id=17
  Frame 6 saved (frame_005.jpg, t=9.9s)
  [capture-periodic] freeze=1ms shot=166ms unfreeze=6ms saved=True
  [ComfyUI] [SubprocessWorker] callback 'report_progress' from call_id=17
  [ComfyUI] [SubprocessWorker] callback 'report_progress' from call_id=17
  [ComfyUI] [SubprocessWorker] callback 'report_progress' from call_id=17
  [ComfyUI] [worker:ComfyUI-TRELLIS2] [VRAM] -309MB (now 2191MB) reserved=2708MB peak=3447MB
  [ComfyUI] [SubprocessWorker] callback 'request_vram_budget' from call_id=17
  [ComfyUI] [comfy-env] VRAM request: 0.15GB, free before eviction: 7.51GB
  [ComfyUI] [comfy-env] VRAM after eviction: 7.51GB
  [ComfyUI] [worker:ComfyUI-TRELLIS2] [TRELLIS2] sparse_structure_decoder -> GPU: 0.0s
  [capture-loop] iter=100 t=12.0s state={'complete': False, 'error': None, 'executedCount': 1, 'wsState': 1} eval_ms=2
  [ComfyUI] [SubprocessWorker] callback 'report_progress' from call_id=17
  [ComfyUI] [SubprocessWorker] callback 'request_vram_budget' from call_id=17
  [ComfyUI] [comfy-env] VRAM request: 2.58GB, free before eviction: 7.51GB
  [ComfyUI] [comfy-env] VRAM after eviction: 7.51GB
  [ComfyUI] [worker:ComfyUI-TRELLIS2] [VRAM] -326MB (now 1865MB) reserved=1884MB peak=3447MB
  Frame 7 saved (frame_006.jpg, t=12.2s)
  [capture-periodic] freeze=2ms shot=197ms unfreeze=10ms saved=True
  [ComfyUI] [worker:ComfyUI-TRELLIS2] [TRELLIS2] shape_slat_flow_model_512 -> GPU: 0.6s
  [ComfyUI] [SubprocessWorker] callback 'report_progress' from call_id=17
  [ComfyUI] [worker:ComfyUI-TRELLIS2] [VRAM] +742MB (now 2608MB) reserved=2710MB peak=3447MB
  [ComfyUI] [SubprocessWorker] callback 'report_progress' from call_id=17
  Frame 8 saved (frame_007.jpg, t=14.5s)
  [capture-periodic] freeze=1ms shot=172ms unfreeze=7ms saved=True
  [ComfyUI] [SubprocessWorker] callback 'report_progress' from call_id=17
  [ComfyUI] [SubprocessWorker] callback 'report_progress' from call_id=17
  [ComfyUI] [SubprocessWorker] callback 'report_progress' from call_id=17
  Frame 9 saved (frame_008.jpg, t=16.8s)
  [capture-periodic] freeze=9ms shot=172ms unfreeze=6ms saved=True
  [ComfyUI] [SubprocessWorker] callback 'report_progress' from call_id=17
  [capture-loop] iter=150 t=17.9s state={'complete': False, 'error': None, 'executedCount': 1, 'wsState': 1} eval_ms=6
  [ComfyUI] [SubprocessWorker] callback 'report_progress' from call_id=17
  [ComfyUI] [SubprocessWorker] callback 'report_progress' from call_id=17
  Frame 10 saved (frame_009.jpg, t=19.1s)
  [capture-periodic] freeze=2ms shot=189ms unfreeze=5ms saved=True
  [ComfyUI] [SubprocessWorker] callback 'report_progress' from call_id=17
  [ComfyUI] [SubprocessWorker] callback 'report_progress' from call_id=17
  [ComfyUI] [SubprocessWorker] callback 'report_progress' from call_id=17
  [ComfyUI] [SubprocessWorker] callback 'report_progress' from call_id=17
  [ComfyUI] [worker:ComfyUI-TRELLIS2] [VRAM] -255MB (now 2353MB) reserved=2718MB peak=3447MB
  [ComfyUI] [SubprocessWorker] callback 'request_vram_budget' from call_id=17
  [ComfyUI] [comfy-env] VRAM request: 0.95GB, free before eviction: 7.49GB
  [ComfyUI] [comfy-env] VRAM after eviction: 7.49GB
  Frame 11 saved (frame_010.jpg, t=21.4s)
  [capture-periodic] freeze=6ms shot=191ms unfreeze=7ms saved=True
  [ComfyUI] [worker:ComfyUI-TRELLIS2] [TRELLIS2] shape_slat_decoder -> GPU: 0.2s
  [ComfyUI] [worker:ComfyUI-TRELLIS2] [vae] set max_voxels_per_tile=1000000 on 40 SparseConv3d modules
  [ComfyUI] [worker:ComfyUI-TRELLIS2] [sparse-conv] N=3,575 Ci=1024 Co=1024 feats=6MB cache=0MB (miss) w_dev=cuda:0 alloc=947MB
  [ComfyUI] [worker:ComfyUI-TRELLIS2] [VRAM] -1144MB (now 1210MB) reserved=1218MB peak=3447MB
  [ComfyUI] [worker:ComfyUI-TRELLIS2] [VRAM] -256MB (now 954MB) reserved=1218MB peak=3447MB
  [capture-loop] iter=200 t=23.6s state={'complete': False, 'error': None, 'executedCount': 1, 'wsState': 1} eval_ms=2
  Frame 12 saved (frame_011.jpg, t=23.7s)
  [capture-periodic] freeze=1ms shot=177ms unfreeze=1ms saved=True
  [ComfyUI] [worker:ComfyUI-TRELLIS2] [VRAM] +276MB (now 1231MB) reserved=1478MB peak=3447MB
  [ComfyUI] [worker:ComfyUI-TRELLIS2] [VRAM] -229MB (now 1003MB) reserved=1478MB peak=3447MB
  [ComfyUI] [worker:ComfyUI-TRELLIS2] [VRAM] +256MB (now 1259MB) reserved=1478MB peak=3447MB
  [ComfyUI] [worker:ComfyUI-TRELLIS2] [VRAM] -256MB (now 1003MB) reserved=1478MB peak=3447MB
  [ComfyUI] [worker:ComfyUI-TRELLIS2] [VRAM] +256MB (now 1259MB) reserved=1478MB peak=3447MB
  [ComfyUI] [worker:ComfyUI-TRELLIS2] [VRAM] -312MB (now 947MB) reserved=1478MB peak=3447MB
  [ComfyUI] [worker:ComfyUI-TRELLIS2] [sparse-conv] out=6MB alloc=954MB
  [ComfyUI] [worker:ComfyUI-TRELLIS2] [sparse-conv] N=3,575 Ci=1024 Co=1024 feats=6MB cache=0MB (miss) w_dev=cuda:0 alloc=948MB
  [ComfyUI] [worker:ComfyUI-TRELLIS2] [sparse-conv] out=6MB alloc=955MB
  [ComfyUI] [worker:ComfyUI-TRELLIS2] [sparse-conv] N=3,575 Ci=1024 Co=1024 feats=6MB cache=0MB (miss) w_dev=cuda:0 alloc=948MB
  [ComfyUI] [worker:ComfyUI-TRELLIS2] [sparse-conv] out=6MB alloc=955MB
  [ComfyUI] [worker:ComfyUI-TRELLIS2] [sparse-conv] N=3,575 Ci=1024 Co=1024 feats=6MB cache=0MB (miss) w_dev=cuda:0 alloc=948MB
  [capture-loop] iter=250 t=29.4s state={'complete': False, 'error': None, 'executedCount': 1, 'wsState': 1} eval_ms=2
  [ComfyUI] [worker:ComfyUI-TRELLIS2] [sparse-conv] out=6MB alloc=955MB
  [ComfyUI] [worker:ComfyUI-TRELLIS2] [C2S3d] after subdiv: alloc=947MB
  [ComfyUI] [worker:ComfyUI-TRELLIS2] [C2S3d] after norm1: alloc=954MB
  [ComfyUI] [worker:ComfyUI-TRELLIS2] [C2S3d] pre-conv1: N=3,575 Ci=1024 Co=4096 alloc=954MB
  [ComfyUI] [worker:ComfyUI-TRELLIS2] [C2S3d] x.feats offloaded before conv1: alloc=954MB
  [ComfyUI] [worker:ComfyUI-TRELLIS2] [sparse-conv] N=3,575 Ci=1024 Co=4096 feats=6MB cache=0MB (miss) w_dev=cuda:0 alloc=955MB
  [ComfyUI] [worker:ComfyUI-TRELLIS2] [VRAM] +291MB (now 1239MB) reserved=1260MB peak=3447MB
  [ComfyUI] [worker:ComfyUI-TRELLIS2] [VRAM] -256MB (now 983MB) reserved=1260MB peak=3447MB
  [ComfyUI] [worker:ComfyUI-TRELLIS2] [sparse-conv] out=27MB alloc=983MB
  [ComfyUI] [worker:ComfyUI-TRELLIS2] [C2S3d] post-conv1: h=torch.Size([3575, 4096]) alloc=976MB
  [ComfyUI] [worker:ComfyUI-TRELLIS2] [C2S3d] x.feats restored from CPU: alloc=983MB
  [ComfyUI] [worker:ComfyUI-TRELLIS2] [C2S3d] pre-C2S(h): alloc=983MB
  [ComfyUI] [worker:ComfyUI-TRELLIS2] [C2S] scatter: 3,575×4096 -> 18,408×512 in=27MB out=17MB alloc=984MB
  [ComfyUI] [worker:ComfyUI-TRELLIS2] [C2S] scatter done: alloc=1002MB
  [ComfyUI] [worker:ComfyUI-TRELLIS2] [C2S3d] post-C2S(h): h=torch.Size([18408, 512]) alloc=974MB
  [ComfyUI] [worker:ComfyUI-TRELLIS2] [C2S] scatter: 3,575×1024 -> 18,408×128 in=6MB out=4MB alloc=974MB
  [ComfyUI] [worker:ComfyUI-TRELLIS2] [C2S] scatter done: alloc=979MB
  [ComfyUI] [worker:ComfyUI-TRELLIS2] [C2S3d] post-C2S(x): x=torch.Size([18408, 128]) alloc=971MB
  [ComfyUI] [worker:ComfyUI-TRELLIS2] [C2S3d] post-C2S: N=18,408 h=512ch x=128ch alloc=971MB
  [ComfyUI] [worker:ComfyUI-TRELLIS2] [C2S3d] x offloaded to CPU, pre-conv2: alloc=967MB
  [ComfyUI] [worker:ComfyUI-TRELLIS2] [C2S3d] after norm2: alloc=967MB
  [ComfyUI] [worker:ComfyUI-TRELLIS2] [C2S3d] after silu: alloc=967MB
  [ComfyUI] [worker:ComfyUI-TRELLIS2] [sparse-conv] N=18,408 Ci=512 Co=512 feats=17MB cache=4MB (miss) w_dev=cuda:0 alloc=971MB
  [ComfyUI] [worker:ComfyUI-TRELLIS2] [sparse-conv] out=17MB alloc=989MB
  [ComfyUI] [worker:ComfyUI-TRELLIS2] [C2S3d] post-conv2: alloc=971MB
  [ComfyUI] [worker:ComfyUI-TRELLIS2] [C2S3d] post-conv2 (cache cleared): alloc=967MB
  [ComfyUI] [worker:ComfyUI-TRELLIS2] [C2S3d] after skip expand: alloc=985MB
  [ComfyUI] [worker:ComfyUI-TRELLIS2] [C2S3d] post-skip: alloc=967MB
  [ComfyUI] [worker:ComfyUI-TRELLIS2] [sparse-conv] N=18,408 Ci=512 Co=512 feats=17MB cache=4MB (miss) w_dev=cuda:0 alloc=964MB
  [ComfyUI] [worker:ComfyUI-TRELLIS2] [sparse-conv] out=17MB alloc=982MB
  [ComfyUI] [worker:ComfyUI-TRELLIS2] [sparse-conv] N=18,408 Ci=512 Co=512 feats=17MB cache=4MB (miss) w_dev=cuda:0 alloc=964MB
  [ComfyUI] [worker:ComfyUI-TRELLIS2] [sparse-conv] out=17MB alloc=982MB
  [ComfyUI] [worker:ComfyUI-TRELLIS2] [sparse-conv] N=18,408 Ci=512 Co=512 feats=17MB cache=4MB (miss) w_dev=cuda:0 alloc=964MB
  [ComfyUI] [worker:ComfyUI-TRELLIS2] [sparse-conv] out=17MB alloc=982MB
  [ComfyUI] [worker:ComfyUI-TRELLIS2] [sparse-conv] N=18,408 Ci=512 Co=512 feats=17MB cache=4MB (miss) w_dev=cuda:0 alloc=964MB
  [ComfyUI] [worker:ComfyUI-TRELLIS2] [sparse-conv] out=17MB alloc=982MB
  [ComfyUI] [worker:ComfyUI-TRELLIS2] [sparse-conv] N=18,408 Ci=512 Co=512 feats=17MB cache=4MB (miss) w_dev=cuda:0 alloc=964MB
  [ComfyUI] [worker:ComfyUI-TRELLIS2] [sparse-conv] out=17MB alloc=982MB
  [ComfyUI] [worker:ComfyUI-TRELLIS2] [sparse-conv] N=18,408 Ci=512 Co=512 feats=17MB cache=4MB (miss) w_dev=cuda:0 alloc=964MB
  [ComfyUI] [worker:ComfyUI-TRELLIS2] [sparse-conv] out=17MB alloc=982MB
  [ComfyUI] [worker:ComfyUI-TRELLIS2] [sparse-conv] N=18,408 Ci=512 Co=512 feats=17MB cache=4MB (miss) w_dev=cuda:0 alloc=964MB
  [ComfyUI] [worker:ComfyUI-TRELLIS2] [sparse-conv] out=17MB alloc=982MB
  [ComfyUI] [worker:ComfyUI-TRELLIS2] [sparse-conv] N=18,408 Ci=512 Co=512 feats=17MB cache=4MB (miss) w_dev=cuda:0 alloc=964MB
  [ComfyUI] [worker:ComfyUI-TRELLIS2] [sparse-conv] out=17MB alloc=982MB
  [ComfyUI] [worker:ComfyUI-TRELLIS2] [sparse-conv] N=18,408 Ci=512 Co=512 feats=17MB cache=4MB (miss) w_dev=cuda:0 alloc=964MB
  [ComfyUI] [worker:ComfyUI-TRELLIS2] [sparse-conv] out=17MB alloc=982MB
  [ComfyUI] [worker:ComfyUI-TRELLIS2] [sparse-conv] N=18,408 Ci=512 Co=512 feats=17MB cache=4MB (miss) w_dev=cuda:0 alloc=964MB
  [ComfyUI] [worker:ComfyUI-TRELLIS2] [sparse-conv] out=17MB alloc=982MB
  [ComfyUI] [worker:ComfyUI-TRELLIS2] [sparse-conv] N=18,408 Ci=512 Co=512 feats=17MB cache=4MB (miss) w_dev=cuda:0 alloc=964MB
  [ComfyUI] [worker:ComfyUI-TRELLIS2] [sparse-conv] out=17MB alloc=982MB
  [ComfyUI] [worker:ComfyUI-TRELLIS2]
  [ComfyUI] === WATCHDOG TICK 12 ===
  [ComfyUI] [worker:ComfyUI-TRELLIS2] Thread 0x00007d1690b39640 (most recent call first):
  [ComfyUI]   File "/workspaces/TRELLIS2-0211/ComfyUI/.ce/.pixi/envs/trellis2-nodes/lib/python3.10/threading.py", line 324 in wait
  [ComfyUI]   File "/workspaces/TRELLIS2-0211/ComfyUI/.ce/.pixi/envs/trellis2-nodes/lib/python3.10/threading.py", line 607 in wait
  [ComfyUI]   File "/workspaces/TRELLIS2-0211/ComfyUI/.ce/.pixi/envs/trellis2-nodes/lib/python3.10/site-packages/tqdm/_monitor.py", line 60 in run
  [ComfyUI]   File "/workspaces/TRELLIS2-0211/ComfyUI/.ce/.pixi/envs/trellis2-nodes/lib/python3.10/threading.py", line 1016 in _bootstrap_inner
  [ComfyUI]   File "/workspaces/TRELLIS2-0211/ComfyUI/.ce/.pixi/envs/trellis2-nodes/lib/python3.10/threading.py", line 973 in _bootstrap
  [ComfyUI] 
  [ComfyUI] Thread 0x00007d173d1fc640 (most recent call first):
  [ComfyUI]   File "/workspaces/TRELLIS2-0211/ComfyUI/.ce/.pixi/envs/trellis2-nodes/lib/python3.10/socket.py", line 293 in accept
  [ComfyUI]   File "/workspaces/TRELLIS2-0211/ComfyUI/.ce/.pixi/envs/trellis2-nodes/lib/python3.10/multiprocessing/connection.py", line 609 in accept
  [ComfyUI]   File "/workspaces/TRELLIS2-0211/ComfyUI/.ce/.pixi/envs/trellis2-nodes/lib/python3.10/multiprocessing/connection.py", line 463 in accept
  [ComfyUI]   File "/workspaces/TRELLIS2-0211/ComfyUI/.ce/.pixi/envs/trellis2-nodes/lib/python3.10/multiprocessing/resource_sharer.py", line 138 in _serve
  [ComfyUI]   File "/workspaces/TRELLIS2-0211/ComfyUI/.ce/.pixi/envs/trellis2-nodes/lib/python3.10/threading.py", line 953 in run
  [ComfyUI]   File "/workspaces/TRELLIS2-0211/ComfyUI/.ce/.pixi/envs/trellis2-nodes/lib/python3.10/threading.py", line 1016 in _bootstrap_inner
  [ComfyUI]   File "/workspaces/TRELLIS2-0211/ComfyUI/.ce/.pixi/envs/trellis2-nodes/lib/python3.10/threading.py", line 973 in _bootstrap
  [ComfyUI] 
  [ComfyUI] Thread 0x00007d16c185b640 (most recent call first):
  [ComfyUI]   File "/workspaces/TRELLIS2-0211/ComfyUI/.ce/.pixi/envs/trellis2-nodes/lib/python3.10/threading.py", line 324 in wait
  [ComfyUI]   File "/workspaces/TRELLIS2-0211/ComfyUI/.ce/.pixi/envs/trellis2-nodes/lib/python3.10/threading.py", line 607 in wait
  [ComfyUI]   File "/workspaces/TRELLIS2-0211/ComfyUI/.ce/.pixi/envs/trellis2-nodes/lib/python3.10/site-packages/tqdm/_monitor.py", line 60 in run
  [ComfyUI]   File "/workspaces/TRELLIS2-0211/ComfyUI/.ce/.pixi/envs/trellis2-nodes/lib/python3.10/threading.py", line 1016 in _bootstrap_inner
  [ComfyUI]   File "/workspaces/TRELLIS2-0211/ComfyUI/.ce/.pixi/envs/trellis2-nodes/lib/python3.10/threading.py", line 973 in _bootstrap
  [ComfyUI] 
  [ComfyUI] Thread 0x00007d1ad0d23640 (most recent call first):
  [ComfyUI]   File "/tmp/comfyui_pvenv_cgcz3o91/persistent_worker.py", line 106 in _vram_poller
  [ComfyUI]   File "/workspaces/TRELLIS2-0211/ComfyUI/.ce/.pixi/envs/trellis2-nodes/lib/python3.10/threading.py", line 953 in run
  [ComfyUI]   File "/workspaces/TRELLIS2-0211/ComfyUI/.ce/.pixi/envs/trellis2-nodes/lib/python3.10/threading.py", line 1016 in _bootstrap_inner
  [ComfyUI]   File "/workspaces/TRELLIS2-0211/ComfyUI/.ce/.pixi/envs/trellis2-nodes/lib/python3.10/threading.py", line 973 in _bootstrap
  [ComfyUI] 
  [ComfyUI] Current thread 0x00007d1ad1524640 (most recent call first):
  [ComfyUI]   File "/tmp/comfyui_pvenv_cgcz3o91/persistent_worker.py", line 52 in _watchdog
  [ComfyUI]   File "/workspaces/TRELLIS2-0211/ComfyUI/.ce/.pixi/envs/trellis2-nodes/lib/python3.10/threading.py", line 953 in run
  [ComfyUI]   File "/workspaces/TRELLIS2-0211/ComfyUI/.ce/.pixi/envs/trellis2-nodes/lib/python3.10/threading.py", line 1016 in _bootstrap_inner
  [ComfyUI]   File "/workspaces/TRELLIS2-0211/ComfyUI/.ce/.pixi/envs/trellis2-nodes/lib/python3.10/threading.py", line 973 in _bootstrap
  [ComfyUI] 
  [ComfyUI] Thread 0x00007d1ad1afa740 (most recent call first):
  [ComfyUI]   File "/workspaces/TRELLIS2-0211/ComfyUI/comfy/sparse.py", line 515 in __cal_spatial_shape
  [ComfyUI]   File "/workspaces/TRELLIS2-0211/ComfyUI/comfy/sparse.py", line 535 in spatial_shape
  [ComfyUI]   File "/workspaces/TRELLIS2-0211/ComfyUI/comfy/ops_sparse.py", line 254 in _flex_gemm_conv3d_forward
  [ComfyUI]   File "/workspaces/TRELLIS2-0211/ComfyUI/comfy/ops_sparse.py", line 545 in _forward
  [ComfyUI]   File "/workspaces/TRELLIS2-0211/ComfyUI/comfy/ops_sparse.py", line 560 in forward_comfy_cast_weights
  [ComfyUI]   File "/workspaces/TRELLIS2-0211/ComfyUI/comfy/ops_sparse.py", line 571 in forward
  [ComfyUI]   File "/workspaces/TRELLIS2-0211/ComfyUI/.ce/.pixi/envs/trellis2-nodes/lib/python3.10/site-packages/torch/nn/modules/module.py", line 1790 in _call_impl
  [ComfyUI]   File "/workspaces/TRELLIS2-0211/ComfyUI/.ce/.pixi/envs/trellis2-nodes/lib/python3.10/site-packages/torch/nn/modules/module.py", line 1779 in _wrapped_call_impl
  [ComfyUI]   File "/workspaces/TRELLIS2-0211/ComfyUI/custom_nodes/ComfyUI-TRELLIS2/nodes/trellis2/vae.py", line 793 in _forward
  [ComfyUI]   File "/workspaces/TRELLIS2-0211/ComfyUI/custom_nodes/ComfyUI-TRELLIS2/nodes/trellis2/vae.py", line 852 in forward
  [ComfyUI]   File "/workspaces/TRELLIS2-0211/ComfyUI/.ce/.pixi/envs/trellis2-nodes/lib/python3.10/site-packages/torch/nn/modules/module.py", line 1790 in _call_impl
  [ComfyUI]   File "/workspaces/TRELLIS2-0211/ComfyUI/.ce/.pixi/envs/trellis2-nodes/lib/python3.10/site-packages/torch/nn/modules/module.py", line 1779 in _wrapped_call_impl
  [ComfyUI]   File "/workspaces/TRELLIS2-0211/ComfyUI/custom_nodes/ComfyUI-TRELLIS2/nodes/trellis2/vae.py", line 1115 in upsample
  [ComfyUI]   File "/workspaces/TRELLIS2-0211/ComfyUI/custom_nodes/ComfyUI-TRELLIS2/nodes/stages.py", line 561 in _sample_shape_slat_cascade
  [ComfyUI]   File "/workspaces/TRELLIS2-0211/ComfyUI/custom_nodes/ComfyUI-TRELLIS2/nodes/stages.py", line 929 in run_shape_generation
  [ComfyUI]   File "/workspaces/TRELLIS2-0211/ComfyUI/custom_nodes/ComfyUI-TRELLIS2/nodes/nodes_inference.py", line 132 in execute
  [ComfyUI]   File "/workspaces/TRELLIS2-0211/ComfyUI/comfy_api/latest/_io.py", line 1826 in EXECUTE_NORMALIZED
  [ComfyUI]   File "/tmp/comfyui_pvenv_cgcz3o91/persistent_worker.py", line 1749 in main
  [ComfyUI]   File "/tmp/comfyui_pvenv_cgcz3o91/persistent_worker.py", line 1794 in <module>
  [ComfyUI] 
  [ComfyUI] [worker:ComfyUI-TRELLIS2] [sparse-conv] N=18,408 Ci=512 Co=512 feats=17MB cache=4MB (miss) w_dev=cuda:0 alloc=964MB
  [ComfyUI] [worker:ComfyUI-TRELLIS2] === END ===
  [ComfyUI] 
  [ComfyUI] [worker:ComfyUI-TRELLIS2] [sparse-conv] out=17MB alloc=982MB
  [ComfyUI] [worker:ComfyUI-TRELLIS2] [sparse-conv] N=18,408 Ci=512 Co=512 feats=17MB cache=4MB (miss) w_dev=cuda:0 alloc=964MB
  [ComfyUI] [worker:ComfyUI-TRELLIS2] [sparse-conv] out=17MB alloc=982MB
  [ComfyUI] [worker:ComfyUI-TRELLIS2] [sparse-conv] N=18,408 Ci=512 Co=512 feats=17MB cache=4MB (miss) w_dev=cuda:0 alloc=964MB
  [ComfyUI] [worker:ComfyUI-TRELLIS2] [sparse-conv] out=17MB alloc=982MB
  [ComfyUI] [worker:ComfyUI-TRELLIS2] [sparse-conv] N=18,408 Ci=512 Co=512 feats=17MB cache=4MB (miss) w_dev=cuda:0 alloc=964MB
  [ComfyUI] [worker:ComfyUI-TRELLIS2] [sparse-conv] out=17MB alloc=982MB
  [ComfyUI] [worker:ComfyUI-TRELLIS2] [sparse-conv] N=18,408 Ci=512 Co=512 feats=17MB cache=4MB (miss) w_dev=cuda:0 alloc=964MB
  [ComfyUI] [worker:ComfyUI-TRELLIS2] [sparse-conv] out=17MB alloc=982MB
  [ComfyUI] [worker:ComfyUI-TRELLIS2] [C2S3d] after subdiv: alloc=960MB
  [ComfyUI] [worker:ComfyUI-TRELLIS2] [C2S3d] after norm1: alloc=978MB
  [ComfyUI] [worker:ComfyUI-TRELLIS2] [C2S3d] pre-conv1: N=18,408 Ci=512 Co=2048 alloc=978MB
  [ComfyUI] [worker:ComfyUI-TRELLIS2] [C2S3d] x.feats offloaded before conv1: alloc=978MB
  [ComfyUI] [worker:ComfyUI-TRELLIS2] [sparse-conv] N=18,408 Ci=512 Co=2048 feats=17MB cache=4MB (miss) w_dev=cuda:0 alloc=983MB
  [ComfyUI] [worker:ComfyUI-TRELLIS2] [sparse-conv] out=71MB alloc=1055MB
  [ComfyUI] [worker:ComfyUI-TRELLIS2] [C2S3d] post-conv1: h=torch.Size([18408, 2048]) alloc=1037MB
  [ComfyUI] [worker:ComfyUI-TRELLIS2] [C2S3d] x.feats restored from CPU: alloc=1055MB
  [ComfyUI] [worker:ComfyUI-TRELLIS2] [C2S3d] pre-C2S(h): alloc=1055MB
  [ComfyUI] [worker:ComfyUI-TRELLIS2] [C2S] scatter: 18,408×2048 -> 90,495×256 in=71MB out=44MB alloc=1058MB
  [ComfyUI] [worker:ComfyUI-TRELLIS2] [C2S] scatter done: alloc=1102MB
  [ComfyUI] [worker:ComfyUI-TRELLIS2] [C2S3d] post-C2S(h): h=torch.Size([90495, 256]) alloc=1028MB
  [ComfyUI] [worker:ComfyUI-TRELLIS2] [C2S] scatter: 18,408×512 -> 90,495×64 in=17MB out=11MB alloc=1032MB
  [ComfyUI] [worker:ComfyUI-TRELLIS2] [C2S] scatter done: alloc=1043MB
  [ComfyUI] [worker:ComfyUI-TRELLIS2] [C2S3d] post-C2S(x): x=torch.Size([90495, 64]) alloc=1023MB
  [ComfyUI] [worker:ComfyUI-TRELLIS2] [C2S3d] post-C2S: N=90,495 h=256ch x=64ch alloc=1023MB
  [ComfyUI] [worker:ComfyUI-TRELLIS2] [C2S3d] x offloaded to CPU, pre-conv2: alloc=1010MB
  [ComfyUI] [worker:ComfyUI-TRELLIS2] [C2S3d] after norm2: alloc=1010MB
  [ComfyUI] [worker:ComfyUI-TRELLIS2] [C2S3d] after silu: alloc=1010MB
  [ComfyUI] [worker:ComfyUI-TRELLIS2] [sparse-conv] N=90,495 Ci=256 Co=256 feats=44MB cache=22MB (miss) w_dev=cuda:0 alloc=1033MB
  [ComfyUI] [worker:ComfyUI-TRELLIS2] [sparse-conv] out=44MB alloc=1077MB
  [ComfyUI] [worker:ComfyUI-TRELLIS2] [C2S3d] post-conv2: alloc=1033MB
  [ComfyUI] [worker:ComfyUI-TRELLIS2] [C2S3d] post-conv2 (cache cleared): alloc=1010MB
  [ComfyUI] [worker:ComfyUI-TRELLIS2] [C2S3d] after skip expand: alloc=1054MB
  [ComfyUI] [worker:ComfyUI-TRELLIS2] [C2S3d] post-skip: alloc=1010MB
  [ComfyUI] [worker:ComfyUI-TRELLIS2] [sparse-conv] N=90,495 Ci=256 Co=256 feats=44MB cache=22MB (miss) w_dev=cuda:0 alloc=1014MB
  [ComfyUI] [worker:ComfyUI-TRELLIS2] [sparse-conv] out=44MB alloc=1058MB
  [ComfyUI] [worker:ComfyUI-TRELLIS2] [sparse-conv] N=90,495 Ci=256 Co=256 feats=44MB cache=22MB (miss) w_dev=cuda:0 alloc=1014MB
  [ComfyUI] [worker:ComfyUI-TRELLIS2] [sparse-conv] out=44MB alloc=1058MB
  [ComfyUI] [worker:ComfyUI-TRELLIS2] [sparse-conv] N=90,495 Ci=256 Co=256 feats=44MB cache=22MB (miss) w_dev=cuda:0 alloc=1014MB
  [ComfyUI] [worker:ComfyUI-TRELLIS2] [sparse-conv] out=44MB alloc=1058MB
  [ComfyUI] [worker:ComfyUI-TRELLIS2] [sparse-conv] N=90,495 Ci=256 Co=256 feats=44MB cache=22MB (miss) w_dev=cuda:0 alloc=1014MB
  [ComfyUI] [worker:ComfyUI-TRELLIS2] [sparse-conv] out=44MB alloc=1058MB
  [ComfyUI] [worker:ComfyUI-TRELLIS2] [sparse-conv] N=90,495 Ci=256 Co=256 feats=44MB cache=22MB (miss) w_dev=cuda:0 alloc=1014MB
  [ComfyUI] [worker:ComfyUI-TRELLIS2] [sparse-conv] out=44MB alloc=1058MB
  [ComfyUI] [worker:ComfyUI-TRELLIS2] [sparse-conv] N=90,495 Ci=256 Co=256 feats=44MB cache=22MB (miss) w_dev=cuda:0 alloc=1014MB
  [ComfyUI] [worker:ComfyUI-TRELLIS2] [sparse-conv] out=44MB alloc=1058MB
  [ComfyUI] [worker:ComfyUI-TRELLIS2] [sparse-conv] N=90,495 Ci=256 Co=256 feats=44MB cache=22MB (miss) w_dev=cuda:0 alloc=1014MB
  [ComfyUI] [worker:ComfyUI-TRELLIS2] [sparse-conv] out=44MB alloc=1058MB
  [ComfyUI] [worker:ComfyUI-TRELLIS2] [sparse-conv] N=90,495 Ci=256 Co=256 feats=44MB cache=22MB (miss) w_dev=cuda:0 alloc=1014MB
  [ComfyUI] [worker:ComfyUI-TRELLIS2] [sparse-conv] out=44MB alloc=1058MB
  [ComfyUI] [worker:ComfyUI-TRELLIS2] [C2S3d] after subdiv: alloc=993MB
  [ComfyUI] [worker:ComfyUI-TRELLIS2] [C2S3d] after norm1: alloc=1037MB
  [ComfyUI] [worker:ComfyUI-TRELLIS2] [C2S3d] pre-conv1: N=90,495 Ci=256 Co=1024 alloc=1037MB
  [ComfyUI] [worker:ComfyUI-TRELLIS2] [C2S3d] x.feats offloaded before conv1: alloc=1037MB
  [ComfyUI] [worker:ComfyUI-TRELLIS2] [sparse-conv] N=90,495 Ci=256 Co=1024 feats=44MB cache=22MB (miss) w_dev=cuda:0 alloc=1060MB
  [ComfyUI] [worker:ComfyUI-TRELLIS2] [sparse-conv] out=176MB alloc=1237MB
  [ComfyUI] [worker:ComfyUI-TRELLIS2] [C2S3d] post-conv1: h=torch.Size([90495, 1024]) alloc=1193MB
  [ComfyUI] [worker:ComfyUI-TRELLIS2] [VRAM] +253MB (now 1237MB) reserved=1304MB peak=3447MB
  [ComfyUI] [worker:ComfyUI-TRELLIS2] [C2S3d] x.feats restored from CPU: alloc=1237MB
  [ComfyUI] [worker:ComfyUI-TRELLIS2] [C2S3d] pre-C2S(h): alloc=1237MB
  [ComfyUI] [worker:ComfyUI-TRELLIS2] [C2S] scatter: 90,495×1024 -> 433,547×128 in=176MB out=105MB alloc=1254MB
  [ComfyUI] [worker:ComfyUI-TRELLIS2] [C2S] scatter done: alloc=1360MB
  [ComfyUI] [worker:ComfyUI-TRELLIS2] [C2S3d] post-C2S(h): h=torch.Size([433547, 128]) alloc=1172MB
  [ComfyUI] [worker:ComfyUI-TRELLIS2] [C2S] scatter: 90,495×256 -> 433,547×32 in=44MB out=26MB alloc=1190MB
  [ComfyUI] [worker:ComfyUI-TRELLIS2] [C2S] scatter done: alloc=1216MB
  [ComfyUI] [worker:ComfyUI-TRELLIS2] [C2S3d] post-C2S(x): x=torch.Size([433547, 32]) alloc=1161MB
  [ComfyUI] [worker:ComfyUI-TRELLIS2] [C2S3d] post-C2S: N=433,547 h=128ch x=32ch alloc=1161MB
  [ComfyUI] [worker:ComfyUI-TRELLIS2] [C2S3d] x offloaded to CPU, pre-conv2: alloc=1128MB
  [ComfyUI] [worker:ComfyUI-TRELLIS2] [C2S3d] after norm2: alloc=1128MB
  [ComfyUI] [worker:ComfyUI-TRELLIS2] [C2S3d] after silu: alloc=1128MB
  [ComfyUI] [worker:ComfyUI-TRELLIS2] [sparse-conv] N=433,547 Ci=128 Co=128 feats=105MB cache=106MB (miss) w_dev=cuda:0 alloc=1234MB
  [ComfyUI] [worker:ComfyUI-TRELLIS2] [sparse-conv] out=105MB alloc=1341MB
  [ComfyUI] [worker:ComfyUI-TRELLIS2] [C2S3d] post-conv2: alloc=1235MB
  [ComfyUI] [worker:ComfyUI-TRELLIS2] [C2S3d] post-conv2 (cache cleared): alloc=1128MB
  [ComfyUI] [worker:ComfyUI-TRELLIS2] [C2S3d] after skip expand: alloc=1233MB
  [ComfyUI] [worker:ComfyUI-TRELLIS2] [C2S3d] post-skip: alloc=1128MB
  [ComfyUI] [worker:ComfyUI-TRELLIS2] [sparse-conv] N=433,547 Ci=128 Co=128 feats=105MB cache=106MB (miss) w_dev=cuda:0 alloc=1185MB
  [ComfyUI] [worker:ComfyUI-TRELLIS2] [sparse-conv] out=105MB alloc=1291MB
  [ComfyUI] [worker:ComfyUI-TRELLIS2] [sparse-conv] N=433,547 Ci=128 Co=128 feats=105MB cache=106MB (miss) w_dev=cuda:0 alloc=1185MB
  [ComfyUI] [worker:ComfyUI-TRELLIS2] [sparse-conv] out=105MB alloc=1291MB
  [ComfyUI] [worker:ComfyUI-TRELLIS2] [sparse-conv] N=433,547 Ci=128 Co=128 feats=105MB cache=106MB (miss) w_dev=cuda:0 alloc=1185MB
  [ComfyUI] [worker:ComfyUI-TRELLIS2] [sparse-conv] out=105MB alloc=1291MB
  [ComfyUI] [worker:ComfyUI-TRELLIS2] [sparse-conv] N=433,547 Ci=128 Co=128 feats=105MB cache=106MB (miss) w_dev=cuda:0 alloc=1185MB
  [ComfyUI] [worker:ComfyUI-TRELLIS2] [sparse-conv] out=105MB alloc=1291MB
  [ComfyUI] [worker:ComfyUI-TRELLIS2] [C2S3d] after subdiv: alloc=1085MB
  [ComfyUI] [worker:ComfyUI-TRELLIS2] [C2S3d] after norm1: alloc=1191MB
  [ComfyUI] [worker:ComfyUI-TRELLIS2] [C2S3d] pre-conv1: N=433,547 Ci=128 Co=512 alloc=1191MB
  [ComfyUI] [worker:ComfyUI-TRELLIS2] [C2S3d] x.feats offloaded before conv1: alloc=1194MB
  [ComfyUI] [worker:ComfyUI-TRELLIS2] [sparse-conv] N=433,547 Ci=128 Co=512 feats=105MB cache=106MB (miss) w_dev=cuda:0 alloc=1301MB
  [ComfyUI] [worker:ComfyUI-TRELLIS2] [sparse-conv] out=423MB alloc=1725MB
  [ComfyUI] [worker:ComfyUI-TRELLIS2] [C2S3d] post-conv1: h=torch.Size([433547, 512]) alloc=1619MB
  [ComfyUI] [worker:ComfyUI-TRELLIS2] [C2S3d] x.feats restored from CPU: alloc=1725MB
  [ComfyUI] [worker:ComfyUI-TRELLIS2] [C2S3d] pre-C2S(h): alloc=1725MB
  [ComfyUI] [worker:ComfyUI-TRELLIS2] [C2S] scatter: 433,547×512 -> 2,104,292×64 in=423MB out=256MB alloc=1808MB
  [ComfyUI] [worker:ComfyUI-TRELLIS2] [C2S] offloaded 423MB to CPU, alloc=1385MB
  [ComfyUI] [worker:ComfyUI-TRELLIS2] [C2S] scatter done: alloc=1642MB
  [ComfyUI] [worker:ComfyUI-TRELLIS2] [C2S3d] post-C2S(h): h=torch.Size([2104292, 64]) alloc=1590MB
  [ComfyUI] [worker:ComfyUI-TRELLIS2] [C2S] scatter: 433,547×128 -> 2,104,292×16 in=105MB out=64MB alloc=1674MB
  [ComfyUI] [worker:ComfyUI-TRELLIS2] [C2S] scatter done: alloc=1738MB
  [ComfyUI] [worker:ComfyUI-TRELLIS2] [C2S3d] post-C2S(x): x=torch.Size([2104292, 16]) alloc=1581MB
  [ComfyUI] [worker:ComfyUI-TRELLIS2] [C2S3d] post-C2S: N=2,104,292 h=64ch x=16ch alloc=1577MB
  [ComfyUI] [worker:ComfyUI-TRELLIS2] [C2S3d] x offloaded to CPU, pre-conv2: alloc=1481MB
  [ComfyUI] [worker:ComfyUI-TRELLIS2] [C2S3d] h.feats offloaded for chunked norm2+silu: alloc=1224MB
  [ComfyUI] [worker:ComfyUI-TRELLIS2] [VRAM] +231MB (now 1468MB) reserved=1660MB peak=3447MB
  [ComfyUI] [worker:ComfyUI-TRELLIS2] [C2S3d] after chunked norm2+silu: alloc=1481MB
  [ComfyUI] [worker:ComfyUI-TRELLIS2] [sparse-conv] TILED: N=2,104,292 max_tile=1,000,000 feats=256MB alloc=1481MB
  [ComfyUI] [worker:ComfyUI-TRELLIS2] [sparse-conv] TILED feats offloaded to CPU, alloc=1224MB
  [ComfyUI] [worker:ComfyUI-TRELLIS2] [tiled_conv] N=2,104,292 Ci=64 Co=64 K=(3, 3, 3) feats=257MB out=257MB feats_dev=cpu alloc=1224MB
  [ComfyUI] [worker:ComfyUI-TRELLIS2] [tiled_conv] 4 tiles, VRAM baseline=1224MB
  [ComfyUI] 
  [ComfyUI] Tiled Conv3d:   0%|          | 0/4 [00:00<?]
  [ComfyUI] Tiled Conv3d:   0%|          | 0/4 [00:00<?]
  [ComfyUI] Tiled Conv3d:   0%|          | 0/4 [00:00<?]
  [ComfyUI] Tiled Conv3d:  50%|█████     | 2/4 [00:00<00:00]
  [ComfyUI] Tiled Conv3d:  50%|█████     | 2/4 [00:00<00:00]
  [ComfyUI] Tiled Conv3d:  50%|█████     | 2/4 [00:00<00:00]
  [ComfyUI] Tiled Conv3d: 100%|██████████| 4/4 [00:00<00:00]
  [ComfyUI] Tiled Conv3d: 100%|██████████| 4/4 [00:00<00:00]
  [ComfyUI] [worker:ComfyUI-TRELLIS2] [tiled_conv] done: 2104292/2104292 voxels, tile_peak=1578MB, final=1481MB
  [ComfyUI] [worker:ComfyUI-TRELLIS2] [sparse-conv] TILED done: out=256MB alloc=1481MB
  [ComfyUI] [worker:ComfyUI-TRELLIS2] [C2S3d] post-conv2: alloc=1481MB
  [ComfyUI] [worker:ComfyUI-TRELLIS2] [C2S3d] post-conv2 (cache cleared): alloc=1481MB
  [capture-loop] iter=300 t=35.0s state={'complete': False, 'error': None, 'executedCount': 1, 'wsState': 1} eval_ms=2
  [ComfyUI] [worker:ComfyUI-TRELLIS2] [C2S3d] after chunked skip: alloc=1481MB
  [ComfyUI] [worker:ComfyUI-TRELLIS2] [VRAM] -640MB (now 829MB) reserved=1680MB peak=3447MB
  [ComfyUI] [SubprocessWorker] callback 'request_vram_budget' from call_id=17
  [ComfyUI] [comfy-env] VRAM request: 2.58GB, free before eviction: 7.51GB
  [ComfyUI] [comfy-env] VRAM after eviction: 7.51GB
  [ComfyUI] [worker:ComfyUI-TRELLIS2] [TRELLIS2] shape_slat_flow_model_1024 -> GPU: 0.6s
  [ComfyUI] [worker:ComfyUI-TRELLIS2] [VRAM] +2311MB (now 3141MB) reserved=4528MB peak=3447MB
  [ComfyUI] [worker:ComfyUI-TRELLIS2] [VRAM] +784MB (now 3926MB) reserved=5028MB peak=4336MB
  [ComfyUI] [worker:ComfyUI-TRELLIS2] [VRAM] -785MB (now 3141MB) reserved=5028MB peak=4336MB
  [ComfyUI] [worker:ComfyUI-TRELLIS2] [VRAM] +784MB (now 3926MB) reserved=5028MB peak=4336MB
  [capture-loop] iter=350 t=40.7s state={'complete': False, 'error': None, 'executedCount': 1, 'wsState': 1} eval_ms=2
  [ComfyUI] [worker:ComfyUI-TRELLIS2] [VRAM] -785MB (now 3141MB) reserved=5028MB peak=4336MB
  [ComfyUI] [worker:ComfyUI-TRELLIS2] [VRAM] +784MB (now 3926MB) reserved=5028MB peak=4336MB
  [ComfyUI] [worker:ComfyUI-TRELLIS2] [VRAM] -785MB (now 3141MB) reserved=5028MB peak=4336MB
  [ComfyUI] [worker:ComfyUI-TRELLIS2] [VRAM] +784MB (now 3926MB) reserved=5028MB peak=4336MB
  [ComfyUI] [worker:ComfyUI-TRELLIS2] [VRAM] -785MB (now 3141MB) reserved=5028MB peak=4336MB
  [capture-loop] iter=400 t=46.2s state={'complete': False, 'error': None, 'executedCount': 1, 'wsState': 1} eval_ms=2
  [ComfyUI] [worker:ComfyUI-TRELLIS2] [VRAM] +784MB (now 3926MB) reserved=5028MB peak=4336MB
  [ComfyUI] [worker:ComfyUI-TRELLIS2] [VRAM] -812MB (now 3114MB) reserved=5028MB peak=4336MB
  [ComfyUI] [worker:ComfyUI-TRELLIS2] [VRAM] +811MB (now 3926MB) reserved=5028MB peak=4336MB
  [ComfyUI] [worker:ComfyUI-TRELLIS2] [VRAM] -812MB (now 3114MB) reserved=5028MB peak=4336MB
  [ComfyUI] [worker:ComfyUI-TRELLIS2] [VRAM] +811MB (now 3926MB) reserved=5028MB peak=4336MB
  [capture-loop] iter=450 t=51.9s state={'complete': False, 'error': None, 'executedCount': 1, 'wsState': 1} eval_ms=2
  [ComfyUI] [worker:ComfyUI-TRELLIS2] [VRAM] -812MB (now 3114MB) reserved=5028MB peak=4336MB
  [ComfyUI] [worker:ComfyUI-TRELLIS2] [VRAM] +811MB (now 3926MB) reserved=5028MB peak=4336MB
  [ComfyUI] [worker:ComfyUI-TRELLIS2] [VRAM] -812MB (now 3114MB) reserved=5028MB peak=4336MB
  [ComfyUI] [worker:ComfyUI-TRELLIS2] [VRAM] -539MB (now 2576MB) reserved=5028MB peak=4336MB
  [ComfyUI] [SubprocessWorker] callback 'report_progress' from call_id=17
  [ComfyUI] [worker:ComfyUI-TRELLIS2] [VRAM] +1361MB (now 3937MB) reserved=5028MB peak=4336MB
  [capture-loop] iter=500 t=57.4s state={'complete': False, 'error': None, 'executedCount': 1, 'wsState': 1} eval_ms=2
  Frame 13 saved (frame_012.jpg, t=57.5s)
  [capture-periodic] freeze=2ms shot=167ms unfreeze=8ms saved=True
  [ComfyUI] [worker:ComfyUI-TRELLIS2] [VRAM] +410MB (now 4348MB) reserved=5028MB peak=4348MB
  [ComfyUI] [worker:ComfyUI-TRELLIS2] [VRAM] -1195MB (now 3153MB) reserved=5028MB peak=4348MB
  Frame 14 saved (frame_013.jpg, t=59.8s)
  [capture-periodic] freeze=2ms shot=202ms unfreeze=7ms saved=True
  [ComfyUI] [worker:ComfyUI-TRELLIS2] [VRAM] +784MB (now 3937MB) reserved=5028MB peak=4348MB
  [ComfyUI] [worker:ComfyUI-TRELLIS2] [VRAM] -785MB (now 3153MB) reserved=5028MB peak=4348MB
  [ComfyUI] [worker:ComfyUI-TRELLIS2] [VRAM] +784MB (now 3937MB) reserved=5028MB peak=4348MB
  [capture-loop] iter=550 t=63.2s state={'complete': False, 'error': None, 'executedCount': 1, 'wsState': 1} eval_ms=2
  [ComfyUI] [worker:ComfyUI-TRELLIS2] [VRAM] -785MB (now 3153MB) reserved=5028MB peak=4348MB
  [ComfyUI] [worker:ComfyUI-TRELLIS2] [VRAM] +784MB (now 3937MB) reserved=5028MB peak=4348MB
  [ComfyUI] [worker:ComfyUI-TRELLIS2] [VRAM] -1373MB (now 2564MB) reserved=5028MB peak=4348MB
  [ComfyUI] [worker:ComfyUI-TRELLIS2] [VRAM] +1372MB (now 3937MB) reserved=5028MB peak=4348MB
  [ComfyUI] [worker:ComfyUI-TRELLIS2] [VRAM] -812MB (now 3125MB) reserved=5028MB peak=4348MB
  [capture-loop] iter=600 t=68.8s state={'complete': False, 'error': None, 'executedCount': 1, 'wsState': 1} eval_ms=2
  [ComfyUI] [worker:ComfyUI-TRELLIS2] [VRAM] +811MB (now 3937MB) reserved=5028MB peak=4348MB
  [ComfyUI] [worker:ComfyUI-TRELLIS2] [VRAM] -812MB (now 3125MB) reserved=5028MB peak=4348MB
  [ComfyUI] [worker:ComfyUI-TRELLIS2] [VRAM] +811MB (now 3937MB) reserved=5028MB peak=4348MB
  [ComfyUI] [worker:ComfyUI-TRELLIS2] [VRAM] -812MB (now 3125MB) reserved=5028MB peak=4348MB
  [ComfyUI] [worker:ComfyUI-TRELLIS2] [VRAM] +811MB (now 3937MB) reserved=5028MB peak=4348MB
  [capture-loop] iter=650 t=74.5s state={'complete': False, 'error': None, 'executedCount': 1, 'wsState': 1} eval_ms=2
  [ComfyUI] [worker:ComfyUI-TRELLIS2] [VRAM] -812MB (now 3125MB) reserved=5028MB peak=4348MB
  [ComfyUI] [SubprocessWorker] callback 'report_progress' from call_id=17
  [ComfyUI] [worker:ComfyUI-TRELLIS2] [VRAM] +823MB (now 3949MB) reserved=5028MB peak=4348MB
  [ComfyUI] [worker:ComfyUI-TRELLIS2] [VRAM] -785MB (now 3164MB) reserved=5028MB peak=4348MB
  Frame 15 saved (frame_014.jpg, t=77.8s)
  [capture-periodic] freeze=2ms shot=166ms unfreeze=9ms saved=True
  [ComfyUI] [worker:ComfyUI-TRELLIS2] [VRAM] +784MB (now 3949MB) reserved=5028MB peak=4348MB
  [ComfyUI] [worker:ComfyUI-TRELLIS2] [VRAM] -785MB (now 3164MB) reserved=5028MB peak=4348MB
  [capture-loop] iter=700 t=79.9s state={'complete': False, 'error': None, 'executedCount': 1, 'wsState': 1} eval_ms=2
  Frame 16 saved (frame_015.jpg, t=80.0s)
  [capture-periodic] freeze=1ms shot=172ms unfreeze=7ms saved=True
  [ComfyUI] [worker:ComfyUI-TRELLIS2] [VRAM] +784MB (now 3949MB) reserved=5028MB peak=4348MB
  [ComfyUI] [worker:ComfyUI-TRELLIS2] [VRAM] -785MB (now 3164MB) reserved=5028MB peak=4348MB
  [ComfyUI] [worker:ComfyUI-TRELLIS2] [VRAM] +784MB (now 3949MB) reserved=5028MB peak=4348MB
  [ComfyUI] [worker:ComfyUI-TRELLIS2] [VRAM] -785MB (now 3164MB) reserved=5028MB peak=4496MB
  [ComfyUI] [worker:ComfyUI-TRELLIS2] [VRAM] +784MB (now 3949MB) reserved=5028MB peak=4496MB
  [capture-loop] iter=750 t=85.6s state={'complete': False, 'error': None, 'executedCount': 1, 'wsState': 1} eval_ms=2
  [ComfyUI] [worker:ComfyUI-TRELLIS2] [VRAM] -812MB (now 3137MB) reserved=5028MB peak=4496MB
  [ComfyUI] [worker:ComfyUI-TRELLIS2] [VRAM] +811MB (now 3948MB) reserved=5028MB peak=4496MB
  [ComfyUI] [worker:ComfyUI-TRELLIS2] [VRAM] -812MB (now 3137MB) reserved=5028MB peak=4496MB
  [ComfyUI] [worker:ComfyUI-TRELLIS2] [VRAM] +811MB (now 3948MB) reserved=5028MB peak=4496MB
  [capture-loop] iter=800 t=91.1s state={'complete': False, 'error': None, 'executedCount': 1, 'wsState': 1} eval_ms=2
  [ComfyUI] [worker:ComfyUI-TRELLIS2] [VRAM] -812MB (now 3137MB) reserved=5028MB peak=4496MB
  [ComfyUI] [worker:ComfyUI-TRELLIS2] [VRAM] +811MB (now 3948MB) reserved=5028MB peak=4496MB
  [ComfyUI] [worker:ComfyUI-TRELLIS2]
  [ComfyUI] === WATCHDOG TICK 13 ===
  [ComfyUI] [worker:ComfyUI-TRELLIS2] Thread 0x00007d1690b39640 (most recent call first):
  [ComfyUI]   File "/workspaces/TRELLIS2-0211/ComfyUI/.ce/.pixi/envs/trellis2-nodes/lib/python3.10/threading.py", line 324 in wait
  [ComfyUI]   File "/workspaces/TRELLIS2-0211/ComfyUI/.ce/.pixi/envs/trellis2-nodes/lib/python3.10/threading.py", line 607 in wait
  [ComfyUI]   File "/workspaces/TRELLIS2-0211/ComfyUI/.ce/.pixi/envs/trellis2-nodes/lib/python3.10/site-packages/tqdm/_monitor.py", line 60 in run
  [ComfyUI]   File "/workspaces/TRELLIS2-0211/ComfyUI/.ce/.pixi/envs/trellis2-nodes/lib/python3.10/threading.py", line 1016 in _bootstrap_inner
  [ComfyUI]   File "/workspaces/TRELLIS2-0211/ComfyUI/.ce/.pixi/envs/trellis2-nodes/lib/python3.10/threading.py", line 973 in _bootstrap
  [ComfyUI] 
  [ComfyUI] Thread 0x00007d173d1fc640 (most recent call first):
  [ComfyUI]   File "/workspaces/TRELLIS2-0211/ComfyUI/.ce/.pixi/envs/trellis2-nodes/lib/python3.10/socket.py", line 293 in accept
  [ComfyUI]   File "/workspaces/TRELLIS2-0211/ComfyUI/.ce/.pixi/envs/trellis2-nodes/lib/python3.10/multiprocessing/connection.py", line 609 in accept
  [ComfyUI]   File "/workspaces/TRELLIS2-0211/ComfyUI/.ce/.pixi/envs/trellis2-nodes/lib/python3.10/multiprocessing/connection.py", line 463 in accept
  [ComfyUI]   File "/workspaces/TRELLIS2-0211/ComfyUI/.ce/.pixi/envs/trellis2-nodes/lib/python3.10/multiprocessing/resource_sharer.py", line 138 in _serve
  [ComfyUI]   File "/workspaces/TRELLIS2-0211/ComfyUI/.ce/.pixi/envs/trellis2-nodes/lib/python3.10/threading.py", line 953 in run
  [ComfyUI]   File "/workspaces/TRELLIS2-0211/ComfyUI/.ce/.pixi/envs/trellis2-nodes/lib/python3.10/threading.py", line 1016 in _bootstrap_inner
  [ComfyUI]   File "/workspaces/TRELLIS2-0211/ComfyUI/.ce/.pixi/envs/trellis2-nodes/lib/python3.10/threading.py", line 973 in _bootstrap
  [ComfyUI] 
  [ComfyUI] Thread 0x00007d16c185b640 (most recent call first):
  [ComfyUI]   File "/workspaces/TRELLIS2-0211/ComfyUI/.ce/.pixi/envs/trellis2-nodes/lib/python3.10/threading.py", line 324 in wait
  [ComfyUI]   File "/workspaces/TRELLIS2-0211/ComfyUI/.ce/.pixi/envs/trellis2-nodes/lib/python3.10/threading.py", line 607 in wait
  [ComfyUI]   File "/workspaces/TRELLIS2-0211/ComfyUI/.ce/.pixi/envs/trellis2-nodes/lib/python3.10/site-packages/tqdm/_monitor.py", line 60 in run
  [ComfyUI]   File "/workspaces/TRELLIS2-0211/ComfyUI/.ce/.pixi/envs/trellis2-nodes/lib/python3.10/threading.py", line 1016 in _bootstrap_inner
  [ComfyUI]   File "/workspaces/TRELLIS2-0211/ComfyUI/.ce/.pixi/envs/trellis2-nodes/lib/python3.10/threading.py", line 973 in _bootstrap
  [ComfyUI] 
  [ComfyUI] Thread 0x00007d1ad0d23640 (most recent call first):
  [ComfyUI]   File "/tmp/comfyui_pvenv_cgcz3o91/persistent_worker.py", line 106 in _vram_poller
  [ComfyUI]   File "/workspaces/TRELLIS2-0211/ComfyUI/.ce/.pixi/envs/trellis2-nodes/lib/python3.10/threading.py", line 953 in run
  [ComfyUI]   File "/workspaces/TRELLIS2-0211/ComfyUI/.ce/.pixi/envs/trellis2-nodes/lib/python3.10/threading.py", line 1016 in _bootstrap_inner
  [ComfyUI]   File "/workspaces/TRELLIS2-0211/ComfyUI/.ce/.pixi/envs/trellis2-nodes/lib/python3.10/threading.py", line 973 in _bootstrap
  [ComfyUI] 
  [ComfyUI] Current thread 0x00007d1ad1524640 (most recent call first):
  [ComfyUI]   File "/tmp/comfyui_pvenv_cgcz3o91/persistent_worker.py", line 52 in _watchdog
  [ComfyUI]   File "/workspaces/TRELLIS2-0211/ComfyUI/.ce/.pixi/envs/trellis2-nodes/lib/python3.10/threading.py", line 953 in run
  [ComfyUI]   File "/workspaces/TRELLIS2-0211/ComfyUI/.ce/.pixi/envs/trellis2-nodes/lib/python3.10/threading.py", line 1016 in _bootstrap_inner
  [ComfyUI]   File "/workspaces/TRELLIS2-0211/ComfyUI/.ce/.pixi/envs/trellis2-nodes/lib/python3.10/threading.py", line 973 in _bootstrap
  [ComfyUI] 
  [ComfyUI] Thread 0x00007d1ad1afa740 (most recent call first):
  [ComfyUI]   File "/workspaces/TRELLIS2-0211/ComfyUI/comfy/attention_sparse.py", line 214 in sparse_scaled_dot_product_attention
  [ComfyUI]   File "/workspaces/TRELLIS2-0211/ComfyUI/custom_nodes/ComfyUI-TRELLIS2/nodes/trellis2/model.py", line 1064 in forward
  [ComfyUI]   File "/workspaces/TRELLIS2-0211/ComfyUI/.ce/.pixi/envs/trellis2-nodes/lib/python3.10/site-packages/torch/nn/modules/module.py", line 1790 in _call_impl
  [ComfyUI]   File "/workspaces/TRELLIS2-0211/ComfyUI/.ce/.pixi/envs/trellis2-nodes/lib/python3.10/site-packages/torch/nn/modules/module.py", line 1779 in _wrapped_call_impl
  [ComfyUI]   File "/workspaces/TRELLIS2-0211/ComfyUI/custom_nodes/ComfyUI-TRELLIS2/nodes/trellis2/model.py", line 1425 in _forward
  [ComfyUI]   File "/workspaces/TRELLIS2-0211/ComfyUI/custom_nodes/ComfyUI-TRELLIS2/nodes/trellis2/model.py", line 1442 in forward
  [ComfyUI]   File "/workspaces/TRELLIS2-0211/ComfyUI/.ce/.pixi/envs/trellis2-nodes/lib/python3.10/site-packages/torch/nn/modules/module.py", line 1790 in _call_impl
  [ComfyUI]   File "/workspaces/TRELLIS2-0211/ComfyUI/.ce/.pixi/envs/trellis2-nodes/lib/python3.10/site-packages/torch/nn/modules/module.py", line 1779 in _wrapped_call_impl
  [ComfyUI]   File "/workspaces/TRELLIS2-0211/ComfyUI/custom_nodes/ComfyUI-TRELLIS2/nodes/trellis2/model.py", line 1999 in _forward
  [ComfyUI]   File "/workspaces/TRELLIS2-0211/ComfyUI/comfy/patcher_extension.py", line 112 in execute
  [ComfyUI]   File "/workspaces/TRELLIS2-0211/ComfyUI/custom_nodes/ComfyUI-TRELLIS2/nodes/trellis2/model.py", line 1948 in forward
  [ComfyUI]   File "/workspaces/TRELLIS2-0211/ComfyUI/.ce/.pixi/envs/trellis2-nodes/lib/python3.10/site-packages/torch/nn/modules/module.py", line 1790 in _call_impl
  [ComfyUI]   File "/workspaces/TRELLIS2-0211/ComfyUI/.ce/.pixi/envs/trellis2-nodes/lib/python3.10/site-packages/torch/nn/modules/module.py", line 1779 in _wrapped_call_impl
  [ComfyUI]   File "/workspaces/TRELLIS2-0211/ComfyUI/custom_nodes/ComfyUI-TRELLIS2/nodes/trellis2/samplers/flow_euler.py", line 67 in _inference_model
  [ComfyUI]   File "/workspaces/TRELLIS2-0211/ComfyUI/custom_nodes/ComfyUI-TRELLIS2/nodes/trellis2/samplers/classifier_free_guidance_mixin.py", line 16 in _inference_model
  [ComfyUI]   File "/workspaces/TRELLIS2-0211/ComfyUI/custom_nodes/ComfyUI-TRELLIS2/nodes/trellis2/samplers/guidance_interval_mixin.py", line 11 in _inference_model
  [ComfyUI]   File "/workspaces/TRELLIS2-0211/ComfyUI/custom_nodes/ComfyUI-TRELLIS2/nodes/trellis2/samplers/flow_euler.py", line 75 in _get_model_prediction
  [ComfyUI]   File "/workspaces/TRELLIS2-0211/ComfyUI/custom_nodes/ComfyUI-TRELLIS2/nodes/trellis2/samplers/flow_euler.py", line 105 in sample_once
  [ComfyUI]   File "/workspaces/TRELLIS2-0211/ComfyUI/.ce/.pixi/envs/trellis2-nodes/lib/python3.10/site-packages/torch/utils/_contextlib.py", line 124 in decorate_context
  [ComfyUI]   File "/workspaces/TRELLIS2-0211/ComfyUI/custom_nodes/ComfyUI-TRELLIS2/nodes/trellis2/samplers/flow_euler.py", line 150 in sample
  [ComfyUI]   File "/workspaces/TRELLIS2-0211/ComfyUI/.ce/.pixi/envs/trellis2-nodes/lib/python3.10/site-packages/torch/utils/_contextlib.py", line 124 in decorate_context
  [ComfyUI]   File "/workspaces/TRELLIS2-0211/ComfyUI/custom_nodes/ComfyUI-TRELLIS2/nodes/trellis2/samplers/flow_euler.py", line 238 in sample
  [ComfyUI]   File "/workspaces/TRELLIS2-0211/ComfyUI/.ce/.pixi/envs/trellis2-nodes/lib/python3.10/site-packages/torch/utils/_contextlib.py", line 124 in decorate_context
  [ComfyUI]   File "/workspaces/TRELLIS2-0211/ComfyUI/custom_nodes/ComfyUI-TRELLIS2/nodes/stages.py", line 606 in _sample_shape_slat_cascade
  [ComfyUI]   File "/workspaces/TRELLIS2-0211/ComfyUI/custom_nodes/ComfyUI-TRELLIS2/nodes/stages.py", line 929 in run_shape_generation
  [ComfyUI]   File "/workspaces/TRELLIS2-0211/ComfyUI/custom_nodes/ComfyUI-TRELLIS2/nodes/nodes_inference.py", line 132 in execute
  [ComfyUI]   File "/workspaces/TRELLIS2-0211/ComfyUI/comfy_api/latest/_io.py", line 1826 in EXECUTE_NORMALIZED
  [ComfyUI]   File "/tmp/comfyui_pvenv_cgcz3o91/persistent_worker.py", line 1749 in main
  [ComfyUI]   File "/tmp/comfyui_pvenv_cgcz3o91/persistent_worker.py", line 1794 in <module>
  [ComfyUI] 
  [ComfyUI] [worker:ComfyUI-TRELLIS2] === END ===
  [ComfyUI] 
  [ComfyUI] [worker:ComfyUI-TRELLIS2] [VRAM] +410MB (now 4359MB) reserved=5028MB peak=4496MB
  [ComfyUI] [worker:ComfyUI-TRELLIS2] [VRAM] -1222MB (now 3137MB) reserved=5028MB peak=4496MB
  [ComfyUI] [worker:ComfyUI-TRELLIS2] [VRAM] -539MB (now 2599MB) reserved=5028MB peak=4496MB
  [ComfyUI] [SubprocessWorker] callback 'report_progress' from call_id=17
  Frame 17 saved (frame_016.jpg, t=95.7s)
  [capture-periodic] freeze=40ms shot=225ms unfreeze=7ms saved=True
  [ComfyUI] [worker:ComfyUI-TRELLIS2] [VRAM] +1361MB (now 3960MB) reserved=5028MB peak=4496MB
  [capture-loop] iter=850 t=96.9s state={'complete': False, 'error': None, 'executedCount': 1, 'wsState': 1} eval_ms=2
  [ComfyUI] [worker:ComfyUI-TRELLIS2] [VRAM] -785MB (now 3175MB) reserved=5028MB peak=4496MB
  Frame 18 saved (frame_017.jpg, t=98.1s)
  [capture-periodic] freeze=2ms shot=157ms unfreeze=9ms saved=True
  [ComfyUI] [worker:ComfyUI-TRELLIS2] [VRAM] +784MB (now 3960MB) reserved=5028MB peak=4496MB
  [ComfyUI] [worker:ComfyUI-TRELLIS2] [VRAM] +410MB (now 4370MB) reserved=5028MB peak=4496MB
  [ComfyUI] [worker:ComfyUI-TRELLIS2] [VRAM] -411MB (now 3960MB) reserved=5028MB peak=4496MB
  [ComfyUI] [worker:ComfyUI-TRELLIS2] [VRAM] -785MB (now 3175MB) reserved=5028MB peak=4496MB
  [capture-loop] iter=900 t=102.5s state={'complete': False, 'error': None, 'executedCount': 1, 'wsState': 1} eval_ms=2
  [ComfyUI] [worker:ComfyUI-TRELLIS2] [VRAM] +784MB (now 3960MB) reserved=5028MB peak=4496MB
  [ComfyUI] [worker:ComfyUI-TRELLIS2] [VRAM] -785MB (now 3175MB) reserved=5028MB peak=4496MB
  [ComfyUI] [worker:ComfyUI-TRELLIS2] [VRAM] -589MB (now 2587MB) reserved=5028MB peak=4496MB
  [ComfyUI] [worker:ComfyUI-TRELLIS2] [VRAM] +1372MB (now 3960MB) reserved=5028MB peak=4496MB
  [ComfyUI] [worker:ComfyUI-TRELLIS2] [VRAM] -812MB (now 3148MB) reserved=5028MB peak=4496MB
  [capture-loop] iter=950 t=108.1s state={'complete': False, 'error': None, 'executedCount': 1, 'wsState': 1} eval_ms=2
  [ComfyUI] [worker:ComfyUI-TRELLIS2] [VRAM] +811MB (now 3960MB) reserved=5028MB peak=4496MB
  [ComfyUI] [worker:ComfyUI-TRELLIS2] [VRAM] -812MB (now 3148MB) reserved=5028MB peak=4496MB
  [ComfyUI] [worker:ComfyUI-TRELLIS2] [VRAM] +811MB (now 3960MB) reserved=5028MB peak=4496MB
  [ComfyUI] [worker:ComfyUI-TRELLIS2] [VRAM] -812MB (now 3148MB) reserved=5028MB peak=4496MB
  [ComfyUI] [worker:ComfyUI-TRELLIS2] [VRAM] +811MB (now 3960MB) reserved=5028MB peak=4496MB
  [capture-loop] iter=1000 t=113.6s state={'complete': False, 'error': None, 'executedCount': 1, 'wsState': 1} eval_ms=2
  [ComfyUI] [worker:ComfyUI-TRELLIS2] [VRAM] -812MB (now 3148MB) reserved=5028MB peak=4496MB
  [ComfyUI] [SubprocessWorker] callback 'report_progress' from call_id=17
  [ComfyUI] [worker:ComfyUI-TRELLIS2] [VRAM] +823MB (now 3971MB) reserved=5028MB peak=4496MB
  Frame 19 saved (frame_018.jpg, t=116.0s)
  [capture-periodic] freeze=1ms shot=163ms unfreeze=7ms saved=True
  [ComfyUI] [worker:ComfyUI-TRELLIS2] [VRAM] -785MB (now 3187MB) reserved=5028MB peak=4496MB
  [ComfyUI] [worker:ComfyUI-TRELLIS2] [VRAM] +784MB (now 3971MB) reserved=5028MB peak=4496MB
  Frame 20 saved (frame_019.jpg, t=118.3s)
  [capture-periodic] freeze=2ms shot=163ms unfreeze=5ms saved=True
  [ComfyUI] [worker:ComfyUI-TRELLIS2] [VRAM] -785MB (now 3187MB) reserved=5028MB peak=4496MB
  [capture-loop] iter=1050 t=119.4s state={'complete': False, 'error': None, 'executedCount': 1, 'wsState': 1} eval_ms=2
  [ComfyUI] [worker:ComfyUI-TRELLIS2] [VRAM] +784MB (now 3971MB) reserved=5028MB peak=4496MB
  [ComfyUI] [worker:ComfyUI-TRELLIS2] [VRAM] -785MB (now 3187MB) reserved=5028MB peak=4496MB
  [ComfyUI] [worker:ComfyUI-TRELLIS2] [VRAM] +784MB (now 3971MB) reserved=5028MB peak=4496MB
  [ComfyUI] [worker:ComfyUI-TRELLIS2] [VRAM] -785MB (now 3187MB) reserved=5028MB peak=4496MB
  [capture-loop] iter=1100 t=124.9s state={'complete': False, 'error': None, 'executedCount': 1, 'wsState': 1} eval_ms=2
  [ComfyUI] [worker:ComfyUI-TRELLIS2] [VRAM] +784MB (now 3971MB) reserved=5028MB peak=4496MB
  [ComfyUI] [worker:ComfyUI-TRELLIS2] [VRAM] -812MB (now 3159MB) reserved=5028MB peak=4496MB
  [ComfyUI] [worker:ComfyUI-TRELLIS2] [VRAM] +811MB (now 3971MB) reserved=5028MB peak=4496MB
  [ComfyUI] [worker:ComfyUI-TRELLIS2] [VRAM] -812MB (now 3159MB) reserved=5028MB peak=4496MB
  [ComfyUI] [worker:ComfyUI-TRELLIS2] [VRAM] +811MB (now 3971MB) reserved=5028MB peak=4496MB
  [capture-loop] iter=1150 t=130.7s state={'complete': False, 'error': None, 'executedCount': 1, 'wsState': 1} eval_ms=2
  [ComfyUI] [worker:ComfyUI-TRELLIS2] [VRAM] -812MB (now 3159MB) reserved=5028MB peak=4496MB
  [ComfyUI] [worker:ComfyUI-TRELLIS2] [VRAM] +811MB (now 3971MB) reserved=5028MB peak=4496MB
  [ComfyUI] [worker:ComfyUI-TRELLIS2] [VRAM] -812MB (now 3159MB) reserved=5028MB peak=4496MB
  [ComfyUI] [worker:ComfyUI-TRELLIS2] [VRAM] +811MB (now 3971MB) reserved=5028MB peak=4496MB
  [ComfyUI] [SubprocessWorker] callback 'report_progress' from call_id=17
  [ComfyUI] [worker:ComfyUI-TRELLIS2] [VRAM] -773MB (now 3198MB) reserved=5028MB peak=4496MB
  [capture-loop] iter=1200 t=136.2s state={'complete': False, 'error': None, 'executedCount': 1, 'wsState': 1} eval_ms=2
  Frame 21 saved (frame_020.jpg, t=136.3s)
  [capture-periodic] freeze=2ms shot=169ms unfreeze=7ms saved=True
  [ComfyUI] [worker:ComfyUI-TRELLIS2] [VRAM] +784MB (now 3983MB) reserved=5028MB peak=4496MB
  [ComfyUI] [worker:ComfyUI-TRELLIS2] [VRAM] -785MB (now 3198MB) reserved=5028MB peak=4496MB
  Frame 22 saved (frame_021.jpg, t=138.6s)
  [capture-periodic] freeze=2ms shot=169ms unfreeze=7ms saved=True
  [ComfyUI] [worker:ComfyUI-TRELLIS2] [VRAM] +784MB (now 3983MB) reserved=5028MB peak=4496MB
  [ComfyUI] [worker:ComfyUI-TRELLIS2] [VRAM] +410MB (now 4393MB) reserved=5028MB peak=4496MB
  [ComfyUI] [worker:ComfyUI-TRELLIS2] [VRAM] -411MB (now 3983MB) reserved=5028MB peak=4496MB
  [capture-loop] iter=1250 t=142.0s state={'complete': False, 'error': None, 'executedCount': 1, 'wsState': 1} eval_ms=2
  [ComfyUI] [worker:ComfyUI-TRELLIS2] [VRAM] -785MB (now 3198MB) reserved=5028MB peak=4496MB
  [ComfyUI] [worker:ComfyUI-TRELLIS2] [VRAM] +784MB (now 3983MB) reserved=5028MB peak=4496MB
  [ComfyUI] [worker:ComfyUI-TRELLIS2] [VRAM] -785MB (now 3198MB) reserved=5028MB peak=4496MB
  [ComfyUI] [worker:ComfyUI-TRELLIS2] [VRAM] +784MB (now 3983MB) reserved=5028MB peak=4496MB
  [ComfyUI] [worker:ComfyUI-TRELLIS2] [VRAM] -812MB (now 3171MB) reserved=5028MB peak=4496MB
  [capture-loop] iter=1300 t=147.5s state={'complete': False, 'error': None, 'executedCount': 1, 'wsState': 1} eval_ms=2
  [ComfyUI] [worker:ComfyUI-TRELLIS2] [VRAM] +811MB (now 3983MB) reserved=5028MB peak=4496MB
  [ComfyUI] [worker:ComfyUI-TRELLIS2] [VRAM] -812MB (now 3171MB) reserved=5028MB peak=4496MB
  [ComfyUI] [worker:ComfyUI-TRELLIS2] [VRAM] +811MB (now 3983MB) reserved=5028MB peak=4496MB
  [ComfyUI] [worker:ComfyUI-TRELLIS2] [VRAM] -812MB (now 3171MB) reserved=5028MB peak=4496MB
  [ComfyUI] [worker:ComfyUI-TRELLIS2] [VRAM] +811MB (now 3983MB) reserved=5028MB peak=4496MB
  [ComfyUI] [worker:ComfyUI-TRELLIS2]
  [ComfyUI] === WATCHDOG TICK 14 ===
  [ComfyUI] [worker:ComfyUI-TRELLIS2] Thread 0x00007d1690b39640 (most recent call first):
  [ComfyUI]   File "/workspaces/TRELLIS2-0211/ComfyUI/.ce/.pixi/envs/trellis2-nodes/lib/python3.10/threading.py", line 324 in wait
  [ComfyUI]   File "/workspaces/TRELLIS2-0211/ComfyUI/.ce/.pixi/envs/trellis2-nodes/lib/python3.10/threading.py", line 607 in wait
  [ComfyUI]   File "/workspaces/TRELLIS2-0211/ComfyUI/.ce/.pixi/envs/trellis2-nodes/lib/python3.10/site-packages/tqdm/_monitor.py", line 60 in run
  [ComfyUI]   File "/workspaces/TRELLIS2-0211/ComfyUI/.ce/.pixi/envs/trellis2-nodes/lib/python3.10/threading.py", line 1016 in _bootstrap_inner
  [ComfyUI]   File "/workspaces/TRELLIS2-0211/ComfyUI/.ce/.pixi/envs/trellis2-nodes/lib/python3.10/threading.py", line 973 in _bootstrap
  [ComfyUI] 
  [ComfyUI] Thread 0x00007d173d1fc640 (most recent call first):
  [ComfyUI]   File "/workspaces/TRELLIS2-0211/ComfyUI/.ce/.pixi/envs/trellis2-nodes/lib/python3.10/socket.py", line 293 in accept
  [ComfyUI]   File "/workspaces/TRELLIS2-0211/ComfyUI/.ce/.pixi/envs/trellis2-nodes/lib/python3.10/multiprocessing/connection.py", line 609 in accept
  [ComfyUI]   File "/workspaces/TRELLIS2-0211/ComfyUI/.ce/.pixi/envs/trellis2-nodes/lib/python3.10/multiprocessing/connection.py", line 463 in accept
  [ComfyUI]   File "/workspaces/TRELLIS2-0211/ComfyUI/.ce/.pixi/envs/trellis2-nodes/lib/python3.10/multiprocessing/resource_sharer.py", line 138 in _serve
  [ComfyUI]   File "/workspaces/TRELLIS2-0211/ComfyUI/.ce/.pixi/envs/trellis2-nodes/lib/python3.10/threading.py", line 953 in run
  [ComfyUI]   File "/workspaces/TRELLIS2-0211/ComfyUI/.ce/.pixi/envs/trellis2-nodes/lib/python3.10/threading.py", line 1016 in _bootstrap_inner
  [ComfyUI]   File "/workspaces/TRELLIS2-0211/ComfyUI/.ce/.pixi/envs/trellis2-nodes/lib/python3.10/threading.py", line 973 in _bootstrap
  [ComfyUI] 
  [ComfyUI] Thread 0x00007d16c185b640 (most recent call first):
  [ComfyUI]   File "/workspaces/TRELLIS2-0211/ComfyUI/.ce/.pixi/envs/trellis2-nodes/lib/python3.10/threading.py", line 324 in wait
  [ComfyUI]   File "/workspaces/TRELLIS2-0211/ComfyUI/.ce/.pixi/envs/trellis2-nodes/lib/python3.10/threading.py", line 607 in wait
  [ComfyUI]   File "/workspaces/TRELLIS2-0211/ComfyUI/.ce/.pixi/envs/trellis2-nodes/lib/python3.10/site-packages/tqdm/_monitor.py", line 60 in run
  [ComfyUI]   File "/workspaces/TRELLIS2-0211/ComfyUI/.ce/.pixi/envs/trellis2-nodes/lib/python3.10/threading.py", line 1016 in _bootstrap_inner
  [ComfyUI]   File "/workspaces/TRELLIS2-0211/ComfyUI/.ce/.pixi/envs/trellis2-nodes/lib/python3.10/threading.py", line 973 in _bootstrap
  [ComfyUI] 
  [ComfyUI] Thread 0x00007d1ad0d23640 (most recent call first):
  [ComfyUI]   File "/tmp/comfyui_pvenv_cgcz3o91/persistent_worker.py", line 106 in _vram_poller
  [ComfyUI]   File "/workspaces/TRELLIS2-0211/ComfyUI/.ce/.pixi/envs/trellis2-nodes/lib/python3.10/threading.py", line 953 in run
  [ComfyUI]   File "/workspaces/TRELLIS2-0211/ComfyUI/.ce/.pixi/envs/trellis2-nodes/lib/python3.10/threading.py", line 1016 in _bootstrap_inner
  [ComfyUI]   File "/workspaces/TRELLIS2-0211/ComfyUI/.ce/.pixi/envs/trellis2-nodes/lib/python3.10/threading.py", line 973 in _bootstrap
  [ComfyUI] 
  [ComfyUI] Current thread 0x00007d1ad1524640 (most recent call first):
  [ComfyUI]   File "/tmp/comfyui_pvenv_cgcz3o91/persistent_worker.py", line 52 in _watchdog
  [ComfyUI]   File "/workspaces/TRELLIS2-0211/ComfyUI/.ce/.pixi/envs/trellis2-nodes/lib/python3.10/threading.py", line 953 in run
  [ComfyUI]   File "/workspaces/TRELLIS2-0211/ComfyUI/.ce/.pixi/envs/trellis2-nodes/lib/python3.10/threading.py", line 1016 in _bootstrap_inner
  [ComfyUI]   File "/workspaces/TRELLIS2-0211/ComfyUI/.ce/.pixi/envs/trellis2-nodes/lib/python3.10/threading.py", line 973 in _bootstrap
  [ComfyUI] 
  [ComfyUI] Thread 0x00007d1ad1afa740 (most recent call first):
  [ComfyUI]   File "/workspaces/TRELLIS2-0211/ComfyUI/comfy/attention_sparse.py", line 214 in sparse_scaled_dot_product_attention
  [ComfyUI]   File "/workspaces/TRELLIS2-0211/ComfyUI/custom_nodes/ComfyUI-TRELLIS2/nodes/trellis2/model.py", line 1064 in forward
  [ComfyUI]   File "/workspaces/TRELLIS2-0211/ComfyUI/.ce/.pixi/envs/trellis2-nodes/lib/python3.10/site-packages/torch/nn/modules/module.py", line 1790 in _call_impl
  [ComfyUI]   File "/workspaces/TRELLIS2-0211/ComfyUI/.ce/.pixi/envs/trellis2-nodes/lib/python3.10/site-packages/torch/nn/modules/module.py", line 1779 in _wrapped_call_impl
  [ComfyUI]   File "/workspaces/TRELLIS2-0211/ComfyUI/custom_nodes/ComfyUI-TRELLIS2/nodes/trellis2/model.py", line 1425 in _forward
  [ComfyUI]   File "/workspaces/TRELLIS2-0211/ComfyUI/custom_nodes/ComfyUI-TRELLIS2/nodes/trellis2/model.py", line 1442 in forward
  [ComfyUI]   File "/workspaces/TRELLIS2-0211/ComfyUI/.ce/.pixi/envs/trellis2-nodes/lib/python3.10/site-packages/torch/nn/modules/module.py", line 1790 in _call_impl
  [ComfyUI]   File "/workspaces/TRELLIS2-0211/ComfyUI/.ce/.pixi/envs/trellis2-nodes/lib/python3.10/site-packages/torch/nn/modules/module.py", line 1779 in _wrapped_call_impl
  [ComfyUI]   File "/workspaces/TRELLIS2-0211/ComfyUI/custom_nodes/ComfyUI-TRELLIS2/nodes/trellis2/model.py", line 1999 in _forward
  [ComfyUI]   File "/workspaces/TRELLIS2-0211/ComfyUI/comfy/patcher_extension.py", line 112 in execute
  [ComfyUI]   File "/workspaces/TRELLIS2-0211/ComfyUI/custom_nodes/ComfyUI-TRELLIS2/nodes/trellis2/model.py", line 1948 in forward
  [ComfyUI]   File "/workspaces/TRELLIS2-0211/ComfyUI/.ce/.pixi/envs/trellis2-nodes/lib/python3.10/site-packages/torch/nn/modules/module.py", line 1790 in _call_impl
  [ComfyUI]   File "/workspaces/TRELLIS2-0211/ComfyUI/.ce/.pixi/envs/trellis2-nodes/lib/python3.10/site-packages/torch/nn/modules/module.py", line 1779 in _wrapped_call_impl
  [ComfyUI]   File "/workspaces/TRELLIS2-0211/ComfyUI/custom_nodes/ComfyUI-TRELLIS2/nodes/trellis2/samplers/flow_euler.py", line 67 in _inference_model
  [ComfyUI]   File "/workspaces/TRELLIS2-0211/ComfyUI/custom_nodes/ComfyUI-TRELLIS2/nodes/trellis2/samplers/classifier_free_guidance_mixin.py", line 16 in _inference_model
  [ComfyUI]   File "/workspaces/TRELLIS2-0211/ComfyUI/custom_nodes/ComfyUI-TRELLIS2/nodes/trellis2/samplers/guidance_interval_mixin.py", line 11 in _inference_model
  [ComfyUI]   File "/workspaces/TRELLIS2-0211/ComfyUI/custom_nodes/ComfyUI-TRELLIS2/nodes/trellis2/samplers/flow_euler.py", line 75 in _get_model_prediction
  [ComfyUI]   File "/workspaces/TRELLIS2-0211/ComfyUI/custom_nodes/ComfyUI-TRELLIS2/nodes/trellis2/samplers/flow_euler.py", line 105 in sample_once
  [ComfyUI]   File "/workspaces/TRELLIS2-0211/ComfyUI/.ce/.pixi/envs/trellis2-nodes/lib/python3.10/site-packages/torch/utils/_contextlib.py", line 124 in decorate_context
  [ComfyUI]   File "/workspaces/TRELLIS2-0211/ComfyUI/custom_nodes/ComfyUI-TRELLIS2/nodes/trellis2/samplers/flow_euler.py", line 150 in sample
  [ComfyUI]   File "/workspaces/TRELLIS2-0211/ComfyUI/.ce/.pixi/envs/trellis2-nodes/lib/python3.10/site-packages/torch/utils/_contextlib.py", line 124 in decorate_context
  [ComfyUI]   File "/workspaces/TRELLIS2-0211/ComfyUI/custom_nodes/ComfyUI-TRELLIS2/nodes/trellis2/samplers/flow_euler.py", line 238 in sample
  [ComfyUI]   File "/workspaces/TRELLIS2-0211/ComfyUI/.ce/.pixi/envs/trellis2-nodes/lib/python3.10/site-packages/torch/utils/_contextlib.py", line 124 in decorate_context
  [ComfyUI]   File "/workspaces/TRELLIS2-0211/ComfyUI/custom_nodes/ComfyUI-TRELLIS2/nodes/stages.py", line 606 in _sample_shape_slat_cascade
  [ComfyUI]   File "/workspaces/TRELLIS2-0211/ComfyUI/custom_nodes/ComfyUI-TRELLIS2/nodes/stages.py", line 929 in run_shape_generation
  [ComfyUI]   File "/workspaces/TRELLIS2-0211/ComfyUI/custom_nodes/ComfyUI-TRELLIS2/nodes/nodes_inference.py", line 132 in execute
  [ComfyUI]   File "/workspaces/TRELLIS2-0211/ComfyUI/comfy_api/latest/_io.py", line 1826 in EXECUTE_NORMALIZED
  [ComfyUI]   File "/tmp/comfyui_pvenv_cgcz3o91/persistent_worker.py", line 1749 in main
  [ComfyUI]   File "/tmp/comfyui_pvenv_cgcz3o91/persistent_worker.py", line 1794 in <module>
  [ComfyUI] 
  [ComfyUI] [worker:ComfyUI-TRELLIS2] === END ===
  [ComfyUI] 
  [capture-loop] iter=1350 t=153.2s state={'complete': False, 'error': None, 'executedCount': 1, 'wsState': 1} eval_ms=2
  [ComfyUI] [worker:ComfyUI-TRELLIS2] [VRAM] -812MB (now 3171MB) reserved=5028MB peak=4496MB
  [ComfyUI] [worker:ComfyUI-TRELLIS2] [VRAM] +811MB (now 3983MB) reserved=5028MB peak=4496MB
  [ComfyUI] [SubprocessWorker] callback 'report_progress' from call_id=17
  [ComfyUI] [worker:ComfyUI-TRELLIS2] [VRAM] -773MB (now 3210MB) reserved=5028MB peak=4496MB
  Frame 23 saved (frame_022.jpg, t=156.6s)
  [capture-periodic] freeze=2ms shot=164ms unfreeze=8ms saved=True
  [ComfyUI] [worker:ComfyUI-TRELLIS2] [VRAM] +784MB (now 3994MB) reserved=5028MB peak=4496MB
  [ComfyUI] [worker:ComfyUI-TRELLIS2] [VRAM] -785MB (now 3210MB) reserved=5028MB peak=4496MB
  [capture-loop] iter=1400 t=158.8s state={'complete': False, 'error': None, 'executedCount': 1, 'wsState': 1} eval_ms=2
  Frame 24 saved (frame_023.jpg, t=158.9s)
  [capture-periodic] freeze=2ms shot=223ms unfreeze=6ms saved=True
  [ComfyUI] [worker:ComfyUI-TRELLIS2] [VRAM] +784MB (now 3994MB) reserved=5028MB peak=4496MB
  [ComfyUI] [worker:ComfyUI-TRELLIS2] [VRAM] -785MB (now 3210MB) reserved=5028MB peak=4496MB
  [ComfyUI] [worker:ComfyUI-TRELLIS2] [VRAM] +784MB (now 3994MB) reserved=5028MB peak=4496MB
  [ComfyUI] [worker:ComfyUI-TRELLIS2] [VRAM] -785MB (now 3210MB) reserved=5028MB peak=4496MB
  [ComfyUI] [worker:ComfyUI-TRELLIS2] [VRAM] +784MB (now 3994MB) reserved=5028MB peak=4496MB
  [capture-loop] iter=1450 t=164.6s state={'complete': False, 'error': None, 'executedCount': 1, 'wsState': 1} eval_ms=2
  [ComfyUI] [worker:ComfyUI-TRELLIS2] [VRAM] -785MB (now 3210MB) reserved=5028MB peak=4496MB
  [ComfyUI] [worker:ComfyUI-TRELLIS2] [VRAM] +784MB (now 3994MB) reserved=5028MB peak=4496MB
  [ComfyUI] [worker:ComfyUI-TRELLIS2] [VRAM] -812MB (now 3182MB) reserved=5028MB peak=4496MB
  [ComfyUI] [worker:ComfyUI-TRELLIS2] [VRAM] +811MB (now 3994MB) reserved=5028MB peak=4496MB
  [ComfyUI] [worker:ComfyUI-TRELLIS2] [VRAM] -812MB (now 3182MB) reserved=5028MB peak=4496MB
  [capture-loop] iter=1500 t=170.1s state={'complete': False, 'error': None, 'executedCount': 1, 'wsState': 1} eval_ms=2
  [ComfyUI] [worker:ComfyUI-TRELLIS2] [VRAM] +811MB (now 3994MB) reserved=5028MB peak=4496MB
  [ComfyUI] [worker:ComfyUI-TRELLIS2] [VRAM] -812MB (now 3182MB) reserved=5028MB peak=4496MB
  [ComfyUI] [worker:ComfyUI-TRELLIS2] [VRAM] +811MB (now 3994MB) reserved=5028MB peak=4496MB
  [ComfyUI] [worker:ComfyUI-TRELLIS2] [VRAM] -812MB (now 3182MB) reserved=5028MB peak=4496MB
  [ComfyUI] [SubprocessWorker] callback 'report_progress' from call_id=17
  [ComfyUI] [worker:ComfyUI-TRELLIS2] [VRAM] +823MB (now 4006MB) reserved=5028MB peak=4496MB
  [capture-loop] iter=1550 t=175.8s state={'complete': False, 'error': None, 'executedCount': 1, 'wsState': 1} eval_ms=2
  [ComfyUI] [worker:ComfyUI-TRELLIS2] [VRAM] -785MB (now 3221MB) reserved=5028MB peak=4496MB
  Frame 25 saved (frame_024.jpg, t=176.9s)
  [capture-periodic] freeze=2ms shot=158ms unfreeze=9ms saved=True
  [ComfyUI] [worker:ComfyUI-TRELLIS2] [VRAM] +784MB (now 4006MB) reserved=5028MB peak=4496MB
  [ComfyUI] [worker:ComfyUI-TRELLIS2] [VRAM] -785MB (now 3221MB) reserved=5028MB peak=4496MB
  Frame 26 saved (frame_025.jpg, t=179.2s)
  [capture-periodic] freeze=6ms shot=174ms unfreeze=10ms saved=True
  [ComfyUI] [worker:ComfyUI-TRELLIS2] [VRAM] +784MB (now 4006MB) reserved=5028MB peak=4496MB
  [ComfyUI] [worker:ComfyUI-TRELLIS2] [VRAM] -785MB (now 3221MB) reserved=5028MB peak=4496MB
  [capture-loop] iter=1600 t=181.4s state={'complete': False, 'error': None, 'executedCount': 1, 'wsState': 1} eval_ms=2
  [ComfyUI] [worker:ComfyUI-TRELLIS2] [VRAM] +784MB (now 4006MB) reserved=5028MB peak=4496MB
  [ComfyUI] [worker:ComfyUI-TRELLIS2] [VRAM] -785MB (now 3221MB) reserved=5028MB peak=4496MB
  [ComfyUI] [worker:ComfyUI-TRELLIS2] [VRAM] +784MB (now 4006MB) reserved=5028MB peak=4496MB
  [ComfyUI] [worker:ComfyUI-TRELLIS2] [VRAM] -812MB (now 3194MB) reserved=5028MB peak=4496MB
  [ComfyUI] [worker:ComfyUI-TRELLIS2] [VRAM] +811MB (now 4005MB) reserved=5028MB peak=4496MB
  [capture-loop] iter=1650 t=187.1s state={'complete': False, 'error': None, 'executedCount': 1, 'wsState': 1} eval_ms=2
  [ComfyUI] [worker:ComfyUI-TRELLIS2] [VRAM] +273MB (now 4279MB) reserved=5028MB peak=4496MB
  [ComfyUI] [worker:ComfyUI-TRELLIS2] [VRAM] -1086MB (now 3194MB) reserved=5028MB peak=4496MB
  [ComfyUI] [worker:ComfyUI-TRELLIS2] [VRAM] +811MB (now 4005MB) reserved=5028MB peak=4496MB
  [ComfyUI] [worker:ComfyUI-TRELLIS2] [VRAM] -812MB (now 3194MB) reserved=5028MB peak=4496MB
  [ComfyUI] [worker:ComfyUI-TRELLIS2] [VRAM] +811MB (now 4005MB) reserved=5028MB peak=4496MB
  [capture-loop] iter=1700 t=192.6s state={'complete': False, 'error': None, 'executedCount': 1, 'wsState': 1} eval_ms=2
  [ComfyUI] [worker:ComfyUI-TRELLIS2] [VRAM] -812MB (now 3194MB) reserved=5028MB peak=4496MB
  [ComfyUI] [worker:ComfyUI-TRELLIS2] [VRAM] +811MB (now 4005MB) reserved=5028MB peak=4496MB
  [ComfyUI] [SubprocessWorker] callback 'report_progress' from call_id=17
  [ComfyUI] [worker:ComfyUI-TRELLIS2] [VRAM] -773MB (now 3232MB) reserved=5028MB peak=4496MB
  [ComfyUI] [worker:ComfyUI-TRELLIS2] [VRAM] +784MB (now 4017MB) reserved=5028MB peak=4496MB
  Frame 27 saved (frame_026.jpg, t=197.2s)
  [capture-periodic] freeze=1ms shot=169ms unfreeze=7ms saved=True
  [ComfyUI] [worker:ComfyUI-TRELLIS2] [VRAM] -785MB (now 3232MB) reserved=5028MB peak=4496MB
  [capture-loop] iter=1750 t=198.4s state={'complete': False, 'error': None, 'executedCount': 1, 'wsState': 1} eval_ms=1
  [ComfyUI] [worker:ComfyUI-TRELLIS2] [VRAM] +784MB (now 4017MB) reserved=5028MB peak=4496MB
  Frame 28 saved (frame_027.jpg, t=199.5s)
  [capture-periodic] freeze=1ms shot=168ms unfreeze=8ms saved=True
  [ComfyUI] [worker:ComfyUI-TRELLIS2] [VRAM] -785MB (now 3232MB) reserved=5028MB peak=4496MB
  [ComfyUI] [worker:ComfyUI-TRELLIS2] [VRAM] +784MB (now 4017MB) reserved=5028MB peak=4496MB
  [ComfyUI] [worker:ComfyUI-TRELLIS2] [VRAM] -785MB (now 3232MB) reserved=5028MB peak=4496MB
  [capture-loop] iter=1800 t=203.9s state={'complete': False, 'error': None, 'executedCount': 1, 'wsState': 1} eval_ms=1
  [ComfyUI] [worker:ComfyUI-TRELLIS2] [VRAM] +784MB (now 4017MB) reserved=5028MB peak=4496MB
  [ComfyUI] [worker:ComfyUI-TRELLIS2] [VRAM] -1373MB (now 2644MB) reserved=5028MB peak=4496MB
  [ComfyUI] [worker:ComfyUI-TRELLIS2] [VRAM] +1372MB (now 4017MB) reserved=5028MB peak=4496MB
  [ComfyUI] [worker:ComfyUI-TRELLIS2] [VRAM] -812MB (now 3205MB) reserved=5028MB peak=4496MB
  [ComfyUI] [worker:ComfyUI-TRELLIS2] [VRAM] +811MB (now 4017MB) reserved=5028MB peak=4496MB
  [capture-loop] iter=1850 t=209.5s state={'complete': False, 'error': None, 'executedCount': 1, 'wsState': 1} eval_ms=1
  [ComfyUI] [worker:ComfyUI-TRELLIS2] [VRAM] -812MB (now 3205MB) reserved=5028MB peak=4496MB
  [ComfyUI] [worker:ComfyUI-TRELLIS2] [VRAM] +811MB (now 4017MB) reserved=5028MB peak=4496MB
  [ComfyUI] [worker:ComfyUI-TRELLIS2] [VRAM] -812MB (now 3205MB) reserved=5028MB peak=4496MB
  [ComfyUI] [worker:ComfyUI-TRELLIS2]
  [ComfyUI] === WATCHDOG TICK 15 ===
  [ComfyUI] [worker:ComfyUI-TRELLIS2] Thread 0x00007d1690b39640 (most recent call first):
  [ComfyUI]   File "/workspaces/TRELLIS2-0211/ComfyUI/.ce/.pixi/envs/trellis2-nodes/lib/python3.10/threading.py", line 324 in wait
  [ComfyUI]   File "/workspaces/TRELLIS2-0211/ComfyUI/.ce/.pixi/envs/trellis2-nodes/lib/python3.10/threading.py", line 607 in wait
  [ComfyUI]   File "/workspaces/TRELLIS2-0211/ComfyUI/.ce/.pixi/envs/trellis2-nodes/lib/python3.10/site-packages/tqdm/_monitor.py", line 60 in run
  [ComfyUI]   File "/workspaces/TRELLIS2-0211/ComfyUI/.ce/.pixi/envs/trellis2-nodes/lib/python3.10/threading.py", line 1016 in _bootstrap_inner
  [ComfyUI]   File "/workspaces/TRELLIS2-0211/ComfyUI/.ce/.pixi/envs/trellis2-nodes/lib/python3.10/threading.py", line 973 in _bootstrap
  [ComfyUI] 
  [ComfyUI] Thread 0x00007d173d1fc640 (most recent call first):
  [ComfyUI]   File "/workspaces/TRELLIS2-0211/ComfyUI/.ce/.pixi/envs/trellis2-nodes/lib/python3.10/socket.py", line 293 in accept
  [ComfyUI]   File "/workspaces/TRELLIS2-0211/ComfyUI/.ce/.pixi/envs/trellis2-nodes/lib/python3.10/multiprocessing/connection.py", line 609 in accept
  [ComfyUI]   File "/workspaces/TRELLIS2-0211/ComfyUI/.ce/.pixi/envs/trellis2-nodes/lib/python3.10/multiprocessing/connection.py", line 463 in accept
  [ComfyUI]   File "/workspaces/TRELLIS2-0211/ComfyUI/.ce/.pixi/envs/trellis2-nodes/lib/python3.10/multiprocessing/resource_sharer.py", line 138 in _serve
  [ComfyUI]   File "/workspaces/TRELLIS2-0211/ComfyUI/.ce/.pixi/envs/trellis2-nodes/lib/python3.10/threading.py", line 953 in run
  [ComfyUI]   File "/workspaces/TRELLIS2-0211/ComfyUI/.ce/.pixi/envs/trellis2-nodes/lib/python3.10/threading.py", line 1016 in _bootstrap_inner
  [ComfyUI]   File "/workspaces/TRELLIS2-0211/ComfyUI/.ce/.pixi/envs/trellis2-nodes/lib/python3.10/threading.py", line 973 in _bootstrap
  [ComfyUI] 
  [ComfyUI] Thread 0x00007d16c185b640 (most recent call first):
  [ComfyUI]   File "/workspaces/TRELLIS2-0211/ComfyUI/.ce/.pixi/envs/trellis2-nodes/lib/python3.10/threading.py", line 324 in wait
  [ComfyUI]   File "/workspaces/TRELLIS2-0211/ComfyUI/.ce/.pixi/envs/trellis2-nodes/lib/python3.10/threading.py", line 607 in wait
  [ComfyUI]   File "/workspaces/TRELLIS2-0211/ComfyUI/.ce/.pixi/envs/trellis2-nodes/lib/python3.10/site-packages/tqdm/_monitor.py", line 60 in run
  [ComfyUI]   File "/workspaces/TRELLIS2-0211/ComfyUI/.ce/.pixi/envs/trellis2-nodes/lib/python3.10/threading.py", line 1016 in _bootstrap_inner
  [ComfyUI]   File "/workspaces/TRELLIS2-0211/ComfyUI/.ce/.pixi/envs/trellis2-nodes/lib/python3.10/threading.py", line 973 in _bootstrap
  [ComfyUI] 
  [ComfyUI] Thread 0x00007d1ad0d23640 (most recent call first):
  [ComfyUI]   File "/tmp/comfyui_pvenv_cgcz3o91/persistent_worker.py", line 106 in _vram_poller
  [ComfyUI]   File "/workspaces/TRELLIS2-0211/ComfyUI/.ce/.pixi/envs/trellis2-nodes/lib/python3.10/threading.py", line 953 in run
  [ComfyUI]   File "/workspaces/TRELLIS2-0211/ComfyUI/.ce/.pixi/envs/trellis2-nodes/lib/python3.10/threading.py", line 1016 in _bootstrap_inner
  [ComfyUI]   File "/workspaces/TRELLIS2-0211/ComfyUI/.ce/.pixi/envs/trellis2-nodes/lib/python3.10/threading.py", line 973 in _bootstrap
  [ComfyUI] 
  [ComfyUI] Current thread 0x00007d1ad1524640 (most recent call first):
  [ComfyUI]   File "/tmp/comfyui_pvenv_cgcz3o91/persistent_worker.py", line 52 in _watchdog
  [ComfyUI]   File "/workspaces/TRELLIS2-0211/ComfyUI/.ce/.pixi/envs/trellis2-nodes/lib/python3.10/threading.py", line 953 in run
  [ComfyUI]   File "/workspaces/TRELLIS2-0211/ComfyUI/.ce/.pixi/envs/trellis2-nodes/lib/python3.10/threading.py", line 1016 in _bootstrap_inner
  [ComfyUI]   File "/workspaces/TRELLIS2-0211/ComfyUI/.ce/.pixi/envs/trellis2-nodes/lib/python3.10/threading.py", line 973 in _bootstrap
  [ComfyUI] 
  [ComfyUI] Thread 0x00007d1ad1afa740 (most recent call first):
  [ComfyUI]   File "/workspaces/TRELLIS2-0211/ComfyUI/comfy/attention_sparse.py", line 214 in sparse_scaled_dot_product_attention
  [ComfyUI]   File "/workspaces/TRELLIS2-0211/ComfyUI/custom_nodes/ComfyUI-TRELLIS2/nodes/trellis2/model.py", line 1064 in forward
  [ComfyUI]   File "/workspaces/TRELLIS2-0211/ComfyUI/.ce/.pixi/envs/trellis2-nodes/lib/python3.10/site-packages/torch/nn/modules/module.py", line 1790 in _call_impl
  [ComfyUI]   File "/workspaces/TRELLIS2-0211/ComfyUI/.ce/.pixi/envs/trellis2-nodes/lib/python3.10/site-packages/torch/nn/modules/module.py", line 1779 in _wrapped_call_impl
  [ComfyUI]   File "/workspaces/TRELLIS2-0211/ComfyUI/custom_nodes/ComfyUI-TRELLIS2/nodes/trellis2/model.py", line 1425 in _forward
  [ComfyUI]   File "/workspaces/TRELLIS2-0211/ComfyUI/custom_nodes/ComfyUI-TRELLIS2/nodes/trellis2/model.py", line 1442 in forward
  [ComfyUI]   File "/workspaces/TRELLIS2-0211/ComfyUI/.ce/.pixi/envs/trellis2-nodes/lib/python3.10/site-packages/torch/nn/modules/module.py", line 1790 in _call_impl
  [ComfyUI]   File "/workspaces/TRELLIS2-0211/ComfyUI/.ce/.pixi/envs/trellis2-nodes/lib/python3.10/site-packages/torch/nn/modules/module.py", line 1779 in _wrapped_call_impl
  [ComfyUI]   File "/workspaces/TRELLIS2-0211/ComfyUI/custom_nodes/ComfyUI-TRELLIS2/nodes/trellis2/model.py", line 1999 in _forward
  [ComfyUI]   File "/workspaces/TRELLIS2-0211/ComfyUI/comfy/patcher_extension.py", line 112 in execute
  [ComfyUI]   File "/workspaces/TRELLIS2-0211/ComfyUI/custom_nodes/ComfyUI-TRELLIS2/nodes/trellis2/model.py", line 1948 in forward
  [ComfyUI]   File "/workspaces/TRELLIS2-0211/ComfyUI/.ce/.pixi/envs/trellis2-nodes/lib/python3.10/site-packages/torch/nn/modules/module.py", line 1790 in _call_impl
  [ComfyUI]   File "/workspaces/TRELLIS2-0211/ComfyUI/.ce/.pixi/envs/trellis2-nodes/lib/python3.10/site-packages/torch/nn/modules/module.py", line 1779 in _wrapped_call_impl
  [ComfyUI]   File "/workspaces/TRELLIS2-0211/ComfyUI/custom_nodes/ComfyUI-TRELLIS2/nodes/trellis2/samplers/flow_euler.py", line 67 in _inference_model
  [ComfyUI]   File "/workspaces/TRELLIS2-0211/ComfyUI/custom_nodes/ComfyUI-TRELLIS2/nodes/trellis2/samplers/classifier_free_guidance_mixin.py", line 16 in _inference_model
  [ComfyUI]   File "/workspaces/TRELLIS2-0211/ComfyUI/custom_nodes/ComfyUI-TRELLIS2/nodes/trellis2/samplers/guidance_interval_mixin.py", line 11 in _inference_model
  [ComfyUI]   File "/workspaces/TRELLIS2-0211/ComfyUI/custom_nodes/ComfyUI-TRELLIS2/nodes/trellis2/samplers/flow_euler.py", line 75 in _get_model_prediction
  [ComfyUI]   File "/workspaces/TRELLIS2-0211/ComfyUI/custom_nodes/ComfyUI-TRELLIS2/nodes/trellis2/samplers/flow_euler.py", line 105 in sample_once
  [ComfyUI]   File "/workspaces/TRELLIS2-0211/ComfyUI/.ce/.pixi/envs/trellis2-nodes/lib/python3.10/site-packages/torch/utils/_contextlib.py", line 124 in decorate_context
  [ComfyUI]   File "/workspaces/TRELLIS2-0211/ComfyUI/custom_nodes/ComfyUI-TRELLIS2/nodes/trellis2/samplers/flow_euler.py", line 150 in sample
  [ComfyUI]   File "/workspaces/TRELLIS2-0211/ComfyUI/.ce/.pixi/envs/trellis2-nodes/lib/python3.10/site-packages/torch/utils/_contextlib.py", line 124 in decorate_context
  [ComfyUI]   File "/workspaces/TRELLIS2-0211/ComfyUI/custom_nodes/ComfyUI-TRELLIS2/nodes/trellis2/samplers/flow_euler.py", line 238 in sample
  [ComfyUI]   File "/workspaces/TRELLIS2-0211/ComfyUI/.ce/.pixi/envs/trellis2-nodes/lib/python3.10/site-packages/torch/utils/_contextlib.py", line 124 in decorate_context
  [ComfyUI]   File "/workspaces/TRELLIS2-0211/ComfyUI/custom_nodes/ComfyUI-TRELLIS2/nodes/stages.py", line 606 in _sample_shape_slat_cascade
  [ComfyUI]   File "/workspaces/TRELLIS2-0211/ComfyUI/custom_nodes/ComfyUI-TRELLIS2/nodes/stages.py", line 929 in run_shape_generation
  [ComfyUI]   File "/workspaces/TRELLIS2-0211/ComfyUI/custom_nodes/ComfyUI-TRELLIS2/nodes/nodes_inference.py", line 132 in execute
  [ComfyUI]   File "/workspaces/TRELLIS2-0211/ComfyUI/comfy_api/latest/_io.py", line 1826 in EXECUTE_NORMALIZED
  [ComfyUI]   File "/tmp/comfyui_pvenv_cgcz3o91/persistent_worker.py", line 1749 in main
  [ComfyUI]   File "/tmp/comfyui_pvenv_cgcz3o91/persistent_worker.py", line 1794 in <module>
  [ComfyUI] 
  [ComfyUI] [worker:ComfyUI-TRELLIS2] === END ===
  [ComfyUI] 
  [ComfyUI] [worker:ComfyUI-TRELLIS2] [VRAM] +811MB (now 4017MB) reserved=5028MB peak=4496MB
  [ComfyUI] [worker:ComfyUI-TRELLIS2] [VRAM] -812MB (now 3205MB) reserved=5028MB peak=4496MB
  [ComfyUI] [SubprocessWorker] callback 'report_progress' from call_id=17
  [capture-loop] iter=1900 t=215.0s state={'complete': False, 'error': None, 'executedCount': 1, 'wsState': 1} eval_ms=8
  [ComfyUI] [worker:ComfyUI-TRELLIS2] [VRAM] +823MB (now 4028MB) reserved=5028MB peak=4496MB
  Frame 29 saved (frame_028.jpg, t=215.1s)
  [capture-periodic] freeze=2ms shot=170ms unfreeze=7ms saved=True
  [ComfyUI] [worker:ComfyUI-TRELLIS2] [VRAM] -785MB (now 3244MB) reserved=5028MB peak=4496MB
  [ComfyUI] [worker:ComfyUI-TRELLIS2] [VRAM] +784MB (now 4028MB) reserved=5028MB peak=4496MB
  Frame 30 saved (frame_029.jpg, t=217.4s)
  [capture-periodic] freeze=2ms shot=185ms unfreeze=10ms saved=True
  [ComfyUI] [worker:ComfyUI-TRELLIS2] [VRAM] -785MB (now 3244MB) reserved=5028MB peak=4496MB
  [ComfyUI] [worker:ComfyUI-TRELLIS2] [VRAM] +784MB (now 4028MB) reserved=5028MB peak=4496MB
  [capture-loop] iter=1950 t=220.8s state={'complete': False, 'error': None, 'executedCount': 1, 'wsState': 1} eval_ms=1
  [ComfyUI] [worker:ComfyUI-TRELLIS2] [VRAM] -785MB (now 3244MB) reserved=5028MB peak=4496MB
  [ComfyUI] [worker:ComfyUI-TRELLIS2] [VRAM] +784MB (now 4028MB) reserved=5028MB peak=4496MB
  [ComfyUI] [worker:ComfyUI-TRELLIS2] [VRAM] -785MB (now 3244MB) reserved=5028MB peak=4496MB
  [ComfyUI] [worker:ComfyUI-TRELLIS2] [VRAM] +784MB (now 4028MB) reserved=5028MB peak=4496MB
  [ComfyUI] [SubprocessWorker] callback 'report_progress' from call_id=17
  [ComfyUI] [worker:ComfyUI-TRELLIS2] [VRAM] -774MB (now 3255MB) reserved=5028MB peak=4496MB
  [capture-loop] iter=2000 t=226.4s state={'complete': False, 'error': None, 'executedCount': 1, 'wsState': 1} eval_ms=2
  Frame 31 saved (frame_030.jpg, t=226.5s)
  [capture-periodic] freeze=2ms shot=169ms unfreeze=7ms saved=True
  [ComfyUI] [worker:ComfyUI-TRELLIS2] [VRAM] +784MB (now 4040MB) reserved=5028MB peak=4496MB
  [ComfyUI] [worker:ComfyUI-TRELLIS2] [VRAM] -785MB (now 3255MB) reserved=5028MB peak=4496MB
  Frame 32 saved (frame_031.jpg, t=228.8s)
  [capture-periodic] freeze=1ms shot=167ms unfreeze=8ms saved=True
  [ComfyUI] [worker:ComfyUI-TRELLIS2] [VRAM] +784MB (now 4040MB) reserved=5028MB peak=4496MB
  [ComfyUI] [worker:ComfyUI-TRELLIS2] [VRAM] -785MB (now 3255MB) reserved=5028MB peak=4496MB
  [ComfyUI] [worker:ComfyUI-TRELLIS2] [VRAM] +784MB (now 4040MB) reserved=5028MB peak=4496MB
  [capture-loop] iter=2050 t=232.2s state={'complete': False, 'error': None, 'executedCount': 1, 'wsState': 1} eval_ms=2
  [ComfyUI] [worker:ComfyUI-TRELLIS2] [VRAM] -785MB (now 3255MB) reserved=5028MB peak=4496MB
  [ComfyUI] [worker:ComfyUI-TRELLIS2] [VRAM] +784MB (now 4040MB) reserved=5028MB peak=4496MB
  [ComfyUI] [SubprocessWorker] callback 'report_progress' from call_id=17
  [ComfyUI] [worker:ComfyUI-TRELLIS2] [VRAM] -1368MB (now 2673MB) reserved=5028MB peak=4496MB
  Frame 33 saved (frame_032.jpg, t=235.5s)
  [capture-periodic] freeze=1ms shot=162ms unfreeze=8ms saved=True
  [ComfyUI] [worker:ComfyUI-TRELLIS2] [VRAM] +1378MB (now 4051MB) reserved=5028MB peak=4496MB
  [ComfyUI] [worker:ComfyUI-TRELLIS2] [VRAM] -785MB (now 3267MB) reserved=5028MB peak=4496MB
  [capture-loop] iter=2100 t=237.7s state={'complete': False, 'error': None, 'executedCount': 1, 'wsState': 1} eval_ms=2
  Frame 34 saved (frame_033.jpg, t=237.8s)
  [capture-periodic] freeze=1ms shot=167ms unfreeze=8ms saved=True
  [ComfyUI] [worker:ComfyUI-TRELLIS2] [VRAM] +784MB (now 4051MB) reserved=5028MB peak=4496MB
  [ComfyUI] [worker:ComfyUI-TRELLIS2] [VRAM] -785MB (now 3267MB) reserved=5028MB peak=4496MB
  [ComfyUI] [worker:ComfyUI-TRELLIS2] [VRAM] +784MB (now 4051MB) reserved=5028MB peak=4496MB
  [ComfyUI] [worker:ComfyUI-TRELLIS2] [VRAM] -785MB (now 3267MB) reserved=5028MB peak=4496MB
  [ComfyUI] [worker:ComfyUI-TRELLIS2] [VRAM] +784MB (now 4051MB) reserved=5028MB peak=4496MB
  [capture-loop] iter=2150 t=243.5s state={'complete': False, 'error': None, 'executedCount': 1, 'wsState': 1} eval_ms=2
  [ComfyUI] [worker:ComfyUI-TRELLIS2] [VRAM] -785MB (now 3267MB) reserved=5028MB peak=4496MB
  [ComfyUI] [SubprocessWorker] callback 'report_progress' from call_id=17
  [ComfyUI] [worker:ComfyUI-TRELLIS2] [VRAM] -992MB (now 2276MB) reserved=5028MB peak=4496MB
  [ComfyUI] [SubprocessWorker] callback 'request_vram_budget' from call_id=17
  [ComfyUI] [comfy-env] VRAM request: 0.95GB, free before eviction: 7.45GB
  [ComfyUI] [comfy-env] VRAM after eviction: 7.45GB
  [ComfyUI] [worker:ComfyUI-TRELLIS2] [TRELLIS2] shape_slat_decoder -> GPU: 0.2s
  [ComfyUI] [worker:ComfyUI-TRELLIS2] [vae] set max_voxels_per_tile=1000000 on 40 SparseConv3d modules
  [ComfyUI] [worker:ComfyUI-TRELLIS2] [UNET] level=0 block=0 SparseConvNeXtBlock3d N=46,686 ch=1024 alloc=1057MB
  [ComfyUI] [worker:ComfyUI-TRELLIS2] [sparse-conv] N=46,686 Ci=1024 Co=1024 feats=91MB cache=11MB (miss) w_dev=cuda:0 alloc=1068MB
  [ComfyUI] [worker:ComfyUI-TRELLIS2] [VRAM] -860MB (now 1416MB) reserved=1460MB peak=4496MB
  Frame 35 saved (frame_034.jpg, t=246.8s)
  [capture-periodic] freeze=1ms shot=124ms unfreeze=2ms saved=True
  [ComfyUI] [worker:ComfyUI-TRELLIS2] [VRAM] -256MB (now 1160MB) reserved=1460MB peak=4496MB
  [ComfyUI] [worker:ComfyUI-TRELLIS2] [VRAM] +256MB (now 1416MB) reserved=1460MB peak=4496MB
  [capture-loop] iter=2200 t=249.0s state={'complete': False, 'error': None, 'executedCount': 1, 'wsState': 1} eval_ms=2
  Frame 36 saved (frame_035.jpg, t=249.1s)
  [capture-periodic] freeze=1ms shot=173ms unfreeze=6ms saved=True
  [ComfyUI] [worker:ComfyUI-TRELLIS2] [VRAM] -256MB (now 1160MB) reserved=1460MB peak=4496MB
  [ComfyUI] [worker:ComfyUI-TRELLIS2] [sparse-conv] out=91MB alloc=1160MB
  [ComfyUI] [SubprocessWorker] callback 'report_progress' from call_id=17
  [ComfyUI] [worker:ComfyUI-TRELLIS2] [UNET] level=0 block=1 SparseConvNeXtBlock3d N=46,686 ch=1024 alloc=1069MB
  [ComfyUI] [worker:ComfyUI-TRELLIS2] [sparse-conv] N=46,686 Ci=1024 Co=1024 feats=91MB cache=11MB (miss) w_dev=cuda:0 alloc=1080MB
  [ComfyUI] [worker:ComfyUI-TRELLIS2] [sparse-conv] out=91MB alloc=1172MB
  [ComfyUI] [worker:ComfyUI-TRELLIS2] [UNET] level=0 block=2 SparseConvNeXtBlock3d N=46,686 ch=1024 alloc=1069MB
  [ComfyUI] [worker:ComfyUI-TRELLIS2] [sparse-conv] N=46,686 Ci=1024 Co=1024 feats=91MB cache=11MB (miss) w_dev=cuda:0 alloc=1080MB
  [ComfyUI] [worker:ComfyUI-TRELLIS2] [sparse-conv] out=91MB alloc=1172MB
  [ComfyUI] [SubprocessWorker] callback 'report_progress' from call_id=17
  [ComfyUI] [worker:ComfyUI-TRELLIS2] [UNET] level=0 block=3 SparseConvNeXtBlock3d N=46,686 ch=1024 alloc=1069MB
  [ComfyUI] [worker:ComfyUI-TRELLIS2] [sparse-conv] N=46,686 Ci=1024 Co=1024 feats=91MB cache=11MB (miss) w_dev=cuda:0 alloc=1080MB
  [ComfyUI] [worker:ComfyUI-TRELLIS2] [sparse-conv] out=91MB alloc=1172MB
  [ComfyUI] [worker:ComfyUI-TRELLIS2] [UNET] level=0 block=4 SparseResBlockC2S3d N=46,686 ch=1024 alloc=1069MB
  [ComfyUI] [worker:ComfyUI-TRELLIS2] [C2S3d] after subdiv: alloc=1069MB
  [ComfyUI] [worker:ComfyUI-TRELLIS2] [C2S3d] after norm1: alloc=1161MB
  [ComfyUI] [worker:ComfyUI-TRELLIS2] [C2S3d] pre-conv1: N=46,686 Ci=1024 Co=4096 alloc=1161MB
  [ComfyUI] [worker:ComfyUI-TRELLIS2] [C2S3d] x.feats offloaded before conv1: alloc=1161MB
  [ComfyUI] [worker:ComfyUI-TRELLIS2] [sparse-conv] N=46,686 Ci=1024 Co=4096 feats=91MB cache=11MB (miss) w_dev=cuda:0 alloc=1173MB
  [ComfyUI] [worker:ComfyUI-TRELLIS2] [VRAM] +377MB (now 1537MB) reserved=1582MB peak=4496MB
  [ComfyUI] [worker:ComfyUI-TRELLIS2] [VRAM] +256MB (now 1793MB) reserved=1842MB peak=4496MB
  Frame 37 saved (frame_036.jpg, t=253.6s)
  [capture-periodic] freeze=2ms shot=158ms unfreeze=7ms saved=True
  [ComfyUI] [worker:ComfyUI-TRELLIS2] [VRAM] -256MB (now 1537MB) reserved=1842MB peak=4496MB
  [capture-loop] iter=2250 t=254.8s state={'complete': False, 'error': None, 'executedCount': 1, 'wsState': 1} eval_ms=2
  [ComfyUI] [worker:ComfyUI-TRELLIS2] [VRAM] +256MB (now 1793MB) reserved=1842MB peak=4496MB
  Frame 38 saved (frame_037.jpg, t=255.9s)
  [capture-periodic] freeze=1ms shot=229ms unfreeze=45ms saved=True
  [ComfyUI] [worker:ComfyUI-TRELLIS2] [VRAM] -256MB (now 1537MB) reserved=1842MB peak=4496MB
  [ComfyUI] [worker:ComfyUI-TRELLIS2] [VRAM] +256MB (now 1793MB) reserved=1842MB peak=4496MB
  [capture-loop] iter=2300 t=260.4s state={'complete': False, 'error': None, 'executedCount': 1, 'wsState': 1} eval_ms=2
  [ComfyUI] [worker:ComfyUI-TRELLIS2] [VRAM] -256MB (now 1537MB) reserved=1842MB peak=4496MB
  [ComfyUI] [worker:ComfyUI-TRELLIS2] [VRAM] +256MB (now 1793MB) reserved=1842MB peak=4496MB
  [ComfyUI] [worker:ComfyUI-TRELLIS2] [VRAM] -256MB (now 1537MB) reserved=1842MB peak=4496MB
  [ComfyUI] [worker:ComfyUI-TRELLIS2] [VRAM] +256MB (now 1793MB) reserved=1842MB peak=4496MB
  [capture-loop] iter=2350 t=266.0s state={'complete': False, 'error': None, 'executedCount': 1, 'wsState': 1} eval_ms=2
  [ComfyUI] [worker:ComfyUI-TRELLIS2] [VRAM] -256MB (now 1537MB) reserved=1842MB peak=4496MB
  [ComfyUI] [worker:ComfyUI-TRELLIS2] [VRAM] +256MB (now 1793MB) reserved=1842MB peak=4496MB
  [ComfyUI] [worker:ComfyUI-TRELLIS2] [VRAM] -256MB (now 1537MB) reserved=1842MB peak=4496MB
  [ComfyUI] [worker:ComfyUI-TRELLIS2] [VRAM] +256MB (now 1793MB) reserved=1842MB peak=4496MB
  [capture-loop] iter=2400 t=271.5s state={'complete': False, 'error': None, 'executedCount': 1, 'wsState': 1} eval_ms=2
  [ComfyUI] [worker:ComfyUI-TRELLIS2]
  [ComfyUI] === WATCHDOG TICK 16 ===
  [ComfyUI] [worker:ComfyUI-TRELLIS2] Thread 0x00007d1690b39640 (most recent call first):
  [ComfyUI]   File "/workspaces/TRELLIS2-0211/ComfyUI/.ce/.pixi/envs/trellis2-nodes/lib/python3.10/threading.py", line 324 in wait
  [ComfyUI]   File "/workspaces/TRELLIS2-0211/ComfyUI/.ce/.pixi/envs/trellis2-nodes/lib/python3.10/threading.py", line 607 in wait
  [ComfyUI]   File "/workspaces/TRELLIS2-0211/ComfyUI/.ce/.pixi/envs/trellis2-nodes/lib/python3.10/site-packages/tqdm/_monitor.py", line 60 in run
  [ComfyUI]   File "/workspaces/TRELLIS2-0211/ComfyUI/.ce/.pixi/envs/trellis2-nodes/lib/python3.10/threading.py", line 1016 in _bootstrap_inner
  [ComfyUI]   File "/workspaces/TRELLIS2-0211/ComfyUI/.ce/.pixi/envs/trellis2-nodes/lib/python3.10/threading.py", line 973 in _bootstrap
  [ComfyUI] 
  [ComfyUI] Thread 0x00007d173d1fc640 (most recent call first):
  [ComfyUI]   File "/workspaces/TRELLIS2-0211/ComfyUI/.ce/.pixi/envs/trellis2-nodes/lib/python3.10/socket.py", line 293 in accept
  [ComfyUI]   File "/workspaces/TRELLIS2-0211/ComfyUI/.ce/.pixi/envs/trellis2-nodes/lib/python3.10/multiprocessing/connection.py", line 609 in accept
  [ComfyUI]   File "/workspaces/TRELLIS2-0211/ComfyUI/.ce/.pixi/envs/trellis2-nodes/lib/python3.10/multiprocessing/connection.py", line 463 in accept
  [ComfyUI]   File "/workspaces/TRELLIS2-0211/ComfyUI/.ce/.pixi/envs/trellis2-nodes/lib/python3.10/multiprocessing/resource_sharer.py", line 138 in _serve
  [ComfyUI]   File "/workspaces/TRELLIS2-0211/ComfyUI/.ce/.pixi/envs/trellis2-nodes/lib/python3.10/threading.py", line 953 in run
  [ComfyUI]   File "/workspaces/TRELLIS2-0211/ComfyUI/.ce/.pixi/envs/trellis2-nodes/lib/python3.10/threading.py", line 1016 in _bootstrap_inner
  [ComfyUI]   File "/workspaces/TRELLIS2-0211/ComfyUI/.ce/.pixi/envs/trellis2-nodes/lib/python3.10/threading.py", line 973 in _bootstrap
  [ComfyUI] 
  [ComfyUI] Thread 0x00007d16c185b640 (most recent call first):
  [ComfyUI]   File "/workspaces/TRELLIS2-0211/ComfyUI/.ce/.pixi/envs/trellis2-nodes/lib/python3.10/threading.py", line 324 in wait
  [ComfyUI]   File "/workspaces/TRELLIS2-0211/ComfyUI/.ce/.pixi/envs/trellis2-nodes/lib/python3.10/threading.py", line 607 in wait
  [ComfyUI]   File "/workspaces/TRELLIS2-0211/ComfyUI/.ce/.pixi/envs/trellis2-nodes/lib/python3.10/site-packages/tqdm/_monitor.py", line 60 in run
  [ComfyUI]   File "/workspaces/TRELLIS2-0211/ComfyUI/.ce/.pixi/envs/trellis2-nodes/lib/python3.10/threading.py", line 1016 in _bootstrap_inner
  [ComfyUI]   File "/workspaces/TRELLIS2-0211/ComfyUI/.ce/.pixi/envs/trellis2-nodes/lib/python3.10/threading.py", line 973 in _bootstrap
  [ComfyUI] 
  [ComfyUI] Thread 0x00007d1ad0d23640 (most recent call first):
  [ComfyUI]   File "/tmp/comfyui_pvenv_cgcz3o91/persistent_worker.py", line 106 in _vram_poller
  [ComfyUI]   File "/workspaces/TRELLIS2-0211/ComfyUI/.ce/.pixi/envs/trellis2-nodes/lib/python3.10/threading.py", line 953 in run
  [ComfyUI]   File "/workspaces/TRELLIS2-0211/ComfyUI/.ce/.pixi/envs/trellis2-nodes/lib/python3.10/threading.py", line 1016 in _bootstrap_inner
  [ComfyUI]   File "/workspaces/TRELLIS2-0211/ComfyUI/.ce/.pixi/envs/trellis2-nodes/lib/python3.10/threading.py", line 973 in _bootstrap
  [ComfyUI] 
  [ComfyUI] Current thread 0x00007d1ad1524640 (most recent call first):
  [ComfyUI]   File "/tmp/comfyui_pvenv_cgcz3o91/persistent_worker.py", line 52 in _watchdog
  [ComfyUI]   File "/workspaces/TRELLIS2-0211/ComfyUI/.ce/.pixi/envs/trellis2-nodes/lib/python3.10/threading.py", line 953 in run
  [ComfyUI]   File "/workspaces/TRELLIS2-0211/ComfyUI/.ce/.pixi/envs/trellis2-nodes/lib/python3.10/threading.py", line 1016 in _bootstrap_inner
  [ComfyUI]   File "/workspaces/TRELLIS2-0211/ComfyUI/.ce/.pixi/envs/trellis2-nodes/lib/python3.10/threading.py", line 973 in _bootstrap
  [ComfyUI] 
  [ComfyUI] Thread 0x00007d1ad1afa740 (most recent call first):
  [ComfyUI]   File "/workspaces/TRELLIS2-0211/ComfyUI/.ce/.pixi/envs/trellis2-nodes/lib/python3.10/site-packages/torch/cuda/__init__.py", line 1162 in synchronize
  [ComfyUI]   File "/workspaces/TRELLIS2-0211/ComfyUI/.ce/.pixi/envs/trellis2-nodes/lib/python3.1/site-packages/triton/testing.py", line 162 in do_bench
  [ComfyUI]   File "/workspaces/TRELLIS2-0211/ComfyUI/.ce/.pixi/envs/trellis2-nodes/lib/python3.1/site-packages/triton/runtime/autotuner.py", line 164 in _bench
  [ComfyUI]   File "/workspaces/TRELLIS2-0211/ComfyUI/.ce/.pixi/envs/trellis2-nodes/lib/python3.1/site-packages/flex_gemm_ap/utils/autotuner.py", line 67 in <dictcomp>
  [ComfyUI]   File "/workspaces/TRELLIS2-0211/ComfyUI/.ce/.pixi/envs/trellis2-nodes/lib/python3.1/site-packages/flex_gemm_ap/utils/autotuner.py", line 67 in run
  [ComfyUI]   File "/workspaces/TRELLIS2-0211/ComfyUI/.ce/.pixi/envs/trellis2-nodes/lib/python3.1/site-packages/triton/runtime/jit.py", line 370 in <lambda>
  [ComfyUI]   File "/workspaces/TRELLIS2-0211/ComfyUI/.ce/.pixi/envs/trellis2-nodes/lib/python3.1/site-packages/flex_gemm_ap/kernels/triton/spconv/sparse_submanifold_conv_fwd_masked_implicit_gemm_splitk.py", line 153 in sparse_submanifold_conv_fwd_masked_implicit_gemm_splitk
  [ComfyUI]   File "/workspaces/TRELLIS2-0211/ComfyUI/.ce/.pixi/envs/trellis2-nodes/lib/python3.1/site-packages/flex_gemm_ap/utils/autotuner.py", line 265 in __call__
  [ComfyUI]   File "/workspaces/TRELLIS2-0211/ComfyUI/.ce/.pixi/envs/trellis2-nodes/lib/python3.1/site-packages/flex_gemm_ap/ops/spconv/submanifold_conv3d.py", line 336 in _sparse_submanifold_conv_forward
  [ComfyUI]   File "/workspaces/TRELLIS2-0211/ComfyUI/comfy/ops_sparse.py", line 267 in _flex_gemm_conv3d_forward
  [ComfyUI]   File "/workspaces/TRELLIS2-0211/ComfyUI/comfy/ops_sparse.py", line 545 in _forward
  [ComfyUI]   File "/workspaces/TRELLIS2-0211/ComfyUI/comfy/ops_sparse.py", line 560 in forward_comfy_cast_weights
  [ComfyUI]   File "/workspaces/TRELLIS2-0211/ComfyUI/comfy/ops_sparse.py", line 571 in forward
  [ComfyUI]   File "/workspaces/TRELLIS2-0211/ComfyUI/.ce/.pixi/envs/trellis2-nodes/lib/python3.10/site-packages/torch/nn/modules/module.py", line 1790 in _call_impl
  [ComfyUI]   File "/workspaces/TRELLIS2-0211/ComfyUI/.ce/.pixi/envs/trellis2-nodes/lib/python3.10/site-packages/torch/nn/modules/module.py", line 1779 in _wrapped_call_impl
  [ComfyUI]   File "/workspaces/TRELLIS2-0211/ComfyUI/custom_nodes/ComfyUI-TRELLIS2/nodes/trellis2/vae.py", line 684 in _forward
  [ComfyUI]   File "/workspaces/TRELLIS2-0211/ComfyUI/custom_nodes/ComfyUI-TRELLIS2/nodes/trellis2/vae.py", line 767 in forward
  [ComfyUI]   File "/workspaces/TRELLIS2-0211/ComfyUI/.ce/.pixi/envs/trellis2-nodes/lib/python3.10/site-packages/torch/nn/modules/module.py", line 1790 in _call_impl
  [ComfyUI]   File "/workspaces/TRELLIS2-0211/ComfyUI/.ce/.pixi/envs/trellis2-nodes/lib/python3.10/site-packages/torch/nn/modules/module.py", line 1779 in _wrapped_call_impl
  [ComfyUI]   File "/workspaces/TRELLIS2-0211/ComfyUI/custom_nodes/ComfyUI-TRELLIS2/nodes/trellis2/vae.py", line 1074 in forward
  [ComfyUI]   File "/workspaces/TRELLIS2-0211/ComfyUI/custom_nodes/ComfyUI-TRELLIS2/nodes/trellis2/vae.py", line 1335 in forward
  [ComfyUI]   File "/workspaces/TRELLIS2-0211/ComfyUI/.ce/.pixi/envs/trellis2-nodes/lib/python3.10/site-packages/torch/nn/modules/module.py", line 1790 in _call_impl
  [ComfyUI]   File "/workspaces/TRELLIS2-0211/ComfyUI/.ce/.pixi/envs/trellis2-nodes/lib/python3.10/site-packages/torch/nn/modules/module.py", line 1779 in _wrapped_call_impl
  [ComfyUI]   File "/workspaces/TRELLIS2-0211/ComfyUI/custom_nodes/ComfyUI-TRELLIS2/nodes/stages.py", line 631 in _decode_shape_slat
  [ComfyUI]   File "/workspaces/TRELLIS2-0211/ComfyUI/custom_nodes/ComfyUI-TRELLIS2/nodes/stages.py", line 947 in run_shape_generation
  [ComfyUI]   File "/workspaces/TRELLIS2-0211/ComfyUI/custom_nodes/ComfyUI-TRELLIS2/nodes/nodes_inference.py", line 132 in execute
  [ComfyUI]   File "/workspaces/TRELLIS2-0211/ComfyUI/comfy_api/latest/_io.py", line 1826 in EXECUTE_NORMALIZED
  [ComfyUI]   File "/tmp/comfyui_pvenv_cgcz3o91/persistent_worker.py", line 1749 in main
  [ComfyUI]   File "/tmp/comfyui_pvenv_cgcz3o91/persistent_worker.py", line 1794 in <module>
  [ComfyUI] 
  [ComfyUI] [worker:ComfyUI-TRELLIS2] === END ===
  [ComfyUI] 
  [ComfyUI] [worker:ComfyUI-TRELLIS2] [VRAM] -256MB (now 1538MB) reserved=1842MB peak=4496MB
  [ComfyUI] [worker:ComfyUI-TRELLIS2] [VRAM] +256MB (now 1794MB) reserved=1842MB peak=4496MB
  [capture-loop] iter=2450 t=277.2s state={'complete': False, 'error': None, 'executedCount': 1, 'wsState': 1} eval_ms=2
  [ComfyUI] [worker:ComfyUI-TRELLIS2] [sparse-conv] out=364MB alloc=1538MB
  [ComfyUI] [worker:ComfyUI-TRELLIS2] [C2S3d] post-conv1: h=torch.Size([46686, 4096]) alloc=1446MB
  [ComfyUI] [worker:ComfyUI-TRELLIS2] [VRAM] -256MB (now 1538MB) reserved=1842MB peak=4496MB
  [capture-loop] iter=2500 t=282.7s state={'complete': False, 'error': None, 'executedCount': 1, 'wsState': 1} eval_ms=2
  [ComfyUI] [worker:ComfyUI-TRELLIS2] [C2S3d] x.feats restored from CPU: alloc=1538MB
  [ComfyUI] [worker:ComfyUI-TRELLIS2] [C2S3d] pre-C2S(h): alloc=1538MB
  [ComfyUI] [worker:ComfyUI-TRELLIS2] [C2S] scatter: 46,686×4096 -> 227,865×512 in=364MB out=222MB alloc=1547MB
  [ComfyUI] [worker:ComfyUI-TRELLIS2] [C2S] offloaded 364MB to CPU, alloc=1182MB
  [ComfyUI] [worker:ComfyUI-TRELLIS2] [C2S] scatter done: alloc=1404MB
  [ComfyUI] [worker:ComfyUI-TRELLIS2] [C2S3d] post-C2S(h): h=torch.Size([227865, 512]) alloc=1399MB
  [ComfyUI] [worker:ComfyUI-TRELLIS2] [C2S] scatter: 46,686×1024 -> 227,865×128 in=91MB out=55MB alloc=1408MB
  [ComfyUI] [worker:ComfyUI-TRELLIS2] [C2S] scatter done: alloc=1463MB
  [ComfyUI] [worker:ComfyUI-TRELLIS2] [C2S3d] post-C2S(x): x=torch.Size([227865, 128]) alloc=1367MB
  [ComfyUI] [worker:ComfyUI-TRELLIS2] [C2S3d] post-C2S: N=227,865 h=512ch x=128ch alloc=1366MB
  [ComfyUI] [worker:ComfyUI-TRELLIS2] [C2S3d] x offloaded to CPU, pre-conv2: alloc=1307MB
  [ComfyUI] [worker:ComfyUI-TRELLIS2] [C2S3d] after norm2: alloc=1307MB
  [ComfyUI] [worker:ComfyUI-TRELLIS2] [C2S3d] after silu: alloc=1307MB
  [ComfyUI] [worker:ComfyUI-TRELLIS2] [sparse-conv] N=227,865 Ci=512 Co=512 feats=222MB cache=56MB (miss) w_dev=cuda:0 alloc=1363MB
  [ComfyUI] [worker:ComfyUI-TRELLIS2] [VRAM] +304MB (now 1842MB) reserved=1962MB peak=4496MB
  [ComfyUI] [worker:ComfyUI-TRELLIS2] [VRAM] -256MB (now 1586MB) reserved=1962MB peak=4496MB
  [ComfyUI] [worker:ComfyUI-TRELLIS2] [VRAM] +256MB (now 1842MB) reserved=1962MB peak=4496MB
  [ComfyUI] [worker:ComfyUI-TRELLIS2] [sparse-conv] out=222MB alloc=1587MB
  [ComfyUI] [worker:ComfyUI-TRELLIS2] [C2S3d] post-conv2: alloc=1364MB
  [ComfyUI] [worker:ComfyUI-TRELLIS2] [C2S3d] post-conv2 (cache cleared): alloc=1307MB
  [ComfyUI] [worker:ComfyUI-TRELLIS2] [VRAM] -535MB (now 1307MB) reserved=1962MB peak=4496MB
  [ComfyUI] [worker:ComfyUI-TRELLIS2] [C2S3d] after skip expand: alloc=1530MB
  [ComfyUI] [worker:ComfyUI-TRELLIS2] [C2S3d] post-skip: alloc=1307MB
  [ComfyUI] [SubprocessWorker] callback 'report_progress' from call_id=17
  [ComfyUI] [worker:ComfyUI-TRELLIS2] [UNET] level=1 block=0 SparseConvNeXtBlock3d N=227,865 ch=512 alloc=1216MB
  [ComfyUI] [worker:ComfyUI-TRELLIS2] [sparse-conv] N=227,865 Ci=512 Co=512 feats=222MB cache=56MB (miss) w_dev=cuda:0 alloc=1272MB
  [ComfyUI] [worker:ComfyUI-TRELLIS2] [sparse-conv] out=222MB alloc=1495MB
  [ComfyUI] [worker:ComfyUI-TRELLIS2] [UNET] level=1 block=1 SparseConvNeXtBlock3d N=227,865 ch=512 alloc=1216MB
  [capture-loop] iter=2550 t=288.4s state={'complete': False, 'error': None, 'executedCount': 1, 'wsState': 1} eval_ms=10
  [ComfyUI] [worker:ComfyUI-TRELLIS2] [sparse-conv] N=227,865 Ci=512 Co=512 feats=222MB cache=56MB (miss) w_dev=cuda:0 alloc=1272MB
  [ComfyUI] [worker:ComfyUI-TRELLIS2] [sparse-conv] out=222MB alloc=1495MB
  [ComfyUI] [SubprocessWorker] callback 'report_progress' from call_id=17
  [ComfyUI] [worker:ComfyUI-TRELLIS2] [UNET] level=1 block=2 SparseConvNeXtBlock3d N=227,865 ch=512 alloc=1216MB
  [ComfyUI] [worker:ComfyUI-TRELLIS2] [sparse-conv] N=227,865 Ci=512 Co=512 feats=222MB cache=56MB (miss) w_dev=cuda:0 alloc=1272MB
  [ComfyUI] [worker:ComfyUI-TRELLIS2] [sparse-conv] out=222MB alloc=1495MB
  [ComfyUI] [worker:ComfyUI-TRELLIS2] [UNET] level=1 block=3 SparseConvNeXtBlock3d N=227,865 ch=512 alloc=1216MB
  [ComfyUI] [worker:ComfyUI-TRELLIS2] [sparse-conv] N=227,865 Ci=512 Co=512 feats=222MB cache=56MB (miss) w_dev=cuda:0 alloc=1272MB
  [ComfyUI] [worker:ComfyUI-TRELLIS2] [sparse-conv] out=222MB alloc=1495MB
  [ComfyUI] [SubprocessWorker] callback 'report_progress' from call_id=17
  [ComfyUI] [worker:ComfyUI-TRELLIS2] [UNET] level=1 block=4 SparseConvNeXtBlock3d N=227,865 ch=512 alloc=1216MB
  [ComfyUI] [worker:ComfyUI-TRELLIS2] [sparse-conv] N=227,865 Ci=512 Co=512 feats=222MB cache=56MB (miss) w_dev=cuda:0 alloc=1272MB
  [ComfyUI] [worker:ComfyUI-TRELLIS2] [sparse-conv] out=222MB alloc=1495MB
  [ComfyUI] [worker:ComfyUI-TRELLIS2] [UNET] level=1 block=5 SparseConvNeXtBlock3d N=227,865 ch=512 alloc=1216MB
  [ComfyUI] [worker:ComfyUI-TRELLIS2] [sparse-conv] N=227,865 Ci=512 Co=512 feats=222MB cache=56MB (miss) w_dev=cuda:0 alloc=1272MB
  [ComfyUI] [worker:ComfyUI-TRELLIS2] [sparse-conv] out=222MB alloc=1495MB
  [ComfyUI] [SubprocessWorker] callback 'report_progress' from call_id=17
  [ComfyUI] [worker:ComfyUI-TRELLIS2] [UNET] level=1 block=6 SparseConvNeXtBlock3d N=227,865 ch=512 alloc=1216MB
  [ComfyUI] [worker:ComfyUI-TRELLIS2] [sparse-conv] N=227,865 Ci=512 Co=512 feats=222MB cache=56MB (miss) w_dev=cuda:0 alloc=1272MB
  [ComfyUI] [worker:ComfyUI-TRELLIS2] [sparse-conv] out=222MB alloc=1495MB
  [ComfyUI] [worker:ComfyUI-TRELLIS2] [UNET] level=1 block=7 SparseConvNeXtBlock3d N=227,865 ch=512 alloc=1216MB
  [ComfyUI] [worker:ComfyUI-TRELLIS2] [sparse-conv] N=227,865 Ci=512 Co=512 feats=222MB cache=56MB (miss) w_dev=cuda:0 alloc=1272MB
  [ComfyUI] [worker:ComfyUI-TRELLIS2] [sparse-conv] out=222MB alloc=1495MB
  [ComfyUI] [SubprocessWorker] callback 'report_progress' from call_id=17
  [ComfyUI] [worker:ComfyUI-TRELLIS2] [UNET] level=1 block=8 SparseConvNeXtBlock3d N=227,865 ch=512 alloc=1216MB
  [ComfyUI] [worker:ComfyUI-TRELLIS2] [sparse-conv] N=227,865 Ci=512 Co=512 feats=222MB cache=56MB (miss) w_dev=cuda:0 alloc=1272MB
  [ComfyUI] [worker:ComfyUI-TRELLIS2] [sparse-conv] out=222MB alloc=1495MB
  [ComfyUI] [worker:ComfyUI-TRELLIS2] [UNET] level=1 block=9 SparseConvNeXtBlock3d N=227,865 ch=512 alloc=1216MB
  [ComfyUI] [worker:ComfyUI-TRELLIS2] [sparse-conv] N=227,865 Ci=512 Co=512 feats=222MB cache=56MB (miss) w_dev=cuda:0 alloc=1272MB
  [ComfyUI] [worker:ComfyUI-TRELLIS2] [sparse-conv] out=222MB alloc=1495MB
  [ComfyUI] [SubprocessWorker] callback 'report_progress' from call_id=17
  [ComfyUI] [worker:ComfyUI-TRELLIS2] [UNET] level=1 block=10 SparseConvNeXtBlock3d N=227,865 ch=512 alloc=1216MB
  [ComfyUI] [worker:ComfyUI-TRELLIS2] [sparse-conv] N=227,865 Ci=512 Co=512 feats=222MB cache=56MB (miss) w_dev=cuda:0 alloc=1272MB
  [ComfyUI] [worker:ComfyUI-TRELLIS2] [sparse-conv] out=222MB alloc=1495MB
  [ComfyUI] [worker:ComfyUI-TRELLIS2] [UNET] level=1 block=11 SparseConvNeXtBlock3d N=227,865 ch=512 alloc=1216MB
  [ComfyUI] [worker:ComfyUI-TRELLIS2] [sparse-conv] N=227,865 Ci=512 Co=512 feats=222MB cache=56MB (miss) w_dev=cuda:0 alloc=1272MB
  [ComfyUI] [worker:ComfyUI-TRELLIS2] [sparse-conv] out=222MB alloc=1495MB
  [ComfyUI] [SubprocessWorker] callback 'report_progress' from call_id=17
  [ComfyUI] [worker:ComfyUI-TRELLIS2] [UNET] level=1 block=12 SparseConvNeXtBlock3d N=227,865 ch=512 alloc=1216MB
  [ComfyUI] [worker:ComfyUI-TRELLIS2] [sparse-conv] N=227,865 Ci=512 Co=512 feats=222MB cache=56MB (miss) w_dev=cuda:0 alloc=1272MB
  [ComfyUI] [worker:ComfyUI-TRELLIS2] [sparse-conv] out=222MB alloc=1495MB
  [ComfyUI] [worker:ComfyUI-TRELLIS2] [UNET] level=1 block=13 SparseConvNeXtBlock3d N=227,865 ch=512 alloc=1216MB
  [ComfyUI] [worker:ComfyUI-TRELLIS2] [sparse-conv] N=227,865 Ci=512 Co=512 feats=222MB cache=56MB (miss) w_dev=cuda:0 alloc=1272MB
  [ComfyUI] [worker:ComfyUI-TRELLIS2] [sparse-conv] out=222MB alloc=1495MB
  [ComfyUI] [SubprocessWorker] callback 'report_progress' from call_id=17
  [ComfyUI] [worker:ComfyUI-TRELLIS2] [UNET] level=1 block=14 SparseConvNeXtBlock3d N=227,865 ch=512 alloc=1216MB
  Frame 39 saved (frame_038.jpg, t=289.5s)
  [capture-periodic] freeze=11ms shot=152ms unfreeze=8ms saved=True
  [ComfyUI] [worker:ComfyUI-TRELLIS2] [sparse-conv] N=227,865 Ci=512 Co=512 feats=222MB cache=56MB (miss) w_dev=cuda:0 alloc=1272MB
  [ComfyUI] [worker:ComfyUI-TRELLIS2] [sparse-conv] out=222MB alloc=1495MB
  [ComfyUI] [worker:ComfyUI-TRELLIS2] [UNET] level=1 block=15 SparseConvNeXtBlock3d N=227,865 ch=512 alloc=1216MB
  [ComfyUI] [worker:ComfyUI-TRELLIS2] [sparse-conv] N=227,865 Ci=512 Co=512 feats=222MB cache=56MB (miss) w_dev=cuda:0 alloc=1272MB
  [ComfyUI] [worker:ComfyUI-TRELLIS2] [sparse-conv] out=222MB alloc=1495MB
  [ComfyUI] [SubprocessWorker] callback 'report_progress' from call_id=17
  [ComfyUI] [worker:ComfyUI-TRELLIS2] [UNET] level=1 block=16 SparseResBlockC2S3d N=227,865 ch=512 alloc=1216MB
  [ComfyUI] [worker:ComfyUI-TRELLIS2] [C2S3d] after subdiv: alloc=1220MB
  [ComfyUI] [worker:ComfyUI-TRELLIS2] [C2S3d] after norm1: alloc=1442MB
  [ComfyUI] [worker:ComfyUI-TRELLIS2] [C2S3d] pre-conv1: N=227,865 Ci=512 Co=2048 alloc=1442MB
  [ComfyUI] [worker:ComfyUI-TRELLIS2] [C2S3d] x.feats offloaded before conv1: alloc=1444MB
  [ComfyUI] [worker:ComfyUI-TRELLIS2] [sparse-conv] N=227,865 Ci=512 Co=2048 feats=222MB cache=56MB (miss) w_dev=cuda:0 alloc=1500MB
  [ComfyUI] [worker:ComfyUI-TRELLIS2] [VRAM] +1082MB (now 2390MB) reserved=2522MB peak=4496MB
  [ComfyUI] [worker:ComfyUI-TRELLIS2] [VRAM] +256MB (now 2646MB) reserved=2782MB peak=4496MB
  Frame 40 saved (frame_039.jpg, t=291.8s)
  [capture-periodic] freeze=2ms shot=154ms unfreeze=5ms saved=True
  [ComfyUI] [worker:ComfyUI-TRELLIS2] [VRAM] -256MB (now 2390MB) reserved=2782MB peak=4496MB
  [ComfyUI] [worker:ComfyUI-TRELLIS2] [VRAM] +256MB (now 2646MB) reserved=2782MB peak=4496MB
  [capture-loop] iter=2600 t=294.1s state={'complete': False, 'error': None, 'executedCount': 1, 'wsState': 1} eval_ms=2
  Frame 41 saved (frame_040.jpg, t=294.1s)
  [capture-periodic] freeze=2ms shot=170ms unfreeze=11ms saved=True
  [ComfyUI] [worker:ComfyUI-TRELLIS2] [VRAM] -256MB (now 2390MB) reserved=2782MB peak=4496MB
  [ComfyUI] [worker:ComfyUI-TRELLIS2] [VRAM] +256MB (now 2646MB) reserved=2782MB peak=4496MB
  [ComfyUI] [worker:ComfyUI-TRELLIS2] [VRAM] -256MB (now 2390MB) reserved=2782MB peak=4496MB
  [ComfyUI] [worker:ComfyUI-TRELLIS2] [VRAM] +256MB (now 2646MB) reserved=2782MB peak=4496MB
  [ComfyUI] [worker:ComfyUI-TRELLIS2] [VRAM] -256MB (now 2390MB) reserved=2782MB peak=4496MB
  [capture-loop] iter=2650 t=299.8s state={'complete': False, 'error': None, 'executedCount': 1, 'wsState': 1} eval_ms=1
  [ComfyUI] [worker:ComfyUI-TRELLIS2] [VRAM] +256MB (now 2646MB) reserved=2782MB peak=4496MB
  [ComfyUI] [worker:ComfyUI-TRELLIS2] [VRAM] -256MB (now 2390MB) reserved=2782MB peak=4496MB
  [ComfyUI] [worker:ComfyUI-TRELLIS2] [VRAM] +256MB (now 2646MB) reserved=2782MB peak=4496MB
  [capture-loop] iter=2700 t=305.3s state={'complete': False, 'error': None, 'executedCount': 1, 'wsState': 1} eval_ms=2
  [ComfyUI] [worker:ComfyUI-TRELLIS2] [VRAM] -256MB (now 2390MB) reserved=2782MB peak=4496MB
  [ComfyUI] [worker:ComfyUI-TRELLIS2] [VRAM] +256MB (now 2646MB) reserved=2782MB peak=4496MB
  [ComfyUI] [worker:ComfyUI-TRELLIS2] [VRAM] -256MB (now 2391MB) reserved=2782MB peak=4496MB
  [ComfyUI] [worker:ComfyUI-TRELLIS2] [VRAM] +256MB (now 2647MB) reserved=2782MB peak=4496MB
  [capture-loop] iter=2750 t=311.0s state={'complete': False, 'error': None, 'executedCount': 1, 'wsState': 1} eval_ms=2
  [ComfyUI] [worker:ComfyUI-TRELLIS2] [sparse-conv] out=890MB alloc=2391MB
  [ComfyUI] [worker:ComfyUI-TRELLIS2] [C2S3d] post-conv1: h=torch.Size([227865, 2048]) alloc=2168MB
  [ComfyUI] [worker:ComfyUI-TRELLIS2] [VRAM] -256MB (now 2391MB) reserved=2782MB peak=4496MB
  [ComfyUI] [worker:ComfyUI-TRELLIS2] [C2S3d] x.feats restored from CPU: alloc=2391MB
  [ComfyUI] [worker:ComfyUI-TRELLIS2] [C2S3d] pre-C2S(h): alloc=2391MB
  [ComfyUI] [worker:ComfyUI-TRELLIS2] [C2S] scatter: 227,865×2048 -> 1,062,162×256 in=890MB out=518MB alloc=2433MB
  [ComfyUI] [worker:ComfyUI-TRELLIS2] [C2S] offloaded 890MB to CPU, alloc=1543MB
  [ComfyUI] [worker:ComfyUI-TRELLIS2] [VRAM] -848MB (now 1543MB) reserved=1602MB peak=4496MB
  [ComfyUI] [worker:ComfyUI-TRELLIS2] [C2S] scatter done: alloc=2062MB
  [ComfyUI] [worker:ComfyUI-TRELLIS2] [C2S3d] post-C2S(h): h=torch.Size([1062162, 256]) alloc=2036MB
  [ComfyUI] [worker:ComfyUI-TRELLIS2] [C2S] scatter: 227,865×512 -> 1,062,162×64 in=222MB out=129MB alloc=2078MB
  [ComfyUI] [worker:ComfyUI-TRELLIS2] [C2S] scatter done: alloc=2208MB
  [ComfyUI] [worker:ComfyUI-TRELLIS2] [C2S3d] post-C2S(x): x=torch.Size([1062162, 64]) alloc=1959MB
  [ComfyUI] [worker:ComfyUI-TRELLIS2] [C2S3d] post-C2S: N=1,062,162 h=256ch x=64ch alloc=1957MB
  [ComfyUI] [worker:ComfyUI-TRELLIS2] [C2S3d] x offloaded to CPU, pre-conv2: alloc=1811MB
  [ComfyUI] [worker:ComfyUI-TRELLIS2] [C2S3d] h.feats offloaded for chunked norm2+silu: alloc=1293MB
  [ComfyUI] [worker:ComfyUI-TRELLIS2] [VRAM] -220MB (now 1323MB) reserved=2842MB peak=4496MB
  [ComfyUI] [worker:ComfyUI-TRELLIS2] [C2S3d] after chunked norm2+silu: alloc=1811MB
  [ComfyUI] [worker:ComfyUI-TRELLIS2] [sparse-conv] TILED: N=1,062,162 max_tile=1,000,000 feats=518MB alloc=1811MB
  [ComfyUI] [worker:ComfyUI-TRELLIS2] [sparse-conv] TILED feats offloaded to CPU, alloc=1293MB
  [ComfyUI] [worker:ComfyUI-TRELLIS2] [tiled_conv] N=1,062,162 Ci=256 Co=256 K=(3, 3, 3) feats=519MB out=519MB feats_dev=cpu alloc=1293MB
  [ComfyUI] [worker:ComfyUI-TRELLIS2] [tiled_conv] 2 tiles, VRAM baseline=1293MB
  [ComfyUI] 
  [ComfyUI] Tiled Conv3d:   0%|          | 0/2 [00:00<?][worker:ComfyUI-TRELLIS2] [VRAM] +239MB (now 1562MB) reserved=1642MB peak=4496MB
  [capture-loop] iter=2800 t=316.5s state={'complete': False, 'error': None, 'executedCount': 1, 'wsState': 1} eval_ms=2
  [ComfyUI] [worker:ComfyUI-TRELLIS2] [VRAM] +657MB (now 2220MB) reserved=2462MB peak=4496MB
  [ComfyUI] [worker:ComfyUI-TRELLIS2] [VRAM] -256MB (now 1964MB) reserved=2462MB peak=4496MB
  [ComfyUI] 
  [ComfyUI] Tiled Conv3d:   0%|          | 0/2 [00:03<?]
  [ComfyUI] Tiled Conv3d:  50%|█████     | 1/2 [00:03<00:03][worker:ComfyUI-TRELLIS2] [VRAM] -665MB (now 1299MB) reserved=1362MB peak=4496MB
  [ComfyUI] 
  [ComfyUI] Tiled Conv3d:  50%|█████     | 1/2 [00:04<00:03]
  [ComfyUI] Tiled Conv3d: 100%|██████████| 2/2 [00:04<00:00]
  [ComfyUI] Tiled Conv3d: 100%|██████████| 2/2 [00:04<00:00]
  [ComfyUI] [worker:ComfyUI-TRELLIS2] [tiled_conv] done: 1062162/1062162 voxels, tile_peak=1965MB, final=1811MB
  [ComfyUI] [worker:ComfyUI-TRELLIS2] [sparse-conv] TILED done: out=518MB alloc=1811MB
  [ComfyUI] [worker:ComfyUI-TRELLIS2] [C2S3d] post-conv2: alloc=1811MB
  [ComfyUI] [worker:ComfyUI-TRELLIS2] [C2S3d] post-conv2 (cache cleared): alloc=1811MB
  [ComfyUI] [worker:ComfyUI-TRELLIS2] [VRAM] +512MB (now 1811MB) reserved=1882MB peak=4496MB
  [ComfyUI] [worker:ComfyUI-TRELLIS2] [C2S3d] after chunked skip: alloc=1811MB
  [ComfyUI] [SubprocessWorker] callback 'report_progress' from call_id=17
  [ComfyUI] [worker:ComfyUI-TRELLIS2] [UNET] level=2 block=0 SparseConvNeXtBlock3d N=1,062,162 ch=256 alloc=1589MB
  [ComfyUI] [worker:ComfyUI-TRELLIS2] [sparse-conv] TILED: N=1,062,162 max_tile=1,000,000 feats=518MB alloc=1589MB
  [ComfyUI] [worker:ComfyUI-TRELLIS2] [sparse-conv] TILED feats offloaded to CPU, alloc=1070MB
  [ComfyUI] [worker:ComfyUI-TRELLIS2] [tiled_conv] N=1,062,162 Ci=256 Co=256 K=(3, 3, 3) feats=519MB out=519MB feats_dev=cpu alloc=1070MB
  [ComfyUI] [worker:ComfyUI-TRELLIS2] [tiled_conv] 2 tiles, VRAM baseline=1070MB
  [ComfyUI] 
  [ComfyUI] Tiled Conv3d:   0%|          | 0/2 [00:00<?][worker:ComfyUI-TRELLIS2] [VRAM] -472MB (now 1340MB) reserved=1402MB peak=4496MB
  Frame 42 saved (frame_041.jpg, t=321.1s)
  [capture-periodic] freeze=2ms shot=162ms unfreeze=9ms saved=True
  [ComfyUI] 
  [ComfyUI] Tiled Conv3d:   0%|          | 0/2 [00:00<?]
  [ComfyUI] Tiled Conv3d:  50%|█████     | 1/2 [00:00<00:00][worker:ComfyUI-TRELLIS2] [VRAM] +396MB (now 1736MB) reserved=2042MB peak=4496MB
  [ComfyUI] 
  [ComfyUI] Tiled Conv3d:  50%|█████     | 1/2 [00:01<00:00]
  [ComfyUI] Tiled Conv3d: 100%|██████████| 2/2 [00:01<00:00]
  [ComfyUI] Tiled Conv3d: 100%|██████████| 2/2 [00:01<00:00]
  [ComfyUI] [worker:ComfyUI-TRELLIS2] [tiled_conv] done: 1062162/1062162 voxels, tile_peak=1741MB, final=1589MB
  [ComfyUI] [worker:ComfyUI-TRELLIS2] [sparse-conv] TILED done: out=518MB alloc=1589MB
  [capture-loop] iter=2850 t=322.4s state={'complete': False, 'error': None, 'executedCount': 1, 'wsState': 1} eval_ms=2
  [ComfyUI] [worker:ComfyUI-TRELLIS2] [VRAM] -666MB (now 1070MB) reserved=6022MB peak=4496MB
  [ComfyUI] [SubprocessWorker] callback 'report_progress' from call_id=17
  [ComfyUI] [worker:ComfyUI-TRELLIS2] [UNET] level=2 block=1 SparseConvNeXtBlock3d N=1,062,162 ch=256 alloc=1589MB
  [ComfyUI] [worker:ComfyUI-TRELLIS2] [sparse-conv] TILED: N=1,062,162 max_tile=1,000,000 feats=518MB alloc=1589MB
  Frame 43 saved (frame_042.jpg, t=323.4s)
  [capture-periodic] freeze=1ms shot=147ms unfreeze=2ms saved=True
  [ComfyUI] [worker:ComfyUI-TRELLIS2] [sparse-conv] TILED feats offloaded to CPU, alloc=1070MB
  [ComfyUI] [worker:ComfyUI-TRELLIS2] [tiled_conv] N=1,062,162 Ci=256 Co=256 K=(3, 3, 3) feats=519MB out=519MB feats_dev=cpu alloc=1070MB
  [ComfyUI] [worker:ComfyUI-TRELLIS2] [tiled_conv] 2 tiles, VRAM baseline=1070MB
  [ComfyUI] 
  [ComfyUI] Tiled Conv3d:   0%|          | 0/2 [00:00<?][worker:ComfyUI-TRELLIS2] [VRAM] +931MB (now 2002MB) reserved=2062MB peak=4496MB
  [ComfyUI] 
  [ComfyUI] Tiled Conv3d:   0%|          | 0/2 [00:00<?]
  [ComfyUI] Tiled Conv3d:  50%|█████     | 1/2 [00:00<00:00][worker:ComfyUI-TRELLIS2] [VRAM] -267MB (now 1736MB) reserved=2042MB peak=4496MB
  [ComfyUI] 
  [ComfyUI] Tiled Conv3d:  50%|█████     | 1/2 [00:01<00:00]
  [ComfyUI] Tiled Conv3d: 100%|██████████| 2/2 [00:01<00:00]
  [ComfyUI] Tiled Conv3d: 100%|██████████| 2/2 [00:01<00:00]
  [ComfyUI] [worker:ComfyUI-TRELLIS2] [tiled_conv] done: 1062162/1062162 voxels, tile_peak=1741MB, final=1589MB
  [ComfyUI] [worker:ComfyUI-TRELLIS2] [sparse-conv] TILED done: out=518MB alloc=1589MB
  Frame 44 saved (frame_043.jpg, t=325.7s)
  [capture-periodic] freeze=1ms shot=165ms unfreeze=7ms saved=True
  [ComfyUI] [worker:ComfyUI-TRELLIS2] [VRAM] -666MB (now 1070MB) reserved=6022MB peak=4496MB
  [ComfyUI] [SubprocessWorker] callback 'report_progress' from call_id=17
  [ComfyUI] [worker:ComfyUI-TRELLIS2] [UNET] level=2 block=2 SparseConvNeXtBlock3d N=1,062,162 ch=256 alloc=1589MB
  [ComfyUI] [worker:ComfyUI-TRELLIS2] [sparse-conv] TILED: N=1,062,162 max_tile=1,000,000 feats=518MB alloc=1589MB
  [ComfyUI] [worker:ComfyUI-TRELLIS2] [sparse-conv] TILED feats offloaded to CPU, alloc=1070MB
  [ComfyUI] [worker:ComfyUI-TRELLIS2] [tiled_conv] N=1,062,162 Ci=256 Co=256 K=(3, 3, 3) feats=519MB out=519MB feats_dev=cpu alloc=1070MB
  [ComfyUI] [worker:ComfyUI-TRELLIS2] [tiled_conv] 2 tiles, VRAM baseline=1070MB
  [ComfyUI] 
  [ComfyUI] Tiled Conv3d:   0%|          | 0/2 [00:00<?][worker:ComfyUI-TRELLIS2] [VRAM] +931MB (now 2002MB) reserved=2062MB peak=4496MB
  [ComfyUI] 
  [ComfyUI] Tiled Conv3d:   0%|          | 0/2 [00:00<?]
  [capture-loop] iter=2900 t=328.0s state={'complete': False, 'error': None, 'executedCount': 1, 'wsState': 1} eval_ms=2
  [ComfyUI] Tiled Conv3d:  50%|█████     | 1/2 [00:00<00:00]
  [ComfyUI] Tiled Conv3d:  50%|█████     | 1/2 [00:01<00:00]
  [ComfyUI] Tiled Conv3d: 100%|██████████| 2/2 [00:01<00:00]
  [ComfyUI] Tiled Conv3d: 100%|██████████| 2/2 [00:01<00:00]
  Frame 45 saved (frame_044.jpg, t=328.0s)
  [capture-periodic] freeze=2ms shot=164ms unfreeze=8ms saved=True
  [ComfyUI] [worker:ComfyUI-TRELLIS2] [VRAM] -413MB (now 1589MB) reserved=1642MB peak=4496MB
  [ComfyUI] [worker:ComfyUI-TRELLIS2] [tiled_conv] done: 1062162/1062162 voxels, tile_peak=1741MB, final=1589MB
  [ComfyUI] [worker:ComfyUI-TRELLIS2] [sparse-conv] TILED done: out=518MB alloc=1589MB
  [ComfyUI] [SubprocessWorker] callback 'report_progress' from call_id=17
  [ComfyUI] [worker:ComfyUI-TRELLIS2] [UNET] level=2 block=3 SparseConvNeXtBlock3d N=1,062,162 ch=256 alloc=1589MB
  [ComfyUI] [worker:ComfyUI-TRELLIS2] [sparse-conv] TILED: N=1,062,162 max_tile=1,000,000 feats=518MB alloc=1589MB
  [ComfyUI] [worker:ComfyUI-TRELLIS2] [sparse-conv] TILED feats offloaded to CPU, alloc=1070MB
  [ComfyUI] [worker:ComfyUI-TRELLIS2] [tiled_conv] N=1,062,162 Ci=256 Co=256 K=(3, 3, 3) feats=519MB out=519MB feats_dev=cpu alloc=1070MB
  [ComfyUI] [worker:ComfyUI-TRELLIS2] [tiled_conv] 2 tiles, VRAM baseline=1070MB
  [ComfyUI] 
  [ComfyUI] Tiled Conv3d:   0%|          | 0/2 [00:00<?][worker:ComfyUI-TRELLIS2] [VRAM] -513MB (now 1076MB) reserved=1122MB peak=4496MB
  [ComfyUI] 
  [ComfyUI] Tiled Conv3d:   0%|          | 0/2 [00:00<?]
  Frame 46 saved (frame_045.jpg, t=330.3s)
  [capture-periodic] freeze=1ms shot=160ms unfreeze=10ms saved=True
  [ComfyUI] Tiled Conv3d:  50%|█████     | 1/2 [00:00<00:00][worker:ComfyUI-TRELLIS2] [VRAM] +917MB (now 1994MB) reserved=2042MB peak=4496MB
  [ComfyUI] 
  [ComfyUI] Tiled Conv3d:  50%|█████     | 1/2 [00:01<00:00]
  [ComfyUI] Tiled Conv3d: 100%|██████████| 2/2 [00:01<00:00]
  [ComfyUI] Tiled Conv3d: 100%|██████████| 2/2 [00:01<00:00]
  [ComfyUI] [worker:ComfyUI-TRELLIS2] [tiled_conv] done: 1062162/1062162 voxels, tile_peak=1741MB, final=1589MB
  [ComfyUI] [worker:ComfyUI-TRELLIS2] [sparse-conv] TILED done: out=518MB alloc=1589MB
  [ComfyUI] [worker:ComfyUI-TRELLIS2] [VRAM] -863MB (now 1131MB) reserved=6022MB peak=5465MB
  [ComfyUI] [SubprocessWorker] callback 'report_progress' from call_id=17
  [ComfyUI] [worker:ComfyUI-TRELLIS2] [UNET] level=2 block=4 SparseConvNeXtBlock3d N=1,062,162 ch=256 alloc=1589MB
  [ComfyUI] [worker:ComfyUI-TRELLIS2] [sparse-conv] TILED: N=1,062,162 max_tile=1,000,000 feats=518MB alloc=1589MB
  [ComfyUI] [worker:ComfyUI-TRELLIS2] [sparse-conv] TILED feats offloaded to CPU, alloc=1070MB
  [ComfyUI] [worker:ComfyUI-TRELLIS2] [tiled_conv] N=1,062,162 Ci=256 Co=256 K=(3, 3, 3) feats=519MB out=519MB feats_dev=cpu alloc=1070MB
  [ComfyUI] [worker:ComfyUI-TRELLIS2] [tiled_conv] 2 tiles, VRAM baseline=1070MB
  [ComfyUI] 
  Frame 47 saved (frame_046.jpg, t=332.6s)
  [capture-periodic] freeze=2ms shot=160ms unfreeze=9ms saved=True
  [ComfyUI] Tiled Conv3d:   0%|          | 0/2 [00:00<?][worker:ComfyUI-TRELLIS2]
  [ComfyUI] === WATCHDOG TICK 17 ===
  [ComfyUI] [worker:ComfyUI-TRELLIS2] Thread 0x00007d1690b39640 (most recent call first):
  [ComfyUI]   File "/workspaces/TRELLIS2-0211/ComfyUI/.ce/.pixi/envs/trellis2-nodes/lib/python3.10/threading.py", line 324 in wait
  [ComfyUI]   File "/workspaces/TRELLIS2-0211/ComfyUI/.ce/.pixi/envs/trellis2-nodes/lib/python3.10/threading.py", line 607 in wait
  [ComfyUI]   File "/workspaces/TRELLIS2-0211/ComfyUI/.ce/.pixi/envs/trellis2-nodes/lib/python3.10/site-packages/tqdm/_monitor.py", line 60 in run
  [ComfyUI]   File "/workspaces/TRELLIS2-0211/ComfyUI/.ce/.pixi/envs/trellis2-nodes/lib/python3.10/threading.py", line 1016 in _bootstrap_inner
  [ComfyUI]   File "/workspaces/TRELLIS2-0211/ComfyUI/.ce/.pixi/envs/trellis2-nodes/lib/python3.10/threading.py", line 973 in _bootstrap
  [ComfyUI] 
  [ComfyUI] Thread 0x00007d173d1fc640 (most recent call first):
  [ComfyUI]   File "/workspaces/TRELLIS2-0211/ComfyUI/.ce/.pixi/envs/trellis2-nodes/lib/python3.10/socket.py", line 293 in accept
  [ComfyUI]   File "/workspaces/TRELLIS2-0211/ComfyUI/.ce/.pixi/envs/trellis2-nodes/lib/python3.10/multiprocessing/connection.py", line 609 in accept
  [ComfyUI]   File "/workspaces/TRELLIS2-0211/ComfyUI/.ce/.pixi/envs/trellis2-nodes/lib/python3.10/multiprocessing/connection.py", line 463 in accept
  [ComfyUI]   File "/workspaces/TRELLIS2-0211/ComfyUI/.ce/.pixi/envs/trellis2-nodes/lib/python3.10/multiprocessing/resource_sharer.py", line 138 in _serve
  [ComfyUI]   File "/workspaces/TRELLIS2-0211/ComfyUI/.ce/.pixi/envs/trellis2-nodes/lib/python3.10/threading.py", line 953 in run
  [ComfyUI]   File "/workspaces/TRELLIS2-0211/ComfyUI/.ce/.pixi/envs/trellis2-nodes/lib/python3.10/threading.py", line 1016 in _bootstrap_inner
  [ComfyUI]   File "/workspaces/TRELLIS2-0211/ComfyUI/.ce/.pixi/envs/trellis2-nodes/lib/python3.10/threading.py", line 973 in _bootstrap
  [ComfyUI] 
  [ComfyUI] Thread 0x00007d16c185b640 (most recent call first):
  [ComfyUI]   File "/workspaces/TRELLIS2-0211/ComfyUI/.ce/.pixi/envs/trellis2-nodes/lib/python3.10/threading.py", line 324 in wait
  [ComfyUI]   File "/workspaces/TRELLIS2-0211/ComfyUI/.ce/.pixi/envs/trellis2-nodes/lib/python3.10/threading.py", line 607 in wait
  [ComfyUI]   File "/workspaces/TRELLIS2-0211/ComfyUI/.ce/.pixi/envs/trellis2-nodes/lib/python3.10/site-packages/tqdm/_monitor.py", line 60 in run
  [ComfyUI]   File "/workspaces/TRELLIS2-0211/ComfyUI/.ce/.pixi/envs/trellis2-nodes/lib/python3.10/threading.py", line 1016 in _bootstrap_inner
  [ComfyUI]   File "/workspaces/TRELLIS2-0211/ComfyUI/.ce/.pixi/envs/trellis2-nodes/lib/python3.10/threading.py", line 973 in _bootstrap
  [ComfyUI] 
  [ComfyUI] Thread 0x00007d1ad0d23640 (most recent call first):
  [ComfyUI]   File "/tmp/comfyui_pvenv_cgcz3o91/persistent_worker.py", line 106 in _vram_poller
  [ComfyUI]   File "/workspaces/TRELLIS2-0211/ComfyUI/.ce/.pixi/envs/trellis2-nodes/lib/python3.10/threading.py", line 953 in run
  [ComfyUI]   File "/workspaces/TRELLIS2-0211/ComfyUI/.ce/.pixi/envs/trellis2-nodes/lib/python3.10/threading.py", line 1016 in _bootstrap_inner
  [ComfyUI]   File "/workspaces/TRELLIS2-0211/ComfyUI/.ce/.pixi/envs/trellis2-nodes/lib/python3.10/threading.py", line 973 in _bootstrap
  [ComfyUI] 
  [ComfyUI] Current thread 0x00007d1ad1524640 (most recent call first):
  [ComfyUI]   File "/tmp/comfyui_pvenv_cgcz3o91/persistent_worker.py", line 52 in _watchdog
  [ComfyUI]   File "/workspaces/TRELLIS2-0211/ComfyUI/.ce/.pixi/envs/trellis2-nodes/lib/python3.10/threading.py", line 953 in run
  [ComfyUI]   File "/workspaces/TRELLIS2-0211/ComfyUI/.ce/.pixi/envs/trellis2-nodes/lib/python3.10/threading.py", line 1016 in _bootstrap_inner
  [ComfyUI]   File "/workspaces/TRELLIS2-0211/ComfyUI/.ce/.pixi/envs/trellis2-nodes/lib/python3.10/threading.py", line 973 in _bootstrap
  [ComfyUI] 
  [ComfyUI] Thread 0x00007d1ad1afa740 (most recent call first):
  [ComfyUI]   File "/workspaces/TRELLIS2-0211/ComfyUI/.ce/.pixi/envs/trellis2-nodes/lib/python3.1/site-packages/flex_gemm_ap/ops/spconv/submanifold_conv3d.py", line 144 in tiled_forward
  [ComfyUI]   File "/workspaces/TRELLIS2-0211/ComfyUI/comfy/ops_sparse.py", line 235 in _flex_gemm_conv3d_forward
  [ComfyUI]   File "/workspaces/TRELLIS2-0211/ComfyUI/comfy/ops_sparse.py", line 545 in _forward
  [ComfyUI]   File "/workspaces/TRELLIS2-0211/ComfyUI/comfy/ops_sparse.py", line 560 in forward_comfy_cast_weights
  [ComfyUI]   File "/workspaces/TRELLIS2-0211/ComfyUI/comfy/ops_sparse.py", line 571 in forward
  [ComfyUI]   File "/workspaces/TRELLIS2-0211/ComfyUI/.ce/.pixi/envs/trellis2-nodes/lib/python3.10/site-packages/torch/nn/modules/module.py", line 1790 in _call_impl
  [ComfyUI]   File "/workspaces/TRELLIS2-0211/ComfyUI/.ce/.pixi/envs/trellis2-nodes/lib/python3.10/site-packages/torch/nn/modules/module.py", line 1779 in _wrapped_call_impl
  [ComfyUI]   File "/workspaces/TRELLIS2-0211/ComfyUI/custom_nodes/ComfyUI-TRELLIS2/nodes/trellis2/vae.py", line 793 in _forward
  [ComfyUI]   File "/workspaces/TRELLIS2-0211/ComfyUI/custom_nodes/ComfyUI-TRELLIS2/nodes/trellis2/vae.py", line 852 in forward
  [ComfyUI]   File "/workspaces/TRELLIS2-0211/ComfyUI/.ce/.pixi/envs/trellis2-nodes/lib/python3.10/site-packages/torch/nn/modules/module.py", line 1790 in _call_impl
  [ComfyUI]   File "/workspaces/TRELLIS2-0211/ComfyUI/.ce/.pixi/envs/trellis2-nodes/lib/python3.10/site-packages/torch/nn/modules/module.py", line 1779 in _wrapped_call_impl
  [ComfyUI]   File "/workspaces/TRELLIS2-0211/ComfyUI/custom_nodes/ComfyUI-TRELLIS2/nodes/trellis2/vae.py", line 1080 in forward
  [ComfyUI]   File "/workspaces/TRELLIS2-0211/ComfyUI/custom_nodes/ComfyUI-TRELLIS2/nodes/trellis2/vae.py", line 1335 in forward
  [ComfyUI]   File "/workspaces/TRELLIS2-0211/ComfyUI/.ce/.pixi/envs/trellis2-nodes/lib/python3.10/site-packages/torch/nn/modules/module.py", line 1790 in _call_impl
  [ComfyUI]   File "/workspaces/TRELLIS2-0211/ComfyUI/.ce/.pixi/envs/trellis2-nodes/lib/python3.10/site-packages/torch/nn/modules/module.py", line 1779 in _wrapped_call_impl
  [ComfyUI]   File "/workspaces/TRELLIS2-0211/ComfyUI/custom_nodes/ComfyUI-TRELLIS2/nodes/stages.py", line 631 in _decode_shape_slat
  [ComfyUI]   File "/workspaces/TRELLIS2-0211/ComfyUI/custom_nodes/ComfyUI-TRELLIS2/nodes/stages.py", line 947 in run_shape_generation
  [ComfyUI]   File "/workspaces/TRELLIS2-0211/ComfyUI/custom_nodes/ComfyUI-TRELLIS2/nodes/nodes_inference.py", line 132 in execute
  [ComfyUI]   File "/workspaces/TRELLIS2-0211/ComfyUI/comfy_api/latest/_io.py", line 1826 in EXECUTE_NORMALIZED
  [ComfyUI]   File "/tmp/comfyui_pvenv_cgcz3o91/persistent_worker.py", line 1749 in main
  [ComfyUI]   File "/tmp/comfyui_pvenv_cgcz3o91/persistent_worker.py", line 1794 in <module>
  [ComfyUI] 
  [ComfyUI] [worker:ComfyUI-TRELLIS2] === END ===
  [ComfyUI] 
  [ComfyUI] [worker:ComfyUI-TRELLIS2] [VRAM] +208MB (now 1340MB) reserved=1402MB peak=5465MB
  [ComfyUI] 
  [ComfyUI] Tiled Conv3d:   0%|          | 0/2 [00:00<?]
  [capture-loop] iter=2950 t=333.8s state={'complete': False, 'error': None, 'executedCount': 1, 'wsState': 1} eval_ms=2
  [ComfyUI] Tiled Conv3d:  50%|█████     | 1/2 [00:00<00:00][worker:ComfyUI-TRELLIS2] [VRAM] +396MB (now 1736MB) reserved=2042MB peak=5465MB
  [ComfyUI] 
  [ComfyUI] Tiled Conv3d:  50%|█████     | 1/2 [00:01<00:00]
  [ComfyUI] Tiled Conv3d: 100%|██████████| 2/2 [00:01<00:00]
  [ComfyUI] Tiled Conv3d: 100%|██████████| 2/2 [00:01<00:00]
  [ComfyUI] [worker:ComfyUI-TRELLIS2] [tiled_conv] done: 1062162/1062162 voxels, tile_peak=1741MB, final=1589MB
  [ComfyUI] [worker:ComfyUI-TRELLIS2] [sparse-conv] TILED done: out=518MB alloc=1589MB
  [ComfyUI] [worker:ComfyUI-TRELLIS2] [VRAM] -666MB (now 1070MB) reserved=6022MB peak=5465MB
  Frame 48 saved (frame_047.jpg, t=334.9s)
  [capture-periodic] freeze=1ms shot=167ms unfreeze=9ms saved=True
  [ComfyUI] [SubprocessWorker] callback 'report_progress' from call_id=17
  [ComfyUI] [worker:ComfyUI-TRELLIS2] [UNET] level=2 block=5 SparseConvNeXtBlock3d N=1,062,162 ch=256 alloc=1589MB
  [ComfyUI] [worker:ComfyUI-TRELLIS2] [sparse-conv] TILED: N=1,062,162 max_tile=1,000,000 feats=518MB alloc=1589MB
  [ComfyUI] [worker:ComfyUI-TRELLIS2] [sparse-conv] TILED feats offloaded to CPU, alloc=1070MB
  [ComfyUI] [worker:ComfyUI-TRELLIS2] [tiled_conv] N=1,062,162 Ci=256 Co=256 K=(3, 3, 3) feats=519MB out=519MB feats_dev=cpu alloc=1070MB
  [ComfyUI] [worker:ComfyUI-TRELLIS2] [tiled_conv] 2 tiles, VRAM baseline=1070MB
  [ComfyUI] 
  [ComfyUI] Tiled Conv3d:   0%|          | 0/2 [00:00<?][worker:ComfyUI-TRELLIS2] [VRAM] +675MB (now 1745MB) reserved=2062MB peak=5465MB
  [ComfyUI] 
  [ComfyUI] Tiled Conv3d:   0%|          | 0/2 [00:00<?]
  [ComfyUI] Tiled Conv3d:  50%|█████     | 1/2 [00:00<00:00]
  [ComfyUI] Tiled Conv3d:  50%|█████     | 1/2 [00:01<00:00]
  [ComfyUI] Tiled Conv3d: 100%|██████████| 2/2 [00:01<00:00]
  [ComfyUI] Tiled Conv3d: 100%|██████████| 2/2 [00:01<00:00]
  [ComfyUI] [worker:ComfyUI-TRELLIS2] [tiled_conv] done: 1062162/1062162 voxels, tile_peak=1741MB, final=1589MB
  [ComfyUI] [worker:ComfyUI-TRELLIS2] [sparse-conv] TILED done: out=518MB alloc=1589MB
  Frame 49 saved (frame_048.jpg, t=337.2s)
  [capture-periodic] freeze=1ms shot=175ms unfreeze=10ms saved=True
  [ComfyUI] [worker:ComfyUI-TRELLIS2] [VRAM] +301MB (now 2047MB) reserved=6022MB peak=5465MB
  [ComfyUI] [SubprocessWorker] callback 'report_progress' from call_id=17
  [ComfyUI] [worker:ComfyUI-TRELLIS2] [UNET] level=2 block=6 SparseConvNeXtBlock3d N=1,062,162 ch=256 alloc=1589MB
  [ComfyUI] [worker:ComfyUI-TRELLIS2] [sparse-conv] TILED: N=1,062,162 max_tile=1,000,000 feats=518MB alloc=1589MB
  [ComfyUI] [worker:ComfyUI-TRELLIS2] [VRAM] -458MB (now 1589MB) reserved=6022MB peak=5465MB
  [ComfyUI] [worker:ComfyUI-TRELLIS2] [sparse-conv] TILED feats offloaded to CPU, alloc=1070MB
  [ComfyUI] [worker:ComfyUI-TRELLIS2] [tiled_conv] N=1,062,162 Ci=256 Co=256 K=(3, 3, 3) feats=519MB out=519MB feats_dev=cpu alloc=1070MB
  [ComfyUI] [worker:ComfyUI-TRELLIS2] [tiled_conv] 2 tiles, VRAM baseline=1070MB
  [ComfyUI] 
  [ComfyUI] Tiled Conv3d:   0%|          | 0/2 [00:00<?]
  [ComfyUI] Tiled Conv3d:   0%|          | 0/2 [00:00<?]
  [ComfyUI] Tiled Conv3d:  50%|█████     | 1/2 [00:00<00:00][worker:ComfyUI-TRELLIS2] [VRAM] -513MB (now 1076MB) reserved=1122MB peak=5465MB
  [capture-loop] iter=3000 t=339.5s state={'complete': False, 'error': None, 'executedCount': 1, 'wsState': 1} eval_ms=2
  Frame 50 saved (frame_049.jpg, t=339.5s)
  [capture-periodic] freeze=2ms shot=181ms unfreeze=9ms saved=True
  [ComfyUI] 
  [ComfyUI] Tiled Conv3d:  50%|█████     | 1/2 [00:01<00:00]
  [ComfyUI] Tiled Conv3d: 100%|██████████| 2/2 [00:01<00:00]
  [ComfyUI] Tiled Conv3d: 100%|██████████| 2/2 [00:01<00:00]
  [ComfyUI] [worker:ComfyUI-TRELLIS2] [tiled_conv] done: 1062162/1062162 voxels, tile_peak=1741MB, final=1589MB
  [ComfyUI] [worker:ComfyUI-TRELLIS2] [sparse-conv] TILED done: out=518MB alloc=1589MB
  [ComfyUI] [worker:ComfyUI-TRELLIS2] [VRAM] +482MB (now 1558MB) reserved=6022MB peak=5465MB
  [ComfyUI] [SubprocessWorker] callback 'report_progress' from call_id=17
  [ComfyUI] [worker:ComfyUI-TRELLIS2] [UNET] level=2 block=7 SparseConvNeXtBlock3d N=1,062,162 ch=256 alloc=1589MB
  [ComfyUI] [worker:ComfyUI-TRELLIS2] [sparse-conv] TILED: N=1,062,162 max_tile=1,000,000 feats=518MB alloc=1589MB
  [ComfyUI] [worker:ComfyUI-TRELLIS2] [sparse-conv] TILED feats offloaded to CPU, alloc=1070MB
  [ComfyUI] [worker:ComfyUI-TRELLIS2] [tiled_conv] N=1,062,162 Ci=256 Co=256 K=(3, 3, 3) feats=519MB out=519MB feats_dev=cpu alloc=1070MB
  [ComfyUI] [worker:ComfyUI-TRELLIS2] [tiled_conv] 2 tiles, VRAM baseline=1070MB
  [ComfyUI] 
  [ComfyUI] Tiled Conv3d:   0%|          | 0/2 [00:00<?][worker:ComfyUI-TRELLIS2] [VRAM] -483MB (now 1076MB) reserved=1122MB peak=5465MB
  Frame 51 saved (frame_050.jpg, t=341.8s)
  [capture-periodic] freeze=2ms shot=166ms unfreeze=9ms saved=True
  [ComfyUI] 
  [ComfyUI] Tiled Conv3d:   0%|          | 0/2 [00:00<?]
  [ComfyUI] Tiled Conv3d:  50%|█████     | 1/2 [00:00<00:00][worker:ComfyUI-TRELLIS2] [VRAM] +917MB (now 1994MB) reserved=2042MB peak=5465MB
  [ComfyUI] 
  [ComfyUI] Tiled Conv3d:  50%|█████     | 1/2 [00:01<00:00]
  [ComfyUI] Tiled Conv3d: 100%|██████████| 2/2 [00:01<00:00]
  [ComfyUI] Tiled Conv3d: 100%|██████████| 2/2 [00:01<00:00]
  [ComfyUI] [worker:ComfyUI-TRELLIS2] [tiled_conv] done: 1062162/1062162 voxels, tile_peak=1741MB, final=1589MB
  [ComfyUI] [worker:ComfyUI-TRELLIS2] [sparse-conv] TILED done: out=518MB alloc=1589MB
  [ComfyUI] [worker:ComfyUI-TRELLIS2] [VRAM] -436MB (now 1558MB) reserved=6022MB peak=5465MB
  [ComfyUI] [SubprocessWorker] callback 'report_progress' from call_id=17
  [ComfyUI] [worker:ComfyUI-TRELLIS2] [UNET] level=2 block=8 SparseResBlockC2S3d N=1,062,162 ch=256 alloc=1589MB
  [ComfyUI] [worker:ComfyUI-TRELLIS2] [C2S3d] after subdiv: alloc=1605MB
  [ComfyUI] [worker:ComfyUI-TRELLIS2] [C2S3d] after norm1: alloc=2124MB
  [ComfyUI] [worker:ComfyUI-TRELLIS2] [C2S3d] pre-conv1: N=1,062,162 Ci=256 Co=1024 alloc=2124MB
  [ComfyUI] [worker:ComfyUI-TRELLIS2] [C2S3d] TILED: N=1,062,162 -> 4 tiles, alloc=2132MB
  Frame 52 saved (frame_051.jpg, t=344.1s)
  [capture-periodic] freeze=1ms shot=179ms unfreeze=2ms saved=True
  [ComfyUI] [worker:ComfyUI-TRELLIS2] [VRAM] +573MB (now 2132MB) reserved=6022MB peak=5465MB
  [ComfyUI] [worker:ComfyUI-TRELLIS2] [C2S3d] TILED feats offloaded, alloc=1095MB
  [ComfyUI] [worker:ComfyUI-TRELLIS2] [C2S3d] TILED tile 1/4: conv1 N_halo=181,920 alloc=1190MB
  [capture-loop] iter=3050 t=345.4s state={'complete': False, 'error': None, 'executedCount': 1, 'wsState': 1} eval_ms=2
  [ComfyUI] [worker:ComfyUI-TRELLIS2] [VRAM] -287MB (now 1846MB) reserved=1924MB peak=5465MB
  Frame 53 saved (frame_052.jpg, t=346.4s)
  [capture-periodic] freeze=2ms shot=168ms unfreeze=8ms saved=True
  [ComfyUI] [worker:ComfyUI-TRELLIS2] [VRAM] -390MB (now 1456MB) reserved=1924MB peak=5465MB
  [ComfyUI] [worker:ComfyUI-TRELLIS2] [C2S3d] TILED tile 1/4: N_int=177,995 fine=833,888 alloc=1109MB
  [ComfyUI] [worker:ComfyUI-TRELLIS2] [C2S3d] TILED tile 2/4: conv1 N_halo=359,352 alloc=1294MB
  [ComfyUI] [worker:ComfyUI-TRELLIS2] [C2S3d] TILED tile 2/4: N_int=355,327 fine=1,547,657 alloc=1121MB
  [ComfyUI] [worker:ComfyUI-TRELLIS2] [C2S3d] TILED tile 3/4: conv1 N_halo=181,112 alloc=1215MB
  [ComfyUI] [worker:ComfyUI-TRELLIS2] [VRAM] +372MB (now 1828MB) reserved=2064MB peak=5465MB
  [ComfyUI] [worker:ComfyUI-TRELLIS2] [C2S3d] TILED tile 3/4: N_int=177,326 fine=831,893 alloc=1109MB
  [ComfyUI] [worker:ComfyUI-TRELLIS2] [C2S3d] TILED tile 4/4: conv1 N_halo=355,400 alloc=1292MB
  [ComfyUI] [worker:ComfyUI-TRELLIS2] [C2S3d] TILED tile 4/4: N_int=351,514 fine=1,531,443 alloc=1121MB
  [ComfyUI] [worker:ComfyUI-TRELLIS2] [VRAM] -636MB (now 1193MB) reserved=1242MB peak=5465MB
  [capture-loop] iter=3100 t=351.0s state={'complete': False, 'error': None, 'executedCount': 1, 'wsState': 1} eval_ms=2
  [ComfyUI] [worker:ComfyUI-TRELLIS2] [VRAM] +1158MB (now 2351MB) reserved=2402MB peak=5465MB
  [ComfyUI] [worker:ComfyUI-TRELLIS2] [C2S3d] TILED done: h_fine=torch.Size([4744881, 128]) x_fine_cpu=torch.Size([4744881, 32]) alloc=2351MB
  [ComfyUI] [worker:ComfyUI-TRELLIS2] [C2S3d] h.feats offloaded for chunked norm2+silu: alloc=1159MB
  [ComfyUI] [worker:ComfyUI-TRELLIS2] [VRAM] -705MB (now 1647MB) reserved=1942MB peak=5465MB
  [ComfyUI] [worker:ComfyUI-TRELLIS2] [VRAM] +670MB (now 2317MB) reserved=2362MB peak=5465MB
  [ComfyUI] [worker:ComfyUI-TRELLIS2] [C2S3d] after chunked norm2+silu: alloc=2317MB
  [ComfyUI] [worker:ComfyUI-TRELLIS2] [sparse-conv] TILED: N=4,744,881 max_tile=1,000,000 feats=1158MB alloc=2317MB
  [ComfyUI] [worker:ComfyUI-TRELLIS2] [sparse-conv] TILED feats offloaded to CPU, alloc=1159MB
  [ComfyUI] [worker:ComfyUI-TRELLIS2] [tiled_conv] N=4,744,881 Ci=128 Co=128 K=(3, 3, 3) feats=1158MB out=1158MB feats_dev=cpu alloc=1159MB
  [ComfyUI] [worker:ComfyUI-TRELLIS2] [tiled_conv] 8 tiles, VRAM baseline=1159MB
  [ComfyUI] 
  [ComfyUI] Tiled Conv3d:   0%|          | 0/8 [00:00<?][worker:ComfyUI-TRELLIS2] [VRAM] -1143MB (now 1174MB) reserved=1282MB peak=5465MB
  [ComfyUI] 
  [ComfyUI] Tiled Conv3d:   0%|          | 0/8 [00:00<?]
  [ComfyUI] Tiled Conv3d:  12%|█▎        | 1/8 [00:00<00:03]
  [ComfyUI] Tiled Conv3d:  12%|█▎        | 1/8 [00:00<00:03]
  [ComfyUI] Tiled Conv3d:  25%|██▌       | 2/8 [00:00<00:01][worker:ComfyUI-TRELLIS2] [VRAM] +472MB (now 1647MB) reserved=1882MB peak=5465MB
  [ComfyUI] 
  [ComfyUI] Tiled Conv3d:  25%|██▌       | 2/8 [00:01<00:01]
  [ComfyUI] Tiled Conv3d:  38%|███▊      | 3/8 [00:01<00:01]
  [ComfyUI] Tiled Conv3d:  38%|███▊      | 3/8 [00:01<00:01]
  [ComfyUI] Tiled Conv3d:  50%|█████     | 4/8 [00:01<00:01]
  [ComfyUI] Tiled Conv3d:  50%|█████     | 4/8 [00:01<00:01]
  [capture-loop] iter=3150 t=356.8s state={'complete': False, 'error': None, 'executedCount': 1, 'wsState': 1} eval_ms=2
  [ComfyUI] Tiled Conv3d:  62%|██████▎   | 5/8 [00:01<00:01]
  [ComfyUI] Tiled Conv3d:  62%|██████▎   | 5/8 [00:02<00:01]
  [ComfyUI] Tiled Conv3d:  75%|███████▌  | 6/8 [00:02<00:00]
  [ComfyUI] Tiled Conv3d:  75%|███████▌  | 6/8 [00:02<00:00]
  [ComfyUI] Tiled Conv3d:  88%|████████▊ | 7/8 [00:02<00:00][worker:ComfyUI-TRELLIS2] [VRAM] -477MB (now 1171MB) reserved=1262MB peak=5465MB
  [ComfyUI] 
  [ComfyUI] Tiled Conv3d:  88%|████████▊ | 7/8 [00:02<00:00]
  [ComfyUI] Tiled Conv3d: 100%|██████████| 8/8 [00:02<00:00]
  [ComfyUI] Tiled Conv3d: 100%|██████████| 8/8 [00:02<00:00]
  [ComfyUI] [worker:ComfyUI-TRELLIS2] [tiled_conv] done: 4744881/4744881 voxels, tile_peak=1805MB, final=2317MB
  [ComfyUI] [worker:ComfyUI-TRELLIS2] [sparse-conv] TILED done: out=1158MB alloc=2317MB
  [ComfyUI] [worker:ComfyUI-TRELLIS2] [C2S3d] post-conv2: alloc=2317MB
  [ComfyUI] [worker:ComfyUI-TRELLIS2] [C2S3d] post-conv2 (cache cleared): alloc=2317MB
  [ComfyUI] [worker:ComfyUI-TRELLIS2] [VRAM] +1146MB (now 2317MB) reserved=2622MB peak=5465MB
  [ComfyUI] [worker:ComfyUI-TRELLIS2] [C2S3d] after chunked skip: alloc=2317MB
  [ComfyUI] [SubprocessWorker] callback 'report_progress' from call_id=17
  [ComfyUI] [worker:ComfyUI-TRELLIS2] [UNET] level=3 block=0 SparseConvNeXtBlock3d N=4,744,881 ch=128 alloc=2317MB
  [ComfyUI] [worker:ComfyUI-TRELLIS2] [sparse-conv] TILED: N=4,744,881 max_tile=1,000,000 feats=1158MB alloc=2317MB
  [ComfyUI] [worker:ComfyUI-TRELLIS2] [sparse-conv] TILED feats offloaded to CPU, alloc=1159MB
  [ComfyUI] [worker:ComfyUI-TRELLIS2] [tiled_conv] N=4,744,881 Ci=128 Co=128 K=(3, 3, 3) feats=1158MB out=1158MB feats_dev=cpu alloc=1159MB
  [ComfyUI] [worker:ComfyUI-TRELLIS2] [tiled_conv] 8 tiles, VRAM baseline=1159MB
  [ComfyUI] 
  [ComfyUI] Tiled Conv3d:   0%|          | 0/8 [00:00<?][worker:ComfyUI-TRELLIS2] [VRAM] -1143MB (now 1174MB) reserved=1282MB peak=5465MB
  Frame 54 saved (frame_053.jpg, t=360.1s)
  [capture-periodic] freeze=1ms shot=177ms unfreeze=8ms saved=True
  [ComfyUI] 
  [ComfyUI] Tiled Conv3d:   0%|          | 0/8 [00:00<?]
  [ComfyUI] Tiled Conv3d:  12%|█▎        | 1/8 [00:00<00:03]
  [ComfyUI] Tiled Conv3d:  12%|█▎        | 1/8 [00:00<00:03]
  [ComfyUI] Tiled Conv3d:  25%|██▌       | 2/8 [00:00<00:01][worker:ComfyUI-TRELLIS2] [VRAM] +472MB (now 1647MB) reserved=1882MB peak=5465MB
  [ComfyUI] 
  [ComfyUI] Tiled Conv3d:  25%|██▌       | 2/8 [00:01<00:01]
  [ComfyUI] Tiled Conv3d:  38%|███▊      | 3/8 [00:01<00:01]
  [ComfyUI] Tiled Conv3d:  38%|███▊      | 3/8 [00:01<00:01]
  [ComfyUI] Tiled Conv3d:  50%|█████     | 4/8 [00:01<00:01]
  [ComfyUI] Tiled Conv3d:  50%|█████     | 4/8 [00:01<00:01]
  [ComfyUI] Tiled Conv3d:  62%|██████▎   | 5/8 [00:01<00:01]
  [ComfyUI] Tiled Conv3d:  62%|██████▎   | 5/8 [00:02<00:01]
  [ComfyUI] Tiled Conv3d:  75%|███████▌  | 6/8 [00:02<00:00][worker:ComfyUI-TRELLIS2] [VRAM] -354MB (now 1294MB) reserved=1402MB peak=5465MB
  [ComfyUI] 
  [ComfyUI] Tiled Conv3d:  75%|███████▌  | 6/8 [00:02<00:00]
  [capture-loop] iter=3200 t=362.4s state={'complete': False, 'error': None, 'executedCount': 1, 'wsState': 1} eval_ms=2
  [ComfyUI] Tiled Conv3d:  88%|████████▊ | 7/8 [00:02<00:00]
  [ComfyUI] Tiled Conv3d:  88%|████████▊ | 7/8 [00:02<00:00]
  [ComfyUI] Tiled Conv3d: 100%|██████████| 8/8 [00:02<00:00]
  [ComfyUI] Tiled Conv3d: 100%|██████████| 8/8 [00:02<00:00]
  Frame 55 saved (frame_054.jpg, t=362.4s)
  [capture-periodic] freeze=2ms shot=158ms unfreeze=16ms saved=True
  [ComfyUI] [worker:ComfyUI-TRELLIS2] [tiled_conv] done: 4744881/4744881 voxels, tile_peak=1805MB, final=2317MB
  [ComfyUI] [worker:ComfyUI-TRELLIS2] [sparse-conv] TILED done: out=1158MB alloc=2317MB
  [ComfyUI] [worker:ComfyUI-TRELLIS2] [VRAM] +353MB (now 1647MB) reserved=3662MB peak=5465MB
  [ComfyUI] [worker:ComfyUI-TRELLIS2] [VRAM] -489MB (now 1159MB) reserved=3662MB peak=5465MB
  [ComfyUI] [SubprocessWorker] callback 'report_progress' from call_id=17
  [ComfyUI] [worker:ComfyUI-TRELLIS2] [UNET] level=3 block=1 SparseConvNeXtBlock3d N=4,744,881 ch=128 alloc=2317MB
  [ComfyUI] [worker:ComfyUI-TRELLIS2] [sparse-conv] TILED: N=4,744,881 max_tile=1,000,000 feats=1158MB alloc=2317MB
  [ComfyUI] [worker:ComfyUI-TRELLIS2] [VRAM] +1158MB (now 2317MB) reserved=3662MB peak=5465MB
  [ComfyUI] [worker:ComfyUI-TRELLIS2] [sparse-conv] TILED feats offloaded to CPU, alloc=1159MB
  [ComfyUI] [worker:ComfyUI-TRELLIS2] [tiled_conv] N=4,744,881 Ci=128 Co=128 K=(3, 3, 3) feats=1158MB out=1158MB feats_dev=cpu alloc=1159MB
  [ComfyUI] [worker:ComfyUI-TRELLIS2] [tiled_conv] 8 tiles, VRAM baseline=1159MB
  [ComfyUI] 
  [ComfyUI] Tiled Conv3d:   0%|          | 0/8 [00:00<?]
  [ComfyUI] Tiled Conv3d:   0%|          | 0/8 [00:00<?]
  [ComfyUI] Tiled Conv3d:  12%|█▎        | 1/8 [00:00<00:03][worker:ComfyUI-TRELLIS2] [VRAM] -740MB (now 1577MB) reserved=1662MB peak=5465MB
  [ComfyUI] 
  [ComfyUI] Tiled Conv3d:  12%|█▎        | 1/8 [00:00<00:03]
  [ComfyUI] Tiled Conv3d:  25%|██▌       | 2/8 [00:00<00:01]
  [ComfyUI] Tiled Conv3d:  25%|██▌       | 2/8 [00:01<00:01]
  [ComfyUI] Tiled Conv3d:  38%|███▊      | 3/8 [00:01<00:01]
  [ComfyUI] Tiled Conv3d:  38%|███▊      | 3/8 [00:01<00:01]
  Frame 56 saved (frame_055.jpg, t=367.0s)
  [capture-periodic] freeze=2ms shot=186ms unfreeze=7ms saved=True
  [ComfyUI] Tiled Conv3d:  50%|█████     | 4/8 [00:01<00:01][worker:ComfyUI-TRELLIS2] [VRAM] +430MB (now 2008MB) reserved=2144MB peak=5465MB
  [ComfyUI] 
  [ComfyUI] Tiled Conv3d:  50%|█████     | 4/8 [00:01<00:01]
  [ComfyUI] Tiled Conv3d:  62%|██████▎   | 5/8 [00:01<00:01]
  [ComfyUI] Tiled Conv3d:  62%|██████▎   | 5/8 [00:02<00:01]
  [ComfyUI] Tiled Conv3d:  75%|███████▌  | 6/8 [00:02<00:00]
  [ComfyUI] Tiled Conv3d:  75%|███████▌  | 6/8 [00:02<00:00]
  [capture-loop] iter=3250 t=368.3s state={'complete': False, 'error': None, 'executedCount': 1, 'wsState': 1} eval_ms=2
  [ComfyUI] Tiled Conv3d:  88%|████████▊ | 7/8 [00:02<00:00]
  [ComfyUI] Tiled Conv3d:  88%|████████▊ | 7/8 [00:02<00:00]
  [ComfyUI] Tiled Conv3d: 100%|██████████| 8/8 [00:02<00:00]
  [ComfyUI] Tiled Conv3d: 100%|██████████| 8/8 [00:02<00:00]
  [ComfyUI] [worker:ComfyUI-TRELLIS2] [VRAM] +309MB (now 2317MB) reserved=2362MB peak=5465MB
  [ComfyUI] [worker:ComfyUI-TRELLIS2] [tiled_conv] done: 4744881/4744881 voxels, tile_peak=1805MB, final=2317MB
  [ComfyUI] [worker:ComfyUI-TRELLIS2] [sparse-conv] TILED done: out=1158MB alloc=2317MB
  [ComfyUI] [worker:ComfyUI-TRELLIS2] [VRAM] -915MB (now 1403MB) reserved=3662MB peak=5465MB
  Frame 57 saved (frame_056.jpg, t=369.3s)
  [capture-periodic] freeze=1ms shot=168ms unfreeze=9ms saved=True
  [ComfyUI] [worker:ComfyUI-TRELLIS2] [VRAM] -245MB (now 1159MB) reserved=3662MB peak=5465MB
  [ComfyUI] [SubprocessWorker] callback 'report_progress' from call_id=17
  [ComfyUI] [worker:ComfyUI-TRELLIS2] [UNET] level=3 block=2 SparseConvNeXtBlock3d N=4,744,881 ch=128 alloc=2317MB
  [ComfyUI] [worker:ComfyUI-TRELLIS2] [sparse-conv] TILED: N=4,744,881 max_tile=1,000,000 feats=1158MB alloc=2317MB
  [ComfyUI] [worker:ComfyUI-TRELLIS2] [VRAM] +1158MB (now 2317MB) reserved=3662MB peak=5465MB
  Frame 58 saved (frame_057.jpg, t=371.6s)
  [capture-periodic] freeze=1ms shot=171ms unfreeze=7ms saved=True
  [ComfyUI] [worker:ComfyUI-TRELLIS2] [sparse-conv] TILED feats offloaded to CPU, alloc=1159MB
  [ComfyUI] [worker:ComfyUI-TRELLIS2] [tiled_conv] N=4,744,881 Ci=128 Co=128 K=(3, 3, 3) feats=1158MB out=1158MB feats_dev=cpu alloc=1159MB
  [ComfyUI] [worker:ComfyUI-TRELLIS2] [tiled_conv] 8 tiles, VRAM baseline=1159MB
  [ComfyUI] 
  [ComfyUI] Tiled Conv3d:   0%|          | 0/8 [00:00<?]
  [ComfyUI] Tiled Conv3d:   0%|          | 0/8 [00:00<?]
  [ComfyUI] Tiled Conv3d:  12%|█▎        | 1/8 [00:00<00:03][worker:ComfyUI-TRELLIS2] [VRAM] -841MB (now 1477MB) reserved=1662MB peak=5465MB
  [ComfyUI] 
  [ComfyUI] Tiled Conv3d:  12%|█▎        | 1/8 [00:00<00:03]
  [ComfyUI] Tiled Conv3d:  25%|██▌       | 2/8 [00:00<00:01]
  [ComfyUI] Tiled Conv3d:  25%|██▌       | 2/8 [00:01<00:01]
  [ComfyUI] Tiled Conv3d:  38%|███▊      | 3/8 [00:01<00:01]
  [ComfyUI] Tiled Conv3d:  38%|███▊      | 3/8 [00:01<00:01]
  [ComfyUI] Tiled Conv3d:  50%|█████     | 4/8 [00:01<00:01][worker:ComfyUI-TRELLIS2] [VRAM] +327MB (now 1804MB) reserved=2144MB peak=5465MB
  [ComfyUI] 
  [ComfyUI] Tiled Conv3d:  50%|█████     | 4/8 [00:01<00:01]
  [capture-loop] iter=3300 t=373.9s state={'complete': False, 'error': None, 'executedCount': 1, 'wsState': 1} eval_ms=1
  [ComfyUI] Tiled Conv3d:  62%|██████▎   | 5/8 [00:01<00:01]
  [ComfyUI] Tiled Conv3d:  62%|██████▎   | 5/8 [00:02<00:01]
  Frame 59 saved (frame_058.jpg, t=373.9s)
  [capture-periodic] freeze=2ms shot=175ms unfreeze=11ms saved=True
  [ComfyUI] Tiled Conv3d:  75%|███████▌  | 6/8 [00:02<00:00]
  [ComfyUI] Tiled Conv3d:  75%|███████▌  | 6/8 [00:02<00:00]
  [ComfyUI] Tiled Conv3d:  88%|████████▊ | 7/8 [00:02<00:00]
  [ComfyUI] Tiled Conv3d:  88%|████████▊ | 7/8 [00:02<00:00]
  [ComfyUI] Tiled Conv3d: 100%|██████████| 8/8 [00:02<00:00]
  [ComfyUI] Tiled Conv3d: 100%|██████████| 8/8 [00:02<00:00]
  [ComfyUI] [worker:ComfyUI-TRELLIS2] [VRAM] +513MB (now 2317MB) reserved=2362MB peak=5465MB
  [ComfyUI] [worker:ComfyUI-TRELLIS2] [tiled_conv] done: 4744881/4744881 voxels, tile_peak=1805MB, final=2317MB
  [ComfyUI] [worker:ComfyUI-TRELLIS2] [sparse-conv] TILED done: out=1158MB alloc=2317MB
  [ComfyUI] [worker:ComfyUI-TRELLIS2] [VRAM] -915MB (now 1403MB) reserved=3662MB peak=5465MB
  [ComfyUI] [worker:ComfyUI-TRELLIS2] [VRAM] -245MB (now 1159MB) reserved=3662MB peak=5465MB
  [ComfyUI] [SubprocessWorker] callback 'report_progress' from call_id=17
  [ComfyUI] [worker:ComfyUI-TRELLIS2] [UNET] level=3 block=3 SparseConvNeXtBlock3d N=4,744,881 ch=128 alloc=2317MB
  [ComfyUI] [worker:ComfyUI-TRELLIS2] [sparse-conv] TILED: N=4,744,881 max_tile=1,000,000 feats=1158MB alloc=2317MB
  [ComfyUI] [worker:ComfyUI-TRELLIS2] [VRAM] +1158MB (now 2317MB) reserved=3662MB peak=5465MB
  [ComfyUI] [worker:ComfyUI-TRELLIS2] [sparse-conv] TILED feats offloaded to CPU, alloc=1159MB
  [ComfyUI] [worker:ComfyUI-TRELLIS2] [tiled_conv] N=4,744,881 Ci=128 Co=128 K=(3, 3, 3) feats=1158MB out=1158MB feats_dev=cpu alloc=1159MB
  [ComfyUI] [worker:ComfyUI-TRELLIS2] [tiled_conv] 8 tiles, VRAM baseline=1159MB
  [ComfyUI] 
  [ComfyUI] Tiled Conv3d:   0%|          | 0/8 [00:00<?]
  [ComfyUI] Tiled Conv3d:   0%|          | 0/8 [00:00<?]
  [ComfyUI] Tiled Conv3d:  12%|█▎        | 1/8 [00:00<00:03]
  [ComfyUI] Tiled Conv3d:  12%|█▎        | 1/8 [00:00<00:03]
  [ComfyUI] Tiled Conv3d:  25%|██▌       | 2/8 [00:00<00:01][worker:ComfyUI-TRELLIS2] [VRAM] -1145MB (now 1173MB) reserved=1262MB peak=5465MB
  Frame 60 saved (frame_059.jpg, t=378.5s)
  [capture-periodic] freeze=2ms shot=169ms unfreeze=9ms saved=True
  [ComfyUI] 
  [ComfyUI] Tiled Conv3d:  25%|██▌       | 2/8 [00:01<00:01]
  [ComfyUI] Tiled Conv3d:  38%|███▊      | 3/8 [00:01<00:01]
  [ComfyUI] Tiled Conv3d:  38%|███▊      | 3/8 [00:01<00:01]
  [ComfyUI] Tiled Conv3d:  50%|█████     | 4/8 [00:01<00:01][worker:ComfyUI-TRELLIS2] [VRAM] +631MB (now 1804MB) reserved=2144MB peak=5465MB
  [ComfyUI] 
  [ComfyUI] Tiled Conv3d:  50%|█████     | 4/8 [00:01<00:01]
  [capture-loop] iter=3350 t=379.8s state={'complete': False, 'error': None, 'executedCount': 1, 'wsState': 1} eval_ms=2
  [ComfyUI] Tiled Conv3d:  62%|██████▎   | 5/8 [00:01<00:01]
  [ComfyUI] Tiled Conv3d:  62%|██████▎   | 5/8 [00:02<00:01]
  [ComfyUI] Tiled Conv3d:  75%|███████▌  | 6/8 [00:02<00:00]
  [ComfyUI] Tiled Conv3d:  75%|███████▌  | 6/8 [00:02<00:00]
  [ComfyUI] Tiled Conv3d:  88%|████████▊ | 7/8 [00:02<00:00]
  [ComfyUI] Tiled Conv3d:  88%|████████▊ | 7/8 [00:02<00:00]
  [ComfyUI] Tiled Conv3d: 100%|██████████| 8/8 [00:02<00:00]
  [ComfyUI] Tiled Conv3d: 100%|██████████| 8/8 [00:02<00:00]
  [ComfyUI] [worker:ComfyUI-TRELLIS2] [VRAM] +513MB (now 2317MB) reserved=2362MB peak=5465MB
  [ComfyUI] [worker:ComfyUI-TRELLIS2] [tiled_conv] done: 4744881/4744881 voxels, tile_peak=1805MB, final=2317MB
  [ComfyUI] [worker:ComfyUI-TRELLIS2] [sparse-conv] TILED done: out=1158MB alloc=2317MB
  Frame 61 saved (frame_060.jpg, t=380.8s)
  [capture-periodic] freeze=1ms shot=227ms unfreeze=2ms saved=True
  [ComfyUI] [worker:ComfyUI-TRELLIS2] [VRAM] -915MB (now 1403MB) reserved=3662MB peak=5465MB
  [ComfyUI] [worker:ComfyUI-TRELLIS2] [VRAM] +914MB (now 2317MB) reserved=3662MB peak=5465MB
  [ComfyUI] [SubprocessWorker] callback 'report_progress' from call_id=17
  [ComfyUI] [worker:ComfyUI-TRELLIS2] [UNET] level=3 block=4 SparseResBlockC2S3d N=4,744,881 ch=128 alloc=2317MB
  [ComfyUI] [worker:ComfyUI-TRELLIS2] [C2S3d] after subdiv: alloc=2390MB
  [ComfyUI] [worker:ComfyUI-TRELLIS2] [C2S3d] after norm1: alloc=3548MB
  [ComfyUI] [worker:ComfyUI-TRELLIS2] [C2S3d] pre-conv1: N=4,744,881 Ci=128 Co=512 alloc=3548MB
  [ComfyUI] [worker:ComfyUI-TRELLIS2] [C2S3d] TILED: N=4,744,881 -> 12 tiles, alloc=3584MB
  Frame 62 saved (frame_061.jpg, t=383.1s)
  [capture-periodic] freeze=2ms shot=178ms unfreeze=9ms saved=True
  [ComfyUI] [worker:ComfyUI-TRELLIS2] [VRAM] +1267MB (now 3584MB) reserved=5002MB peak=5465MB
  [ComfyUI] [worker:ComfyUI-TRELLIS2] [C2S3d] TILED feats offloaded, alloc=1267MB
  [ComfyUI] [worker:ComfyUI-TRELLIS2] [C2S3d] TILED tile 1/12: conv1 N_halo=408,461 alloc=1386MB
  [ComfyUI] [worker:ComfyUI-TRELLIS2] [VRAM] -1419MB (now 2166MB) reserved=2482MB peak=5465MB
  [ComfyUI] [worker:ComfyUI-TRELLIS2] [C2S3d] TILED tile 1/12: N_int=401,886 fine=1,930,310 alloc=1300MB
  [ComfyUI] [worker:ComfyUI-TRELLIS2] [C2S3d] TILED tile 2/12: conv1 N_halo=444,271 alloc=1428MB
  [ComfyUI] [worker:ComfyUI-TRELLIS2] [C2S3d] TILED tile 2/12: N_int=434,529 fine=1,996,729 alloc=1301MB
  [ComfyUI] [worker:ComfyUI-TRELLIS2] [C2S3d] TILED tile 3/12: conv1 N_halo=416,373 alloc=1421MB
  [capture-loop] iter=3400 t=385.4s state={'complete': False, 'error': None, 'executedCount': 1, 'wsState': 1} eval_ms=2
  [ComfyUI] [worker:ComfyUI-TRELLIS2] [C2S3d] TILED tile 3/12: N_int=412,603 fine=1,764,097 alloc=1298MB
  [ComfyUI] [worker:ComfyUI-TRELLIS2] [C2S3d] TILED tile 4/12: conv1 N_halo=313,870 alloc=1390MB
  [ComfyUI] [worker:ComfyUI-TRELLIS2] [VRAM] -246MB (now 1920MB) reserved=2242MB peak=5465MB
  Frame 63 saved (frame_062.jpg, t=385.4s)
  [capture-periodic] freeze=2ms shot=170ms unfreeze=16ms saved=True
  [ComfyUI] [worker:ComfyUI-TRELLIS2] [C2S3d] TILED tile 4/12: N_int=306,013 fine=1,302,740 alloc=1290MB
  [ComfyUI] [worker:ComfyUI-TRELLIS2] [C2S3d] TILED tile 5/12: conv1 N_halo=337,370 alloc=1389MB
  [ComfyUI] [worker:ComfyUI-TRELLIS2] [C2S3d] TILED tile 5/12: N_int=328,793 fine=1,411,188 alloc=1291MB
  [ComfyUI] [worker:ComfyUI-TRELLIS2] [C2S3d] TILED tile 6/12: conv1 N_halo=505,764 alloc=1436MB
  [ComfyUI] [worker:ComfyUI-TRELLIS2] [C2S3d] TILED tile 6/12: N_int=497,721 fine=2,129,364 alloc=1304MB
  [ComfyUI] [worker:ComfyUI-TRELLIS2] [C2S3d] TILED tile 7/12: conv1 N_halo=406,607 alloc=1421MB
  [ComfyUI] [worker:ComfyUI-TRELLIS2] [VRAM] -201MB (now 1720MB) reserved=2122MB peak=5465MB
  [ComfyUI] [worker:ComfyUI-TRELLIS2] [C2S3d] TILED tile 7/12: N_int=400,157 fine=1,920,607 alloc=1300MB
  [ComfyUI] [worker:ComfyUI-TRELLIS2] [C2S3d] TILED tile 8/12: conv1 N_halo=443,275 alloc=1427MB
  [ComfyUI] [worker:ComfyUI-TRELLIS2] [C2S3d] TILED tile 8/12: N_int=433,959 fine=1,989,830 alloc=1301MB
  [ComfyUI] [worker:ComfyUI-TRELLIS2] [C2S3d] TILED tile 9/12: conv1 N_halo=343,657 alloc=1402MB
  [ComfyUI] [worker:ComfyUI-TRELLIS2] [VRAM] +263MB (now 1983MB) reserved=2242MB peak=5465MB
  [ComfyUI] [worker:ComfyUI-TRELLIS2] [C2S3d] TILED tile 9/12: N_int=335,601 fine=1,430,673 alloc=1292MB
  [ComfyUI] [worker:ComfyUI-TRELLIS2] [C2S3d] TILED tile 10/12: conv1 N_halo=302,918 alloc=1382MB
  [ComfyUI] [worker:ComfyUI-TRELLIS2] [C2S3d] TILED tile 10/12: N_int=294,074 fine=1,267,425 alloc=1289MB
  [ComfyUI] [worker:ComfyUI-TRELLIS2] [C2S3d] TILED tile 11/12: conv1 N_halo=499,450 alloc=1431MB
  [ComfyUI] [worker:ComfyUI-TRELLIS2] [C2S3d] TILED tile 11/12: N_int=491,137 fine=2,105,921 alloc=1303MB
  [ComfyUI] [worker:ComfyUI-TRELLIS2] [VRAM] -668MB (now 1316MB) reserved=1402MB peak=5465MB
  [ComfyUI] [worker:ComfyUI-TRELLIS2] [C2S3d] TILED tile 12/12: conv1 N_halo=412,056 alloc=1422MB
  [ComfyUI] [worker:ComfyUI-TRELLIS2] [C2S3d] TILED tile 12/12: N_int=408,408 fine=1,744,836 alloc=1297MB
  [ComfyUI] [worker:ComfyUI-TRELLIS2] [VRAM] +302MB (now 1618MB) reserved=1702MB peak=5465MB
  [ComfyUI] [worker:ComfyUI-TRELLIS2] [VRAM] +2562MB (now 4180MB) reserved=4282MB peak=5465MB
  [capture-loop] iter=3450 t=391.2s state={'complete': False, 'error': None, 'executedCount': 1, 'wsState': 1} eval_ms=2
  [ComfyUI] [worker:ComfyUI-TRELLIS2] [C2S3d] TILED done: h_fine=torch.Size([20993720, 64]) x_fine_cpu=torch.Size([20993720, 16]) alloc=4180MB
  [ComfyUI] [worker:ComfyUI-TRELLIS2]
  [ComfyUI] === WATCHDOG TICK 18 ===
  [ComfyUI] [worker:ComfyUI-TRELLIS2] Thread 0x00007d1690b39640 (most recent call first):
  [ComfyUI]   File "/workspaces/TRELLIS2-0211/ComfyUI/.ce/.pixi/envs/trellis2-nodes/lib/python3.10/threading.py", line 324 in wait
  [ComfyUI]   File "/workspaces/TRELLIS2-0211/ComfyUI/.ce/.pixi/envs/trellis2-nodes/lib/python3.10/threading.py", line 607 in wait
  [ComfyUI]   File "/workspaces/TRELLIS2-0211/ComfyUI/.ce/.pixi/envs/trellis2-nodes/lib/python3.10/site-packages/tqdm/_monitor.py", line 60 in run
  [ComfyUI]   File "/workspaces/TRELLIS2-0211/ComfyUI/.ce/.pixi/envs/trellis2-nodes/lib/python3.10/threading.py", line 1016 in _bootstrap_inner
  [ComfyUI]   File "/workspaces/TRELLIS2-0211/ComfyUI/.ce/.pixi/envs/trellis2-nodes/lib/python3.10/threading.py", line 973 in _bootstrap
  [ComfyUI] 
  [ComfyUI] Thread 0x00007d173d1fc640 (most recent call first):
  [ComfyUI]   File "/workspaces/TRELLIS2-0211/ComfyUI/.ce/.pixi/envs/trellis2-nodes/lib/python3.10/socket.py", line 293 in accept
  [ComfyUI]   File "/workspaces/TRELLIS2-0211/ComfyUI/.ce/.pixi/envs/trellis2-nodes/lib/python3.10/multiprocessing/connection.py", line 609 in accept
  [ComfyUI]   File "/workspaces/TRELLIS2-0211/ComfyUI/.ce/.pixi/envs/trellis2-nodes/lib/python3.10/multiprocessing/connection.py", line 463 in accept
  [ComfyUI]   File "/workspaces/TRELLIS2-0211/ComfyUI/.ce/.pixi/envs/trellis2-nodes/lib/python3.10/multiprocessing/resource_sharer.py", line 138 in _serve
  [ComfyUI]   File "/workspaces/TRELLIS2-0211/ComfyUI/.ce/.pixi/envs/trellis2-nodes/lib/python3.10/threading.py", line 953 in run
  [ComfyUI]   File "/workspaces/TRELLIS2-0211/ComfyUI/.ce/.pixi/envs/trellis2-nodes/lib/python3.10/threading.py", line 1016 in _bootstrap_inner
  [ComfyUI]   File "/workspaces/TRELLIS2-0211/ComfyUI/.ce/.pixi/envs/trellis2-nodes/lib/python3.10/threading.py", line 973 in _bootstrap
  [ComfyUI] 
  [ComfyUI] Thread 0x00007d16c185b640 (most recent call first):
  [ComfyUI]   File "/workspaces/TRELLIS2-0211/ComfyUI/.ce/.pixi/envs/trellis2-nodes/lib/python3.10/threading.py", line 324 in wait
  [ComfyUI]   File "/workspaces/TRELLIS2-0211/ComfyUI/.ce/.pixi/envs/trellis2-nodes/lib/python3.10/threading.py", line 607 in wait
  [ComfyUI]   File "/workspaces/TRELLIS2-0211/ComfyUI/.ce/.pixi/envs/trellis2-nodes/lib/python3.10/site-packages/tqdm/_monitor.py", line 60 in run
  [ComfyUI]   File "/workspaces/TRELLIS2-0211/ComfyUI/.ce/.pixi/envs/trellis2-nodes/lib/python3.10/threading.py", line 1016 in _bootstrap_inner
  [ComfyUI]   File "/workspaces/TRELLIS2-0211/ComfyUI/.ce/.pixi/envs/trellis2-nodes/lib/python3.10/threading.py", line 973 in _bootstrap
  [ComfyUI] 
  [ComfyUI] Thread 0x00007d1ad0d23640 (most recent call first):
  [ComfyUI]   File "/tmp/comfyui_pvenv_cgcz3o91/persistent_worker.py", line 106 in _vram_poller
  [ComfyUI]   File "/workspaces/TRELLIS2-0211/ComfyUI/.ce/.pixi/envs/trellis2-nodes/lib/python3.10/threading.py", line 953 in run
  [ComfyUI]   File "/workspaces/TRELLIS2-0211/ComfyUI/.ce/.pixi/envs/trellis2-nodes/lib/python3.10/threading.py", line 1016 in _bootstrap_inner
  [ComfyUI]   File "/workspaces/TRELLIS2-0211/ComfyUI/.ce/.pixi/envs/trellis2-nodes/lib/python3.10/threading.py", line 973 in _bootstrap
  [ComfyUI] 
  [ComfyUI] Current thread 0x00007d1ad1524640 (most recent call first):
  [ComfyUI]   File "/tmp/comfyui_pvenv_cgcz3o91/persistent_worker.py", line 52 in _watchdog
  [ComfyUI]   File "/workspaces/TRELLIS2-0211/ComfyUI/.ce/.pixi/envs/trellis2-nodes/lib/python3.10/threading.py", line 953 in run
  [ComfyUI]   File "/workspaces/TRELLIS2-0211/ComfyUI/.ce/.pixi/envs/trellis2-nodes/lib/python3.10/threading.py", line 1016 in _bootstrap_inner
  [ComfyUI]   File "/workspaces/TRELLIS2-0211/ComfyUI/.ce/.pixi/envs/trellis2-nodes/lib/python3.10/threading.py", line 973 in _bootstrap
  [ComfyUI] 
  [ComfyUI] Thread 0x00007d1ad1afa740 (most recent call first):
  [ComfyUI]   File "/workspaces/TRELLIS2-0211/ComfyUI/custom_nodes/ComfyUI-TRELLIS2/nodes/trellis2/vae.py", line 715 in _forward
  [ComfyUI]   File "/workspaces/TRELLIS2-0211/ComfyUI/custom_nodes/ComfyUI-TRELLIS2/nodes/trellis2/vae.py", line 767 in forward
  [ComfyUI]   File "/workspaces/TRELLIS2-0211/ComfyUI/.ce/.pixi/envs/trellis2-nodes/lib/python3.10/site-packages/torch/nn/modules/module.py", line 1790 in _call_impl
  [ComfyUI]   File "/workspaces/TRELLIS2-0211/ComfyUI/.ce/.pixi/envs/trellis2-nodes/lib/python3.10/site-packages/torch/nn/modules/module.py", line 1779 in _wrapped_call_impl
  [ComfyUI]   File "/workspaces/TRELLIS2-0211/ComfyUI/custom_nodes/ComfyUI-TRELLIS2/nodes/trellis2/vae.py", line 1074 in forward
  [ComfyUI]   File "/workspaces/TRELLIS2-0211/ComfyUI/custom_nodes/ComfyUI-TRELLIS2/nodes/trellis2/vae.py", line 1335 in forward
  [ComfyUI]   File "/workspaces/TRELLIS2-0211/ComfyUI/.ce/.pixi/envs/trellis2-nodes/lib/python3.10/site-packages/torch/nn/modules/module.py", line 1790 in _call_impl
  [ComfyUI]   File "/workspaces/TRELLIS2-0211/ComfyUI/.ce/.pixi/envs/trellis2-nodes/lib/python3.10/site-packages/torch/nn/modules/module.py", line 1779 in _wrapped_call_impl
  [ComfyUI]   File "/workspaces/TRELLIS2-0211/ComfyUI/custom_nodes/ComfyUI-TRELLIS2/nodes/stages.py", line 631 in _decode_shape_slat
  [ComfyUI]   File "/workspaces/TRELLIS2-0211/ComfyUI/custom_nodes/ComfyUI-TRELLIS2/nodes/stages.py", line 947 in run_shape_generation
  [ComfyUI]   File "/workspaces/TRELLIS2-0211/ComfyUI/custom_nodes/ComfyUI-TRELLIS2/nodes/nodes_inference.py", line 132 in execute
  [ComfyUI]   File "/workspaces/TRELLIS2-0211/ComfyUI/comfy_api/latest/_io.py", line 1826 in EXECUTE_NORMALIZED
  [ComfyUI]   File "/tmp/comfyui_pvenv_cgcz3o91/persistent_worker.py", line 1749 in main
  [ComfyUI]   File "/tmp/comfyui_pvenv_cgcz3o91/persistent_worker.py", line 1794 in <module>
  [ComfyUI] 
  [ComfyUI] [worker:ComfyUI-TRELLIS2] === END ===
  [ComfyUI] 
  [ComfyUI] [worker:ComfyUI-TRELLIS2] [C2S3d] h.feats offloaded for chunked norm2+silu: alloc=1552MB
  [ComfyUI] [worker:ComfyUI-TRELLIS2] [VRAM] -2629MB (now 1552MB) reserved=1622MB peak=5465MB
  [capture-loop] iter=3500 t=396.6s state={'complete': False, 'error': None, 'executedCount': 1, 'wsState': 1} eval_ms=1
  [ComfyUI] [worker:ComfyUI-TRELLIS2] [VRAM] +244MB (now 1796MB) reserved=2002MB peak=5465MB
  [ComfyUI] [worker:ComfyUI-TRELLIS2] [VRAM] -245MB (now 1552MB) reserved=2002MB peak=5465MB
  [ComfyUI] [worker:ComfyUI-TRELLIS2] [VRAM] +2562MB (now 4114MB) reserved=4582MB peak=5465MB
  [ComfyUI] [worker:ComfyUI-TRELLIS2] [C2S3d] after chunked norm2+silu: alloc=4114MB
  [ComfyUI] [worker:ComfyUI-TRELLIS2] [sparse-conv] TILED: N=20,993,720 max_tile=1,000,000 feats=2562MB alloc=4114MB
  [capture-loop] iter=3550 t=402.4s state={'complete': False, 'error': None, 'executedCount': 1, 'wsState': 1} eval_ms=1
  [ComfyUI] [worker:ComfyUI-TRELLIS2] [sparse-conv] TILED feats offloaded to CPU, alloc=1552MB
  [ComfyUI] [worker:ComfyUI-TRELLIS2] [tiled_conv] N=20,993,720 Ci=64 Co=64 K=(3, 3, 3) feats=2563MB out=2563MB feats_dev=cpu alloc=1552MB
  [ComfyUI] [worker:ComfyUI-TRELLIS2] [tiled_conv] 33 tiles, VRAM baseline=1552MB
  [ComfyUI] 
  [ComfyUI] Tiled Conv3d:   0%|          | 0/33 [00:00<?][worker:ComfyUI-TRELLIS2] [VRAM] -2516MB (now 1599MB) reserved=2004MB peak=5465MB
  [ComfyUI] 
  [ComfyUI] Tiled Conv3d:   0%|          | 0/33 [00:00<?]
  [ComfyUI] Tiled Conv3d:   3%|▎         | 1/33 [00:00<00:06]
  [ComfyUI] Tiled Conv3d:   3%|▎         | 1/33 [00:00<00:06]
  [ComfyUI] Tiled Conv3d:   6%|▌         | 2/33 [00:00<00:04]
  [ComfyUI] Tiled Conv3d:   6%|▌         | 2/33 [00:00<00:04]
  [ComfyUI] Tiled Conv3d:   9%|▉         | 3/33 [00:00<00:04]
  [ComfyUI] Tiled Conv3d:   9%|▉         | 3/33 [00:00<00:04]
  [ComfyUI] Tiled Conv3d:   9%|▉         | 3/33 [00:00<00:04]
  [ComfyUI] Tiled Conv3d:  15%|█▌        | 5/33 [00:00<00:04][worker:ComfyUI-TRELLIS2] [VRAM] +430MB (now 2029MB) reserved=2262MB peak=5465MB
  [ComfyUI] 
  [ComfyUI] Tiled Conv3d:  15%|█▌        | 5/33 [00:01<00:04]
  [ComfyUI] Tiled Conv3d:  18%|█▊        | 6/33 [00:01<00:05]
  [ComfyUI] Tiled Conv3d:  18%|█▊        | 6/33 [00:01<00:05]
  [ComfyUI] Tiled Conv3d:  21%|██        | 7/33 [00:01<00:05]
  [ComfyUI] Tiled Conv3d:  21%|██        | 7/33 [00:01<00:05]
  [ComfyUI] Tiled Conv3d:  24%|██▍       | 8/33 [00:01<00:04]
  [ComfyUI] Tiled Conv3d:  24%|██▍       | 8/33 [00:01<00:04]
  [ComfyUI] Tiled Conv3d:  27%|██▋       | 9/33 [00:01<00:03]
  [ComfyUI] Tiled Conv3d:  27%|██▋       | 9/33 [00:01<00:03]
  [ComfyUI] Tiled Conv3d:  30%|███       | 10/33 [00:01<00:03]
  [ComfyUI] Tiled Conv3d:  30%|███       | 10/33 [00:01<00:03]
  [ComfyUI] Tiled Conv3d:  33%|███▎      | 11/33 [00:01<00:03]
  [ComfyUI] Tiled Conv3d:  33%|███▎      | 11/33 [00:02<00:03]
  [ComfyUI] Tiled Conv3d:  36%|███▋      | 12/33 [00:02<00:03][worker:ComfyUI-TRELLIS2] [VRAM] -343MB (now 1687MB) reserved=1822MB peak=5465MB
  [ComfyUI] 
  [ComfyUI] Tiled Conv3d:  36%|███▋      | 12/33 [00:02<00:03]
  [ComfyUI] Tiled Conv3d:  39%|███▉      | 13/33 [00:02<00:03]
  [ComfyUI] Tiled Conv3d:  39%|███▉      | 13/33 [00:02<00:03]
  [ComfyUI] Tiled Conv3d:  42%|████▏     | 14/33 [00:02<00:03]
  [ComfyUI] Tiled Conv3d:  42%|████▏     | 14/33 [00:02<00:03]
  [ComfyUI] Tiled Conv3d:  45%|████▌     | 15/33 [00:02<00:02]
  [ComfyUI] Tiled Conv3d:  45%|████▌     | 15/33 [00:02<00:02]
  [ComfyUI] Tiled Conv3d:  48%|████▊     | 16/33 [00:02<00:02]
  [ComfyUI] Tiled Conv3d:  48%|████▊     | 16/33 [00:02<00:02]
  [ComfyUI] Tiled Conv3d:  52%|█████▏    | 17/33 [00:02<00:02]
  [ComfyUI] Tiled Conv3d:  52%|█████▏    | 17/33 [00:02<00:02]
  [ComfyUI] Tiled Conv3d:  55%|█████▍    | 18/33 [00:02<00:02]
  [ComfyUI] Tiled Conv3d:  55%|█████▍    | 18/33 [00:03<00:02]
  [ComfyUI] Tiled Conv3d:  58%|█████▊    | 19/33 [00:03<00:02]
  [ComfyUI] Tiled Conv3d:  58%|█████▊    | 19/33 [00:03<00:02]
  [ComfyUI] Tiled Conv3d:  61%|██████    | 20/33 [00:03<00:01][worker:ComfyUI-TRELLIS2] [VRAM] +319MB (now 2006MB) reserved=2222MB peak=5465MB
  [ComfyUI] 
  [ComfyUI] Tiled Conv3d:  61%|██████    | 20/33 [00:03<00:01]
  [ComfyUI] Tiled Conv3d:  64%|██████▎   | 21/33 [00:03<00:01]
  [ComfyUI] Tiled Conv3d:  64%|██████▎   | 21/33 [00:03<00:01]
  [ComfyUI] Tiled Conv3d:  67%|██████▋   | 22/33 [00:03<00:01]
  [ComfyUI] Tiled Conv3d:  67%|██████▋   | 22/33 [00:03<00:01]
  [ComfyUI] Tiled Conv3d:  67%|██████▋   | 22/33 [00:03<00:01]
  [ComfyUI] Tiled Conv3d:  73%|███████▎  | 24/33 [00:03<00:01]
  [ComfyUI] Tiled Conv3d:  73%|███████▎  | 24/33 [00:03<00:01]
  [ComfyUI] Tiled Conv3d:  76%|███████▌  | 25/33 [00:03<00:01]
  [ComfyUI] Tiled Conv3d:  76%|███████▌  | 25/33 [00:04<00:01]
  [ComfyUI] Tiled Conv3d:  79%|███████▉  | 26/33 [00:04<00:01]
  [ComfyUI] Tiled Conv3d:  79%|███████▉  | 26/33 [00:04<00:01]
  [capture-loop] iter=3600 t=407.9s state={'complete': False, 'error': None, 'executedCount': 1, 'wsState': 1} eval_ms=2
  [ComfyUI] Tiled Conv3d:  82%|████████▏ | 27/33 [00:04<00:00][worker:ComfyUI-TRELLIS2] [VRAM] -352MB (now 1654MB) reserved=1822MB peak=5465MB
  [ComfyUI] 
  [ComfyUI] Tiled Conv3d:  82%|████████▏ | 27/33 [00:04<00:00]
  [ComfyUI] Tiled Conv3d:  85%|████████▍ | 28/33 [00:04<00:00]
  [ComfyUI] Tiled Conv3d:  85%|████████▍ | 28/33 [00:04<00:00]
  [ComfyUI] Tiled Conv3d:  88%|████████▊ | 29/33 [00:04<00:00]
  [ComfyUI] Tiled Conv3d:  88%|████████▊ | 29/33 [00:04<00:00]
  [ComfyUI] Tiled Conv3d:  88%|████████▊ | 29/33 [00:04<00:00]
  [ComfyUI] Tiled Conv3d:  94%|█████████▍| 31/33 [00:04<00:00]
  [ComfyUI] Tiled Conv3d:  94%|█████████▍| 31/33 [00:04<00:00]
  [ComfyUI] Tiled Conv3d:  97%|█████████▋| 32/33 [00:04<00:00]
  [ComfyUI] Tiled Conv3d:  97%|█████████▋| 32/33 [00:05<00:00]
  [ComfyUI] Tiled Conv3d: 100%|██████████| 33/33 [00:05<00:00]
  [ComfyUI] Tiled Conv3d: 100%|██████████| 33/33 [00:05<00:00]
  [ComfyUI] [worker:ComfyUI-TRELLIS2] [VRAM] +2460MB (now 4114MB) reserved=4202MB peak=5465MB
  [ComfyUI] [worker:ComfyUI-TRELLIS2] [tiled_conv] done: 20993720/20993720 voxels, tile_peak=2083MB, final=4114MB
  [ComfyUI] [worker:ComfyUI-TRELLIS2] [sparse-conv] TILED done: out=2562MB alloc=4114MB
  [ComfyUI] [worker:ComfyUI-TRELLIS2] [C2S3d] post-conv2: alloc=4114MB
  [ComfyUI] [worker:ComfyUI-TRELLIS2] [C2S3d] post-conv2 (cache cleared): alloc=4114MB
  [ComfyUI] [worker:ComfyUI-TRELLIS2] [C2S3d] after chunked skip: alloc=4114MB
  [ComfyUI] [SubprocessWorker] callback 'report_progress' from call_id=17
  [capture-loop] iter=3650 t=413.8s state={'complete': False, 'error': None, 'executedCount': 1, 'wsState': 1} eval_ms=2
  [ComfyUI] [worker:ComfyUI-TRELLIS2] [VRAM] -2441MB (now 1674MB) reserved=1882MB peak=5465MB
  Frame 64 saved (frame_063.jpg, t=414.8s)
  [capture-periodic] freeze=2ms shot=260ms unfreeze=65ms saved=True
  [ComfyUI] [worker:ComfyUI-TRELLIS2] [VRAM] +2440MB (now 4114MB) reserved=4462MB peak=5465MB
  Frame 65 saved (frame_064.jpg, t=417.2s)
  [capture-periodic] freeze=2ms shot=168ms unfreeze=15ms saved=True
  [ComfyUI] [SubprocessWorker] callback 'report_progress' from call_id=17
  [ComfyUI] [worker:ComfyUI-TRELLIS2] [FlexiDecoder] pre-cleanup: alloc=1983MB
  [ComfyUI] [worker:ComfyUI-TRELLIS2] [VRAM] -2412MB (now 1703MB) reserved=2118MB peak=5465MB
  [ComfyUI] [worker:ComfyUI-TRELLIS2] [FlexiDecoder] model to CPU: alloc=1079MB
  [ComfyUI] [worker:ComfyUI-TRELLIS2] [FlexiDecoder] extra[0][0] feats=torch.Size([46686, 8]) on cuda:0, 0MB
  [ComfyUI] [worker:ComfyUI-TRELLIS2] [FlexiDecoder] extra[0][1] feats=torch.Size([227865, 8]) on cuda:0, 3MB
  [ComfyUI] [worker:ComfyUI-TRELLIS2] [FlexiDecoder] extra[0][2] feats=torch.Size([1062162, 8]) on cuda:0, 16MB
  [ComfyUI] [worker:ComfyUI-TRELLIS2] [FlexiDecoder] extra[0][3] feats=torch.Size([4744881, 8]) on cuda:0, 72MB
  [ComfyUI] [worker:ComfyUI-TRELLIS2] [FlexiDecoder] subs to CPU: alloc=1058MB
  [ComfyUI] [worker:ComfyUI-TRELLIS2] [FlexiDecoder] coords: torch.Size([20993720, 3]) cuda:0 240MB
  [ComfyUI] [worker:ComfyUI-TRELLIS2] [FlexiDecoder] vertices.feats: torch.Size([20993720, 3]) cuda:0 120MB
  [ComfyUI] [worker:ComfyUI-TRELLIS2] [FlexiDecoder] intersected.feats: torch.Size([20993720, 3]) cuda:0 60MB
  [ComfyUI] [worker:ComfyUI-TRELLIS2] [FlexiDecoder] quad_lerp.feats: torch.Size([20993720, 1]) cuda:0 40MB
  [ComfyUI] [worker:ComfyUI-TRELLIS2] [FlexiDecoder] post-cleanup: alloc=1058MB, starting mesh extraction
  [ComfyUI] 
  [ComfyUI] Fast Tiled Decoding:   0%|          | 0/660 [00:00<?, ?it/s]
  [ComfyUI] Fast Tiled Decoding:   3%|▎         | 17/660 [00:00<00:03, 169.06it/s]
  [ComfyUI] Fast Tiled Decoding:   6%|▌         | 39/660 [00:00<00:03, 196.98it/s]
  [ComfyUI] Fast Tiled Decoding:  10%|▉         | 63/660 [00:00<00:02, 210.74it/s]
  [ComfyUI] Fast Tiled Decoding:  13%|█▎        | 85/660 [00:00<00:02, 211.68it/s]
  [ComfyUI] Fast Tiled Decoding:  16%|█▋        | 108/660 [00:00<00:02, 215.54it/s][worker:ComfyUI-TRELLIS2] [VRAM] +586MB (now 2289MB) reserved=2852MB peak=5465MB
  [ComfyUI] 
  [ComfyUI] Fast Tiled Decoding:  20%|█▉        | 131/660 [00:00<00:02, 216.47it/s]
  [ComfyUI] Fast Tiled Decoding:  23%|██▎       | 153/660 [00:00<00:02, 210.60it/s]
  Frame 66 saved (frame_065.jpg, t=419.6s)
  [ComfyUI] Fast Tiled Decoding:  27%|██▋       | 175/660 [00:00<00:02, 212.75it/s]
  [capture-periodic] freeze=1ms shot=175ms unfreeze=8ms saved=True
  [ComfyUI] Fast Tiled Decoding:  30%|██▉       | 197/660 [00:00<00:02, 200.74it/s]
  [ComfyUI] Fast Tiled Decoding:  33%|███▎      | 218/660 [00:01<00:02, 199.37it/s]
  [ComfyUI] Fast Tiled Decoding:  36%|███▌      | 239/660 [00:01<00:02, 192.91it/s]
  [ComfyUI] Fast Tiled Decoding:  39%|███▉      | 259/660 [00:01<00:02, 185.13it/s]
  [capture-loop] iter=3700 t=420.3s state={'complete': False, 'error': None, 'executedCount': 1, 'wsState': 1} eval_ms=2
  [ComfyUI] Fast Tiled Decoding:  42%|████▏     | 279/660 [00:01<00:02, 188.62it/s]
  [ComfyUI] Fast Tiled Decoding:  45%|████▌     | 298/660 [00:01<00:01, 185.71it/s][worker:ComfyUI-TRELLIS2] [VRAM] +355MB (now 2645MB) reserved=2968MB peak=5465MB
  [ComfyUI] 
  [ComfyUI] Fast Tiled Decoding:  48%|████▊     | 317/660 [00:01<00:01, 182.41it/s]
  [ComfyUI] Fast Tiled Decoding:  51%|█████     | 337/660 [00:01<00:01, 185.25it/s]
  [ComfyUI] Fast Tiled Decoding:  54%|█████▍    | 356/660 [00:01<00:01, 183.92it/s]
  [ComfyUI] Fast Tiled Decoding:  57%|█████▋    | 375/660 [00:01<00:01, 180.92it/s]
  [ComfyUI] Fast Tiled Decoding:  60%|█████▉    | 394/660 [00:02<00:01, 182.57it/s]
  [ComfyUI] Fast Tiled Decoding:  63%|██████▎   | 413/660 [00:02<00:01, 178.75it/s]
  [ComfyUI] Fast Tiled Decoding:  65%|██████▌   | 431/660 [00:02<00:01, 177.15it/s]
  [ComfyUI] Fast Tiled Decoding:  68%|██████▊   | 451/660 [00:02<00:01, 183.61it/s]
  [ComfyUI] Fast Tiled Decoding:  71%|███████   | 470/660 [00:02<00:01, 182.71it/s]
  [ComfyUI] Fast Tiled Decoding:  74%|███████▍  | 489/660 [00:02<00:00, 183.73it/s][worker:ComfyUI-TRELLIS2] [VRAM] +349MB (now 2994MB) reserved=3316MB peak=5465MB
  [ComfyUI] 
  [ComfyUI] Fast Tiled Decoding:  78%|███████▊  | 512/660 [00:02<00:00, 194.08it/s]
  [ComfyUI] Fast Tiled Decoding:  81%|████████  | 532/660 [00:02<00:00, 195.19it/s]
  [ComfyUI] Fast Tiled Decoding:  84%|████████▍ | 555/660 [00:02<00:00, 203.50it/s]
  [ComfyUI] Fast Tiled Decoding:  87%|████████▋ | 577/660 [00:02<00:00, 208.09it/s]
  [ComfyUI] Fast Tiled Decoding:  91%|█████████ | 599/660 [00:03<00:00, 209.45it/s]
  Frame 67 saved (frame_066.jpg, t=421.9s)
  [ComfyUI] Fast Tiled Decoding:  94%|█████████▍| 623/660 [00:03<00:00, 214.90it/s]
  [capture-periodic] freeze=2ms shot=185ms unfreeze=8ms saved=True
  [ComfyUI] Fast Tiled Decoding:  98%|█████████▊| 645/660 [00:03<00:00, 214.85it/s]
  [ComfyUI] Fast Tiled Decoding: 100%|██████████| 660/660 [00:03<00:00, 197.23it/s]
  [ComfyUI] [SubprocessWorker] callback 'report_progress' from call_id=17
  [ComfyUI] [worker:ComfyUI-TRELLIS2] [VRAM] -2177MB (now 818MB) reserved=1088MB peak=5465MB
  [ComfyUI] [SubprocessWorker] callback 'report_progress' from call_id=17
  [ComfyUI] [worker:ComfyUI-TRELLIS2] [VRAM] -810MB (now 9MB) reserved=44MB peak=5465MB
  Frame 68 saved (frame_067.jpg, t=424.2s)
  [capture-periodic] freeze=1ms shot=179ms unfreeze=10ms saved=True
  [capture-loop] iter=3750 t=426.1s state={'complete': False, 'error': None, 'executedCount': 1, 'wsState': 1} eval_ms=2
  Frame 69 saved (frame_068.jpg, t=426.6s)
  [capture-periodic] freeze=1ms shot=163ms unfreeze=8ms saved=True
  [capture-loop] iter=3800 t=431.8s state={'complete': False, 'error': None, 'executedCount': 1, 'wsState': 1} eval_ms=2
  [capture-loop] iter=3850 t=437.3s state={'complete': False, 'error': None, 'executedCount': 1, 'wsState': 1} eval_ms=2
  [capture-loop] iter=3900 t=443.2s state={'complete': False, 'error': None, 'executedCount': 1, 'wsState': 1} eval_ms=2
  [capture-loop] iter=3950 t=448.9s state={'complete': False, 'error': None, 'executedCount': 1, 'wsState': 1} eval_ms=1
  [ComfyUI] [worker:ComfyUI-TRELLIS2]
  [ComfyUI] === WATCHDOG TICK 19 ===
  [ComfyUI] [worker:ComfyUI-TRELLIS2] Thread 0x00007d1690b39640 (most recent call first):
  [ComfyUI]   File "/workspaces/TRELLIS2-0211/ComfyUI/.ce/.pixi/envs/trellis2-nodes/lib/python3.10/threading.py", line 324 in wait
  [ComfyUI]   File "/workspaces/TRELLIS2-0211/ComfyUI/.ce/.pixi/envs/trellis2-nodes/lib/python3.10/threading.py", line 607 in wait
  [ComfyUI]   File "/workspaces/TRELLIS2-0211/ComfyUI/.ce/.pixi/envs/trellis2-nodes/lib/python3.10/site-packages/tqdm/_monitor.py", line 60 in run
  [ComfyUI]   File "/workspaces/TRELLIS2-0211/ComfyUI/.ce/.pixi/envs/trellis2-nodes/lib/python3.10/threading.py", line 1016 in _bootstrap_inner
  [ComfyUI]   File "/workspaces/TRELLIS2-0211/ComfyUI/.ce/.pixi/envs/trellis2-nodes/lib/python3.10/threading.py", line 973 in _bootstrap
  [ComfyUI] 
  [ComfyUI] Thread 0x00007d173d1fc640 (most recent call first):
  [ComfyUI]   File "/workspaces/TRELLIS2-0211/ComfyUI/.ce/.pixi/envs/trellis2-nodes/lib/python3.10/socket.py", line 293 in accept
  [ComfyUI]   File "/workspaces/TRELLIS2-0211/ComfyUI/.ce/.pixi/envs/trellis2-nodes/lib/python3.10/multiprocessing/connection.py", line 609 in accept
  [ComfyUI]   File "/workspaces/TRELLIS2-0211/ComfyUI/.ce/.pixi/envs/trellis2-nodes/lib/python3.10/multiprocessing/connection.py", line 463 in accept
  [ComfyUI]   File "/workspaces/TRELLIS2-0211/ComfyUI/.ce/.pixi/envs/trellis2-nodes/lib/python3.10/multiprocessing/resource_sharer.py", line 138 in _serve
  [ComfyUI]   File "/workspaces/TRELLIS2-0211/ComfyUI/.ce/.pixi/envs/trellis2-nodes/lib/python3.10/threading.py", line 953 in run
  [ComfyUI]   File "/workspaces/TRELLIS2-0211/ComfyUI/.ce/.pixi/envs/trellis2-nodes/lib/python3.10/threading.py", line 1016 in _bootstrap_inner
  [ComfyUI]   File "/workspaces/TRELLIS2-0211/ComfyUI/.ce/.pixi/envs/trellis2-nodes/lib/python3.10/threading.py", line 973 in _bootstrap
  [ComfyUI] 
  [ComfyUI] Thread 0x00007d16c185b640 (most recent call first):
  [ComfyUI]   File "/workspaces/TRELLIS2-0211/ComfyUI/.ce/.pixi/envs/trellis2-nodes/lib/python3.10/threading.py", line 324 in wait
  [ComfyUI]   File "/workspaces/TRELLIS2-0211/ComfyUI/.ce/.pixi/envs/trellis2-nodes/lib/python3.10/threading.py", line 607 in wait
  [ComfyUI]   File "/workspaces/TRELLIS2-0211/ComfyUI/.ce/.pixi/envs/trellis2-nodes/lib/python3.10/site-packages/tqdm/_monitor.py", line 60 in run
  [ComfyUI]   File "/workspaces/TRELLIS2-0211/ComfyUI/.ce/.pixi/envs/trellis2-nodes/lib/python3.10/threading.py", line 1016 in _bootstrap_inner
  [ComfyUI]   File "/workspaces/TRELLIS2-0211/ComfyUI/.ce/.pixi/envs/trellis2-nodes/lib/python3.10/threading.py", line 973 in _bootstrap
  [ComfyUI] 
  [ComfyUI] Thread 0x00007d1ad0d23640 (most recent call first):
  [ComfyUI]   File "/tmp/comfyui_pvenv_cgcz3o91/persistent_worker.py", line 106 in _vram_poller
  [ComfyUI]   File "/workspaces/TRELLIS2-0211/ComfyUI/.ce/.pixi/envs/trellis2-nodes/lib/python3.10/threading.py", line 953 in run
  [ComfyUI]   File "/workspaces/TRELLIS2-0211/ComfyUI/.ce/.pixi/envs/trellis2-nodes/lib/python3.10/threading.py", line 1016 in _bootstrap_inner
  [ComfyUI]   File "/workspaces/TRELLIS2-0211/ComfyUI/.ce/.pixi/envs/trellis2-nodes/lib/python3.10/threading.py", line 973 in _bootstrap
  [ComfyUI] 
  [ComfyUI] Current thread 0x00007d1ad1524640 (most recent call first):
  [ComfyUI]   File "/tmp/comfyui_pvenv_cgcz3o91/persistent_worker.py", line 52 in _watchdog
  [ComfyUI]   File "/workspaces/TRELLIS2-0211/ComfyUI/.ce/.pixi/envs/trellis2-nodes/lib/python3.10/threading.py", line 953 in run
  [ComfyUI]   File "/workspaces/TRELLIS2-0211/ComfyUI/.ce/.pixi/envs/trellis2-nodes/lib/python3.10/threading.py", line 1016 in _bootstrap_inner
  [ComfyUI]   File "/workspaces/TRELLIS2-0211/ComfyUI/.ce/.pixi/envs/trellis2-nodes/lib/python3.10/threading.py", line 973 in _bootstrap
  [ComfyUI] 
  [ComfyUI] Thread 0x00007d1ad1afa740 (most recent call first):
  [ComfyUI]   File "/workspaces/TRELLIS2-0211/ComfyUI/.ce/.pixi/envs/trellis2-nodes/lib/python3.1/site-packages/trimesh/base.py", line 374 in faces
  [ComfyUI]   File "/workspaces/TRELLIS2-0211/ComfyUI/.ce/.pixi/envs/trellis2-nodes/lib/python3.1/site-packages/trimesh/base.py", line 192 in __init__
  [ComfyUI]   File "/workspaces/TRELLIS2-0211/ComfyUI/custom_nodes/ComfyUI-TRELLIS2/nodes/nodes_inference.py", line 149 in execute
  [ComfyUI]   File "/workspaces/TRELLIS2-0211/ComfyUI/comfy_api/latest/_io.py", line 1826 in EXECUTE_NORMALIZED
  [ComfyUI]   File "/tmp/comfyui_pvenv_cgcz3o91/persistent_worker.py", line 1749 in main
  [ComfyUI]   File "/tmp/comfyui_pvenv_cgcz3o91/persistent_worker.py", line 1794 in <module>
  [ComfyUI] 
  [ComfyUI] [worker:ComfyUI-TRELLIS2] === END ===
  [ComfyUI] 
  [capture-loop] iter=4000 t=454.6s state={'complete': False, 'error': None, 'executedCount': 1, 'wsState': 1} eval_ms=2
  [capture-loop] iter=4050 t=460.1s state={'complete': False, 'error': None, 'executedCount': 1, 'wsState': 1} eval_ms=2
  [capture-loop] iter=4100 t=465.7s state={'complete': False, 'error': None, 'executedCount': 1, 'wsState': 1} eval_ms=2
  [capture-loop] iter=4150 t=471.2s state={'complete': False, 'error': None, 'executedCount': 1, 'wsState': 1} eval_ms=2
  [capture-loop] iter=4200 t=476.9s state={'complete': False, 'error': None, 'executedCount': 1, 'wsState': 1} eval_ms=1
  [capture-loop] iter=4250 t=482.3s state={'complete': False, 'error': None, 'executedCount': 1, 'wsState': 1} eval_ms=2
  [capture-loop] iter=4300 t=488.1s state={'complete': False, 'error': None, 'executedCount': 1, 'wsState': 1} eval_ms=1
  [capture-loop] iter=4350 t=493.7s state={'complete': False, 'error': None, 'executedCount': 1, 'wsState': 1} eval_ms=2
  [capture-loop] iter=4400 t=499.4s state={'complete': False, 'error': None, 'executedCount': 1, 'wsState': 1} eval_ms=2
  [capture-loop] iter=4450 t=504.8s state={'complete': False, 'error': None, 'executedCount': 1, 'wsState': 1} eval_ms=2
  [capture-loop] iter=4500 t=510.5s state={'complete': False, 'error': None, 'executedCount': 1, 'wsState': 1} eval_ms=2
  [ComfyUI] [worker:ComfyUI-TRELLIS2]
  [ComfyUI] === WATCHDOG TICK 20 ===
  [ComfyUI] [worker:ComfyUI-TRELLIS2] Thread 0x00007d1690b39640 (most recent call first):
  [ComfyUI]   File "/workspaces/TRELLIS2-0211/ComfyUI/.ce/.pixi/envs/trellis2-nodes/lib/python3.10/threading.py", line 324 in wait
  [ComfyUI]   File "/workspaces/TRELLIS2-0211/ComfyUI/.ce/.pixi/envs/trellis2-nodes/lib/python3.10/threading.py", line 607 in wait
  [ComfyUI]   File "/workspaces/TRELLIS2-0211/ComfyUI/.ce/.pixi/envs/trellis2-nodes/lib/python3.10/site-packages/tqdm/_monitor.py", line 60 in run
  [ComfyUI]   File "/workspaces/TRELLIS2-0211/ComfyUI/.ce/.pixi/envs/trellis2-nodes/lib/python3.10/threading.py", line 1016 in _bootstrap_inner
  [ComfyUI]   File "/workspaces/TRELLIS2-0211/ComfyUI/.ce/.pixi/envs/trellis2-nodes/lib/python3.10/threading.py", line 973 in _bootstrap
  [ComfyUI] 
  [ComfyUI] Thread 0x00007d173d1fc640 (most recent call first):
  [ComfyUI]   File "/workspaces/TRELLIS2-0211/ComfyUI/.ce/.pixi/envs/trellis2-nodes/lib/python3.10/socket.py", line 293 in accept
  [ComfyUI]   File "/workspaces/TRELLIS2-0211/ComfyUI/.ce/.pixi/envs/trellis2-nodes/lib/python3.10/multiprocessing/connection.py", line 609 in accept
  [ComfyUI]   File "/workspaces/TRELLIS2-0211/ComfyUI/.ce/.pixi/envs/trellis2-nodes/lib/python3.10/multiprocessing/connection.py", line 463 in accept
  [ComfyUI]   File "/workspaces/TRELLIS2-0211/ComfyUI/.ce/.pixi/envs/trellis2-nodes/lib/python3.10/multiprocessing/resource_sharer.py", line 138 in _serve
  [ComfyUI]   File "/workspaces/TRELLIS2-0211/ComfyUI/.ce/.pixi/envs/trellis2-nodes/lib/python3.10/threading.py", line 953 in run
  [ComfyUI]   File "/workspaces/TRELLIS2-0211/ComfyUI/.ce/.pixi/envs/trellis2-nodes/lib/python3.10/threading.py", line 1016 in _bootstrap_inner
  [ComfyUI]   File "/workspaces/TRELLIS2-0211/ComfyUI/.ce/.pixi/envs/trellis2-nodes/lib/python3.10/threading.py", line 973 in _bootstrap
  [ComfyUI] 
  [ComfyUI] Thread 0x00007d16c185b640 (most recent call first):
  [ComfyUI]   File "/workspaces/TRELLIS2-0211/ComfyUI/.ce/.pixi/envs/trellis2-nodes/lib/python3.10/threading.py", line 324 in wait
  [ComfyUI]   File "/workspaces/TRELLIS2-0211/ComfyUI/.ce/.pixi/envs/trellis2-nodes/lib/python3.10/threading.py", line 607 in wait
  [ComfyUI]   File "/workspaces/TRELLIS2-0211/ComfyUI/.ce/.pixi/envs/trellis2-nodes/lib/python3.10/site-packages/tqdm/_monitor.py", line 60 in run
  [ComfyUI]   File "/workspaces/TRELLIS2-0211/ComfyUI/.ce/.pixi/envs/trellis2-nodes/lib/python3.10/threading.py", line 1016 in _bootstrap_inner
  [ComfyUI]   File "/workspaces/TRELLIS2-0211/ComfyUI/.ce/.pixi/envs/trellis2-nodes/lib/python3.10/threading.py", line 973 in _bootstrap
  [ComfyUI] 
  [ComfyUI] Thread 0x00007d1ad0d23640 (most recent call first):
  [ComfyUI]   File "/tmp/comfyui_pvenv_cgcz3o91/persistent_worker.py", line 106 in _vram_poller
  [ComfyUI]   File "/workspaces/TRELLIS2-0211/ComfyUI/.ce/.pixi/envs/trellis2-nodes/lib/python3.10/threading.py", line 953 in run
  [ComfyUI]   File "/workspaces/TRELLIS2-0211/ComfyUI/.ce/.pixi/envs/trellis2-nodes/lib/python3.10/threading.py", line 1016 in _bootstrap_inner
  [ComfyUI]   File "/workspaces/TRELLIS2-0211/ComfyUI/.ce/.pixi/envs/trellis2-nodes/lib/python3.10/threading.py", line 973 in _bootstrap
  [ComfyUI] 
  [ComfyUI] Current thread 0x00007d1ad1524640 (most recent call first):
  [ComfyUI]   File "/tmp/comfyui_pvenv_cgcz3o91/persistent_worker.py", line 52 in _watchdog
  [ComfyUI]   File "/workspaces/TRELLIS2-0211/ComfyUI/.ce/.pixi/envs/trellis2-nodes/lib/python3.10/threading.py", line 953 in run
  [ComfyUI]   File "/workspaces/TRELLIS2-0211/ComfyUI/.ce/.pixi/envs/trellis2-nodes/lib/python3.10/threading.py", line 1016 in _bootstrap_inner
  [ComfyUI]   File "/workspaces/TRELLIS2-0211/ComfyUI/.ce/.pixi/envs/trellis2-nodes/lib/python3.10/threading.py", line 973 in _bootstrap
  [ComfyUI] 
  [ComfyUI] Thread 0x00007d1ad1afa740 (most recent call first):
  [ComfyUI]   File "/workspaces/TRELLIS2-0211/ComfyUI/.ce/.pixi/envs/trellis2-nodes/lib/python3.10/copy.py", line 153 in deepcopy
  [ComfyUI]   File "/workspaces/TRELLIS2-0211/ComfyUI/.ce/.pixi/envs/trellis2-nodes/lib/python3.10/copy.py", line 231 in _deepcopy_dict
  [ComfyUI]   File "/workspaces/TRELLIS2-0211/ComfyUI/.ce/.pixi/envs/trellis2-nodes/lib/python3.10/copy.py", line 146 in deepcopy
  [ComfyUI]   File "/workspaces/TRELLIS2-0211/ComfyUI/.ce/.pixi/envs/trellis2-nodes/lib/python3.1/site-packages/trimesh/base.py", line 3270 in copy
  [ComfyUI]   File "/tmp/comfyui_pvenv_cgcz3o91/persistent_worker.py", line 545 in _prepare_trimesh_for_pickle
  [ComfyUI]   File "/tmp/comfyui_pvenv_cgcz3o91/persistent_worker.py", line 659 in _to_shm
  [ComfyUI]   File "/tmp/comfyui_pvenv_cgcz3o91/persistent_worker.py", line 705 in <listcomp>
  [ComfyUI]   File "/tmp/comfyui_pvenv_cgcz3o91/persistent_worker.py", line 705 in _to_shm
  [ComfyUI]   File "/tmp/comfyui_pvenv_cgcz3o91/persistent_worker.py", line 692 in _to_shm
  [ComfyUI]   File "/tmp/comfyui_pvenv_cgcz3o91/persistent_worker.py", line 1759 in main
  [ComfyUI]   File "/tmp/comfyui_pvenv_cgcz3o91/persistent_worker.py", line 1794 in <module>
  [ComfyUI] 
  [ComfyUI] [worker:ComfyUI-TRELLIS2] === END ===
  [ComfyUI] 
  [capture-loop] iter=4550 t=516.0s state={'complete': False, 'error': None, 'executedCount': 1, 'wsState': 1} eval_ms=1
  [capture-loop] iter=4600 t=521.8s state={'complete': False, 'error': None, 'executedCount': 1, 'wsState': 1} eval_ms=2
  [capture-loop] iter=4650 t=527.4s state={'complete': False, 'error': None, 'executedCount': 1, 'wsState': 1} eval_ms=2
  [capture-loop] iter=4700 t=533.1s state={'complete': False, 'error': None, 'executedCount': 1, 'wsState': 1} eval_ms=2
  [capture-loop] iter=4750 t=538.6s state={'complete': False, 'error': None, 'executedCount': 1, 'wsState': 1} eval_ms=2
  [capture-loop] iter=4800 t=544.3s state={'complete': False, 'error': None, 'executedCount': 1, 'wsState': 1} eval_ms=1
  [ComfyUI] [SubprocessWorker] got response: ok
  [capture-loop] iter=4850 t=549.8s state={'complete': False, 'error': None, 'executedCount': 1, 'wsState': 1} eval_ms=2
  [ComfyUI] [comfy-env] Trellis2ImageToShape done (550.41s): result: NodeOutput
  [ComfyUI] [VRAM] After Trellis2ImageToShape: 549 / 7703 MB
  [ComfyUI] [comfy-env] Running Trellis2ProcessMesh: target_face_count: 500000, fill_holes: False, fill_holes_perimeter: 0.03, remesh: True, remesh_band: 1.0, remove_inner_faces: True, min_component_faces: 1, chart_cone_angle: 90.0, chart_refine_iterations: 0, chart_global_iterations: 1, chart_smooth_strength: 1, weld_vertices: True, weld_digits: 4, trimesh: Trimesh
  [ComfyUI] [VRAM] Before Trellis2ProcessMesh: 549 / 7703 MB
  [ComfyUI] [SubprocessWorker] call_method: nodes.nodes_unwrap.Trellis2ProcessMesh.EXECUTE_NORMALIZED
  [ComfyUI] [SubprocessWorker] acquired lock, ensuring started...
  [ComfyUI] [ComfyUI-TRELLIS2] Health check: ping (timeout=5.0s)...
  [ComfyUI] [ComfyUI-TRELLIS2] Health check: ok
  [ComfyUI] [SubprocessWorker] worker started/confirmed
  [ComfyUI] [SubprocessWorker] serializing kwargs to shm...
  Frame 70 saved (frame_069.jpg, t=552.3s)
  [capture-periodic] freeze=1ms shot=171ms unfreeze=8ms saved=True
  Frame 71 saved (frame_070.jpg, t=554.6s)
  [capture-periodic] freeze=1ms shot=144ms unfreeze=8ms saved=True
  [capture-loop] iter=4900 t=555.6s state={'complete': False, 'error': None, 'executedCount': 1, 'wsState': 1} eval_ms=2
  [capture-loop] iter=4950 t=561.3s state={'complete': False, 'error': None, 'executedCount': 1, 'wsState': 1} eval_ms=2
  [capture-loop] iter=5000 t=567.0s state={'complete': False, 'error': None, 'executedCount': 1, 'wsState': 1} eval_ms=2
  [capture-loop] iter=5050 t=572.7s state={'complete': False, 'error': None, 'executedCount': 1, 'wsState': 1} eval_ms=2
  [capture-loop] iter=5100 t=578.4s state={'complete': False, 'error': None, 'executedCount': 1, 'wsState': 1} eval_ms=2
  [capture-loop] iter=5150 t=583.9s state={'complete': False, 'error': None, 'executedCount': 1, 'wsState': 1} eval_ms=1
  [capture-loop] iter=5200 t=589.6s state={'complete': False, 'error': None, 'executedCount': 1, 'wsState': 1} eval_ms=2
  [ComfyUI] [SubprocessWorker] created 1 shm blocks
  [ComfyUI] [SubprocessWorker] sending request via socket...
  [ComfyUI] [SubprocessWorker] call_id=18 sending call_method
  [ComfyUI] [worker:ComfyUI-TRELLIS2]
  [ComfyUI] === WATCHDOG TICK 21 ===
  [ComfyUI] [worker:ComfyUI-TRELLIS2] Thread 0x00007d1690b39640 (most recent call first):
  [ComfyUI]   File "/workspaces/TRELLIS2-0211/ComfyUI/.ce/.pixi/envs/trellis2-nodes/lib/python3.10/threading.py", line 324 in wait
  [ComfyUI]   File "/workspaces/TRELLIS2-0211/ComfyUI/.ce/.pixi/envs/trellis2-nodes/lib/python3.10/threading.py", line 607 in wait
  [ComfyUI]   File "/workspaces/TRELLIS2-0211/ComfyUI/.ce/.pixi/envs/trellis2-nodes/lib/python3.10/site-packages/tqdm/_monitor.py", line 60 in run
  [ComfyUI]   File "/workspaces/TRELLIS2-0211/ComfyUI/.ce/.pixi/envs/trellis2-nodes/lib/python3.10/threading.py", line 1016 in _bootstrap_inner
  [ComfyUI]   File "/workspaces/TRELLIS2-0211/ComfyUI/.ce/.pixi/envs/trellis2-nodes/lib/python3.10/threading.py", line 973 in _bootstrap
  [ComfyUI] 
  [ComfyUI] Thread 0x00007d173d1fc640 (most recent call first):
  [ComfyUI]   File "/workspaces/TRELLIS2-0211/ComfyUI/.ce/.pixi/envs/trellis2-nodes/lib/python3.10/socket.py", line 293 in accept
  [ComfyUI]   File "/workspaces/TRELLIS2-0211/ComfyUI/.ce/.pixi/envs/trellis2-nodes/lib/python3.10/multiprocessing/connection.py", line 609 in accept
  [ComfyUI]   File "/workspaces/TRELLIS2-0211/ComfyUI/.ce/.pixi/envs/trellis2-nodes/lib/python3.10/multiprocessing/connection.py", line 463 in accept
  [ComfyUI]   File "/workspaces/TRELLIS2-0211/ComfyUI/.ce/.pixi/envs/trellis2-nodes/lib/python3.10/multiprocessing/resource_sharer.py", line 138 in _serve
  [ComfyUI]   File "/workspaces/TRELLIS2-0211/ComfyUI/.ce/.pixi/envs/trellis2-nodes/lib/python3.10/threading.py", line 953 in run
  [ComfyUI]   File "/workspaces/TRELLIS2-0211/ComfyUI/.ce/.pixi/envs/trellis2-nodes/lib/python3.10/threading.py", line 1016 in _bootstrap_inner
  [ComfyUI]   File "/workspaces/TRELLIS2-0211/ComfyUI/.ce/.pixi/envs/trellis2-nodes/lib/python3.10/threading.py", line 973 in _bootstrap
  [ComfyUI] 
  [ComfyUI] Thread 0x00007d16c185b640 (most recent call first):
  [ComfyUI]   File "/workspaces/TRELLIS2-0211/ComfyUI/.ce/.pixi/envs/trellis2-nodes/lib/python3.10/threading.py", line 324 in wait
  [ComfyUI]   File "/workspaces/TRELLIS2-0211/ComfyUI/.ce/.pixi/envs/trellis2-nodes/lib/python3.10/threading.py", line 607 in wait
  [ComfyUI]   File "/workspaces/TRELLIS2-0211/ComfyUI/.ce/.pixi/envs/trellis2-nodes/lib/python3.10/site-packages/tqdm/_monitor.py", line 60 in run
  [ComfyUI]   File "/workspaces/TRELLIS2-0211/ComfyUI/.ce/.pixi/envs/trellis2-nodes/lib/python3.10/threading.py", line 1016 in _bootstrap_inner
  [ComfyUI]   File "/workspaces/TRELLIS2-0211/ComfyUI/.ce/.pixi/envs/trellis2-nodes/lib/python3.10/threading.py", line 973 in _bootstrap
  [ComfyUI] 
  [ComfyUI] Thread 0x00007d1ad0d23640 (most recent call first):
  [ComfyUI]   File "/tmp/comfyui_pvenv_cgcz3o91/persistent_worker.py", line 106 in _vram_poller
  [ComfyUI]   File "/workspaces/TRELLIS2-0211/ComfyUI/.ce/.pixi/envs/trellis2-nodes/lib/python3.10/threading.py", line 953 in run
  [ComfyUI]   File "/workspaces/TRELLIS2-0211/ComfyUI/.ce/.pixi/envs/trellis2-nodes/lib/python3.10/threading.py", line 1016 in _bootstrap_inner
  [ComfyUI]   File "/workspaces/TRELLIS2-0211/ComfyUI/.ce/.pixi/envs/trellis2-nodes/lib/python3.10/threading.py", line 973 in _bootstrap
  [ComfyUI] 
  [ComfyUI] Current thread 0x00007d1ad1524640 (most recent call first):
  [ComfyUI]   File "/tmp/comfyui_pvenv_cgcz3o91/persistent_worker.py", line 52 in _watchdog
  [ComfyUI]   File "/workspaces/TRELLIS2-0211/ComfyUI/.ce/.pixi/envs/trellis2-nodes/lib/python3.10/threading.py", line 953 in run
  [ComfyUI]   File "/workspaces/TRELLIS2-0211/ComfyUI/.ce/.pixi/envs/trellis2-nodes/lib/python3.10/threading.py", line 1016 in _bootstrap_inner
  [ComfyUI]   File "/workspaces/TRELLIS2-0211/ComfyUI/.ce/.pixi/envs/trellis2-nodes/lib/python3.10/threading.py", line 973 in _bootstrap
  [ComfyUI] 
  [ComfyUI] Thread 0x00007d1ad1afa740 (most recent call first):
  [ComfyUI]   File "/tmp/comfyui_pvenv_cgcz3o91/persistent_worker.py", line 1094 in _recvall
  [ComfyUI]   File "/tmp/comfyui_pvenv_cgcz3o91/persistent_worker.py", line 1081 in recv
  [ComfyUI]   File "/tmp/comfyui_pvenv_cgcz3o91/persistent_worker.py", line 1638 in main
  [ComfyUI]   File "/tmp/comfyui_pvenv_cgcz3o91/persistent_worker.py", line 1794 in <module>
  [ComfyUI] 
  [ComfyUI] [worker:ComfyUI-TRELLIS2] === END ===
  [ComfyUI] 
  [capture-loop] iter=5250 t=595.5s state={'complete': False, 'error': None, 'executedCount': 1, 'wsState': 1} eval_ms=2
  [ComfyUI] [worker:ComfyUI-TRELLIS2] [VRAM] ProcessMesh Start: alloc=9MB reserved=44MB peak=9MB
  [ComfyUI] [worker:ComfyUI-TRELLIS2] [VRAM] +240MB (now 249MB) reserved=304MB peak=5465MB
  [ComfyUI] [worker:ComfyUI-TRELLIS2] [ProcessMesh] Input: 20993717 verts, 47943162 faces (alloc=798MB)
  [ComfyUI] [worker:ComfyUI-TRELLIS2] [ProcessMesh] Remeshing (quad DC, resolution=512, band=1.0, remove_inner_faces=True)... (alloc=798MB)
  [ComfyUI] [worker:ComfyUI-TRELLIS2] [VRAM] +1337MB (now 1587MB) reserved=1644MB peak=5465MB
  [capture-loop] iter=5300 t=601.5s state={'complete': False, 'error': None, 'executedCount': 1, 'wsState': 1} eval_ms=2
  [capture-loop] iter=5350 t=607.2s state={'complete': False, 'error': None, 'executedCount': 1, 'wsState': 1} eval_ms=1
  [capture-loop] iter=5400 t=613.0s state={'complete': False, 'error': None, 'executedCount': 1, 'wsState': 1} eval_ms=2
  [capture-loop] iter=5450 t=618.6s state={'complete': False, 'error': None, 'executedCount': 1, 'wsState': 1} eval_ms=2
  [capture-loop] iter=5500 t=625.9s state={'complete': False, 'error': None, 'executedCount': 1, 'wsState': 1} eval_ms=3
  [capture-loop] iter=5550 t=632.0s state={'complete': False, 'error': None, 'executedCount': 1, 'wsState': 1} eval_ms=2
  [capture-loop] iter=5600 t=639.5s state={'complete': False, 'error': None, 'executedCount': 1, 'wsState': 1} eval_ms=2
  [capture-loop] iter=5650 t=648.0s state={'complete': False, 'error': None, 'executedCount': 1, 'wsState': 1} eval_ms=2
  [capture-loop] iter=5700 t=653.8s state={'complete': False, 'error': None, 'executedCount': 1, 'wsState': 1} eval_ms=2
  [capture-loop] iter=5750 t=659.8s state={'complete': False, 'error': None, 'executedCount': 1, 'wsState': 1} eval_ms=2
  [ComfyUI] [worker:ComfyUI-TRELLIS2]
  [ComfyUI] === WATCHDOG TICK 22 ===
  [ComfyUI] [worker:ComfyUI-TRELLIS2] Thread 0x00007d1690b39640 (most recent call first):
  [ComfyUI]   File "/workspaces/TRELLIS2-0211/ComfyUI/.ce/.pixi/envs/trellis2-nodes/lib/python3.10/threading.py", line 324 in wait
  [ComfyUI]   File "/workspaces/TRELLIS2-0211/ComfyUI/.ce/.pixi/envs/trellis2-nodes/lib/python3.10/threading.py", line 607 in wait
  [ComfyUI]   File "/workspaces/TRELLIS2-0211/ComfyUI/.ce/.pixi/envs/trellis2-nodes/lib/python3.10/site-packages/tqdm/_monitor.py", line 60 in run
  [ComfyUI]   File "/workspaces/TRELLIS2-0211/ComfyUI/.ce/.pixi/envs/trellis2-nodes/lib/python3.10/threading.py", line 1016 in _bootstrap_inner
  [ComfyUI]   File "/workspaces/TRELLIS2-0211/ComfyUI/.ce/.pixi/envs/trellis2-nodes/lib/python3.10/threading.py", line 973 in _bootstrap
  [ComfyUI] 
  [ComfyUI] Thread 0x00007d173d1fc640 (most recent call first):
  [ComfyUI]   File "/workspaces/TRELLIS2-0211/ComfyUI/.ce/.pixi/envs/trellis2-nodes/lib/python3.10/socket.py", line 293 in accept
  [ComfyUI]   File "/workspaces/TRELLIS2-0211/ComfyUI/.ce/.pixi/envs/trellis2-nodes/lib/python3.10/multiprocessing/connection.py", line 609 in accept
  [ComfyUI]   File "/workspaces/TRELLIS2-0211/ComfyUI/.ce/.pixi/envs/trellis2-nodes/lib/python3.10/multiprocessing/connection.py", line 463 in accept
  [ComfyUI]   File "/workspaces/TRELLIS2-0211/ComfyUI/.ce/.pixi/envs/trellis2-nodes/lib/python3.10/multiprocessing/resource_sharer.py", line 138 in _serve
  [ComfyUI]   File "/workspaces/TRELLIS2-0211/ComfyUI/.ce/.pixi/envs/trellis2-nodes/lib/python3.10/threading.py", line 953 in run
  [ComfyUI]   File "/workspaces/TRELLIS2-0211/ComfyUI/.ce/.pixi/envs/trellis2-nodes/lib/python3.10/threading.py", line 1016 in _bootstrap_inner
  [ComfyUI]   File "/workspaces/TRELLIS2-0211/ComfyUI/.ce/.pixi/envs/trellis2-nodes/lib/python3.10/threading.py", line 973 in _bootstrap
  [ComfyUI] 
  [ComfyUI] Thread 0x00007d16c185b640 (most recent call first):
  [ComfyUI]   File "/workspaces/TRELLIS2-0211/ComfyUI/.ce/.pixi/envs/trellis2-nodes/lib/python3.10/threading.py", line 324 in wait
  [ComfyUI]   File "/workspaces/TRELLIS2-0211/ComfyUI/.ce/.pixi/envs/trellis2-nodes/lib/python3.10/threading.py", line 607 in wait
  [ComfyUI]   File "/workspaces/TRELLIS2-0211/ComfyUI/.ce/.pixi/envs/trellis2-nodes/lib/python3.10/site-packages/tqdm/_monitor.py", line 60 in run
  [ComfyUI]   File "/workspaces/TRELLIS2-0211/ComfyUI/.ce/.pixi/envs/trellis2-nodes/lib/python3.10/threading.py", line 1016 in _bootstrap_inner
  [ComfyUI]   File "/workspaces/TRELLIS2-0211/ComfyUI/.ce/.pixi/envs/trellis2-nodes/lib/python3.10/threading.py", line 973 in _bootstrap
  [ComfyUI] 
  [ComfyUI] Thread 0x00007d1ad0d23640 (most recent call first):
  [ComfyUI]   File "/tmp/comfyui_pvenv_cgcz3o91/persistent_worker.py", line 106 in _vram_poller
  [ComfyUI]   File "/workspaces/TRELLIS2-0211/ComfyUI/.ce/.pixi/envs/trellis2-nodes/lib/python3.10/threading.py", line 953 in run
  [ComfyUI]   File "/workspaces/TRELLIS2-0211/ComfyUI/.ce/.pixi/envs/trellis2-nodes/lib/python3.10/threading.py", line 1016 in _bootstrap_inner
  [ComfyUI]   File "/workspaces/TRELLIS2-0211/ComfyUI/.ce/.pixi/envs/trellis2-nodes/lib/python3.10/threading.py", line 973 in _bootstrap
  [ComfyUI] 
  [ComfyUI] Current thread 0x00007d1ad1524640 (most recent call first):
  [ComfyUI]   File "/tmp/comfyui_pvenv_cgcz3o91/persistent_worker.py", line 52 in _watchdog
  [ComfyUI]   File "/workspaces/TRELLIS2-0211/ComfyUI/.ce/.pixi/envs/trellis2-nodes/lib/python3.10/threading.py", line 953 in run
  [ComfyUI]   File "/workspaces/TRELLIS2-0211/ComfyUI/.ce/.pixi/envs/trellis2-nodes/lib/python3.10/threading.py", line 1016 in _bootstrap_inner
  [ComfyUI]   File "/workspaces/TRELLIS2-0211/ComfyUI/.ce/.pixi/envs/trellis2-nodes/lib/python3.10/threading.py", line 973 in _bootstrap
  [ComfyUI] 
  [ComfyUI] Thread 0x00007d1ad1afa740 (most recent call first):
  [ComfyUI]   File "/workspaces/TRELLIS2-0211/ComfyUI/.ce/.pixi/envs/trellis2-nodes/lib/python3.1/site-packages/cumesh_vb/remeshing.py", line 740 in remesh_narrow_band_dc_quad
  [ComfyUI]   File "/workspaces/TRELLIS2-0211/ComfyUI/custom_nodes/ComfyUI-TRELLIS2/nodes/nodes_unwrap.py", line 378 in execute
  [ComfyUI]   File "/workspaces/TRELLIS2-0211/ComfyUI/comfy_api/latest/_io.py", line 1826 in EXECUTE_NORMALIZED
  [ComfyUI]   File "/tmp/comfyui_pvenv_cgcz3o91/persistent_worker.py", line 1749 in main
  [ComfyUI]   File "/tmp/comfyui_pvenv_cgcz3o91/persistent_worker.py", line 1794 in <module>
  [ComfyUI] 
  [ComfyUI] [worker:ComfyUI-TRELLIS2] === END ===
  [ComfyUI] 
  [ComfyUI] [worker:ComfyUI-TRELLIS2] [VRAM] -789MB (now 798MB) reserved=1644MB peak=5465MB
  [ComfyUI] 
  [ComfyUI] Sparse Grid:   0%|          | 0/5 [00:00<?, ?it/s]
  [ComfyUI] Sparse Grid: 100%|██████████| 5/5 [00:00<00:00, 27.99it/s]
  [ComfyUI] [worker:ComfyUI-TRELLIS2] Dual Contouring ...
  [ComfyUI] [worker:ComfyUI-TRELLIS2] Quad Topology ...
  [ComfyUI] [worker:ComfyUI-TRELLIS2] Re-indexing vertices ...
  [ComfyUI] [worker:ComfyUI-TRELLIS2] Removing Inner Layer for 2308948 quads ...
  [ComfyUI] [worker:ComfyUI-TRELLIS2] [VRAM] +902MB (now 1701MB) reserved=1766MB peak=5465MB
  [capture-loop] iter=5800 t=665.4s state={'complete': False, 'error': None, 'executedCount': 1, 'wsState': 1} eval_ms=2
  [ComfyUI] [worker:ComfyUI-TRELLIS2] Re-indexing vertices after quad filtering ...
  [ComfyUI] [worker:ComfyUI-TRELLIS2] Triangulation ...
  [ComfyUI] [worker:ComfyUI-TRELLIS2] [ProcessMesh] After remesh: 1359009 verts, 2303328 faces (alloc=798MB)
  [ComfyUI] [worker:ComfyUI-TRELLIS2] [ProcessMesh] Removing floaters (min_component_faces=1)... (alloc=9MB)
  [ComfyUI] [worker:ComfyUI-TRELLIS2] [ProcessMesh] After floater removal: 1171805 verts, 2187298 faces (alloc=9MB)
  [ComfyUI] [worker:ComfyUI-TRELLIS2] [ProcessMesh] Cleaning up mesh... (alloc=9MB)
  [ComfyUI] [worker:ComfyUI-TRELLIS2] [ProcessMesh] Simplifying to 500000 faces... (alloc=9MB)
  [ComfyUI] 
  [ComfyUI] Simplifying:   0%|          | 0/1687298 [00:00<?, ?it/s]
  [ComfyUI] Simplifying [thres=1.00e-08]:   0%|          | 0/1687298 [00:00<?, ?it/s][worker:ComfyUI-TRELLIS2] [VRAM] -1692MB (now 9MB) reserved=1826MB peak=5465MB
  [ComfyUI] 
  [ComfyUI] Simplifying [thres=1.00e-08]:   2%|▏         | 31723/1687298 [00:00<00:01, 1041052.71it/s]
  [ComfyUI] Simplifying [thres=1.00e-07]:   3%|▎         | 50102/1687298 [00:00<00:01, 839618.27it/s]
  [ComfyUI] Simplifying [thres=1.00e-07]:  12%|█▏        | 210631/1687298 [00:00<00:00, 2149143.20it/s]
  [ComfyUI] Simplifying [thres=1.00e-07]:  21%|██        | 355397/1687298 [00:00<00:00, 1581404.61it/s]
  [ComfyUI] Simplifying [thres=1.00e-07]:  21%|██        | 355397/1687298 [00:00<00:00, 1581404.61it/s]
  [ComfyUI] Simplifying [thres=1.00e-07]:  29%|██▊       | 483656/1687298 [00:00<00:00, 1581404.61it/s]
  [ComfyUI] Simplifying [thres=1.00e-07]:  35%|███▌      | 597490/1687298 [00:00<00:00, 1581404.61it/s]
  [ComfyUI] Simplifying [thres=1.00e-07]:  41%|████▏     | 697482/1687298 [00:00<00:00, 2119468.80it/s]
  [ComfyUI] Simplifying [thres=1.00e-07]:  41%|████▏     | 697482/1687298 [00:00<00:00, 2119468.80it/s]
  [ComfyUI] Simplifying [thres=1.00e-07]:  46%|████▋     | 784509/1687298 [00:00<00:00, 2119468.80it/s]
  [ComfyUI] Simplifying [thres=1.00e-07]:  51%|█████     | 859113/1687298 [00:00<00:00, 2119468.80it/s]
  [ComfyUI] Simplifying [thres=1.00e-07]:  55%|█████▍    | 922902/1687298 [00:00<00:00, 2119468.80it/s]
  [ComfyUI] Simplifying [thres=1.00e-07]:  58%|█████▊    | 977467/1687298 [00:00<00:00, 2119468.80it/s]
  [ComfyUI] Simplifying [thres=1.00e-07]:  61%|██████    | 1023986/1687298 [00:00<00:00, 2119468.80it/s]
  [ComfyUI] Simplifying [thres=1.00e-07]:  63%|██████▎   | 1063697/1687298 [00:00<00:00, 2634585.19it/s]
  [ComfyUI] Simplifying [thres=1.00e-07]:  63%|██████▎   | 1063697/1687298 [00:00<00:00, 2634585.19it/s]
  [ComfyUI] Simplifying [thres=1.00e-07]:  65%|██████▌   | 1096753/1687298 [00:00<00:00, 2634585.19it/s]
  [ComfyUI] Simplifying [thres=1.00e-07]:  67%|██████▋   | 1124240/1687298 [00:00<00:00, 2634585.19it/s]
  [ComfyUI] Simplifying [thres=1.00e-07]:  68%|██████▊   | 1147352/1687298 [00:00<00:00, 2634585.19it/s]
  [ComfyUI] Simplifying [thres=1.00e-07]:  69%|██████▉   | 1166453/1687298 [00:00<00:00, 2634585.19it/s]
  [ComfyUI] Simplifying [thres=1.00e-07]:  70%|███████   | 1182197/1687298 [00:00<00:00, 2634585.19it/s]
  [ComfyUI] Simplifying [thres=1.00e-07]:  71%|███████   | 1194959/1687298 [00:00<00:00, 2634585.19it/s]
  [ComfyUI] Simplifying [thres=1.00e-07]:  71%|███████▏  | 1205573/1687298 [00:00<00:00, 2634585.19it/s]
  [ComfyUI] Simplifying [thres=1.00e-06]:  72%|███████▏  | 1214347/1687298 [00:00<00:00, 2634585.19it/s]
  [ComfyUI] Simplifying [thres=1.00e-06]:  77%|███████▋  | 1300453/1687298 [00:00<00:00, 2634585.19it/s]
  [ComfyUI] Simplifying [thres=1.00e-06]:  81%|████████▏ | 1372800/1687298 [00:00<00:00, 2321676.74it/s]
  [ComfyUI] Simplifying [thres=1.00e-06]:  81%|████████▏ | 1372800/1687298 [00:00<00:00, 2321676.74it/s]
  [ComfyUI] Simplifying [thres=1.00e-06]:  85%|████████▌ | 1436854/1687298 [00:00<00:00, 2321676.74it/s]
  [ComfyUI] Simplifying [thres=1.00e-06]:  89%|████████▊ | 1494883/1687298 [00:00<00:00, 2321676.74it/s]
  [ComfyUI] Simplifying [thres=1.00e-06]:  92%|█████████▏| 1547392/1687298 [00:00<00:00, 2321676.74it/s]
  [ComfyUI] Simplifying [thres=1.00e-06]:  95%|█████████▍| 1595062/1687298 [00:00<00:00, 2321676.74it/s]
  [ComfyUI] Simplifying [thres=1.00e-06]:  97%|█████████▋| 1638839/1687298 [00:00<00:00, 2321676.74it/s]
  [ComfyUI] Simplifying [thres=1.00e-06]:  99%|█████████▉| 1678589/1687298 [00:00<00:00, 2321676.74it/s]
  [ComfyUI] Simplifying [thres=1.00e-06]: 100%|██████████| 1687298/1687298 [00:00<00:00, 2504186.27it/s]
  [ComfyUI] [worker:ComfyUI-TRELLIS2] [ProcessMesh] After simplify: 272532 verts, 472349 faces (alloc=9MB)
  [ComfyUI] [worker:ComfyUI-TRELLIS2] [ProcessMesh] Post-simplify cleanup... (alloc=9MB)
  [ComfyUI] [worker:ComfyUI-TRELLIS2] [ProcessMesh] UV unwrapping... (alloc=9MB)
  [capture-loop] iter=5850 t=671.1s state={'complete': False, 'error': None, 'executedCount': 1, 'wsState': 1} eval_ms=2
  [ComfyUI] [worker:ComfyUI-TRELLIS2] Get 3871 clusters after fast clustering
  [ComfyUI] 
  [ComfyUI] Adding clusters to xatlas:   0%|          | 0/3871 [00:00<?, ?it/s]
  [ComfyUI] Adding clusters to xatlas:  14%|█▍        | 547/3871 [00:00<00:00, 5469.68it/s]
  [ComfyUI] Adding clusters to xatlas:  36%|███▌      | 1376/3871 [00:00<00:00, 7114.82it/s]
  [ComfyUI] Adding clusters to xatlas:  57%|█████▋    | 2220/3871 [00:00<00:00, 7716.39it/s]
  [ComfyUI] Adding clusters to xatlas:  77%|███████▋  | 2992/3871 [00:00<00:00, 7716.51it/s]
  [ComfyUI] Adding clusters to xatlas: 100%|██████████| 3871/3871 [00:00<00:00, 8060.88it/s]
  [ComfyUI] 
  [ComfyUI] xatlas: Computing charts:   0%|          | 0/100 [00:00<?, ?it/s]
  [ComfyUI] xatlas: Computing charts:   0%|          | 0/100 [00:00<?, ?it/s]
  [ComfyUI] xatlas: Computing charts:   1%|          | 1/100 [00:00<00:30,  3.21it/s]
  [ComfyUI] xatlas: Computing charts:   2%|▏         | 2/100 [00:00<00:21,  4.59it/s]
  [ComfyUI] xatlas: Computing charts:   3%|▎         | 3/100 [00:00<00:17,  5.48it/s]
  [ComfyUI] xatlas: Computing charts:   4%|▍         | 4/100 [00:00<00:19,  5.05it/s]
  [ComfyUI] xatlas: Computing charts:   5%|▌         | 5/100 [00:00<00:17,  5.56it/s]
  [ComfyUI] xatlas: Computing charts:   6%|▌         | 6/100 [00:01<00:17,  5.39it/s]
  [ComfyUI] xatlas: Computing charts:   7%|▋         | 7/100 [00:01<00:15,  5.94it/s]
  [ComfyUI] xatlas: Computing charts:   8%|▊         | 8/100 [00:01<00:16,  5.64it/s]
  [ComfyUI] xatlas: Computing charts:   9%|▉         | 9/100 [00:01<00:16,  5.38it/s]
  [ComfyUI] xatlas: Computing charts:  10%|█         | 10/100 [00:01<00:16,  5.38it/s]
  [ComfyUI] xatlas: Computing charts:  11%|█         | 11/100 [00:02<00:16,  5.27it/s]
  [ComfyUI] xatlas: Computing charts:  12%|█▏        | 12/100 [00:02<00:16,  5.40it/s]
  [ComfyUI] xatlas: Computing charts:  13%|█▎        | 13/100 [00:02<00:15,  5.68it/s]
  [ComfyUI] xatlas: Computing charts:  14%|█▍        | 14/100 [00:02<00:14,  5.82it/s]
  [ComfyUI] xatlas: Computing charts:  15%|█▌        | 15/100 [00:02<00:14,  6.01it/s]
  [ComfyUI] xatlas: Computing charts:  16%|█▌        | 16/100 [00:02<00:13,  6.18it/s]
  [ComfyUI] xatlas: Computing charts:  17%|█▋        | 17/100 [00:02<00:13,  6.31it/s]
  [ComfyUI] xatlas: Computing charts:  18%|█▊        | 18/100 [00:02<00:12,  6.45it/s]
  [ComfyUI] xatlas: Computing charts:  19%|█▉        | 19/100 [00:02<00:12,  6.65it/s]
  [ComfyUI] xatlas: Computing charts:  20%|██        | 20/100 [00:02<00:11,  6.84it/s]
  [ComfyUI] xatlas: Computing charts:  21%|██        | 21/100 [00:02<00:11,  7.02it/s]
  [ComfyUI] xatlas: Computing charts:  22%|██▏       | 22/100 [00:03<00:10,  7.21it/s]
  [ComfyUI] xatlas: Computing charts:  23%|██▎       | 23/100 [00:03<00:10,  7.38it/s]
  [ComfyUI] xatlas: Computing charts:  24%|██▍       | 24/100 [00:03<00:10,  7.59it/s]
  [ComfyUI] xatlas: Computing charts:  25%|██▌       | 25/100 [00:03<00:09,  7.77it/s]
  [ComfyUI] xatlas: Computing charts:  26%|██▌       | 26/100 [00:03<00:09,  7.97it/s]
  [ComfyUI] xatlas: Computing charts:  27%|██▋       | 27/100 [00:03<00:08,  8.15it/s]
  [ComfyUI] xatlas: Computing charts:  28%|██▊       | 28/100 [00:03<00:08,  8.30it/s]
  [ComfyUI] xatlas: Computing charts:  29%|██▉       | 29/100 [00:03<00:08,  8.47it/s]
  [ComfyUI] xatlas: Computing charts:  30%|███       | 30/100 [00:03<00:08,  8.65it/s]
  [ComfyUI] xatlas: Computing charts:  31%|███       | 31/100 [00:03<00:07,  8.84it/s]
  [ComfyUI] xatlas: Computing charts:  32%|███▏      | 32/100 [00:03<00:07,  9.02it/s]
  [ComfyUI] xatlas: Computing charts:  33%|███▎      | 33/100 [00:03<00:07,  9.20it/s]
  [ComfyUI] xatlas: Computing charts:  34%|███▍      | 34/100 [00:03<00:07,  9.38it/s]
  [ComfyUI] xatlas: Computing charts:  35%|███▌      | 35/100 [00:03<00:06,  9.55it/s]
  [ComfyUI] xatlas: Computing charts:  36%|███▌      | 36/100 [00:03<00:06,  9.71it/s]
  [ComfyUI] xatlas: Computing charts:  37%|███▋      | 37/100 [00:03<00:06,  9.87it/s]
  [ComfyUI] xatlas: Computing charts:  38%|███▊      | 38/100 [00:03<00:06, 10.04it/s]
  [ComfyUI] xatlas: Computing charts:  39%|███▉      | 39/100 [00:03<00:05, 10.22it/s]
  [ComfyUI] xatlas: Computing charts:  40%|████      | 40/100 [00:03<00:05, 10.40it/s]
  [ComfyUI] xatlas: Computing charts:  41%|████      | 41/100 [00:03<00:05, 10.58it/s]
  [ComfyUI] xatlas: Computing charts:  42%|████▏     | 42/100 [00:03<00:05, 10.77it/s]
  [ComfyUI] xatlas: Computing charts:  43%|████▎     | 43/100 [00:03<00:05, 10.96it/s]
  [ComfyUI] xatlas: Computing charts:  44%|████▍     | 44/100 [00:03<00:05, 11.14it/s]
  [ComfyUI] xatlas: Computing charts:  45%|████▌     | 45/100 [00:03<00:04, 11.33it/s]
  [ComfyUI] xatlas: Computing charts:  46%|████▌     | 46/100 [00:03<00:04, 11.51it/s]
  [ComfyUI] xatlas: Computing charts:  47%|████▋     | 47/100 [00:04<00:04, 11.71it/s]
  [ComfyUI] xatlas: Computing charts:  48%|████▊     | 48/100 [00:04<00:04, 11.90it/s]
  [ComfyUI] xatlas: Computing charts:  49%|████▉     | 49/100 [00:04<00:04, 12.10it/s]
  [ComfyUI] xatlas: Computing charts:  50%|█████     | 50/100 [00:04<00:04, 12.29it/s]
  [ComfyUI] xatlas: Computing charts:  51%|█████     | 51/100 [00:04<00:03, 12.50it/s]
  [ComfyUI] xatlas: Computing charts:  52%|█████▏    | 52/100 [00:04<00:03, 12.71it/s]
  [ComfyUI] xatlas: Computing charts:  53%|█████▎    | 53/100 [00:04<00:03, 12.92it/s]
  [ComfyUI] xatlas: Computing charts:  54%|█████▍    | 54/100 [00:04<00:03, 13.13it/s]
  [ComfyUI] xatlas: Computing charts:  55%|█████▌    | 55/100 [00:04<00:03, 13.34it/s]
  [ComfyUI] xatlas: Computing charts:  56%|█████▌    | 56/100 [00:04<00:03, 13.56it/s]
  [ComfyUI] xatlas: Computing charts:  57%|█████▋    | 57/100 [00:04<00:03, 13.79it/s]
  [ComfyUI] xatlas: Computing charts: 100%|██████████| 100/100 [00:04<00:00, 24.18it/s]
  [ComfyUI] xatlas: Computing charts: 100%|██████████| 100/100 [00:04<00:00, 24.17it/s]
  [ComfyUI] 
  [ComfyUI] xatlas: Packing charts:   0%|          | 0/100 [00:00<?, ?it/s]
  [ComfyUI] xatlas: Packing charts:   0%|          | 0/100 [00:00<?, ?it/s]
  [ComfyUI] xatlas: Packing charts:   1%|          | 1/100 [00:00<00:09, 10.50it/s]
  [ComfyUI] xatlas: Packing charts:   2%|▏         | 2/100 [00:00<00:07, 13.30it/s]
  [ComfyUI] xatlas: Packing charts:   3%|▎         | 3/100 [00:00<00:06, 15.87it/s]
  [ComfyUI] xatlas: Packing charts:   4%|▍         | 4/100 [00:00<00:05, 18.53it/s]
  [ComfyUI] xatlas: Packing charts:   5%|▌         | 5/100 [00:00<00:04, 20.96it/s]
  [ComfyUI] xatlas: Packing charts:   6%|▌         | 6/100 [00:00<00:04, 23.38it/s]
  [ComfyUI] xatlas: Packing charts:   7%|▋         | 7/100 [00:00<00:03, 25.34it/s]
  [ComfyUI] xatlas: Packing charts:   8%|▊         | 8/100 [00:00<00:03, 27.27it/s]
  [ComfyUI] xatlas: Packing charts:   9%|▉         | 9/100 [00:00<00:03, 29.34it/s]
  [ComfyUI] xatlas: Packing charts:  10%|█         | 10/100 [00:00<00:02, 31.34it/s]
  [ComfyUI] xatlas: Packing charts:  11%|█         | 11/100 [00:00<00:02, 33.35it/s]
  [ComfyUI] xatlas: Packing charts:  12%|█▏        | 12/100 [00:00<00:02, 35.28it/s]
  [ComfyUI] xatlas: Packing charts:  13%|█▎        | 13/100 [00:00<00:02, 37.23it/s]
  [ComfyUI] xatlas: Packing charts:  14%|█▍        | 14/100 [00:00<00:02, 39.17it/s]
  [ComfyUI] xatlas: Packing charts:  15%|█▌        | 15/100 [00:00<00:02, 41.17it/s]
  [ComfyUI] xatlas: Packing charts:  16%|█▌        | 16/100 [00:00<00:01, 43.11it/s]
  [ComfyUI] xatlas: Packing charts:  17%|█▋        | 17/100 [00:00<00:01, 45.05it/s]
  [ComfyUI] xatlas: Packing charts:  18%|█▊        | 18/100 [00:00<00:01, 46.99it/s]
  [ComfyUI] xatlas: Packing charts:  19%|█▉        | 19/100 [00:00<00:01, 48.98it/s]
  [ComfyUI] xatlas: Packing charts:  20%|██        | 20/100 [00:00<00:01, 50.99it/s]
  [ComfyUI] xatlas: Packing charts:  21%|██        | 21/100 [00:00<00:01, 52.99it/s]
  [ComfyUI] xatlas: Packing charts:  22%|██▏       | 22/100 [00:00<00:01, 54.94it/s]
  [ComfyUI] xatlas: Packing charts:  23%|██▎       | 23/100 [00:00<00:01, 56.89it/s]
  [ComfyUI] xatlas: Packing charts:  24%|██▍       | 24/100 [00:00<00:01, 58.80it/s]
  [ComfyUI] xatlas: Packing charts:  25%|██▌       | 25/100 [00:00<00:01, 60.74it/s]
  [ComfyUI] xatlas: Packing charts:  26%|██▌       | 26/100 [00:00<00:01, 62.57it/s]
  [ComfyUI] xatlas: Packing charts:  27%|██▋       | 27/100 [00:00<00:01, 64.39it/s]
  [ComfyUI] xatlas: Packing charts:  28%|██▊       | 28/100 [00:00<00:01, 66.18it/s]
  [ComfyUI] xatlas: Packing charts:  29%|██▉       | 29/100 [00:00<00:01, 68.05it/s]
  [ComfyUI] xatlas: Packing charts:  30%|███       | 30/100 [00:00<00:01, 69.92it/s]
  [ComfyUI] xatlas: Packing charts:  31%|███       | 31/100 [00:00<00:00, 71.80it/s]
  [ComfyUI] xatlas: Packing charts:  32%|███▏      | 32/100 [00:00<00:00, 73.69it/s]
  [ComfyUI] xatlas: Packing charts:  33%|███▎      | 33/100 [00:00<00:00, 75.56it/s]
  [ComfyUI] xatlas: Packing charts:  34%|███▍      | 34/100 [00:00<00:00, 77.52it/s]
  [ComfyUI] xatlas: Packing charts:  35%|███▌      | 35/100 [00:00<00:00, 79.41it/s]
  [ComfyUI] xatlas: Packing charts:  36%|███▌      | 36/100 [00:00<00:00, 81.34it/s]
  [ComfyUI] xatlas: Packing charts:  37%|███▋      | 37/100 [00:00<00:00, 83.29it/s]
  [ComfyUI] xatlas: Packing charts:  38%|███▊      | 38/100 [00:00<00:00, 85.21it/s]
  [ComfyUI] xatlas: Packing charts:  39%|███▉      | 39/100 [00:00<00:00, 87.19it/s]
  [ComfyUI] xatlas: Packing charts:  40%|████      | 40/100 [00:00<00:00, 89.15it/s]
  [ComfyUI] xatlas: Packing charts:  41%|████      | 41/100 [00:00<00:00, 91.12it/s]
  [ComfyUI] xatlas: Packing charts:  42%|████▏     | 42/100 [00:00<00:00, 93.10it/s]
  [ComfyUI] xatlas: Packing charts:  43%|████▎     | 43/100 [00:00<00:00, 95.09it/s]
  [ComfyUI] xatlas: Packing charts:  44%|████▍     | 44/100 [00:00<00:00, 97.08it/s]
  [ComfyUI] xatlas: Packing charts:  45%|████▌     | 45/100 [00:00<00:00, 99.10it/s]
  [ComfyUI] xatlas: Packing charts:  46%|████▌     | 46/100 [00:00<00:00, 101.11it/s]
  [ComfyUI] xatlas: Packing charts:  47%|████▋     | 47/100 [00:00<00:00, 103.07it/s]
  [ComfyUI] xatlas: Packing charts:  48%|████▊     | 48/100 [00:00<00:00, 105.09it/s]
  [ComfyUI] xatlas: Packing charts:  49%|████▉     | 49/100 [00:00<00:00, 107.11it/s]
  [ComfyUI] xatlas: Packing charts:  50%|█████     | 50/100 [00:00<00:00, 109.11it/s]
  [ComfyUI] xatlas: Packing charts:  51%|█████     | 51/100 [00:00<00:00, 111.13it/s]
  [ComfyUI] xatlas: Packing charts:  52%|█████▏    | 52/100 [00:00<00:00, 113.16it/s]
  [ComfyUI] xatlas: Packing charts:  53%|█████▎    | 53/100 [00:00<00:00, 115.19it/s]
  [ComfyUI] xatlas: Packing charts:  54%|█████▍    | 54/100 [00:00<00:00, 117.21it/s]
  [ComfyUI] xatlas: Packing charts:  55%|█████▌    | 55/100 [00:00<00:00, 119.23it/s]
  [ComfyUI] xatlas: Packing charts:  56%|█████▌    | 56/100 [00:00<00:00, 121.26it/s]
  [ComfyUI] xatlas: Packing charts:  57%|█████▋    | 57/100 [00:00<00:00, 123.30it/s]
  [ComfyUI] xatlas: Packing charts:  58%|█████▊    | 58/100 [00:00<00:00, 125.33it/s]
  [ComfyUI] xatlas: Packing charts:  59%|█████▉    | 59/100 [00:00<00:00, 127.37it/s]
  [ComfyUI] xatlas: Packing charts:  60%|██████    | 60/100 [00:00<00:00, 129.41it/s]
  [ComfyUI] xatlas: Packing charts:  61%|██████    | 61/100 [00:00<00:00, 131.43it/s]
  [ComfyUI] xatlas: Packing charts:  62%|██████▏   | 62/100 [00:00<00:00, 133.48it/s]
  [ComfyUI] xatlas: Packing charts:  63%|██████▎   | 63/100 [00:00<00:00, 135.51it/s]
  [ComfyUI] xatlas: Packing charts:  64%|██████▍   | 64/100 [00:00<00:00, 137.56it/s]
  [ComfyUI] xatlas: Packing charts:  65%|██████▌   | 65/100 [00:00<00:00, 139.60it/s]
  [ComfyUI] xatlas: Packing charts:  66%|██████▌   | 66/100 [00:00<00:00, 141.64it/s]
  [ComfyUI] xatlas: Packing charts:  67%|██████▋   | 67/100 [00:00<00:00, 143.67it/s]
  [ComfyUI] xatlas: Packing charts:  68%|██████▊   | 68/100 [00:00<00:00, 145.71it/s]
  [ComfyUI] xatlas: Packing charts:  69%|██████▉   | 69/100 [00:00<00:00, 147.75it/s]
  [ComfyUI] xatlas: Packing charts:  70%|███████   | 70/100 [00:00<00:00, 149.79it/s]
  [ComfyUI] xatlas: Packing charts:  71%|███████   | 71/100 [00:00<00:00, 151.85it/s]
  [ComfyUI] xatlas: Packing charts:  72%|███████▏  | 72/100 [00:00<00:00, 153.89it/s]
  [ComfyUI] xatlas: Packing charts:  73%|███████▎  | 73/100 [00:00<00:00, 155.93it/s]
  [ComfyUI] xatlas: Packing charts:  74%|███████▍  | 74/100 [00:00<00:00, 157.97it/s]
  [ComfyUI] xatlas: Packing charts:  75%|███████▌  | 75/100 [00:00<00:00, 160.02it/s]
  [ComfyUI] xatlas: Packing charts:  76%|███████▌  | 76/100 [00:00<00:00, 162.05it/s]
  [ComfyUI] xatlas: Packing charts:  77%|███████▋  | 77/100 [00:00<00:00, 164.11it/s]
  [ComfyUI] xatlas: Packing charts:  78%|███████▊  | 78/100 [00:00<00:00, 166.17it/s]
  [ComfyUI] xatlas: Packing charts:  79%|███████▉  | 79/100 [00:00<00:00, 168.22it/s]
  [ComfyUI] xatlas: Packing charts:  80%|████████  | 80/100 [00:00<00:00, 170.27it/s]
  [ComfyUI] xatlas: Packing charts:  81%|████████  | 81/100 [00:00<00:00, 172.32it/s]
  [ComfyUI] xatlas: Packing charts:  82%|████████▏ | 82/100 [00:00<00:00, 174.37it/s]
  [ComfyUI] xatlas: Packing charts:  83%|████████▎ | 83/100 [00:00<00:00, 176.42it/s]
  [ComfyUI] xatlas: Packing charts:  84%|████████▍ | 84/100 [00:00<00:00, 178.47it/s]
  [ComfyUI] xatlas: Packing charts:  85%|████████▌ | 85/100 [00:00<00:00, 180.54it/s]
  [ComfyUI] xatlas: Packing charts:  86%|████████▌ | 86/100 [00:00<00:00, 182.61it/s]
  [ComfyUI] xatlas: Packing charts:  87%|████████▋ | 87/100 [00:00<00:00, 184.67it/s]
  [ComfyUI] xatlas: Packing charts:  88%|████████▊ | 88/100 [00:00<00:00, 186.74it/s]
  [ComfyUI] xatlas: Packing charts:  89%|████████▉ | 89/100 [00:00<00:00, 188.80it/s]
  [ComfyUI] xatlas: Packing charts:  90%|█████████ | 90/100 [00:00<00:00, 190.87it/s]
  [ComfyUI] xatlas: Packing charts:  91%|█████████ | 91/100 [00:00<00:00, 192.92it/s]
  [ComfyUI] xatlas: Packing charts:  92%|█████████▏| 92/100 [00:00<00:00, 194.98it/s]
  [ComfyUI] xatlas: Packing charts:  93%|█████████▎| 93/100 [00:00<00:00, 197.04it/s]
  [ComfyUI] xatlas: Packing charts:  94%|█████████▍| 94/100 [00:00<00:00, 199.09it/s]
  [ComfyUI] xatlas: Packing charts:  95%|█████████▌| 95/100 [00:00<00:00, 201.15it/s]
  [ComfyUI] xatlas: Packing charts:  96%|█████████▌| 96/100 [00:00<00:00, 203.21it/s]
  [ComfyUI] xatlas: Packing charts:  97%|█████████▋| 97/100 [00:00<00:00, 205.27it/s]
  [ComfyUI] xatlas: Packing charts:  98%|█████████▊| 98/100 [00:00<00:00, 207.34it/s]
  [ComfyUI] xatlas: Packing charts:  99%|█████████▉| 99/100 [00:00<00:00, 209.40it/s]
  [ComfyUI] xatlas: Packing charts: 100%|██████████| 100/100 [00:00<00:00, 211.46it/s]
  [ComfyUI] xatlas: Packing charts: 100%|██████████| 100/100 [00:00<00:00, 210.97it/s]
  [ComfyUI] 
  [ComfyUI] xatlas: Building output meshes:   0%|          | 0/100 [00:00<?, ?it/s]
  [ComfyUI] xatlas: Building output meshes:   0%|          | 0/100 [00:00<?, ?it/s]
  [ComfyUI] xatlas: Building output meshes:   1%|          | 1/100 [00:00<00:00, 1028.52it/s]
  [ComfyUI] xatlas: Building output meshes:   2%|▏         | 2/100 [00:00<00:00, 432.20it/s]
  [ComfyUI] xatlas: Building output meshes:   3%|▎         | 3/100 [00:00<00:00, 509.86it/s]
  [ComfyUI] xatlas: Building output meshes:   4%|▍         | 4/100 [00:00<00:00, 622.72it/s]
  [ComfyUI] xatlas: Building output meshes:   5%|▌         | 5/100 [00:00<00:00, 635.89it/s]
  [ComfyUI] xatlas: Building output meshes:   6%|▌         | 6/100 [00:00<00:00, 707.66it/s]
  [ComfyUI] xatlas: Building output meshes:   7%|▋         | 7/100 [00:00<00:00, 765.28it/s]
  [ComfyUI] xatlas: Building output meshes:   8%|▊         | 8/100 [00:00<00:00, 860.00it/s]
  [ComfyUI] xatlas: Building output meshes:   9%|▉         | 9/100 [00:00<00:00, 820.96it/s]
  [ComfyUI] xatlas: Building output meshes:  10%|█         | 10/100 [00:00<00:00, 868.51it/s]
  [ComfyUI] xatlas: Building output meshes:  11%|█         | 11/100 [00:00<00:00, 944.47it/s]
  [ComfyUI] xatlas: Building output meshes:  12%|█▏        | 12/100 [00:00<00:00, 987.44it/s]
  [ComfyUI] xatlas: Building output meshes:  13%|█▎        | 13/100 [00:00<00:00, 1028.27it/s]
  [ComfyUI] xatlas: Building output meshes:  14%|█▍        | 14/100 [00:00<00:00, 1069.92it/s]
  [ComfyUI] xatlas: Building output meshes:  15%|█▌        | 15/100 [00:00<00:00, 1108.35it/s]
  [ComfyUI] xatlas: Building output meshes:  16%|█▌        | 16/100 [00:00<00:00, 1131.28it/s]
  [ComfyUI] xatlas: Building output meshes:  17%|█▋        | 17/100 [00:00<00:00, 1189.67it/s]
  [ComfyUI] xatlas: Building output meshes:  18%|█▊        | 18/100 [00:00<00:00, 1250.19it/s]
  [ComfyUI] xatlas: Building output meshes:  19%|█▉        | 19/100 [00:00<00:00, 1309.54it/s]
  [ComfyUI] xatlas: Building output meshes:  20%|██        | 20/100 [00:00<00:00, 1366.31it/s]
  [ComfyUI] xatlas: Building output meshes:  21%|██        | 21/100 [00:00<00:00, 1361.13it/s]
  [ComfyUI] xatlas: Building output meshes:  22%|██▏       | 22/100 [00:00<00:00, 1414.84it/s]
  [ComfyUI] xatlas: Building output meshes:  23%|██▎       | 23/100 [00:00<00:00, 1442.46it/s]
  [ComfyUI] xatlas: Building output meshes:  24%|██▍       | 24/100 [00:00<00:00, 1364.35it/s]
  [ComfyUI] xatlas: Building output meshes:  25%|██▌       | 25/100 [00:00<00:00, 1408.94it/s]
  [ComfyUI] xatlas: Building output meshes:  26%|██▌       | 26/100 [00:00<00:00, 1455.34it/s]
  [ComfyUI] xatlas: Building output meshes:  27%|██▋       | 27/100 [00:00<00:00, 1435.24it/s]
  [ComfyUI] xatlas: Building output meshes:  28%|██▊       | 28/100 [00:00<00:00, 1477.16it/s]
  [ComfyUI] xatlas: Building output meshes:  29%|██▉       | 29/100 [00:00<00:00, 1485.87it/s]
  [ComfyUI] xatlas: Building output meshes:  30%|███       | 30/100 [00:00<00:00, 1331.65it/s]
  [ComfyUI] xatlas: Building output meshes:  31%|███       | 31/100 [00:00<00:00, 1155.26it/s]
  [ComfyUI] xatlas: Building output meshes:  32%|███▏      | 32/100 [00:00<00:00, 1162.08it/s]
  [ComfyUI] xatlas: Building output meshes:  33%|███▎      | 33/100 [00:00<00:00, 1150.83it/s]
  [ComfyUI] xatlas: Building output meshes:  34%|███▍      | 34/100 [00:00<00:00, 1164.13it/s]
  [ComfyUI] xatlas: Building output meshes:  35%|███▌      | 35/100 [00:00<00:00, 1194.41it/s]
  [ComfyUI] xatlas: Building output meshes:  36%|███▌      | 36/100 [00:00<00:00, 1223.72it/s]
  [ComfyUI] xatlas: Building output meshes:  37%|███▋      | 37/100 [00:00<00:00, 1253.20it/s]
  [ComfyUI] xatlas: Building output meshes:  38%|███▊      | 38/100 [00:00<00:00, 1274.41it/s]
  [ComfyUI] xatlas: Building output meshes:  39%|███▉      | 39/100 [00:00<00:00, 1284.17it/s]
  [ComfyUI] xatlas: Building output meshes:  40%|████      | 40/100 [00:00<00:00, 1243.69it/s]
  [ComfyUI] xatlas: Building output meshes:  41%|████      | 41/100 [00:00<00:00, 1204.93it/s]
  [ComfyUI] xatlas: Building output meshes:  42%|████▏     | 42/100 [00:00<00:00, 1179.39it/s]
  [ComfyUI] xatlas: Building output meshes:  43%|████▎     | 43/100 [00:00<00:00, 1069.47it/s]
  [ComfyUI] xatlas: Building output meshes:  44%|████▍     | 44/100 [00:00<00:00, 1052.34it/s]
  [ComfyUI] xatlas: Building output meshes:  45%|████▌     | 45/100 [00:00<00:00, 1013.78it/s]
  [ComfyUI] xatlas: Building output meshes:  46%|████▌     | 46/100 [00:00<00:00, 988.23it/s]
  [ComfyUI] xatlas: Building output meshes:  47%|████▋     | 47/100 [00:00<00:00, 978.83it/s]
  [ComfyUI] xatlas: Building output meshes:  48%|████▊     | 48/100 [00:00<00:00, 960.99it/s]
  [ComfyUI] xatlas: Building output meshes:  49%|████▉     | 49/100 [00:00<00:00, 954.57it/s]
  [ComfyUI] xatlas: Building output meshes:  50%|█████     | 50/100 [00:00<00:00, 942.89it/s]
  [ComfyUI] xatlas: Building output meshes:  51%|█████     | 51/100 [00:00<00:00, 940.97it/s]
  [ComfyUI] xatlas: Building output meshes:  52%|█████▏    | 52/100 [00:00<00:00, 933.20it/s]
  [ComfyUI] xatlas: Building output meshes:  53%|█████▎    | 53/100 [00:00<00:00, 918.44it/s]
  [ComfyUI] xatlas: Building output meshes:  54%|█████▍    | 54/100 [00:00<00:00, 912.06it/s]
  [ComfyUI] xatlas: Building output meshes:  55%|█████▌    | 55/100 [00:00<00:00, 913.35it/s]
  [ComfyUI] xatlas: Building output meshes:  56%|█████▌    | 56/100 [00:00<00:00, 911.14it/s]
  [ComfyUI] xatlas: Building output meshes:  57%|█████▋    | 57/100 [00:00<00:00, 899.29it/s]
  [ComfyUI] xatlas: Building output meshes:  58%|█████▊    | 58/100 [00:00<00:00, 897.40it/s]
  [ComfyUI] xatlas: Building output meshes:  59%|█████▉    | 59/100 [00:00<00:00, 892.25it/s]
  [ComfyUI] xatlas: Building output meshes:  60%|██████    | 60/100 [00:00<00:00, 892.67it/s]
  [ComfyUI] xatlas: Building output meshes:  61%|██████    | 61/100 [00:00<00:00, 890.73it/s]
  [ComfyUI] xatlas: Building output meshes:  62%|██████▏   | 62/100 [00:00<00:00, 896.12it/s]
  [ComfyUI] xatlas: Building output meshes:  63%|██████▎   | 63/100 [00:00<00:00, 901.08it/s]
  [ComfyUI] xatlas: Building output meshes:  64%|██████▍   | 64/100 [00:00<00:00, 905.80it/s]
  [ComfyUI] xatlas: Building output meshes:  65%|██████▌   | 65/100 [00:00<00:00, 901.70it/s]
  [ComfyUI] xatlas: Building output meshes:  66%|██████▌   | 66/100 [00:00<00:00, 899.36it/s]
  [ComfyUI] xatlas: Building output meshes:  67%|██████▋   | 67/100 [00:00<00:00, 910.92it/s]
  [ComfyUI] xatlas: Building output meshes:  68%|██████▊   | 68/100 [00:00<00:00, 900.30it/s]
  [ComfyUI] xatlas: Building output meshes:  69%|██████▉   | 69/100 [00:00<00:00, 900.73it/s]
  [ComfyUI] xatlas: Building output meshes:  70%|███████   | 70/100 [00:00<00:00, 900.32it/s]
  [ComfyUI] xatlas: Building output meshes:  71%|███████   | 71/100 [00:00<00:00, 910.30it/s]
  [ComfyUI] xatlas: Building output meshes:  72%|███████▏  | 72/100 [00:00<00:00, 921.22it/s]
  [ComfyUI] xatlas: Building output meshes:  73%|███████▎  | 73/100 [00:00<00:00, 932.66it/s]
  [ComfyUI] xatlas: Building output meshes:  74%|███████▍  | 74/100 [00:00<00:00, 943.90it/s]
  [ComfyUI] xatlas: Building output meshes:  75%|███████▌  | 75/100 [00:00<00:00, 955.08it/s]
  [ComfyUI] xatlas: Building output meshes:  76%|███████▌  | 76/100 [00:00<00:00, 966.06it/s]
  [ComfyUI] xatlas: Building output meshes:  77%|███████▋  | 77/100 [00:00<00:00, 977.14it/s]
  [ComfyUI] xatlas: Building output meshes:  78%|███████▊  | 78/100 [00:00<00:00, 984.66it/s]
  [ComfyUI] xatlas: Building output meshes:  79%|███████▉  | 79/100 [00:00<00:00, 996.11it/s]
  [ComfyUI] xatlas: Building output meshes:  80%|████████  | 80/100 [00:00<00:00, 1007.30it/s]
  [ComfyUI] xatlas: Building output meshes:  81%|████████  | 81/100 [00:00<00:00, 1014.74it/s]
  [ComfyUI] xatlas: Building output meshes:  82%|████████▏ | 82/100 [00:00<00:00, 1025.52it/s]
  [ComfyUI] xatlas: Building output meshes:  83%|████████▎ | 83/100 [00:00<00:00, 1036.77it/s]
  [ComfyUI] xatlas: Building output meshes:  84%|████████▍ | 84/100 [00:00<00:00, 1046.15it/s]
  [ComfyUI] xatlas: Building output meshes:  85%|████████▌ | 85/100 [00:00<00:00, 1057.33it/s]
  [ComfyUI] xatlas: Building output meshes:  86%|████████▌ | 86/100 [00:00<00:00, 1063.16it/s]
  [ComfyUI] xatlas: Building output meshes:  87%|████████▋ | 87/100 [00:00<00:00, 1069.74it/s]
  [ComfyUI] xatlas: Building output meshes:  88%|████████▊ | 88/100 [00:00<00:00, 1080.77it/s]
  [ComfyUI] xatlas: Building output meshes:  89%|████████▉ | 89/100 [00:00<00:00, 1091.85it/s]
  [ComfyUI] xatlas: Building output meshes:  90%|█████████ | 90/100 [00:00<00:00, 1099.34it/s]
  [ComfyUI] xatlas: Building output meshes:  91%|█████████ | 91/100 [00:00<00:00, 1109.90it/s]
  [ComfyUI] xatlas: Building output meshes:  92%|█████████▏| 92/100 [00:00<00:00, 1120.78it/s]
  [ComfyUI] xatlas: Building output meshes:  93%|█████████▎| 93/100 [00:00<00:00, 1131.32it/s]
  [ComfyUI] xatlas: Building output meshes:  94%|█████████▍| 94/100 [00:00<00:00, 1142.37it/s]
  [ComfyUI] xatlas: Building output meshes:  95%|█████████▌| 95/100 [00:00<00:00, 1152.86it/s]
  [ComfyUI] xatlas: Building output meshes:  96%|█████████▌| 96/100 [00:00<00:00, 1163.34it/s]
  [ComfyUI] xatlas: Building output meshes:  97%|█████████▋| 97/100 [00:00<00:00, 1168.26it/s]
  [ComfyUI] xatlas: Building output meshes:  98%|█████████▊| 98/100 [00:00<00:00, 1171.30it/s]
  [ComfyUI] xatlas: Building output meshes:  99%|█████████▉| 99/100 [00:00<00:00, 1127.09it/s]
  [ComfyUI] xatlas: Building output meshes: 100%|██████████| 100/100 [00:00<00:00, 1124.29it/s]
  [ComfyUI] xatlas: Building output meshes: 100%|██████████| 100/100 [00:00<00:00, 1119.42it/s]
  [ComfyUI] 
  [ComfyUI] Gathering results from xatlas:   0%|          | 0/3871 [00:00<?, ?it/s]
  [ComfyUI] Gathering results from xatlas:  68%|██████▊   | 2629/3871 [00:00<00:00, 26177.19it/s]
  [ComfyUI] Gathering results from xatlas: 100%|██████████| 3871/3871 [00:00<00:00, 27802.15it/s]
  [ComfyUI] [worker:ComfyUI-TRELLIS2] [ProcessMesh] After UV unwrap: 344999 verts, 472031 faces (alloc=9MB)
  [ComfyUI] [worker:ComfyUI-TRELLIS2] [ProcessMesh] Welding vertices (digits=4)... (alloc=9MB)
  [capture-loop] iter=5900 t=676.9s state={'complete': False, 'error': None, 'executedCount': 1, 'wsState': 1} eval_ms=2
  [ComfyUI] [worker:ComfyUI-TRELLIS2] [ProcessMesh] After weld: removed 100179 verts, now 244820 verts, 472015 faces (alloc=9MB)
  [ComfyUI] [worker:ComfyUI-TRELLIS2] [ProcessMesh] Done: 244820 verts, 472015 faces (alloc=9MB)
  [ComfyUI] [worker:ComfyUI-TRELLIS2] [VRAM] ProcessMesh done: alloc=9MB reserved=24MB peak=1788MB
  [ComfyUI] [SubprocessWorker] got response: ok
  [ComfyUI] [comfy-env] Trellis2ProcessMesh done (127.22s): result: NodeOutput
  [ComfyUI] [VRAM] After Trellis2ProcessMesh: 559 / 7703 MB
  [ComfyUI] [comfy-env] Running GeomPackPreviewMeshVTK: mode: 'fields', trimesh: Trimesh
  [ComfyUI] [VRAM] Before GeomPackPreviewMeshVTK: 559 / 7703 MB
  [ComfyUI] [SubprocessWorker] call_method: nodes.main.visualization.preview_mesh_vtk.PreviewMeshVTKNode.EXECUTE_NORMALIZED
  [ComfyUI] [SubprocessWorker] acquired lock, ensuring started...
  [ComfyUI] [ComfyUI-GeometryPack] Health check: ping (timeout=5.0s)...
  [ComfyUI] [ComfyUI-GeometryPack] Health check: failed
  [ComfyUI] [ComfyUI-GeometryPack] Socket unhealthy, restarting worker...
  [ComfyUI] [ComfyUI-GeometryPack] python: /workspaces/TRELLIS2-0211/ComfyUI/.ce/.pixi/envs/geometrypack-main/bin/python
  [ComfyUI] [ComfyUI-GeometryPack] sys_path sent to worker: ['/workspaces/TRELLIS2-0211/ComfyUI', '/workspaces/TRELLIS2-0211/ComfyUI/custom_nodes/ComfyUI-GeometryPack', '/workspaces/TRELLIS2-0211/ComfyUI/.ce/.pixi/envs/geometrypack-main/lib/python3.1/site-packages', '/workspaces/TRELLIS2-0211/ComfyUI/custom_nodes/ComfyUI-GeometryPack']
  [ComfyUI] [SubprocessWorker] is_pixi=True, python=/workspaces/TRELLIS2-0211/ComfyUI/.ce/.pixi/envs/geometrypack-main/bin/python
  [ComfyUI] [SubprocessWorker] launching cmd=['/root/.local/bin/pixi', 'run', '--as-is', '--manifest-path', '/workspaces/TRELLIS2-0211/ComfyUI/.ce/pixi.toml', '-e', 'geometrypack-main', 'python', '/tmp/comfyui_pvenv_movj16cw/persistent_worker.py', 'abstract://comfy_worker_83989bdf3c17']...
  [ComfyUI] [SubprocessWorker] socket_addr=abstract://comfy_worker_83989bdf3c17 (abstract, no filesystem path)
  [ComfyUI] Traceback (most recent call last):
  [ComfyUI]   File "/tmp/comfyui_pvenv_movj16cw/persistent_worker.py", line 1794, in <module>
  [ComfyUI]     main()
  [ComfyUI]   File "/tmp/comfyui_pvenv_movj16cw/persistent_worker.py", line 1654, in main
  [ComfyUI]     transport.send({"status": "pong", "call_id": _current_call_id})
  [ComfyUI]   File "/tmp/comfyui_pvenv_movj16cw/persistent_worker.py", line 1075, in send
  [ComfyUI]     self._sock.sendall(msg)
  [ComfyUI] BrokenPipeError: [Errno 32] Broken pipe
  Frame 72 saved (frame_071.jpg, t=679.9s)
  [capture-periodic] freeze=1ms shot=167ms unfreeze=5ms saved=True
  Frame 73 saved (frame_072.jpg, t=682.2s)
  [capture-periodic] freeze=2ms shot=171ms unfreeze=8ms saved=True
  [ComfyUI] [worker:ComfyUI-GeometryPack] WARNING: WARNING: You need pytorch with cu130 or higher to use optimized CUDA operations.
  [capture-loop] iter=5950 t=682.7s state={'complete': False, 'error': None, 'executedCount': 1, 'wsState': 1} eval_ms=2
  [ComfyUI] [SubprocessWorker] worker started/confirmed
  [ComfyUI] [SubprocessWorker] serializing kwargs to shm...
  [ComfyUI] [SubprocessWorker] created 1 shm blocks
  [ComfyUI] [SubprocessWorker] sending request via socket...
  [ComfyUI] [SubprocessWorker] call_id=3 sending call_method
  [ComfyUI] [worker:ComfyUI-GeometryPack] INFO: Preparing preview: Mesh - 244820 vertices, 472015 faces
  [ComfyUI] [worker:ComfyUI-GeometryPack] INFO: Mode: fields
  [ComfyUI] [worker:ComfyUI-GeometryPack] INFO: Visual data - has_visual: True, kind: texture, texture: True, vertex_colors: False
  [ComfyUI] [worker:ComfyUI-GeometryPack] INFO: Using fields mode - VTP export
  [ComfyUI] [worker:ComfyUI-GeometryPack] INFO: Exporting mesh to VTP: /workspaces/TRELLIS2-0211/ComfyUI/output/preview_vtk_3ae8275d.vtp
  [ComfyUI] [worker:ComfyUI-GeometryPack] INFO: Adding normals field (244820 vertices)
  [ComfyUI] [worker:ComfyUI-GeometryPack] INFO: Export complete: 244820 vertices, 472015 faces
  [ComfyUI] [worker:ComfyUI-GeometryPack] INFO: Exported VTP to: /workspaces/TRELLIS2-0211/ComfyUI/output/preview_vtk_3ae8275d.vtp
  [ComfyUI] [worker:ComfyUI-GeometryPack] INFO: Fields mode info: watertight=False, volume=None, area=3.5291130116923743, no fields
  [ComfyUI] [SubprocessWorker] got response: ok
  [ComfyUI] [comfy-env] GeomPackPreviewMeshVTK done (7.31s): result: NodeOutput
  [ComfyUI] [VRAM] After GeomPackPreviewMeshVTK: 559 / 7703 MB
  [ComfyUI] Prompt executed in 00:11:26
  [capture-loop] iter=6000 t=688.2s state={'complete': False, 'error': None, 'executedCount': 1, 'wsState': 1} eval_ms=2
  Frame 74 saved (frame_073.jpg, t=688.9s)
  [capture-periodic] freeze=1ms shot=463ms unfreeze=12ms saved=True
  Node executed (2 total), capturing...
  Frame 75 saved (frame_074.jpg, t=692.1s)
  [capture-node] freeze=2ms shot=215ms unfreeze=0ms saved=True
  Execution complete (t=692.1s)
  Captured 75 unique frames over 692.37s
  [debug] iframes: 1
  [debug]   iframe[0]: src=http://127.0.0.1:41888/extensions/ComfyUI-GeometryPack/viewer_vtk.html?v=1777689, canvas=486x348, rafFrozen=True
  [timing] trigger_3d_previews: 0.0s
  Saved high-quality screenshot: geometry_only_1536_executed.png
  [timing] final_screenshot: 0.9s
    Captured 76 video frames