  [ComfyUI] [comfy-env] [VRAM] Before offload 'SparseStructureFlowModel_2' (2466 MB) -> cpu: 986 / 24124 MB
Capturing execution frames: geometry_only_1024_cascade.json
  [ComfyUI] [ComfyUI-TRELLIS2] Health check: ping (timeout=5.0s)...
  [ComfyUI] [ComfyUI-TRELLIS2] Health check: ok
  [ComfyUI] [SubprocessWorker] call_id=5 sending model_to_device
  [ComfyUI] [comfy-env] [VRAM] After offload 'SparseStructureFlowModel_2' (2466 MB): 986 / 24124 MB
  [ComfyUI] [comfy-env] [VRAM] Before offload 'SLatFlowModel_4' (2464 MB) -> cpu: 986 / 24124 MB
  [ComfyUI] [ComfyUI-TRELLIS2] Health check: ping (timeout=5.0s)...
  [ComfyUI] [ComfyUI-TRELLIS2] Health check: ok
  [ComfyUI] [SubprocessWorker] call_id=6 sending model_to_device
  [ComfyUI] [comfy-env] [VRAM] After offload 'SLatFlowModel_4' (2464 MB): 986 / 24124 MB
  [ComfyUI] [comfy-env] [VRAM] Before offload 'DINOv3ViT_1' (1156 MB) -> cpu: 986 / 24124 MB
  [ComfyUI] [ComfyUI-TRELLIS2] Health check: ping (timeout=5.0s)...
  [ComfyUI] [ComfyUI-TRELLIS2] Health check: ok
  [ComfyUI] [SubprocessWorker] call_id=7 sending model_to_device
  [ComfyUI] [comfy-env] [VRAM] After offload 'DINOv3ViT_1' (1156 MB): 986 / 24124 MB
  [ComfyUI] [comfy-env] [VRAM] Before offload 'FlexiDualGridVaeDecoder_5' (904 MB) -> cpu: 986 / 24124 MB
  [ComfyUI] [ComfyUI-TRELLIS2] Health check: ping (timeout=5.0s)...
  [ComfyUI] [ComfyUI-TRELLIS2] Health check: ok
  [ComfyUI] [SubprocessWorker] call_id=8 sending model_to_device
  [ComfyUI] [comfy-env] [VRAM] After offload 'FlexiDualGridVaeDecoder_5' (904 MB): 986 / 24124 MB
  [ComfyUI] [comfy-env] [VRAM] Before offload 'SparseStructureDecoder_3' (140 MB) -> cpu: 986 / 24124 MB
  [ComfyUI] [ComfyUI-TRELLIS2] Health check: ping (timeout=5.0s)...
  [ComfyUI] [ComfyUI-TRELLIS2] Health check: ok
  [ComfyUI] [SubprocessWorker] call_id=9 sending model_to_device
  [ComfyUI] [comfy-env] [VRAM] After offload 'SparseStructureDecoder_3' (140 MB): 986 / 24124 MB
  Frame 1 saved (frame_000.jpg, t=0.0s)
  Validating workflow...
  [ComfyUI] === /validate endpoint called ===
  [ComfyUI] Received JSON with keys: ['prompt']
  Queuing workflow for execution...
  [ComfyUI] Prompt has 8 nodes
  [ComfyUI]   Node 1: LoadImage
  [ComfyUI]     Inputs: {"image": "t_logo.png"}
  [ComfyUI]   Node 10: MaskPreview
  [ComfyUI]     Inputs: {"mask": ["11", 0]}
  [ComfyUI]   Node 11: InvertMask
  [ComfyUI]     Inputs: {"mask": ["1", 1]}
  [ComfyUI]   Node 91: Trellis2GetConditioning
  [ComfyUI]     Inputs: {"background_color": "black", "model_config": ["92", 0], "image": ["1", 0], "mask": ["11", 0]}
  [ComfyUI]   Node 92: LoadTrellis2Models
  [ComfyUI]     Inputs: {"resolution": "1024_cascade", "precision": "auto", "attn_backend": "auto"}
  [ComfyUI]   Node 104: Trellis2ImageToShape
  [ComfyUI]     Inputs: {"seed": 192221883, "ss_guidance_strength": 6.5, "ss_guidance_rescale": 0.05, "ss_sampling_steps": 12, "shape_guidance_strength": 6.5, "shape_guidance_rescale": 0.05, "shape_sampling_steps": 12, "max_
  [ComfyUI]   Node 108: GeomPackPreviewMeshVTK
  [ComfyUI]     Inputs: {"mode": "fields", "preview_vtk": "{\"show_edges\":false,\"camera_state\":\"{\\\"position\\\":[0.3838627649377373,-0.832092626572901,0.6741565655413018],\\\"focalPoint\\\":[0.00004982948303222656,-0.0
  [ComfyUI]   Node 110: Trellis2ProcessMesh
  [ComfyUI]     Inputs: {"remesh": "on", "remesh.remesh_band": 1, "remesh.remove_inner_faces": true, "target_face_count": 500000, "floater_threshold": 0.001, "weld_vertices": true, "weld_digits": 4, "chart_cone_angle": 90, "
  [ComfyUI] Generated prompt_id: 54054bce-d480-42c1-a55d-193998f0cfc3
  [ComfyUI] Calling execution.validate_prompt()...
  [ComfyUI] Validation result: valid=True
  [ComfyUI] === Validation PASSED ===
  [ComfyUI] got prompt
  [ComfyUI] [comfy-env] Running LoadTrellis2Models: resolution: '1024_cascade', precision: 'auto', attn_backend: 'auto'
  [ComfyUI] [VRAM] Before LoadTrellis2Models: 986 / 24124 MB
  [ComfyUI] [SubprocessWorker] call_method: nodes.nodes_loader.LoadTrellis2Models.EXECUTE_NORMALIZED
  [ComfyUI] [SubprocessWorker] acquired lock, ensuring started...
  [ComfyUI] [ComfyUI-TRELLIS2] Health check: ping (timeout=5.0s)...
  [ComfyUI] [ComfyUI-TRELLIS2] Health check: ok
  [ComfyUI] [SubprocessWorker] worker started/confirmed
  [ComfyUI] [SubprocessWorker] serializing kwargs to shm...
  [ComfyUI] [SubprocessWorker] created 0 shm blocks
  [ComfyUI] [SubprocessWorker] sending request via socket...
  [ComfyUI] [SubprocessWorker] call_id=10 sending call_method
  [ComfyUI] [SubprocessWorker] got response: ok
  [ComfyUI] [comfy-env] LoadTrellis2Models done (0.06s): result: NodeOutput
  [ComfyUI] [VRAM] After LoadTrellis2Models: 986 / 24124 MB
  [ComfyUI] [comfy-env] Running Trellis2GetConditioning: background_color: 'black', model_config: dict, image: torch.float32 [1,1024,1024,3] cpu, mask: torch.float32 [1,1024,1024] cpu
  [ComfyUI] [VRAM] Before Trellis2GetConditioning: 986 / 24124 MB
  [ComfyUI] [SubprocessWorker] call_method: nodes.nodes_inference.Trellis2GetConditioning.EXECUTE_NORMALIZED
  [ComfyUI] [SubprocessWorker] acquired lock, ensuring started...
  [ComfyUI] [ComfyUI-TRELLIS2] Health check: ping (timeout=5.0s)...
  [ComfyUI] [ComfyUI-TRELLIS2] Health check: ok
  [ComfyUI] [SubprocessWorker] worker started/confirmed
  [ComfyUI] [comfy-env] PRE-SERIALIZE 'image' shape: torch.Size([1, 1024, 1024, 3])
  [ComfyUI] [comfy-env] PRE-SERIALIZE 'mask' shape: torch.Size([1, 1024, 1024])
  [ComfyUI] [SubprocessWorker] serializing kwargs to shm...
  [ComfyUI] [SubprocessWorker] created 0 shm blocks
  [ComfyUI] [SubprocessWorker] sending request via socket...
  [ComfyUI] [SubprocessWorker] call_id=11 sending call_method
  Node executed (1 total), capturing...
  [ComfyUI] [worker:ComfyUI-TRELLIS2] [comfy-env] _from_shm got dict with keys: ['__type__', 'strategy', 'parent_pid', 'fd', 'storage_size']
  [ComfyUI] [worker:ComfyUI-TRELLIS2] [comfy-env] DESERIALIZE TensorRef: tensor_size=[1, 1024, 1024, 3]
  [ComfyUI] [worker:ComfyUI-TRELLIS2] [comfy-env] DESERIALIZED tensor shape: torch.Size([1, 1024, 1024, 3])
  [ComfyUI] [worker:ComfyUI-TRELLIS2] [comfy-env] _from_shm got dict with keys: ['__type__', 'strategy', 'parent_pid', 'fd', 'storage_size']
  [ComfyUI] [worker:ComfyUI-TRELLIS2] [comfy-env] DESERIALIZE TensorRef: tensor_size=[1, 1024, 1024]
  [ComfyUI] [worker:ComfyUI-TRELLIS2] [comfy-env] DESERIALIZED tensor shape: torch.Size([1, 1024, 1024])
  [ComfyUI] [SubprocessWorker] callback 'request_vram_budget' from call_id=11
  [ComfyUI] [comfy-env] VRAM request: 1.21GB, free before eviction: 24.26GB
  [ComfyUI] [comfy-env] VRAM after eviction: 24.26GB
  [ComfyUI] [worker:ComfyUI-TRELLIS2] [VRAM] +384MB (now 393MB) reserved=424MB peak=3384MB
  Frame 2 saved (frame_001.jpg, t=0.8s)
  [capture-node] freeze=4ms shot=213ms unfreeze=4ms saved=True
  [ComfyUI] [worker:ComfyUI-TRELLIS2] [TRELLIS2] DinoV3 conditioning: dtype=torch.bfloat16
  [ComfyUI] [SubprocessWorker] callback 'report_progress' from call_id=11
  [ComfyUI] [SubprocessWorker] callback 'report_progress' from call_id=11
  [ComfyUI] [SubprocessWorker] callback 'report_progress' from call_id=11
  [ComfyUI] [worker:ComfyUI-TRELLIS2] [TRELLIS2] DinoV3 conditioning: dtype=torch.bfloat16
  [ComfyUI] [SubprocessWorker] callback 'report_progress' from call_id=11
  [ComfyUI] [SubprocessWorker] callback 'report_progress' from call_id=11
  [ComfyUI] [SubprocessWorker] callback 'report_progress' from call_id=11
  [ComfyUI] [SubprocessWorker] got response: ok
  [ComfyUI] [comfy-env] Trellis2GetConditioning done (1.16s): result: NodeOutput
  [ComfyUI] [VRAM] After Trellis2GetConditioning: 1026 / 24124 MB
  [ComfyUI] [comfy-env] Running Trellis2ImageToShape: seed: 192221883, ss_guidance_strength: 6.5, ss_guidance_rescale: 0.05, ss_sampling_steps: 12, shape_guidance_strength: 6.5, shape_guidance_rescale: 0.05, shape_sampling_steps: 12, max_tokens: 49152, model_config: dict, conditioning: dict
  [ComfyUI] [VRAM] Before Trellis2ImageToShape: 1026 / 24124 MB
  [ComfyUI] [SubprocessWorker] call_method: nodes.nodes_inference.Trellis2ImageToShape.EXECUTE_NORMALIZED
  [ComfyUI] [SubprocessWorker] acquired lock, ensuring started...
  [ComfyUI] [ComfyUI-TRELLIS2] Health check: ping (timeout=5.0s)...
  [ComfyUI] [ComfyUI-TRELLIS2] Health check: ok
  [ComfyUI] [SubprocessWorker] worker started/confirmed
  [ComfyUI] [SubprocessWorker] serializing kwargs to shm...
  [ComfyUI] [SubprocessWorker] created 0 shm blocks
  [ComfyUI] [SubprocessWorker] sending request via socket...
  [ComfyUI] [SubprocessWorker] call_id=12 sending call_method
  [ComfyUI] [worker:ComfyUI-TRELLIS2] [comfy-env] _from_shm got dict with keys: ['__type__', 'strategy', 'parent_pid', 'fd', 'storage_size']
  [ComfyUI] [worker:ComfyUI-TRELLIS2] [comfy-env] DESERIALIZE TensorRef: tensor_size=[1, 1029, 1024]
  [ComfyUI] [worker:ComfyUI-TRELLIS2] [comfy-env] DESERIALIZED tensor shape: torch.Size([1, 1029, 1024])
  [ComfyUI] [worker:ComfyUI-TRELLIS2] [comfy-env] _from_shm got dict with keys: ['__type__', 'strategy', 'parent_pid', 'fd', 'storage_size']
  [ComfyUI] [worker:ComfyUI-TRELLIS2] [comfy-env] DESERIALIZE TensorRef: tensor_size=[1, 1029, 1024]
  [ComfyUI] [worker:ComfyUI-TRELLIS2] [comfy-env] DESERIALIZED tensor shape: torch.Size([1, 1029, 1024])
  [ComfyUI] [worker:ComfyUI-TRELLIS2] [comfy-env] _from_shm got dict with keys: ['__type__', 'strategy', 'parent_pid', 'fd', 'storage_size']
  [ComfyUI] [worker:ComfyUI-TRELLIS2] [comfy-env] DESERIALIZE TensorRef: tensor_size=[1, 4101, 1024]
  [ComfyUI] [worker:ComfyUI-TRELLIS2] [comfy-env] DESERIALIZED tensor shape: torch.Size([1, 4101, 1024])
  [ComfyUI] [SubprocessWorker] callback 'request_vram_budget' from call_id=12
  [ComfyUI] [comfy-env] VRAM request: 2.59GB, free before eviction: 24.22GB
  [ComfyUI] [comfy-env] VRAM after eviction: 24.22GB
  [ComfyUI] [worker:ComfyUI-TRELLIS2] [VRAM] -262MB (now 132MB) reserved=144MB peak=3384MB
  [ComfyUI] [worker:ComfyUI-TRELLIS2] [TRELLIS2] sparse_structure_flow_model -> GPU: 0.6s
  [ComfyUI] [SubprocessWorker] callback 'report_progress' from call_id=12
  [ComfyUI] [worker:ComfyUI-TRELLIS2] [VRAM] +2367MB (now 2500MB) reserved=2706MB peak=3384MB
  Frame 3 saved (frame_002.jpg, t=3.1s)
  [capture-periodic] freeze=3ms shot=189ms unfreeze=3ms saved=True
  [ComfyUI] [SubprocessWorker] callback 'report_progress' from call_id=12
  [ComfyUI] [SubprocessWorker] callback 'report_progress' from call_id=12
  [ComfyUI] [SubprocessWorker] callback 'report_progress' from call_id=12
  [ComfyUI] [SubprocessWorker] callback 'report_progress' from call_id=12
  Frame 4 saved (frame_003.jpg, t=5.5s)
  [ComfyUI] [SubprocessWorker] callback 'report_progress' from call_id=12
  [capture-periodic] freeze=4ms shot=213ms unfreeze=4ms saved=True
  [ComfyUI] [SubprocessWorker] callback 'report_progress' from call_id=12
  [capture-loop] iter=50 t=6.8s state={'complete': False, 'error': None, 'executedCount': 1, 'wsState': 1} eval_ms=3 ram=18.9/31.2GB (61%) swap=2.5/32.0GB (8%) cpu=5% browser_rss=0.95GB
  [ComfyUI] [SubprocessWorker] callback 'report_progress' from call_id=12
  [ComfyUI] [SubprocessWorker] callback 'report_progress' from call_id=12
  [ComfyUI] [SubprocessWorker] callback 'report_progress' from call_id=12
  Frame 5 saved (frame_004.jpg, t=7.8s)
  [capture-periodic] freeze=3ms shot=199ms unfreeze=4ms saved=True
  [ComfyUI] [SubprocessWorker] callback 'report_progress' from call_id=12
  [ComfyUI] [SubprocessWorker] callback 'report_progress' from call_id=12
  [ComfyUI] [worker:ComfyUI-TRELLIS2] [VRAM] -333MB (now 2167MB) reserved=2708MB peak=3384MB
  [ComfyUI] [SubprocessWorker] callback 'request_vram_budget' from call_id=12
  [ComfyUI] [comfy-env] VRAM request: 0.15GB, free before eviction: 24.24GB
  [ComfyUI] [comfy-env] VRAM after eviction: 24.24GB
  [ComfyUI] [worker:ComfyUI-TRELLIS2] [TRELLIS2] sparse_structure_decoder -> GPU: 0.0s
  [ComfyUI] [SubprocessWorker] callback 'report_progress' from call_id=12
  [ComfyUI] [worker:ComfyUI-TRELLIS2] [VRAM] -2135MB (now 33MB) reserved=46MB peak=3384MB
  [ComfyUI] [SubprocessWorker] callback 'report_progress' from call_id=12
  Frame 6 saved (frame_005.jpg, t=10.1s)
  [capture-periodic] freeze=3ms shot=213ms unfreeze=8ms saved=True
  [ComfyUI] [SubprocessWorker] callback 'report_progress' from call_id=12
  [ComfyUI] [worker:ComfyUI-TRELLIS2] [TRELLIS2] Built SLatFlowModel on CPU: dtype=torch.bfloat16, 0.3s
  [ComfyUI] [SubprocessWorker] callback 'request_vram_budget' from call_id=12
  [ComfyUI] [comfy-env] VRAM request: 2.58GB, free before eviction: 24.24GB
  [ComfyUI] [comfy-env] VRAM after eviction: 24.24GB
  [ComfyUI] [worker:ComfyUI-TRELLIS2] [VRAM] +1251MB (now 1284MB) reserved=1304MB peak=3384MB
  [ComfyUI] [worker:ComfyUI-TRELLIS2] [TRELLIS2] shape_slat_flow_model_512 -> GPU: 1.5s
  [ComfyUI] [worker:ComfyUI-TRELLIS2] [VRAM] +1276MB (now 2561MB) reserved=2748MB peak=3384MB
  [ComfyUI] [SubprocessWorker] callback 'report_progress' from call_id=12
  [capture-loop] iter=100 t=13.0s state={'complete': False, 'error': None, 'executedCount': 1, 'wsState': 1} eval_ms=3 ram=18.8/31.2GB (60%) swap=2.5/32.0GB (8%) cpu=5% browser_rss=0.93GB
  [ComfyUI] [SubprocessWorker] callback 'report_progress' from call_id=12
  [ComfyUI] [SubprocessWorker] callback 'report_progress' from call_id=12
  [ComfyUI] [SubprocessWorker] callback 'report_progress' from call_id=12
  Frame 7 saved (frame_006.jpg, t=14.7s)
  [capture-periodic] freeze=3ms shot=207ms unfreeze=4ms saved=True
  [ComfyUI] [SubprocessWorker] callback 'report_progress' from call_id=12
  [ComfyUI] [SubprocessWorker] callback 'report_progress' from call_id=12
  [ComfyUI] [SubprocessWorker] callback 'report_progress' from call_id=12
  [ComfyUI] [worker:ComfyUI-TRELLIS2]
  [ComfyUI] === WATCHDOG TICK 8 ===
  [ComfyUI] [worker:ComfyUI-TRELLIS2] Thread 0x0000718ed3fff640 (most recent call first):
  [ComfyUI]   File "/root/.ce/.pixi/envs/trellis2-nodes/lib/python3.13/threading.py", line 363 in wait
  [ComfyUI]   File "/root/.ce/.pixi/envs/trellis2-nodes/lib/python3.13/threading.py", line 660 in wait
  [ComfyUI]   File "/root/.ce/.pixi/envs/trellis2-nodes/lib/python3.13/site-packages/tqdm/_monitor.py", line 60 in run
  [ComfyUI]   File "/root/.ce/.pixi/envs/trellis2-nodes/lib/python3.13/threading.py", line 1044 in _bootstrap_inner
  [ComfyUI]   File "/root/.ce/.pixi/envs/trellis2-nodes/lib/python3.13/threading.py", line 1015 in _bootstrap
  [ComfyUI] 
  [ComfyUI] Thread 0x000071916b5fc640 (most recent call first):
  [ComfyUI]   File "/root/.ce/.pixi/envs/trellis2-nodes/lib/python3.13/socket.py", line 295 in accept
  [ComfyUI]   File "/root/.ce/.pixi/envs/trellis2-nodes/lib/python3.13/multiprocessing/connection.py", line 648 in accept
  [ComfyUI]   File "/root/.ce/.pixi/envs/trellis2-nodes/lib/python3.13/multiprocessing/connection.py", line 493 in accept
  [ComfyUI]   File "/root/.ce/.pixi/envs/trellis2-nodes/lib/python3.13/multiprocessing/resource_sharer.py", line 138 in _serve
  [ComfyUI]   File "/root/.ce/.pixi/envs/trellis2-nodes/lib/python3.13/threading.py", line 995 in run
  [ComfyUI]   File "/root/.ce/.pixi/envs/trellis2-nodes/lib/python3.13/threading.py", line 1044 in _bootstrap_inner
  [ComfyUI]   File "/root/.ce/.pixi/envs/trellis2-nodes/lib/python3.13/threading.py", line 1015 in _bootstrap
  [ComfyUI] 
  [ComfyUI] Thread 0x0000718ed33ff640 (most recent call first):
  [ComfyUI]   File "/root/.ce/.pixi/envs/trellis2-nodes/lib/python3.13/threading.py", line 363 in wait
  [ComfyUI]   File "/root/.ce/.pixi/envs/trellis2-nodes/lib/python3.13/threading.py", line 660 in wait
  [ComfyUI]   File "/root/.ce/.pixi/envs/trellis2-nodes/lib/python3.13/site-packages/tqdm/_monitor.py", line 60 in run
  [ComfyUI]   File "/root/.ce/.pixi/envs/trellis2-nodes/lib/python3.13/threading.py", line 1044 in _bootstrap_inner
  [ComfyUI]   File "/root/.ce/.pixi/envs/trellis2-nodes/lib/python3.13/threading.py", line 1015 in _bootstrap
  [ComfyUI] 
  [ComfyUI] Thread 0x0000718ee0ff9640 (most recent call first):
  [ComfyUI]   File "/root/.ce/.pixi/envs/trellis2-nodes/lib/python3.13/threading.py", line 363 in wait
  [ComfyUI]   File "/root/.ce/.pixi/envs/trellis2-nodes/lib/python3.13/threading.py", line 660 in wait
  [ComfyUI]   File "/root/.ce/.pixi/envs/trellis2-nodes/lib/python3.13/site-packages/tqdm/_monitor.py", line 60 in run
  [ComfyUI]   File "/root/.ce/.pixi/envs/trellis2-nodes/lib/python3.13/threading.py", line 1044 in _bootstrap_inner
  [ComfyUI]   File "/root/.ce/.pixi/envs/trellis2-nodes/lib/python3.13/threading.py", line 1015 in _bootstrap
  [ComfyUI] 
  [ComfyUI] Thread 0x0000718ee17fa640 (most recent call first):
  [ComfyUI]   File "/root/.ce/.pixi/envs/trellis2-nodes/lib/python3.13/threading.py", line 363 in wait
  [ComfyUI]   File "/root/.ce/.pixi/envs/trellis2-nodes/lib/python3.13/threading.py", line 660 in wait
  [ComfyUI]   File "/root/.ce/.pixi/envs/trellis2-nodes/lib/python3.13/site-packages/tqdm/_monitor.py", line 60 in run
  [ComfyUI]   File "/root/.ce/.pixi/envs/trellis2-nodes/lib/python3.13/threading.py", line 1044 in _bootstrap_inner
  [ComfyUI]   File "/root/.ce/.pixi/envs/trellis2-nodes/lib/python3.13/threading.py", line 1015 in _bootstrap
  [ComfyUI] 
  [ComfyUI] Thread 0x0000718ee1ffb640 (most recent call first):
  [ComfyUI]   File "/root/.ce/.pixi/envs/trellis2-nodes/lib/python3.13/threading.py", line 363 in wait
  [ComfyUI]   File "/root/.ce/.pixi/envs/trellis2-nodes/lib/python3.13/threading.py", line 660 in wait
  [ComfyUI]   File "/root/.ce/.pixi/envs/trellis2-nodes/lib/python3.13/site-packages/tqdm/_monitor.py", line 60 in run
  [ComfyUI]   File "/root/.ce/.pixi/envs/trellis2-nodes/lib/python3.13/threading.py", line 1044 in _bootstrap_inner
  [ComfyUI]   File "/root/.ce/.pixi/envs/trellis2-nodes/lib/python3.13/threading.py", line 1015 in _bootstrap
  [ComfyUI] 
  [ComfyUI] Thread 0x0000718ee27fc640 (most recent call first):
  [ComfyUI]   File "/root/.ce/.pixi/envs/trellis2-nodes/lib/python3.13/threading.py", line 363 in wait
  [ComfyUI]   File "/root/.ce/.pixi/envs/trellis2-nodes/lib/python3.13/threading.py", line 660 in wait
  [ComfyUI]   File "/root/.ce/.pixi/envs/trellis2-nodes/lib/python3.13/site-packages/tqdm/_monitor.py", line 60 in run
  [ComfyUI]   File "/root/.ce/.pixi/envs/trellis2-nodes/lib/python3.13/threading.py", line 1044 in _bootstrap_inner
  [ComfyUI]   File "/root/.ce/.pixi/envs/trellis2-nodes/lib/python3.13/threading.py", line 1015 in _bootstrap
  [ComfyUI] 
  [ComfyUI] Thread 0x0000718ee2ffd640 (most recent call first):
  [ComfyUI]   File "/root/.ce/.pixi/envs/trellis2-nodes/lib/python3.13/threading.py", line 363 in wait
  [ComfyUI]   File "/root/.ce/.pixi/envs/trellis2-nodes/lib/python3.13/threading.py", line 660 in wait
  [ComfyUI]   File "/root/.ce/.pixi/envs/trellis2-nodes/lib/python3.13/site-packages/tqdm/_monitor.py", line 60 in run
  [ComfyUI]   File "/root/.ce/.pixi/envs/trellis2-nodes/lib/python3.13/threading.py", line 1044 in _bootstrap_inner
  [ComfyUI]   File "/root/.ce/.pixi/envs/trellis2-nodes/lib/python3.13/threading.py", line 1015 in _bootstrap
  [ComfyUI] 
  [ComfyUI] Thread 0x0000718ee37fe640 (most recent call first):
  [ComfyUI]   File "/root/.ce/.pixi/envs/trellis2-nodes/lib/python3.13/threading.py", line 363 in wait
  [ComfyUI]   File "/root/.ce/.pixi/envs/trellis2-nodes/lib/python3.13/threading.py", line 660 in wait
  [ComfyUI]   File "/root/.ce/.pixi/envs/trellis2-nodes/lib/python3.13/site-packages/tqdm/_monitor.py", line 60 in run
  [ComfyUI]   File "/root/.ce/.pixi/envs/trellis2-nodes/lib/python3.13/threading.py", line 1044 in _bootstrap_inner
  [ComfyUI]   File "/root/.ce/.pixi/envs/trellis2-nodes/lib/python3.13/threading.py", line 1015 in _bootstrap
  [ComfyUI] 
  [ComfyUI] Thread 0x0000718ee3fff640 (most recent call first):
  [ComfyUI]   File "/root/.ce/.pixi/envs/trellis2-nodes/lib/python3.13/threading.py", line 363 in wait
  [ComfyUI]   File "/root/.ce/.pixi/envs/trellis2-nodes/lib/python3.13/threading.py", line 660 in wait
  [ComfyUI]   File "/root/.ce/.pixi/envs/trellis2-nodes/lib/python3.13/site-packages/tqdm/_monitor.py", line 60 in run
  [ComfyUI]   File "/root/.ce/.pixi/envs/trellis2-nodes/lib/python3.13/threading.py", line 1044 in _bootstrap_inner
  [ComfyUI]   File "/root/.ce/.pixi/envs/trellis2-nodes/lib/python3.13/threading.py", line 1015 in _bootstrap
  [ComfyUI] 
  Frame 8 saved (frame_007.jpg, t=17.0s)
  [ComfyUI] Thread 0x0000718ef8ff9640 (most recent call first):
  [capture-periodic] freeze=3ms shot=201ms unfreeze=7ms saved=True
  [ComfyUI]   File "/root/.ce/.pixi/envs/trellis2-nodes/lib/python3.13/threading.py", line 363 in wait
  [ComfyUI]   File "/root/.ce/.pixi/envs/trellis2-nodes/lib/python3.13/threading.py", line 660 in wait
  [ComfyUI]   File "/root/.ce/.pixi/envs/trellis2-nodes/lib/python3.13/site-packages/tqdm/_monitor.py", line 60 in run
  [ComfyUI]   File "/root/.ce/.pixi/envs/trellis2-nodes/lib/python3.13/threading.py", line 1044 in _bootstrap_inner
  [ComfyUI]   File "/root/.ce/.pixi/envs/trellis2-nodes/lib/python3.13/threading.py", line 1015 in _bootstrap
  [ComfyUI] 
  [ComfyUI] Thread 0x0000718ef97fa640 (most recent call first):
  [ComfyUI]   File "/root/.ce/.pixi/envs/trellis2-nodes/lib/python3.13/threading.py", line 363 in wait
  [ComfyUI]   File "/root/.ce/.pixi/envs/trellis2-nodes/lib/python3.13/threading.py", line 660 in wait
  [ComfyUI]   File "/root/.ce/.pixi/envs/trellis2-nodes/lib/python3.13/site-packages/tqdm/_monitor.py", line 60 in run
  [ComfyUI]   File "/root/.ce/.pixi/envs/trellis2-nodes/lib/python3.13/threading.py", line 1044 in _bootstrap_inner
  [ComfyUI]   File "/root/.ce/.pixi/envs/trellis2-nodes/lib/python3.13/threading.py", line 1015 in _bootstrap
  [ComfyUI] 
  [ComfyUI] Thread 0x0000718ef9ffb640 (most recent call first):
  [ComfyUI]   File "/root/.ce/.pixi/envs/trellis2-nodes/lib/python3.13/threading.py", line 363 in wait
  [ComfyUI]   File "/root/.ce/.pixi/envs/trellis2-nodes/lib/python3.13/threading.py", line 660 in wait
  [ComfyUI]   File "/root/.ce/.pixi/envs/trellis2-nodes/lib/python3.13/site-packages/tqdm/_monitor.py", line 60 in run
  [ComfyUI]   File "/root/.ce/.pixi/envs/trellis2-nodes/lib/python3.13/threading.py", line 1044 in _bootstrap_inner
  [ComfyUI]   File "/root/.ce/.pixi/envs/trellis2-nodes/lib/python3.13/threading.py", line 1015 in _bootstrap
  [ComfyUI] 
  [ComfyUI] Thread 0x0000718efa7fc640 (most recent call first):
  [ComfyUI]   File "/root/.ce/.pixi/envs/trellis2-nodes/lib/python3.13/threading.py", line 363 in wait
  [ComfyUI]   File "/root/.ce/.pixi/envs/trellis2-nodes/lib/python3.13/threading.py", line 660 in wait
  [ComfyUI]   File "/root/.ce/.pixi/envs/trellis2-nodes/lib/python3.13/site-packages/tqdm/_monitor.py", line 60 in run
  [ComfyUI]   File "/root/.ce/.pixi/envs/trellis2-nodes/lib/python3.13/threading.py", line 1044 in _bootstrap_inner
  [ComfyUI]   File "/root/.ce/.pixi/envs/trellis2-nodes/lib/python3.13/threading.py", line 1015 in _bootstrap
  [ComfyUI] 
  [ComfyUI] Thread 0x0000718efaffd640 (most recent call first):
  [ComfyUI]   File "/root/.ce/.pixi/envs/trellis2-nodes/lib/python3.13/threading.py", line 363 in wait
  [ComfyUI]   File "/root/.ce/.pixi/envs/trellis2-nodes/lib/python3.13/threading.py", line 660 in wait
  [ComfyUI]   File "/root/.ce/.pixi/envs/trellis2-nodes/lib/python3.13/site-packages/tqdm/_monitor.py", line 60 in run
  [ComfyUI]   File "/root/.ce/.pixi/envs/trellis2-nodes/lib/python3.13/threading.py", line 1044 in _bootstrap_inner
  [ComfyUI]   File "/root/.ce/.pixi/envs/trellis2-nodes/lib/python3.13/threading.py", line 1015 in _bootstrap
  [ComfyUI] 
  [ComfyUI] Thread 0x0000718efb7fe640 (most recent call first):
  [ComfyUI]   File "/root/.ce/.pixi/envs/trellis2-nodes/lib/python3.13/threading.py", line 363 in wait
  [ComfyUI]   File "/root/.ce/.pixi/envs/trellis2-nodes/lib/python3.13/threading.py", line 660 in wait
  [ComfyUI]   File "/root/.ce/.pixi/envs/trellis2-nodes/lib/python3.13/site-packages/tqdm/_monitor.py", line 60 in run
  [ComfyUI]   File "/root/.ce/.pixi/envs/trellis2-nodes/lib/python3.13/threading.py", line 1044 in _bootstrap_inner
  [ComfyUI]   File "/root/.ce/.pixi/envs/trellis2-nodes/lib/python3.13/threading.py", line 1015 in _bootstrap
  [ComfyUI] 
  [ComfyUI] Thread 0x0000718efbfff640 (most recent call first):
  [ComfyUI]   File "/root/.ce/.pixi/envs/trellis2-nodes/lib/python3.13/threading.py", line 363 in wait
  [ComfyUI]   File "/root/.ce/.pixi/envs/trellis2-nodes/lib/python3.13/threading.py", line 660 in wait
  [ComfyUI]   File "/root/.ce/.pixi/envs/trellis2-nodes/lib/python3.13/site-packages/tqdm/_monitor.py", line 60 in run
  [ComfyUI]   File "/root/.ce/.pixi/envs/trellis2-nodes/lib/python3.13/threading.py", line 1044 in _bootstrap_inner
  [ComfyUI]   File "/root/.ce/.pixi/envs/trellis2-nodes/lib/python3.13/threading.py", line 1015 in _bootstrap
  [ComfyUI] 
  [ComfyUI] Thread 0x0000718f10a2c640 (most recent call first):
  [ComfyUI]   File "/root/.ce/.pixi/envs/trellis2-nodes/lib/python3.13/threading.py", line 363 in wait
  [ComfyUI]   File "/root/.ce/.pixi/envs/trellis2-nodes/lib/python3.13/threading.py", line 660 in wait
  [ComfyUI]   File "/root/.ce/.pixi/envs/trellis2-nodes/lib/python3.13/site-packages/tqdm/_monitor.py", line 60 in run
  [ComfyUI]   File "/root/.ce/.pixi/envs/trellis2-nodes/lib/python3.13/threading.py", line 1044 in _bootstrap_inner
  [ComfyUI]   File "/root/.ce/.pixi/envs/trellis2-nodes/lib/python3.13/threading.py", line 1015 in _bootstrap
  [ComfyUI] 
  [ComfyUI] Thread 0x0000718f1122d640 (most recent call first):
  [ComfyUI]   File "/root/.ce/.pixi/envs/trellis2-nodes/lib/python3.13/threading.py", line 363 in wait
  [ComfyUI]   File "/root/.ce/.pixi/envs/trellis2-nodes/lib/python3.13/threading.py", line 660 in wait
  [ComfyUI]   File "/root/.ce/.pixi/envs/trellis2-nodes/lib/python3.13/site-packages/tqdm/_monitor.py", line 60 in run
  [ComfyUI]   File "/root/.ce/.pixi/envs/trellis2-nodes/lib/python3.13/threading.py", line 1044 in _bootstrap_inner
  [ComfyUI]   File "/root/.ce/.pixi/envs/trellis2-nodes/lib/python3.13/threading.py", line 1015 in _bootstrap
  [ComfyUI] 
  [ComfyUI] Thread 0x0000718fbc8fb640 (most recent call first):
  [ComfyUI]   File "/root/.ce/.pixi/envs/trellis2-nodes/lib/python3.13/threading.py", line 363 in wait
  [ComfyUI]   File "/root/.ce/.pixi/envs/trellis2-nodes/lib/python3.13/threading.py", line 660 in wait
  [ComfyUI]   File "/root/.ce/.pixi/envs/trellis2-nodes/lib/python3.13/site-packages/tqdm/_monitor.py", line 60 in run
  [ComfyUI]   File "/root/.ce/.pixi/envs/trellis2-nodes/lib/python3.13/threading.py", line 1044 in _bootstrap_inner
  [ComfyUI]   File "/root/.ce/.pixi/envs/trellis2-nodes/lib/python3.13/threading.py", line 1015 in _bootstrap
  [ComfyUI] 
  [ComfyUI] Thread 0x0000718fbdffe640 (most recent call first):
  [ComfyUI]   File "/root/.ce/.pixi/envs/trellis2-nodes/lib/python3.13/threading.py", line 363 in wait
  [ComfyUI]   File "/root/.ce/.pixi/envs/trellis2-nodes/lib/python3.13/threading.py", line 660 in wait
  [ComfyUI]   File "/root/.ce/.pixi/envs/trellis2-nodes/lib/python3.13/site-packages/tqdm/_monitor.py", line 60 in run
  [ComfyUI]   File "/root/.ce/.pixi/envs/trellis2-nodes/lib/python3.13/threading.py", line 1044 in _bootstrap_inner
  [ComfyUI]   File "/root/.ce/.pixi/envs/trellis2-nodes/lib/python3.13/threading.py", line 1015 in _bootstrap
  [ComfyUI] 
  [ComfyUI] Thread 0x0000718fbe7ff640 (most recent call first):
  [ComfyUI]   File "/root/.ce/.pixi/envs/trellis2-nodes/lib/python3.13/threading.py", line 363 in wait
  [ComfyUI]   File "/root/.ce/.pixi/envs/trellis2-nodes/lib/python3.13/threading.py", line 660 in wait
  [ComfyUI]   File "/root/.ce/.pixi/envs/trellis2-nodes/lib/python3.13/site-packages/tqdm/_monitor.py", line 60 in run
  [ComfyUI]   File "/root/.ce/.pixi/envs/trellis2-nodes/lib/python3.13/threading.py", line 1044 in _bootstrap_inner
  [ComfyUI]   File "/root/.ce/.pixi/envs/trellis2-nodes/lib/python3.13/threading.py", line 1015 in _bootstrap
  [ComfyUI] 
  [ComfyUI] Thread 0x000071930cd0d640 (most recent call first):
  [ComfyUI]   File "/tmp/comfyui_pvenv_puv5rki_/persistent_worker.py", line 106 in _vram_poller
  [ComfyUI]   File "/root/.ce/.pixi/envs/trellis2-nodes/lib/python3.13/threading.py", line 995 in run
  [ComfyUI]   File "/root/.ce/.pixi/envs/trellis2-nodes/lib/python3.13/threading.py", line 1044 in _bootstrap_inner
  [ComfyUI]   File "/root/.ce/.pixi/envs/trellis2-nodes/lib/python3.13/threading.py", line 1015 in _bootstrap
  [ComfyUI] 
  [ComfyUI] Current thread 0x000071930d512640 (most recent call first):
  [ComfyUI]   File "/tmp/comfyui_pvenv_puv5rki_/persistent_worker.py", line 52 in _watchdog
  [ComfyUI]   File "/root/.ce/.pixi/envs/trellis2-nodes/lib/python3.13/threading.py", line 995 in run
  [ComfyUI]   File "/root/.ce/.pixi/envs/trellis2-nodes/lib/python3.13/threading.py", line 1044 in _bootstrap_inner
  [ComfyUI]   File "/root/.ce/.pixi/envs/trellis2-nodes/lib/python3.13/threading.py", line 1015 in _bootstrap
  [ComfyUI] 
  [ComfyUI] Thread 0x000071930db2f740 (most recent call first):
  [ComfyUI]   File "/root/.ce/.pixi/envs/trellis2-nodes/lib/python3.13/site-packages/sageattention/triton/quant_per_block_varlen.py", line 75 in per_block_int8
  [ComfyUI]   File "/root/.ce/.pixi/envs/trellis2-nodes/lib/python3.13/site-packages/sageattention/core.py", line 437 in sageattn_varlen
  [ComfyUI]   File "/root/.ce/.pixi/envs/trellis2-nodes/lib/python3.13/site-packages/comfy_sparse_attn/varlen.py", line 144 in dispatch_varlen_attention
  [ComfyUI]   File "/workspaces/TRELLIS2-0918/ComfyUI/comfy/attention_sparse.py", line 222 in sparse_scaled_dot_product_attention
  [ComfyUI]   File "/workspaces/TRELLIS2-0918/ComfyUI/custom_nodes/ComfyUI-TRELLIS2/nodes/trellis2/model.py", line 1064 in forward
  [ComfyUI]   File "/root/.ce/.pixi/envs/trellis2-nodes/lib/python3.13/site-packages/torch/nn/modules/module.py", line 1790 in _call_impl
  [ComfyUI]   File "/root/.ce/.pixi/envs/trellis2-nodes/lib/python3.13/site-packages/torch/nn/modules/module.py", line 1779 in _wrapped_call_impl
  [ComfyUI]   File "/workspaces/TRELLIS2-0918/ComfyUI/custom_nodes/ComfyUI-TRELLIS2/nodes/trellis2/model.py", line 1425 in _forward
  [ComfyUI]   File "/workspaces/TRELLIS2-0918/ComfyUI/custom_nodes/ComfyUI-TRELLIS2/nodes/trellis2/model.py", line 1442 in forward
  [ComfyUI]   File "/root/.ce/.pixi/envs/trellis2-nodes/lib/python3.13/site-packages/torch/nn/modules/module.py", line 1790 in _call_impl
  [ComfyUI]   File "/root/.ce/.pixi/envs/trellis2-nodes/lib/python3.13/site-packages/torch/nn/modules/module.py", line 1779 in _wrapped_call_impl
  [ComfyUI]   File "/workspaces/TRELLIS2-0918/ComfyUI/custom_nodes/ComfyUI-TRELLIS2/nodes/trellis2/model.py", line 1999 in _forward
  [ComfyUI]   File "/workspaces/TRELLIS2-0918/ComfyUI/comfy/patcher_extension.py", line 112 in execute
  [ComfyUI]   File "/workspaces/TRELLIS2-0918/ComfyUI/custom_nodes/ComfyUI-TRELLIS2/nodes/trellis2/model.py", line 1948 in forward
  [ComfyUI]   File "/root/.ce/.pixi/envs/trellis2-nodes/lib/python3.13/site-packages/torch/nn/modules/module.py", line 1790 in _call_impl
  [ComfyUI]   File "/root/.ce/.pixi/envs/trellis2-nodes/lib/python3.13/site-packages/torch/nn/modules/module.py", line 1779 in _wrapped_call_impl
  [ComfyUI]   File "/workspaces/TRELLIS2-0918/ComfyUI/custom_nodes/ComfyUI-TRELLIS2/nodes/trellis2/samplers/flow_euler.py", line 67 in _inference_model
  [ComfyUI]   File "/workspaces/TRELLIS2-0918/ComfyUI/custom_nodes/ComfyUI-TRELLIS2/nodes/trellis2/samplers/classifier_free_guidance_mixin.py", line 16 in _inference_model
  [ComfyUI]   File "/workspaces/TRELLIS2-0918/ComfyUI/custom_nodes/ComfyUI-TRELLIS2/nodes/trellis2/samplers/guidance_interval_mixin.py", line 11 in _inference_model
  [ComfyUI]   File "/workspaces/TRELLIS2-0918/ComfyUI/custom_nodes/ComfyUI-TRELLIS2/nodes/trellis2/samplers/flow_euler.py", line 75 in _get_model_prediction
  [ComfyUI]   File "/workspaces/TRELLIS2-0918/ComfyUI/custom_nodes/ComfyUI-TRELLIS2/nodes/trellis2/samplers/flow_euler.py", line 105 in sample_once
  [ComfyUI]   File "/root/.ce/.pixi/envs/trellis2-nodes/lib/python3.13/site-packages/torch/utils/_contextlib.py", line 124 in decorate_context
  [ComfyUI]   File "/workspaces/TRELLIS2-0918/ComfyUI/custom_nodes/ComfyUI-TRELLIS2/nodes/trellis2/samplers/flow_euler.py", line 150 in sample
  [ComfyUI]   File "/root/.ce/.pixi/envs/trellis2-nodes/lib/python3.13/site-packages/torch/utils/_contextlib.py", line 124 in decorate_context
  [ComfyUI]   File "/workspaces/TRELLIS2-0918/ComfyUI/custom_nodes/ComfyUI-TRELLIS2/nodes/trellis2/samplers/flow_euler.py", line 238 in sample
  [ComfyUI]   File "/root/.ce/.pixi/envs/trellis2-nodes/lib/python3.13/site-packages/torch/utils/_contextlib.py", line 124 in decorate_context
  [ComfyUI]   File "/workspaces/TRELLIS2-0918/ComfyUI/custom_nodes/ComfyUI-TRELLIS2/nodes/stages.py", line 560 in _sample_shape_slat_cascade
  [ComfyUI]   File "/workspaces/TRELLIS2-0918/ComfyUI/custom_nodes/ComfyUI-TRELLIS2/nodes/stages.py", line 955 in run_shape_generation
  [ComfyUI]   File "/workspaces/TRELLIS2-0918/ComfyUI/custom_nodes/ComfyUI-TRELLIS2/nodes/nodes_inference.py", line 132 in execute
  [ComfyUI]   File "/workspaces/TRELLIS2-0918/ComfyUI/comfy_api/latest/_io.py", line 1833 in EXECUTE_NORMALIZED
  [ComfyUI]   File "/tmp/comfyui_pvenv_puv5rki_/persistent_worker.py", line 1762 in main
  [ComfyUI]   File "/tmp/comfyui_pvenv_puv5rki_/persistent_worker.py", line 1807 in <module>
  [ComfyUI] 
  [ComfyUI] [worker:ComfyUI-TRELLIS2] === END ===
  [ComfyUI] 
  [ComfyUI] [SubprocessWorker] callback 'report_progress' from call_id=12
  [ComfyUI] [SubprocessWorker] callback 'report_progress' from call_id=12
  [ComfyUI] [SubprocessWorker] callback 'report_progress' from call_id=12
  [ComfyUI] [SubprocessWorker] callback 'report_progress' from call_id=12
  [ComfyUI] [SubprocessWorker] callback 'report_progress' from call_id=12
  [capture-loop] iter=150 t=19.0s state={'complete': False, 'error': None, 'executedCount': 1, 'wsState': 1} eval_ms=21 ram=18.7/31.2GB (60%) swap=2.5/32.0GB (8%) cpu=6% browser_rss=0.85GB
  [ComfyUI] [worker:ComfyUI-TRELLIS2] [VRAM] -208MB (now 2354MB) reserved=2760MB peak=3384MB
  Frame 9 saved (frame_008.jpg, t=19.4s)
  [capture-periodic] freeze=3ms shot=234ms unfreeze=8ms saved=True
  [ComfyUI] [worker:ComfyUI-TRELLIS2] [VRAM] -2319MB (now 35MB) reserved=70MB peak=3384MB
  [ComfyUI] [SubprocessWorker] callback 'request_vram_budget' from call_id=12
  [ComfyUI] [comfy-env] VRAM request: 0.95GB, free before eviction: 24.21GB
  [ComfyUI] [comfy-env] VRAM after eviction: 24.21GB
  [ComfyUI] [worker:ComfyUI-TRELLIS2] [TRELLIS2] shape_slat_decoder -> GPU: 0.2s
  [ComfyUI] [worker:ComfyUI-TRELLIS2] [vae] set max_voxels_per_tile=1000000 on 40 SparseConv3d modules
  [ComfyUI] [worker:ComfyUI-TRELLIS2] [sparse-conv] N=3,976 Ci=1024 Co=1024 feats=7MB cache=1MB (miss) w_dev=cuda:0 alloc=948MB
  [ComfyUI] [worker:ComfyUI-TRELLIS2] [VRAM] +1176MB (now 1212MB) reserved=1238MB peak=3384MB
  Frame 10 saved (frame_009.jpg, t=21.8s)
  [capture-periodic] freeze=3ms shot=206ms unfreeze=7ms saved=True
  [ComfyUI] [worker:ComfyUI-TRELLIS2] [VRAM] -202MB (now 1011MB) reserved=1478MB peak=3384MB
  [ComfyUI] [worker:ComfyUI-TRELLIS2] [VRAM] +256MB (now 1267MB) reserved=1478MB peak=3384MB
  [capture-loop] iter=200 t=25.1s state={'complete': False, 'error': None, 'executedCount': 1, 'wsState': 1} eval_ms=3 ram=19.8/31.2GB (63%) swap=2.5/32.0GB (8%) cpu=5% browser_rss=0.84GB
  [ComfyUI] [worker:ComfyUI-TRELLIS2] [VRAM] -256MB (now 1011MB) reserved=1478MB peak=3384MB
  [ComfyUI] [worker:ComfyUI-TRELLIS2] [VRAM] +256MB (now 1267MB) reserved=1478MB peak=3384MB
  [ComfyUI] [worker:ComfyUI-TRELLIS2] [VRAM] -256MB (now 1011MB) reserved=1478MB peak=3384MB
  [ComfyUI] [worker:ComfyUI-TRELLIS2] [VRAM] +256MB (now 1267MB) reserved=1478MB peak=3384MB
  [capture-loop] iter=250 t=30.8s state={'complete': False, 'error': None, 'executedCount': 1, 'wsState': 1} eval_ms=3 ram=19.8/31.2GB (64%) swap=2.5/32.0GB (8%) cpu=5% browser_rss=0.83GB
  [ComfyUI] [worker:ComfyUI-TRELLIS2] [VRAM] -319MB (now 948MB) reserved=1478MB peak=3384MB
  [ComfyUI] [worker:ComfyUI-TRELLIS2] [sparse-conv] out=7MB alloc=956MB
  [ComfyUI] [worker:ComfyUI-TRELLIS2] [sparse-conv] N=3,976 Ci=1024 Co=1024 feats=7MB cache=1MB (miss) w_dev=cuda:0 alloc=950MB
  [ComfyUI] [worker:ComfyUI-TRELLIS2] [sparse-conv] out=7MB alloc=957MB
  [ComfyUI] [worker:ComfyUI-TRELLIS2] [sparse-conv] N=3,976 Ci=1024 Co=1024 feats=7MB cache=1MB (miss) w_dev=cuda:0 alloc=950MB
  [ComfyUI] [worker:ComfyUI-TRELLIS2] [sparse-conv] out=7MB alloc=957MB
  [ComfyUI] [worker:ComfyUI-TRELLIS2] [sparse-conv] N=3,976 Ci=1024 Co=1024 feats=7MB cache=1MB (miss) w_dev=cuda:0 alloc=950MB
  [ComfyUI] [worker:ComfyUI-TRELLIS2] [sparse-conv] out=7MB alloc=957MB
  [ComfyUI] [worker:ComfyUI-TRELLIS2] [C2S3d] after subdiv: alloc=948MB
  [ComfyUI] [worker:ComfyUI-TRELLIS2] [C2S3d] after norm1: alloc=956MB
  [ComfyUI] [worker:ComfyUI-TRELLIS2] [C2S3d] pre-conv1: N=3,976 Ci=1024 Co=4096 alloc=956MB
  [ComfyUI] [worker:ComfyUI-TRELLIS2] [C2S3d] x.feats offloaded before conv1: alloc=956MB
  [ComfyUI] [worker:ComfyUI-TRELLIS2] [sparse-conv] N=3,976 Ci=1024 Co=4096 feats=7MB cache=1MB (miss) w_dev=cuda:0 alloc=957MB
  [ComfyUI] [worker:ComfyUI-TRELLIS2] [VRAM] +296MB (now 1244MB) reserved=1280MB peak=3384MB
  [capture-loop] iter=300 t=36.7s state={'complete': False, 'error': None, 'executedCount': 1, 'wsState': 1} eval_ms=3 ram=19.7/31.2GB (63%) swap=2.5/32.0GB (8%) cpu=4% browser_rss=0.83GB
  [ComfyUI] [worker:ComfyUI-TRELLIS2] [VRAM] -256MB (now 988MB) reserved=1280MB peak=3384MB
  [ComfyUI] [worker:ComfyUI-TRELLIS2] [VRAM] +349MB (now 1338MB) reserved=1400MB peak=3384MB
  [ComfyUI] [worker:ComfyUI-TRELLIS2] [VRAM] -256MB (now 1082MB) reserved=1400MB peak=3384MB
  [ComfyUI] [worker:ComfyUI-TRELLIS2] [sparse-conv] out=31MB alloc=988MB
  [ComfyUI] [worker:ComfyUI-TRELLIS2] [C2S3d] post-conv1: h=torch.Size([3976, 4096]) alloc=981MB
  [ComfyUI] [worker:ComfyUI-TRELLIS2] [C2S3d] x.feats restored from CPU: alloc=988MB
  [ComfyUI] [worker:ComfyUI-TRELLIS2] [C2S3d] pre-C2S(h): alloc=988MB
  [ComfyUI] [worker:ComfyUI-TRELLIS2] [C2S] scatter: 3,976×4096 -> 20,378×512 in=31MB out=19MB alloc=989MB
  [ComfyUI] [worker:ComfyUI-TRELLIS2] [C2S] scatter done: alloc=1009MB
  [ComfyUI] [worker:ComfyUI-TRELLIS2] [C2S3d] post-C2S(h): h=torch.Size([20378, 512]) alloc=978MB
  [ComfyUI] [worker:ComfyUI-TRELLIS2] [C2S] scatter: 3,976×1024 -> 20,378×128 in=7MB out=4MB alloc=978MB
  [ComfyUI] [worker:ComfyUI-TRELLIS2] [C2S] scatter done: alloc=983MB
  [ComfyUI] [worker:ComfyUI-TRELLIS2] [C2S3d] post-C2S(x): x=torch.Size([20378, 128]) alloc=975MB
  [ComfyUI] [worker:ComfyUI-TRELLIS2] [C2S3d] post-C2S: N=20,378 h=512ch x=128ch alloc=975MB
  [ComfyUI] [worker:ComfyUI-TRELLIS2] [C2S3d] x offloaded to CPU, pre-conv2: alloc=970MB
  [ComfyUI] [worker:ComfyUI-TRELLIS2] [C2S3d] after norm2: alloc=970MB
  [ComfyUI] [worker:ComfyUI-TRELLIS2] [C2S3d] after silu: alloc=970MB
  [ComfyUI] [worker:ComfyUI-TRELLIS2] [sparse-conv] N=20,378 Ci=512 Co=512 feats=19MB cache=5MB (miss) w_dev=cuda:0 alloc=975MB
  [capture-loop] iter=350 t=42.4s state={'complete': False, 'error': None, 'executedCount': 1, 'wsState': 1} eval_ms=3 ram=19.7/31.2GB (63%) swap=2.5/32.0GB (8%) cpu=4% browser_rss=0.83GB
  [ComfyUI] [worker:ComfyUI-TRELLIS2] [VRAM] +229MB (now 1311MB) reserved=1360MB peak=3384MB
  [ComfyUI] [worker:ComfyUI-TRELLIS2] [VRAM] -336MB (now 975MB) reserved=1360MB peak=3384MB
  [ComfyUI] [worker:ComfyUI-TRELLIS2] [VRAM] +415MB (now 1390MB) reserved=1440MB peak=3384MB
  [ComfyUI] [worker:ComfyUI-TRELLIS2] [sparse-conv] out=19MB alloc=995MB
  [ComfyUI] [worker:ComfyUI-TRELLIS2] [C2S3d] post-conv2: alloc=975MB
  [ComfyUI] [worker:ComfyUI-TRELLIS2] [C2S3d] post-conv2 (cache cleared): alloc=970MB
  [ComfyUI] [worker:ComfyUI-TRELLIS2] [C2S3d] after skip expand: alloc=990MB
  [ComfyUI] [worker:ComfyUI-TRELLIS2] [C2S3d] post-skip: alloc=970MB
  [ComfyUI] [worker:ComfyUI-TRELLIS2] [sparse-conv] N=20,378 Ci=512 Co=512 feats=19MB cache=5MB (miss) w_dev=cuda:0 alloc=967MB
  [ComfyUI] [worker:ComfyUI-TRELLIS2] [sparse-conv] out=19MB alloc=987MB
  [ComfyUI] [worker:ComfyUI-TRELLIS2] [sparse-conv] N=20,378 Ci=512 Co=512 feats=19MB cache=5MB (miss) w_dev=cuda:0 alloc=967MB
  [ComfyUI] [worker:ComfyUI-TRELLIS2] [sparse-conv] out=19MB alloc=987MB
  [ComfyUI] [worker:ComfyUI-TRELLIS2] [sparse-conv] N=20,378 Ci=512 Co=512 feats=19MB cache=5MB (miss) w_dev=cuda:0 alloc=967MB
  [ComfyUI] [worker:ComfyUI-TRELLIS2] [sparse-conv] out=19MB alloc=987MB
  [ComfyUI] [worker:ComfyUI-TRELLIS2] [sparse-conv] N=20,378 Ci=512 Co=512 feats=19MB cache=5MB (miss) w_dev=cuda:0 alloc=967MB
  [ComfyUI] [worker:ComfyUI-TRELLIS2] [sparse-conv] out=19MB alloc=987MB
  [ComfyUI] [worker:ComfyUI-TRELLIS2] [sparse-conv] N=20,378 Ci=512 Co=512 feats=19MB cache=5MB (miss) w_dev=cuda:0 alloc=967MB
  [ComfyUI] [worker:ComfyUI-TRELLIS2] [sparse-conv] out=19MB alloc=987MB
  [ComfyUI] [worker:ComfyUI-TRELLIS2] [sparse-conv] N=20,378 Ci=512 Co=512 feats=19MB cache=5MB (miss) w_dev=cuda:0 alloc=967MB
  [ComfyUI] [worker:ComfyUI-TRELLIS2] [sparse-conv] out=19MB alloc=987MB
  [ComfyUI] [worker:ComfyUI-TRELLIS2] [sparse-conv] N=20,378 Ci=512 Co=512 feats=19MB cache=5MB (miss) w_dev=cuda:0 alloc=967MB
  [ComfyUI] [worker:ComfyUI-TRELLIS2] [sparse-conv] out=19MB alloc=987MB
  [ComfyUI] [worker:ComfyUI-TRELLIS2] [sparse-conv] N=20,378 Ci=512 Co=512 feats=19MB cache=5MB (miss) w_dev=cuda:0 alloc=967MB
  [ComfyUI] [worker:ComfyUI-TRELLIS2] [sparse-conv] out=19MB alloc=987MB
  [ComfyUI] [worker:ComfyUI-TRELLIS2] [sparse-conv] N=20,378 Ci=512 Co=512 feats=19MB cache=5MB (miss) w_dev=cuda:0 alloc=967MB
  [ComfyUI] [worker:ComfyUI-TRELLIS2] [sparse-conv] out=19MB alloc=987MB
  [ComfyUI] [worker:ComfyUI-TRELLIS2] [sparse-conv] N=20,378 Ci=512 Co=512 feats=19MB cache=5MB (miss) w_dev=cuda:0 alloc=967MB
  [ComfyUI] [worker:ComfyUI-TRELLIS2] [sparse-conv] out=19MB alloc=987MB
  [ComfyUI] [worker:ComfyUI-TRELLIS2] [sparse-conv] N=20,378 Ci=512 Co=512 feats=19MB cache=5MB (miss) w_dev=cuda:0 alloc=967MB
  [ComfyUI] [worker:ComfyUI-TRELLIS2] [sparse-conv] out=19MB alloc=987MB
  [ComfyUI] [worker:ComfyUI-TRELLIS2] [sparse-conv] N=20,378 Ci=512 Co=512 feats=19MB cache=5MB (miss) w_dev=cuda:0 alloc=967MB
  [ComfyUI] [worker:ComfyUI-TRELLIS2] [sparse-conv] out=19MB alloc=987MB
  [ComfyUI] [worker:ComfyUI-TRELLIS2] [sparse-conv] N=20,378 Ci=512 Co=512 feats=19MB cache=5MB (miss) w_dev=cuda:0 alloc=967MB
  [ComfyUI] [worker:ComfyUI-TRELLIS2] [sparse-conv] out=19MB alloc=987MB
  [ComfyUI] [worker:ComfyUI-TRELLIS2] [sparse-conv] N=20,378 Ci=512 Co=512 feats=19MB cache=5MB (miss) w_dev=cuda:0 alloc=967MB
  [ComfyUI] [worker:ComfyUI-TRELLIS2] [sparse-conv] out=19MB alloc=987MB
  [ComfyUI] [worker:ComfyUI-TRELLIS2] [sparse-conv] N=20,378 Ci=512 Co=512 feats=19MB cache=5MB (miss) w_dev=cuda:0 alloc=967MB
  [ComfyUI] [worker:ComfyUI-TRELLIS2] [sparse-conv] out=19MB alloc=987MB
  [ComfyUI] [worker:ComfyUI-TRELLIS2] [sparse-conv] N=20,378 Ci=512 Co=512 feats=19MB cache=5MB (miss) w_dev=cuda:0 alloc=967MB
  [ComfyUI] [worker:ComfyUI-TRELLIS2] [sparse-conv] out=19MB alloc=987MB
  [ComfyUI] [worker:ComfyUI-TRELLIS2] [C2S3d] after subdiv: alloc=962MB
  [ComfyUI] [worker:ComfyUI-TRELLIS2] [C2S3d] after norm1: alloc=982MB
  [ComfyUI] [worker:ComfyUI-TRELLIS2] [C2S3d] pre-conv1: N=20,378 Ci=512 Co=2048 alloc=982MB
  [ComfyUI] [worker:ComfyUI-TRELLIS2] [C2S3d] x.feats offloaded before conv1: alloc=982MB
  [ComfyUI] [worker:ComfyUI-TRELLIS2] [sparse-conv] N=20,378 Ci=512 Co=2048 feats=19MB cache=5MB (miss) w_dev=cuda:0 alloc=988MB
  [ComfyUI] [worker:ComfyUI-TRELLIS2] [VRAM] -324MB (now 1067MB) reserved=1340MB peak=3384MB
  [ComfyUI] [worker:ComfyUI-TRELLIS2] [VRAM] +256MB (now 1323MB) reserved=1340MB peak=3384MB
  [ComfyUI] [worker:ComfyUI-TRELLIS2] [sparse-conv] out=79MB alloc=1067MB
  [ComfyUI] [worker:ComfyUI-TRELLIS2] [C2S3d] post-conv1: h=torch.Size([20378, 2048]) alloc=1048MB
  [ComfyUI] [worker:ComfyUI-TRELLIS2] [C2S3d] x.feats restored from CPU: alloc=1067MB
  [capture-loop] iter=400 t=48.4s state={'complete': False, 'error': None, 'executedCount': 1, 'wsState': 1} eval_ms=3 ram=19.7/31.2GB (63%) swap=2.5/32.0GB (8%) cpu=4% browser_rss=0.83GB
  [ComfyUI] [worker:ComfyUI-TRELLIS2] [C2S3d] pre-C2S(h): alloc=1067MB
  [ComfyUI] [worker:ComfyUI-TRELLIS2] [C2S] scatter: 20,378×2048 -> 97,051×256 in=79MB out=47MB alloc=1071MB
  [ComfyUI] [worker:ComfyUI-TRELLIS2] [C2S] scatter done: alloc=1119MB
  [ComfyUI] [worker:ComfyUI-TRELLIS2] [C2S3d] post-C2S(h): h=torch.Size([97051, 256]) alloc=1037MB
  [ComfyUI] [worker:ComfyUI-TRELLIS2] [C2S] scatter: 20,378×512 -> 97,051×64 in=19MB out=11MB alloc=1041MB
  [ComfyUI] [worker:ComfyUI-TRELLIS2] [C2S] scatter done: alloc=1052MB
  [ComfyUI] [worker:ComfyUI-TRELLIS2] [C2S3d] post-C2S(x): x=torch.Size([97051, 64]) alloc=1030MB
  [ComfyUI] [worker:ComfyUI-TRELLIS2] [C2S3d] post-C2S: N=97,051 h=256ch x=64ch alloc=1030MB
  [ComfyUI] [worker:ComfyUI-TRELLIS2] [C2S3d] x offloaded to CPU, pre-conv2: alloc=1017MB
  [ComfyUI] [worker:ComfyUI-TRELLIS2] [C2S3d] after norm2: alloc=1017MB
  [ComfyUI] [worker:ComfyUI-TRELLIS2] [C2S3d] after silu: alloc=1017MB
  [ComfyUI] [worker:ComfyUI-TRELLIS2] [sparse-conv] N=97,051 Ci=256 Co=256 feats=47MB cache=23MB (miss) w_dev=cuda:0 alloc=1040MB
  [ComfyUI] [worker:ComfyUI-TRELLIS2] [VRAM] -236MB (now 1088MB) reserved=1404MB peak=3384MB
  [ComfyUI] [worker:ComfyUI-TRELLIS2] [VRAM] +256MB (now 1344MB) reserved=1404MB peak=3384MB
  [ComfyUI] [worker:ComfyUI-TRELLIS2] [sparse-conv] out=47MB alloc=1088MB
  [ComfyUI] [worker:ComfyUI-TRELLIS2] [C2S3d] post-conv2: alloc=1041MB
  [ComfyUI] [worker:ComfyUI-TRELLIS2] [C2S3d] post-conv2 (cache cleared): alloc=1017MB
  [ComfyUI] [worker:ComfyUI-TRELLIS2] [C2S3d] after skip expand: alloc=1064MB
  [ComfyUI] [worker:ComfyUI-TRELLIS2] [C2S3d] post-skip: alloc=1017MB
  [ComfyUI] [worker:ComfyUI-TRELLIS2] [sparse-conv] N=97,051 Ci=256 Co=256 feats=47MB cache=23MB (miss) w_dev=cuda:0 alloc=1019MB
  [ComfyUI] [worker:ComfyUI-TRELLIS2] [sparse-conv] out=47MB alloc=1067MB
  [ComfyUI] [worker:ComfyUI-TRELLIS2] [sparse-conv] N=97,051 Ci=256 Co=256 feats=47MB cache=23MB (miss) w_dev=cuda:0 alloc=1019MB
  [ComfyUI] [worker:ComfyUI-TRELLIS2] [sparse-conv] out=47MB alloc=1067MB
  [ComfyUI] [worker:ComfyUI-TRELLIS2] [sparse-conv] N=97,051 Ci=256 Co=256 feats=47MB cache=23MB (miss) w_dev=cuda:0 alloc=1019MB
  [ComfyUI] [worker:ComfyUI-TRELLIS2] [sparse-conv] out=47MB alloc=1067MB
  [ComfyUI] [worker:ComfyUI-TRELLIS2] [sparse-conv] N=97,051 Ci=256 Co=256 feats=47MB cache=23MB (miss) w_dev=cuda:0 alloc=1019MB
  [ComfyUI] [worker:ComfyUI-TRELLIS2] [sparse-conv] out=47MB alloc=1067MB
  [ComfyUI] [worker:ComfyUI-TRELLIS2] [sparse-conv] N=97,051 Ci=256 Co=256 feats=47MB cache=23MB (miss) w_dev=cuda:0 alloc=1019MB
  [ComfyUI] [worker:ComfyUI-TRELLIS2] [sparse-conv] out=47MB alloc=1067MB
  [ComfyUI] [worker:ComfyUI-TRELLIS2] [sparse-conv] N=97,051 Ci=256 Co=256 feats=47MB cache=23MB (miss) w_dev=cuda:0 alloc=1019MB
  [ComfyUI] [worker:ComfyUI-TRELLIS2] [sparse-conv] out=47MB alloc=1067MB
  [ComfyUI] [worker:ComfyUI-TRELLIS2] [sparse-conv] N=97,051 Ci=256 Co=256 feats=47MB cache=23MB (miss) w_dev=cuda:0 alloc=1019MB
  [ComfyUI] [worker:ComfyUI-TRELLIS2] [sparse-conv] out=47MB alloc=1067MB
  [ComfyUI] [worker:ComfyUI-TRELLIS2] [sparse-conv] N=97,051 Ci=256 Co=256 feats=47MB cache=23MB (miss) w_dev=cuda:0 alloc=1019MB
  [ComfyUI] [worker:ComfyUI-TRELLIS2] [sparse-conv] out=47MB alloc=1067MB
  [ComfyUI] [worker:ComfyUI-TRELLIS2] [C2S3d] after subdiv: alloc=997MB
  [ComfyUI] [worker:ComfyUI-TRELLIS2] [C2S3d] after norm1: alloc=1044MB
  [ComfyUI] [worker:ComfyUI-TRELLIS2] [C2S3d] pre-conv1: N=97,051 Ci=256 Co=1024 alloc=1044MB
  [ComfyUI] [worker:ComfyUI-TRELLIS2] [C2S3d] x.feats offloaded before conv1: alloc=1045MB
  [ComfyUI] [worker:ComfyUI-TRELLIS2] [sparse-conv] N=97,051 Ci=256 Co=1024 feats=47MB cache=23MB (miss) w_dev=cuda:0 alloc=1069MB
  [ComfyUI] [worker:ComfyUI-TRELLIS2] [sparse-conv] out=189MB alloc=1259MB
  [ComfyUI] [worker:ComfyUI-TRELLIS2] [C2S3d] post-conv1: h=torch.Size([97051, 1024]) alloc=1212MB
  [ComfyUI] [worker:ComfyUI-TRELLIS2] [C2S3d] x.feats restored from CPU: alloc=1259MB
  [ComfyUI] [worker:ComfyUI-TRELLIS2] [C2S3d] pre-C2S(h): alloc=1259MB
  [ComfyUI] [worker:ComfyUI-TRELLIS2] [C2S] scatter: 97,051×1024 -> 463,390×128 in=189MB out=113MB alloc=1277MB
  [ComfyUI] [worker:ComfyUI-TRELLIS2] [C2S] scatter done: alloc=1391MB
  [ComfyUI] [worker:ComfyUI-TRELLIS2] [C2S3d] post-C2S(h): h=torch.Size([463390, 128]) alloc=1190MB
  [ComfyUI] [worker:ComfyUI-TRELLIS2] [C2S] scatter: 97,051×256 -> 463,390×32 in=47MB out=28MB alloc=1208MB
  [ComfyUI] [worker:ComfyUI-TRELLIS2] [C2S] scatter done: alloc=1236MB
  [ComfyUI] [worker:ComfyUI-TRELLIS2] [C2S3d] post-C2S(x): x=torch.Size([463390, 32]) alloc=1178MB
  [ComfyUI] [worker:ComfyUI-TRELLIS2] [C2S3d] post-C2S: N=463,390 h=128ch x=32ch alloc=1177MB
  [ComfyUI] [worker:ComfyUI-TRELLIS2] [C2S3d] x offloaded to CPU, pre-conv2: alloc=1141MB
  [ComfyUI] [worker:ComfyUI-TRELLIS2] [C2S3d] after norm2: alloc=1141MB
  [ComfyUI] [worker:ComfyUI-TRELLIS2] [C2S3d] after silu: alloc=1141MB
  [ComfyUI] [worker:ComfyUI-TRELLIS2] [sparse-conv] N=463,390 Ci=128 Co=128 feats=113MB cache=112MB (miss) w_dev=cuda:0 alloc=1254MB
  [ComfyUI] [worker:ComfyUI-TRELLIS2] [sparse-conv] out=113MB alloc=1367MB
  [ComfyUI] [worker:ComfyUI-TRELLIS2] [C2S3d] post-conv2: alloc=1254MB
  [ComfyUI] [worker:ComfyUI-TRELLIS2] [C2S3d] post-conv2 (cache cleared): alloc=1141MB
  [ComfyUI] [worker:ComfyUI-TRELLIS2] [VRAM] -203MB (now 1141MB) reserved=1522MB peak=3384MB
  [ComfyUI] [worker:ComfyUI-TRELLIS2] [C2S3d] after skip expand: alloc=1255MB
  [ComfyUI] [worker:ComfyUI-TRELLIS2] [C2S3d] post-skip: alloc=1141MB
  [ComfyUI] [worker:ComfyUI-TRELLIS2] [sparse-conv] N=463,390 Ci=128 Co=128 feats=113MB cache=112MB (miss) w_dev=cuda:0 alloc=1200MB
  [ComfyUI] [worker:ComfyUI-TRELLIS2] [sparse-conv] out=113MB alloc=1314MB
  [ComfyUI] [worker:ComfyUI-TRELLIS2] [sparse-conv] N=463,390 Ci=128 Co=128 feats=113MB cache=112MB (miss) w_dev=cuda:0 alloc=1200MB
  [ComfyUI] [worker:ComfyUI-TRELLIS2] [sparse-conv] out=113MB alloc=1314MB
  [ComfyUI] [worker:ComfyUI-TRELLIS2] [sparse-conv] N=463,390 Ci=128 Co=128 feats=113MB cache=112MB (miss) w_dev=cuda:0 alloc=1200MB
  [ComfyUI] [worker:ComfyUI-TRELLIS2] [sparse-conv] out=113MB alloc=1314MB
  [ComfyUI] [worker:ComfyUI-TRELLIS2] [sparse-conv] N=463,390 Ci=128 Co=128 feats=113MB cache=112MB (miss) w_dev=cuda:0 alloc=1200MB
  [ComfyUI] [worker:ComfyUI-TRELLIS2] [sparse-conv] out=113MB alloc=1314MB
  [ComfyUI] [worker:ComfyUI-TRELLIS2] [C2S3d] after subdiv: alloc=1095MB
  [ComfyUI] [worker:ComfyUI-TRELLIS2] [C2S3d] after norm1: alloc=1208MB
  [ComfyUI] [worker:ComfyUI-TRELLIS2] [C2S3d] pre-conv1: N=463,390 Ci=128 Co=512 alloc=1208MB
  [ComfyUI] [worker:ComfyUI-TRELLIS2] [C2S3d] x.feats offloaded before conv1: alloc=1212MB
  [ComfyUI] [worker:ComfyUI-TRELLIS2] [sparse-conv] N=463,390 Ci=128 Co=512 feats=113MB cache=112MB (miss) w_dev=cuda:0 alloc=1324MB
  [ComfyUI] [worker:ComfyUI-TRELLIS2] [sparse-conv] out=452MB alloc=1777MB
  [ComfyUI] [worker:ComfyUI-TRELLIS2] [C2S3d] post-conv1: h=torch.Size([463390, 512]) alloc=1664MB
  [ComfyUI] [worker:ComfyUI-TRELLIS2] [C2S3d] x.feats restored from CPU: alloc=1777MB
  [ComfyUI] [worker:ComfyUI-TRELLIS2] [C2S3d] pre-C2S(h): alloc=1777MB
  [ComfyUI] [worker:ComfyUI-TRELLIS2] [C2S] scatter: 463,390×512 -> 2,196,887×64 in=452MB out=268MB alloc=1865MB
  [ComfyUI] [worker:ComfyUI-TRELLIS2] [C2S] offloaded 452MB to CPU, alloc=1412MB
  [ComfyUI] [worker:ComfyUI-TRELLIS2] [C2S] scatter done: alloc=1680MB
  [ComfyUI] [worker:ComfyUI-TRELLIS2] [C2S3d] post-C2S(h): h=torch.Size([2196887, 64]) alloc=1626MB
  [ComfyUI] [worker:ComfyUI-TRELLIS2] [C2S] scatter: 463,390×128 -> 2,196,887×16 in=113MB out=67MB alloc=1714MB
  [ComfyUI] [worker:ComfyUI-TRELLIS2] [C2S] scatter done: alloc=1781MB
  [ComfyUI] [worker:ComfyUI-TRELLIS2] [C2S3d] post-C2S(x): x=torch.Size([2196887, 16]) alloc=1614MB
  [ComfyUI] [worker:ComfyUI-TRELLIS2] [C2S3d] post-C2S: N=2,196,887 h=64ch x=16ch alloc=1610MB
  [ComfyUI] [worker:ComfyUI-TRELLIS2] [C2S3d] x offloaded to CPU, pre-conv2: alloc=1510MB
  [ComfyUI] [worker:ComfyUI-TRELLIS2] [C2S3d] h.feats offloaded for chunked norm2+silu: alloc=1242MB
  [ComfyUI] [worker:ComfyUI-TRELLIS2] [VRAM] +344MB (now 1486MB) reserved=1702MB peak=3384MB
  [ComfyUI] [worker:ComfyUI-TRELLIS2] [C2S3d] after chunked norm2+silu: alloc=1510MB
  [ComfyUI] [worker:ComfyUI-TRELLIS2] [sparse-conv] TILED: N=2,196,887 max_tile=1,000,000 feats=268MB alloc=1510MB
  [capture-loop] iter=450 t=54.3s state={'complete': False, 'error': None, 'executedCount': 1, 'wsState': 1} eval_ms=3 ram=19.9/31.2GB (64%) swap=2.5/32.0GB (8%) cpu=5% browser_rss=0.68GB
  [ComfyUI] [worker:ComfyUI-TRELLIS2] [sparse-conv] TILED feats offloaded to CPU, alloc=1242MB
  [ComfyUI] [worker:ComfyUI-TRELLIS2] [tiled_conv] N=2,196,887 Ci=64 Co=64 K=(3, 3, 3) feats=268MB out=268MB feats_dev=cpu alloc=1242MB
  [ComfyUI] [worker:ComfyUI-TRELLIS2] [tiled_conv] 4 tiles, VRAM baseline=1242MB
  [ComfyUI] 
  [ComfyUI] Tiled Conv3d:   0%|          | 0/4 [00:00<?]
  [ComfyUI] Tiled Conv3d:   0%|          | 0/4 [00:00<?]
  [ComfyUI] Tiled Conv3d:  25%|██▌       | 1/4 [00:00<00:00]
  [ComfyUI] Tiled Conv3d:  25%|██▌       | 1/4 [00:00<00:00]
  [ComfyUI] Tiled Conv3d:  50%|█████     | 2/4 [00:00<00:00]
  [ComfyUI] Tiled Conv3d:  50%|█████     | 2/4 [00:00<00:00]
  [ComfyUI] Tiled Conv3d:  75%|███████▌  | 3/4 [00:00<00:00][worker:ComfyUI-TRELLIS2] [VRAM] -235MB (now 1251MB) reserved=1322MB peak=3384MB
  [ComfyUI] 
  [ComfyUI] Tiled Conv3d:  75%|███████▌  | 3/4 [00:00<00:00]
  [ComfyUI] Tiled Conv3d: 100%|██████████| 4/4 [00:00<00:00]
  [ComfyUI] Tiled Conv3d: 100%|██████████| 4/4 [00:00<00:00]
  [ComfyUI] [worker:ComfyUI-TRELLIS2] [tiled_conv] done: 2196887/2196887 voxels, tile_peak=1600MB, final=1510MB
  [ComfyUI] [worker:ComfyUI-TRELLIS2] [sparse-conv] TILED done: out=268MB alloc=1510MB
  [ComfyUI] [worker:ComfyUI-TRELLIS2] [C2S3d] post-conv2: alloc=1510MB
  [ComfyUI] [worker:ComfyUI-TRELLIS2] [C2S3d] post-conv2 (cache cleared): alloc=1510MB
  [ComfyUI] [worker:ComfyUI-TRELLIS2] [C2S3d] after chunked skip: alloc=1510MB
  [ComfyUI] [worker:ComfyUI-TRELLIS2] [VRAM] -1185MB (now 66MB) reserved=84MB peak=3384MB
  [ComfyUI] [SubprocessWorker] callback 'request_vram_budget' from call_id=12
  [ComfyUI] [comfy-env] VRAM request: 2.58GB, free before eviction: 24.24GB
  [ComfyUI] [comfy-env] VRAM after eviction: 24.24GB
  [ComfyUI] [worker:ComfyUI-TRELLIS2] [TRELLIS2] shape_slat_flow_model_1024 -> GPU: 0.4s
  [ComfyUI] [worker:ComfyUI-TRELLIS2] [VRAM] +2748MB (now 2814MB) reserved=3628MB peak=3384MB
  [ComfyUI] [worker:ComfyUI-TRELLIS2] [VRAM] +321MB (now 3136MB) reserved=3628MB peak=3384MB
  [ComfyUI] [worker:ComfyUI-TRELLIS2] [VRAM] -353MB (now 2784MB) reserved=3628MB peak=3384MB
  [capture-loop] iter=500 t=60.1s state={'complete': False, 'error': None, 'executedCount': 1, 'wsState': 1} eval_ms=3 ram=20.3/31.2GB (65%) swap=2.5/32.0GB (8%) cpu=5% browser_rss=0.68GB
  [ComfyUI] [worker:ComfyUI-TRELLIS2] [VRAM] +348MB (now 3133MB) reserved=3628MB peak=3384MB
  [ComfyUI] [SubprocessWorker] callback 'report_progress' from call_id=12
  [ComfyUI] [worker:ComfyUI-TRELLIS2] [VRAM] -314MB (now 2819MB) reserved=3628MB peak=3384MB
  [ComfyUI] [worker:ComfyUI-TRELLIS2] [VRAM] +321MB (now 3141MB) reserved=3628MB peak=3384MB
  Frame 11 saved (frame_010.jpg, t=62.7s)
  [capture-periodic] freeze=4ms shot=199ms unfreeze=7ms saved=True
  [ComfyUI] [worker:ComfyUI-TRELLIS2] [VRAM] -353MB (now 2789MB) reserved=3628MB peak=3384MB
  [ComfyUI] [worker:ComfyUI-TRELLIS2] [VRAM] +348MB (now 3138MB) reserved=3628MB peak=3384MB
  [ComfyUI] [SubprocessWorker] callback 'report_progress' from call_id=12
  Frame 12 saved (frame_011.jpg, t=65.1s)
  [capture-periodic] freeze=3ms shot=214ms unfreeze=3ms saved=True
  [ComfyUI] [worker:ComfyUI-TRELLIS2] [VRAM] -314MB (now 2824MB) reserved=3628MB peak=3384MB
  [capture-loop] iter=550 t=66.1s state={'complete': False, 'error': None, 'executedCount': 1, 'wsState': 1} eval_ms=3 ram=20.3/31.2GB (65%) swap=2.5/32.0GB (8%) cpu=4% browser_rss=0.69GB
  [ComfyUI] [worker:ComfyUI-TRELLIS2] [VRAM] +321MB (now 3146MB) reserved=3628MB peak=3384MB
  Frame 13 saved (frame_012.jpg, t=67.4s)
  [capture-periodic] freeze=3ms shot=201ms unfreeze=7ms saved=True
  [ComfyUI] [worker:ComfyUI-TRELLIS2] [VRAM] -353MB (now 2794MB) reserved=3628MB peak=3384MB
  [ComfyUI] [worker:ComfyUI-TRELLIS2] [VRAM] +348MB (now 3143MB) reserved=3628MB peak=3384MB
  [ComfyUI] [SubprocessWorker] callback 'report_progress' from call_id=12
  [ComfyUI] [worker:ComfyUI-TRELLIS2] [VRAM] -314MB (now 2829MB) reserved=3628MB peak=3384MB
  Frame 14 saved (frame_013.jpg, t=69.7s)
  [capture-periodic] freeze=3ms shot=198ms unfreeze=7ms saved=True
  [ComfyUI] [worker:ComfyUI-TRELLIS2] [VRAM] +321MB (now 3151MB) reserved=3628MB peak=3384MB
  [capture-loop] iter=600 t=72.0s state={'complete': False, 'error': None, 'executedCount': 1, 'wsState': 1} eval_ms=3 ram=20.2/31.2GB (65%) swap=2.5/32.0GB (8%) cpu=4% browser_rss=0.68GB
  [ComfyUI] [worker:ComfyUI-TRELLIS2] [VRAM] -353MB (now 2799MB) reserved=3628MB peak=3384MB
  Frame 15 saved (frame_014.jpg, t=72.0s)
  [capture-periodic] freeze=3ms shot=224ms unfreeze=7ms saved=True
  [ComfyUI] [SubprocessWorker] callback 'report_progress' from call_id=12
  [ComfyUI] [worker:ComfyUI-TRELLIS2] [VRAM] +357MB (now 3156MB) reserved=3628MB peak=3384MB
  [ComfyUI] [worker:ComfyUI-TRELLIS2] [VRAM] -322MB (now 2834MB) reserved=3628MB peak=3384MB
  Frame 16 saved (frame_015.jpg, t=74.5s)
  [capture-periodic] freeze=3ms shot=214ms unfreeze=3ms saved=True
  [ComfyUI] [worker:ComfyUI-TRELLIS2] [VRAM] +318MB (now 3153MB) reserved=3628MB peak=3384MB
  [ComfyUI] [worker:ComfyUI-TRELLIS2] [VRAM] -349MB (now 2804MB) reserved=3628MB peak=3384MB
  [ComfyUI] [worker:ComfyUI-TRELLIS2]
  [ComfyUI] === WATCHDOG TICK 9 ===
  [ComfyUI] [worker:ComfyUI-TRELLIS2] Thread 0x0000718ed3fff640 (most recent call first):
  [ComfyUI]   File "/root/.ce/.pixi/envs/trellis2-nodes/lib/python3.13/threading.py", line 363 in wait
  [ComfyUI]   File "/root/.ce/.pixi/envs/trellis2-nodes/lib/python3.13/threading.py", line 660 in wait
  [ComfyUI]   File "/root/.ce/.pixi/envs/trellis2-nodes/lib/python3.13/site-packages/tqdm/_monitor.py", line 60 in run
  [ComfyUI]   File "/root/.ce/.pixi/envs/trellis2-nodes/lib/python3.13/threading.py", line 1044 in _bootstrap_inner
  [ComfyUI]   File "/root/.ce/.pixi/envs/trellis2-nodes/lib/python3.13/threading.py", line 1015 in _bootstrap
  [ComfyUI] 
  [ComfyUI] Thread 0x000071916b5fc640 (most recent call first):
  [ComfyUI]   File "/root/.ce/.pixi/envs/trellis2-nodes/lib/python3.13/socket.py", line 295 in accept
  [ComfyUI]   File "/root/.ce/.pixi/envs/trellis2-nodes/lib/python3.13/multiprocessing/connection.py", line 648 in accept
  [ComfyUI]   File "/root/.ce/.pixi/envs/trellis2-nodes/lib/python3.13/multiprocessing/connection.py", line 493 in accept
  [ComfyUI]   File "/root/.ce/.pixi/envs/trellis2-nodes/lib/python3.13/multiprocessing/resource_sharer.py", line 138 in _serve
  [ComfyUI]   File "/root/.ce/.pixi/envs/trellis2-nodes/lib/python3.13/threading.py", line 995 in run
  [ComfyUI]   File "/root/.ce/.pixi/envs/trellis2-nodes/lib/python3.13/threading.py", line 1044 in _bootstrap_inner
  [ComfyUI]   File "/root/.ce/.pixi/envs/trellis2-nodes/lib/python3.13/threading.py", line 1015 in _bootstrap
  [ComfyUI] 
  [ComfyUI] Thread 0x0000718ed33ff640 (most recent call first):
  [ComfyUI]   File "/root/.ce/.pixi/envs/trellis2-nodes/lib/python3.13/threading.py", line 363 in wait
  [ComfyUI]   File "/root/.ce/.pixi/envs/trellis2-nodes/lib/python3.13/threading.py", line 660 in wait
  [ComfyUI]   File "/root/.ce/.pixi/envs/trellis2-nodes/lib/python3.13/site-packages/tqdm/_monitor.py", line 60 in run
  [ComfyUI]   File "/root/.ce/.pixi/envs/trellis2-nodes/lib/python3.13/threading.py", line 1044 in _bootstrap_inner
  [ComfyUI]   File "/root/.ce/.pixi/envs/trellis2-nodes/lib/python3.13/threading.py", line 1015 in _bootstrap
  [ComfyUI] 
  [ComfyUI] Thread 0x0000718ee0ff9640 (most recent call first):
  [ComfyUI]   File "/root/.ce/.pixi/envs/trellis2-nodes/lib/python3.13/threading.py", line 363 in wait
  [ComfyUI]   File "/root/.ce/.pixi/envs/trellis2-nodes/lib/python3.13/threading.py", line 660 in wait
  [ComfyUI]   File "/root/.ce/.pixi/envs/trellis2-nodes/lib/python3.13/site-packages/tqdm/_monitor.py", line 60 in run
  [ComfyUI]   File "/root/.ce/.pixi/envs/trellis2-nodes/lib/python3.13/threading.py", line 1044 in _bootstrap_inner
  [ComfyUI]   File "/root/.ce/.pixi/envs/trellis2-nodes/lib/python3.13/threading.py", line 1015 in _bootstrap
  [ComfyUI] 
  [ComfyUI] Thread 0x0000718ee17fa640 (most recent call first):
  [ComfyUI]   File "/root/.ce/.pixi/envs/trellis2-nodes/lib/python3.13/threading.py", line 363 in wait
  [ComfyUI]   File "/root/.ce/.pixi/envs/trellis2-nodes/lib/python3.13/threading.py", line 660 in wait
  [ComfyUI]   File "/root/.ce/.pixi/envs/trellis2-nodes/lib/python3.13/site-packages/tqdm/_monitor.py", line 60 in run
  [ComfyUI]   File "/root/.ce/.pixi/envs/trellis2-nodes/lib/python3.13/threading.py", line 1044 in _bootstrap_inner
  [ComfyUI]   File "/root/.ce/.pixi/envs/trellis2-nodes/lib/python3.13/threading.py", line 1015 in _bootstrap
  [ComfyUI] 
  [ComfyUI] Thread 0x0000718ee1ffb640 (most recent call first):
  [ComfyUI]   File "/root/.ce/.pixi/envs/trellis2-nodes/lib/python3.13/threading.py", line 363 in wait
  [ComfyUI]   File "/root/.ce/.pixi/envs/trellis2-nodes/lib/python3.13/threading.py", line 660 in wait
  [ComfyUI]   File "/root/.ce/.pixi/envs/trellis2-nodes/lib/python3.13/site-packages/tqdm/_monitor.py", line 60 in run
  [ComfyUI]   File "/root/.ce/.pixi/envs/trellis2-nodes/lib/python3.13/threading.py", line 1044 in _bootstrap_inner
  [ComfyUI]   File "/root/.ce/.pixi/envs/trellis2-nodes/lib/python3.13/threading.py", line 1015 in _bootstrap
  [ComfyUI] 
  [ComfyUI] Thread 0x0000718ee27fc640 (most recent call first):
  [ComfyUI]   File "/root/.ce/.pixi/envs/trellis2-nodes/lib/python3.13/threading.py", line 363 in wait
  [ComfyUI]   File "/root/.ce/.pixi/envs/trellis2-nodes/lib/python3.13/threading.py", line 660 in wait
  [ComfyUI]   File "/root/.ce/.pixi/envs/trellis2-nodes/lib/python3.13/site-packages/tqdm/_monitor.py", line 60 in run
  [ComfyUI]   File "/root/.ce/.pixi/envs/trellis2-nodes/lib/python3.13/threading.py", line 1044 in _bootstrap_inner
  [ComfyUI]   File "/root/.ce/.pixi/envs/trellis2-nodes/lib/python3.13/threading.py", line 1015 in _bootstrap
  [ComfyUI] 
  [ComfyUI] Thread 0x0000718ee2ffd640 (most recent call first):
  [ComfyUI]   File "/root/.ce/.pixi/envs/trellis2-nodes/lib/python3.13/threading.py", line 363 in wait
  [ComfyUI]   File "/root/.ce/.pixi/envs/trellis2-nodes/lib/python3.13/threading.py", line 660 in wait
  [ComfyUI]   File "/root/.ce/.pixi/envs/trellis2-nodes/lib/python3.13/site-packages/tqdm/_monitor.py", line 60 in run
  [ComfyUI]   File "/root/.ce/.pixi/envs/trellis2-nodes/lib/python3.13/threading.py", line 1044 in _bootstrap_inner
  [ComfyUI]   File "/root/.ce/.pixi/envs/trellis2-nodes/lib/python3.13/threading.py", line 1015 in _bootstrap
  [ComfyUI] 
  [ComfyUI] Thread 0x0000718ee37fe640 (most recent call first):
  [ComfyUI]   File "/root/.ce/.pixi/envs/trellis2-nodes/lib/python3.13/threading.py", line 363 in wait
  [ComfyUI]   File "/root/.ce/.pixi/envs/trellis2-nodes/lib/python3.13/threading.py", line 660 in wait
  [ComfyUI]   File "/root/.ce/.pixi/envs/trellis2-nodes/lib/python3.13/site-packages/tqdm/_monitor.py", line 60 in run
  [ComfyUI]   File "/root/.ce/.pixi/envs/trellis2-nodes/lib/python3.13/threading.py", line 1044 in _bootstrap_inner
  [ComfyUI]   File "/root/.ce/.pixi/envs/trellis2-nodes/lib/python3.13/threading.py", line 1015 in _bootstrap
  [ComfyUI] 
  [ComfyUI] Thread 0x0000718ee3fff640 (most recent call first):
  [ComfyUI]   File "/root/.ce/.pixi/envs/trellis2-nodes/lib/python3.13/threading.py", line 363 in wait
  [ComfyUI]   File "/root/.ce/.pixi/envs/trellis2-nodes/lib/python3.13/threading.py", line 660 in wait
  [ComfyUI]   File "/root/.ce/.pixi/envs/trellis2-nodes/lib/python3.13/site-packages/tqdm/_monitor.py", line 60 in run
  [ComfyUI]   File "/root/.ce/.pixi/envs/trellis2-nodes/lib/python3.13/threading.py", line 1044 in _bootstrap_inner
  [ComfyUI]   File "/root/.ce/.pixi/envs/trellis2-nodes/lib/python3.13/threading.py", line 1015 in _bootstrap
  [ComfyUI] 
  [ComfyUI] Thread 0x0000718ef8ff9640 (most recent call first):
  [ComfyUI]   File "/root/.ce/.pixi/envs/trellis2-nodes/lib/python3.13/threading.py", line 363 in wait
  [ComfyUI]   File "/root/.ce/.pixi/envs/trellis2-nodes/lib/python3.13/threading.py", line 660 in wait
  [ComfyUI]   File "/root/.ce/.pixi/envs/trellis2-nodes/lib/python3.13/site-packages/tqdm/_monitor.py", line 60 in run
  [ComfyUI]   File "/root/.ce/.pixi/envs/trellis2-nodes/lib/python3.13/threading.py", line 1044 in _bootstrap_inner
  [ComfyUI]   File "/root/.ce/.pixi/envs/trellis2-nodes/lib/python3.13/threading.py", line 1015 in _bootstrap
  [ComfyUI] 
  [ComfyUI] Thread 0x0000718ef97fa640 (most recent call first):
  [ComfyUI]   File "/root/.ce/.pixi/envs/trellis2-nodes/lib/python3.13/threading.py", line 363 in wait
  [ComfyUI]   File "/root/.ce/.pixi/envs/trellis2-nodes/lib/python3.13/threading.py", line 660 in wait
  [ComfyUI]   File "/root/.ce/.pixi/envs/trellis2-nodes/lib/python3.13/site-packages/tqdm/_monitor.py", line 60 in run
  [ComfyUI]   File "/root/.ce/.pixi/envs/trellis2-nodes/lib/python3.13/threading.py", line 1044 in _bootstrap_inner
  [ComfyUI]   File "/root/.ce/.pixi/envs/trellis2-nodes/lib/python3.13/threading.py", line 1015 in _bootstrap
  [ComfyUI] 
  [ComfyUI] Thread 0x0000718ef9ffb640 (most recent call first):
  [ComfyUI]   File "/root/.ce/.pixi/envs/trellis2-nodes/lib/python3.13/threading.py", line 363 in wait
  [ComfyUI]   File "/root/.ce/.pixi/envs/trellis2-nodes/lib/python3.13/threading.py", line 660 in wait
  [ComfyUI]   File "/root/.ce/.pixi/envs/trellis2-nodes/lib/python3.13/site-packages/tqdm/_monitor.py", line 60 in run
  [ComfyUI]   File "/root/.ce/.pixi/envs/trellis2-nodes/lib/python3.13/threading.py", line 1044 in _bootstrap_inner
  [ComfyUI]   File "/root/.ce/.pixi/envs/trellis2-nodes/lib/python3.13/threading.py", line 1015 in _bootstrap
  [ComfyUI] 
  [ComfyUI] Thread 0x0000718efa7fc640 (most recent call first):
  [ComfyUI]   File "/root/.ce/.pixi/envs/trellis2-nodes/lib/python3.13/threading.py", line 363 in wait
  [ComfyUI]   File "/root/.ce/.pixi/envs/trellis2-nodes/lib/python3.13/threading.py", line 660 in wait
  [ComfyUI]   File "/root/.ce/.pixi/envs/trellis2-nodes/lib/python3.13/site-packages/tqdm/_monitor.py", line 60 in run
  [ComfyUI]   File "/root/.ce/.pixi/envs/trellis2-nodes/lib/python3.13/threading.py", line 1044 in _bootstrap_inner
  [ComfyUI]   File "/root/.ce/.pixi/envs/trellis2-nodes/lib/python3.13/threading.py", line 1015 in _bootstrap
  [ComfyUI] 
  [ComfyUI] Thread 0x0000718efaffd640 (most recent call first):
  [ComfyUI]   File "/root/.ce/.pixi/envs/trellis2-nodes/lib/python3.13/threading.py", line 363 in wait
  [ComfyUI]   File "/root/.ce/.pixi/envs/trellis2-nodes/lib/python3.13/threading.py", line 660 in wait
  [ComfyUI]   File "/root/.ce/.pixi/envs/trellis2-nodes/lib/python3.13/site-packages/tqdm/_monitor.py", line 60 in run
  [ComfyUI]   File "/root/.ce/.pixi/envs/trellis2-nodes/lib/python3.13/threading.py", line 1044 in _bootstrap_inner
  [ComfyUI]   File "/root/.ce/.pixi/envs/trellis2-nodes/lib/python3.13/threading.py", line 1015 in _bootstrap
  [ComfyUI] 
  [ComfyUI] Thread 0x0000718efb7fe640 (most recent call first):
  [ComfyUI]   File "/root/.ce/.pixi/envs/trellis2-nodes/lib/python3.13/threading.py", line 363 in wait
  [ComfyUI]   File "/root/.ce/.pixi/envs/trellis2-nodes/lib/python3.13/threading.py", line 660 in wait
  [ComfyUI]   File "/root/.ce/.pixi/envs/trellis2-nodes/lib/python3.13/site-packages/tqdm/_monitor.py", line 60 in run
  [ComfyUI]   File "/root/.ce/.pixi/envs/trellis2-nodes/lib/python3.13/threading.py", line 1044 in _bootstrap_inner
  [ComfyUI]   File "/root/.ce/.pixi/envs/trellis2-nodes/lib/python3.13/threading.py", line 1015 in _bootstrap
  [ComfyUI] 
  [ComfyUI] Thread 0x0000718efbfff640 (most recent call first):
  [ComfyUI]   File "/root/.ce/.pixi/envs/trellis2-nodes/lib/python3.13/threading.py", line 363 in wait
  [ComfyUI]   File "/root/.ce/.pixi/envs/trellis2-nodes/lib/python3.13/threading.py", line 660 in wait
  [ComfyUI]   File "/root/.ce/.pixi/envs/trellis2-nodes/lib/python3.13/site-packages/tqdm/_monitor.py", line 60 in run
  [ComfyUI]   File "/root/.ce/.pixi/envs/trellis2-nodes/lib/python3.13/threading.py", line 1044 in _bootstrap_inner
  [ComfyUI]   File "/root/.ce/.pixi/envs/trellis2-nodes/lib/python3.13/threading.py", line 1015 in _bootstrap
  [ComfyUI] 
  [ComfyUI] Thread 0x0000718f10a2c640 (most recent call first):
  [ComfyUI]   File "/root/.ce/.pixi/envs/trellis2-nodes/lib/python3.13/threading.py", line 363 in wait
  [ComfyUI]   File "/root/.ce/.pixi/envs/trellis2-nodes/lib/python3.13/threading.py", line 660 in wait
  [ComfyUI]   File "/root/.ce/.pixi/envs/trellis2-nodes/lib/python3.13/site-packages/tqdm/_monitor.py", line 60 in run
  [ComfyUI]   File "/root/.ce/.pixi/envs/trellis2-nodes/lib/python3.13/threading.py", line 1044 in _bootstrap_inner
  [ComfyUI]   File "/root/.ce/.pixi/envs/trellis2-nodes/lib/python3.13/threading.py", line 1015 in _bootstrap
  [ComfyUI] 
  [ComfyUI] Thread 0x0000718f1122d640 (most recent call first):
  [ComfyUI]   File "/root/.ce/.pixi/envs/trellis2-nodes/lib/python3.13/threading.py", line 363 in wait
  [ComfyUI]   File "/root/.ce/.pixi/envs/trellis2-nodes/lib/python3.13/threading.py", line 660 in wait
  [ComfyUI]   File "/root/.ce/.pixi/envs/trellis2-nodes/lib/python3.13/site-packages/tqdm/_monitor.py", line 60 in run
  [ComfyUI]   File "/root/.ce/.pixi/envs/trellis2-nodes/lib/python3.13/threading.py", line 1044 in _bootstrap_inner
  [ComfyUI]   File "/root/.ce/.pixi/envs/trellis2-nodes/lib/python3.13/threading.py", line 1015 in _bootstrap
  [ComfyUI] 
  [ComfyUI] Thread 0x0000718fbc8fb640 (most recent call first):
  [ComfyUI]   File "/root/.ce/.pixi/envs/trellis2-nodes/lib/python3.13/threading.py", line 363 in wait
  [ComfyUI]   File "/root/.ce/.pixi/envs/trellis2-nodes/lib/python3.13/threading.py", line 660 in wait
  [ComfyUI]   File "/root/.ce/.pixi/envs/trellis2-nodes/lib/python3.13/site-packages/tqdm/_monitor.py", line 60 in run
  [ComfyUI]   File "/root/.ce/.pixi/envs/trellis2-nodes/lib/python3.13/threading.py", line 1044 in _bootstrap_inner
  [ComfyUI]   File "/root/.ce/.pixi/envs/trellis2-nodes/lib/python3.13/threading.py", line 1015 in _bootstrap
  [ComfyUI] 
  [ComfyUI] Thread 0x0000718fbdffe640 (most recent call first):
  [ComfyUI]   File "/root/.ce/.pixi/envs/trellis2-nodes/lib/python3.13/threading.py", line 363 in wait
  [ComfyUI]   File "/root/.ce/.pixi/envs/trellis2-nodes/lib/python3.13/threading.py", line 660 in wait
  [ComfyUI]   File "/root/.ce/.pixi/envs/trellis2-nodes/lib/python3.13/site-packages/tqdm/_monitor.py", line 60 in run
  [ComfyUI]   File "/root/.ce/.pixi/envs/trellis2-nodes/lib/python3.13/threading.py", line 1044 in _bootstrap_inner
  [ComfyUI]   File "/root/.ce/.pixi/envs/trellis2-nodes/lib/python3.13/threading.py", line 1015 in _bootstrap
  [ComfyUI] 
  [ComfyUI] Thread 0x0000718fbe7ff640 (most recent call first):
  [ComfyUI]   File "/root/.ce/.pixi/envs/trellis2-nodes/lib/python3.13/threading.py", line 363 in wait
  [ComfyUI]   File "/root/.ce/.pixi/envs/trellis2-nodes/lib/python3.13/threading.py", line 660 in wait
  [ComfyUI]   File "/root/.ce/.pixi/envs/trellis2-nodes/lib/python3.13/site-packages/tqdm/_monitor.py", line 60 in run
  [ComfyUI]   File "/root/.ce/.pixi/envs/trellis2-nodes/lib/python3.13/threading.py", line 1044 in _bootstrap_inner
  [ComfyUI]   File "/root/.ce/.pixi/envs/trellis2-nodes/lib/python3.13/threading.py", line 1015 in _bootstrap
  [ComfyUI] 
  [ComfyUI] Thread 0x000071930cd0d640 (most recent call first):
  [ComfyUI]   File "/tmp/comfyui_pvenv_puv5rki_/persistent_worker.py", line 106 in _vram_poller
  [ComfyUI]   File "/root/.ce/.pixi/envs/trellis2-nodes/lib/python3.13/threading.py", line 995 in run
  [ComfyUI]   File "/root/.ce/.pixi/envs/trellis2-nodes/lib/python3.13/threading.py", line 1044 in _bootstrap_inner
  [ComfyUI]   File "/root/.ce/.pixi/envs/trellis2-nodes/lib/python3.13/threading.py", line 1015 in _bootstrap
  [ComfyUI] 
  [ComfyUI] Current thread 0x000071930d512640 (most recent call first):
  [ComfyUI]   File "/tmp/comfyui_pvenv_puv5rki_/persistent_worker.py", line 52 in _watchdog
  [ComfyUI]   File "/root/.ce/.pixi/envs/trellis2-nodes/lib/python3.13/threading.py", line 995 in run
  [ComfyUI]   File "/root/.ce/.pixi/envs/trellis2-nodes/lib/python3.13/threading.py", line 1044 in _bootstrap_inner
  [ComfyUI]   File "/root/.ce/.pixi/envs/trellis2-nodes/lib/python3.13/threading.py", line 1015 in _bootstrap
  [ComfyUI] 
  [ComfyUI] Thread 0x000071930db2f740 (most recent call first):
  [ComfyUI]   File "/workspaces/TRELLIS2-0918/ComfyUI/comfy/sparse.py", line 316 in reduce
  [ComfyUI]   File "/workspaces/TRELLIS2-0918/ComfyUI/comfy/sparse.py", line 328 in mean
  [ComfyUI]   File "/workspaces/TRELLIS2-0918/ComfyUI/comfy/sparse.py", line 337 in std
  [ComfyUI]   File "/workspaces/TRELLIS2-0918/ComfyUI/custom_nodes/ComfyUI-TRELLIS2/nodes/trellis2/samplers/classifier_free_guidance_mixin.py", line 23 in _inference_model
  [ComfyUI]   File "/workspaces/TRELLIS2-0918/ComfyUI/custom_nodes/ComfyUI-TRELLIS2/nodes/trellis2/samplers/guidance_interval_mixin.py", line 11 in _inference_model
  [ComfyUI]   File "/workspaces/TRELLIS2-0918/ComfyUI/custom_nodes/ComfyUI-TRELLIS2/nodes/trellis2/samplers/flow_euler.py", line 75 in _get_model_prediction
  [ComfyUI]   File "/workspaces/TRELLIS2-0918/ComfyUI/custom_nodes/ComfyUI-TRELLIS2/nodes/trellis2/samplers/flow_euler.py", line 105 in sample_once
  [ComfyUI]   File "/root/.ce/.pixi/envs/trellis2-nodes/lib/python3.13/site-packages/torch/utils/_contextlib.py", line 124 in decorate_context
  [ComfyUI]   File "/workspaces/TRELLIS2-0918/ComfyUI/custom_nodes/ComfyUI-TRELLIS2/nodes/trellis2/samplers/flow_euler.py", line 150 in sample
  [ComfyUI]   File "/root/.ce/.pixi/envs/trellis2-nodes/lib/python3.13/site-packages/torch/utils/_contextlib.py", line 124 in decorate_context
  [ComfyUI]   File "/workspaces/TRELLIS2-0918/ComfyUI/custom_nodes/ComfyUI-TRELLIS2/nodes/trellis2/samplers/flow_euler.py", line 238 in sample
  [ComfyUI]   File "/root/.ce/.pixi/envs/trellis2-nodes/lib/python3.13/site-packages/torch/utils/_contextlib.py", line 124 in decorate_context
  [ComfyUI]   File "/workspaces/TRELLIS2-0918/ComfyUI/custom_nodes/ComfyUI-TRELLIS2/nodes/stages.py", line 632 in _sample_shape_slat_cascade
  [ComfyUI]   File "/workspaces/TRELLIS2-0918/ComfyUI/custom_nodes/ComfyUI-TRELLIS2/nodes/stages.py", line 955 in run_shape_generation
  [ComfyUI]   File "/workspaces/TRELLIS2-0918/ComfyUI/custom_nodes/ComfyUI-TRELLIS2/nodes/nodes_inference.py", line 132 in execute
  [ComfyUI]   File "/workspaces/TRELLIS2-0918/ComfyUI/comfy_api/latest/_io.py", line 1833 in EXECUTE_NORMALIZED
  [ComfyUI]   File "/tmp/comfyui_pvenv_puv5rki_/persistent_worker.py", line 1762 in main
  [ComfyUI]   File "/tmp/comfyui_pvenv_puv5rki_/persistent_worker.py", line 1807 in <module>
  [ComfyUI] 
  [ComfyUI] [SubprocessWorker] callback 'report_progress' from call_id=12
  [ComfyUI] [worker:ComfyUI-TRELLIS2] === END ===
  [ComfyUI] 
  [ComfyUI] [worker:ComfyUI-TRELLIS2] [VRAM] +357MB (now 3161MB) reserved=3628MB peak=3384MB
  [capture-loop] iter=650 t=78.2s state={'complete': False, 'error': None, 'executedCount': 1, 'wsState': 1} eval_ms=3 ram=20.2/31.2GB (65%) swap=2.5/32.0GB (8%) cpu=5% browser_rss=0.69GB
  [ComfyUI] [worker:ComfyUI-TRELLIS2] [VRAM] -322MB (now 2839MB) reserved=3628MB peak=3384MB
  [ComfyUI] [worker:ComfyUI-TRELLIS2] [VRAM] +318MB (now 3158MB) reserved=3628MB peak=3384MB
  Frame 17 saved (frame_016.jpg, t=79.1s)
  [capture-periodic] freeze=3ms shot=215ms unfreeze=3ms saved=True
  [ComfyUI] [worker:ComfyUI-TRELLIS2] [VRAM] -349MB (now 2809MB) reserved=3628MB peak=3384MB
  [ComfyUI] [SubprocessWorker] callback 'report_progress' from call_id=12
  [ComfyUI] [worker:ComfyUI-TRELLIS2] [VRAM] +357MB (now 3166MB) reserved=3628MB peak=3384MB
  Frame 18 saved (frame_017.jpg, t=81.4s)
  [capture-periodic] freeze=3ms shot=214ms unfreeze=3ms saved=True
  [ComfyUI] [worker:ComfyUI-TRELLIS2] [VRAM] -322MB (now 2844MB) reserved=3628MB peak=3384MB
  [ComfyUI] [worker:ComfyUI-TRELLIS2] [VRAM] +318MB (now 3163MB) reserved=3628MB peak=3384MB
  Frame 19 saved (frame_018.jpg, t=83.8s)
  [capture-periodic] freeze=3ms shot=202ms unfreeze=3ms saved=True
  [capture-loop] iter=700 t=84.3s state={'complete': False, 'error': None, 'executedCount': 1, 'wsState': 1} eval_ms=4 ram=20.2/31.2GB (65%) swap=2.5/32.0GB (8%) cpu=5% browser_rss=0.69GB
  [ComfyUI] [worker:ComfyUI-TRELLIS2] [VRAM] -349MB (now 2814MB) reserved=3628MB peak=3384MB
  [ComfyUI] [SubprocessWorker] callback 'report_progress' from call_id=12
  [ComfyUI] [worker:ComfyUI-TRELLIS2] [VRAM] +357MB (now 3171MB) reserved=3628MB peak=3384MB
  Frame 20 saved (frame_019.jpg, t=86.1s)
  [capture-periodic] freeze=3ms shot=201ms unfreeze=8ms saved=True
  [ComfyUI] [worker:ComfyUI-TRELLIS2] [VRAM] -322MB (now 2849MB) reserved=3628MB peak=3384MB
  [ComfyUI] [worker:ComfyUI-TRELLIS2] [VRAM] +318MB (now 3168MB) reserved=3628MB peak=3384MB
  [ComfyUI] [worker:ComfyUI-TRELLIS2] [VRAM] -349MB (now 2819MB) reserved=3628MB peak=3384MB
  [ComfyUI] [SubprocessWorker] callback 'report_progress' from call_id=12
  [ComfyUI] [worker:ComfyUI-TRELLIS2] [VRAM] +357MB (now 3176MB) reserved=3628MB peak=3384MB
  [capture-loop] iter=750 t=90.1s state={'complete': False, 'error': None, 'executedCount': 1, 'wsState': 1} eval_ms=3 ram=20.2/31.2GB (65%) swap=2.5/32.0GB (8%) cpu=5% browser_rss=0.69GB
  [ComfyUI] [worker:ComfyUI-TRELLIS2] [VRAM] -322MB (now 2854MB) reserved=3628MB peak=3384MB
  Frame 21 saved (frame_020.jpg, t=90.8s)
  [capture-periodic] freeze=3ms shot=198ms unfreeze=7ms saved=True
  [ComfyUI] [worker:ComfyUI-TRELLIS2] [VRAM] +318MB (now 3173MB) reserved=3628MB peak=3384MB
  [ComfyUI] [worker:ComfyUI-TRELLIS2] [VRAM] -349MB (now 2824MB) reserved=3628MB peak=3384MB
  [ComfyUI] [SubprocessWorker] callback 'report_progress' from call_id=12
  [ComfyUI] [worker:ComfyUI-TRELLIS2] [VRAM] +357MB (now 3181MB) reserved=3628MB peak=3384MB
  [ComfyUI] [worker:ComfyUI-TRELLIS2] [VRAM] -322MB (now 2859MB) reserved=3628MB peak=3384MB
  [ComfyUI] [SubprocessWorker] callback 'report_progress' from call_id=12
  Frame 22 saved (frame_021.jpg, t=95.4s)
  [capture-periodic] freeze=3ms shot=202ms unfreeze=3ms saved=True
  [ComfyUI] [worker:ComfyUI-TRELLIS2] [VRAM] +326MB (now 3186MB) reserved=3628MB peak=3384MB
  [capture-loop] iter=800 t=96.2s state={'complete': False, 'error': None, 'executedCount': 1, 'wsState': 1} eval_ms=3 ram=20.2/31.2GB (65%) swap=2.5/32.0GB (8%) cpu=4% browser_rss=0.69GB
  [ComfyUI] [worker:ComfyUI-TRELLIS2] [VRAM] -322MB (now 2864MB) reserved=3628MB peak=3384MB
  [ComfyUI] [SubprocessWorker] callback 'report_progress' from call_id=12
  Frame 23 saved (frame_022.jpg, t=97.7s)
  [capture-periodic] freeze=4ms shot=215ms unfreeze=3ms saved=True
  [ComfyUI] [worker:ComfyUI-TRELLIS2] [VRAM] +326MB (now 3191MB) reserved=3628MB peak=3384MB
  [ComfyUI] [worker:ComfyUI-TRELLIS2] [VRAM] -322MB (now 2869MB) reserved=3628MB peak=3384MB
  [ComfyUI] [SubprocessWorker] callback 'report_progress' from call_id=12
  [ComfyUI] [worker:ComfyUI-TRELLIS2] [VRAM] -2127MB (now 742MB) reserved=3628MB peak=3384MB
  Frame 24 saved (frame_023.jpg, t=100.0s)
  [capture-periodic] freeze=10ms shot=224ms unfreeze=7ms saved=True
  [ComfyUI] [SubprocessWorker] callback 'request_vram_budget' from call_id=12
  [ComfyUI] [comfy-env] VRAM request: 0.95GB, free before eviction: 24.22GB
  [ComfyUI] [comfy-env] VRAM after eviction: 24.22GB
  [ComfyUI] [worker:ComfyUI-TRELLIS2] [TRELLIS2] shape_slat_decoder -> GPU: 0.2s
  [ComfyUI] [worker:ComfyUI-TRELLIS2] [vae] set max_voxels_per_tile=1000000 on 40 SparseConv3d modules
  [ComfyUI] [worker:ComfyUI-TRELLIS2] [UNET] level=0 block=0 SparseConvNeXtBlock3d N=20,363 ch=1024 alloc=987MB
  [ComfyUI] [worker:ComfyUI-TRELLIS2] [sparse-conv] N=20,363 Ci=1024 Co=1024 feats=39MB cache=5MB (miss) w_dev=cuda:0 alloc=992MB
  [ComfyUI] [worker:ComfyUI-TRELLIS2] [sparse-conv] out=39MB alloc=1032MB
  [ComfyUI] [SubprocessWorker] callback 'report_progress' from call_id=12
  [ComfyUI] [worker:ComfyUI-TRELLIS2] [UNET] level=0 block=1 SparseConvNeXtBlock3d N=20,363 ch=1024 alloc=993MB
  [ComfyUI] [worker:ComfyUI-TRELLIS2] [sparse-conv] N=20,363 Ci=1024 Co=1024 feats=39MB cache=5MB (miss) w_dev=cuda:0 alloc=998MB
  [ComfyUI] [worker:ComfyUI-TRELLIS2] [sparse-conv] out=39MB alloc=1038MB
  [ComfyUI] [worker:ComfyUI-TRELLIS2] [UNET] level=0 block=2 SparseConvNeXtBlock3d N=20,363 ch=1024 alloc=993MB
  [ComfyUI] [worker:ComfyUI-TRELLIS2] [sparse-conv] N=20,363 Ci=1024 Co=1024 feats=39MB cache=5MB (miss) w_dev=cuda:0 alloc=998MB
  [ComfyUI] [worker:ComfyUI-TRELLIS2] [sparse-conv] out=39MB alloc=1038MB
  [ComfyUI] [worker:ComfyUI-TRELLIS2] [UNET] level=0 block=3 SparseConvNeXtBlock3d N=20,363 ch=1024 alloc=993MB
  [ComfyUI] [worker:ComfyUI-TRELLIS2] [sparse-conv] N=20,363 Ci=1024 Co=1024 feats=39MB cache=5MB (miss) w_dev=cuda:0 alloc=998MB
  [ComfyUI] [worker:ComfyUI-TRELLIS2] [sparse-conv] out=39MB alloc=1038MB
  [ComfyUI] [worker:ComfyUI-TRELLIS2] [UNET] level=0 block=4 SparseResBlockC2S3d N=20,363 ch=1024 alloc=993MB
  [ComfyUI] [worker:ComfyUI-TRELLIS2] [C2S3d] after subdiv: alloc=993MB
  [ComfyUI] [worker:ComfyUI-TRELLIS2] [C2S3d] after norm1: alloc=1033MB
  [ComfyUI] [worker:ComfyUI-TRELLIS2] [C2S3d] pre-conv1: N=20,363 Ci=1024 Co=4096 alloc=1033MB
  [ComfyUI] [worker:ComfyUI-TRELLIS2] [C2S3d] x.feats offloaded before conv1: alloc=1033MB
  [ComfyUI] [worker:ComfyUI-TRELLIS2] [sparse-conv] N=20,363 Ci=1024 Co=4096 feats=39MB cache=5MB (miss) w_dev=cuda:0 alloc=1038MB
  [ComfyUI] [worker:ComfyUI-TRELLIS2] [sparse-conv] out=159MB alloc=1197MB
  [ComfyUI] [worker:ComfyUI-TRELLIS2] [C2S3d] post-conv1: h=torch.Size([20363, 4096]) alloc=1157MB
  [ComfyUI] [worker:ComfyUI-TRELLIS2] [C2S3d] x.feats restored from CPU: alloc=1197MB
  [ComfyUI] [worker:ComfyUI-TRELLIS2] [C2S3d] pre-C2S(h): alloc=1197MB
  [ComfyUI] [worker:ComfyUI-TRELLIS2] [C2S] scatter: 20,363×4096 -> 97,287×512 in=159MB out=95MB alloc=1201MB
  [ComfyUI] [worker:ComfyUI-TRELLIS2] [C2S] scatter done: alloc=1296MB
  [ComfyUI] [worker:ComfyUI-TRELLIS2] [C2S3d] post-C2S(h): h=torch.Size([97287, 512]) alloc=1135MB
  [ComfyUI] [worker:ComfyUI-TRELLIS2] [C2S] scatter: 20,363×1024 -> 97,287×128 in=39MB out=23MB alloc=1138MB
  [ComfyUI] [worker:ComfyUI-TRELLIS2] [C2S] scatter done: alloc=1162MB
  [ComfyUI] [worker:ComfyUI-TRELLIS2] [C2S3d] post-C2S(x): x=torch.Size([97287, 128]) alloc=1120MB
  [ComfyUI] [worker:ComfyUI-TRELLIS2] [C2S3d] post-C2S: N=97,287 h=512ch x=128ch alloc=1120MB
  [ComfyUI] [worker:ComfyUI-TRELLIS2] [C2S3d] x offloaded to CPU, pre-conv2: alloc=1095MB
  [ComfyUI] [worker:ComfyUI-TRELLIS2] [C2S3d] after norm2: alloc=1095MB
  [ComfyUI] [worker:ComfyUI-TRELLIS2] [C2S3d] after silu: alloc=1095MB
  [ComfyUI] [worker:ComfyUI-TRELLIS2] [sparse-conv] N=97,287 Ci=512 Co=512 feats=95MB cache=23MB (miss) w_dev=cuda:0 alloc=1119MB
  [ComfyUI] [worker:ComfyUI-TRELLIS2] [VRAM] +352MB (now 1095MB) reserved=1258MB peak=3384MB
  [ComfyUI] [worker:ComfyUI-TRELLIS2] [sparse-conv] out=95MB alloc=1214MB
  [ComfyUI] [worker:ComfyUI-TRELLIS2] [C2S3d] post-conv2: alloc=1119MB
  [ComfyUI] [worker:ComfyUI-TRELLIS2] [C2S3d] post-conv2 (cache cleared): alloc=1095MB
  [ComfyUI] [worker:ComfyUI-TRELLIS2] [C2S3d] after skip expand: alloc=1190MB
  [ComfyUI] [worker:ComfyUI-TRELLIS2] [C2S3d] post-skip: alloc=1095MB
  [ComfyUI] [SubprocessWorker] callback 'report_progress' from call_id=12
  [ComfyUI] [worker:ComfyUI-TRELLIS2] [UNET] level=1 block=0 SparseConvNeXtBlock3d N=97,287 ch=512 alloc=1055MB
  [ComfyUI] [worker:ComfyUI-TRELLIS2] [sparse-conv] N=97,287 Ci=512 Co=512 feats=95MB cache=23MB (miss) w_dev=cuda:0 alloc=1079MB
  [ComfyUI] [worker:ComfyUI-TRELLIS2] [sparse-conv] out=95MB alloc=1174MB
  [ComfyUI] [worker:ComfyUI-TRELLIS2] [UNET] level=1 block=1 SparseConvNeXtBlock3d N=97,287 ch=512 alloc=1055MB
  [ComfyUI] [worker:ComfyUI-TRELLIS2] [sparse-conv] N=97,287 Ci=512 Co=512 feats=95MB cache=23MB (miss) w_dev=cuda:0 alloc=1079MB
  [ComfyUI] [worker:ComfyUI-TRELLIS2] [sparse-conv] out=95MB alloc=1174MB
  [ComfyUI] [worker:ComfyUI-TRELLIS2] [UNET] level=1 block=2 SparseConvNeXtBlock3d N=97,287 ch=512 alloc=1055MB
  [ComfyUI] [worker:ComfyUI-TRELLIS2] [sparse-conv] N=97,287 Ci=512 Co=512 feats=95MB cache=23MB (miss) w_dev=cuda:0 alloc=1079MB
  [ComfyUI] [worker:ComfyUI-TRELLIS2] [sparse-conv] out=95MB alloc=1174MB
  [ComfyUI] [worker:ComfyUI-TRELLIS2] [UNET] level=1 block=3 SparseConvNeXtBlock3d N=97,287 ch=512 alloc=1055MB
  [ComfyUI] [worker:ComfyUI-TRELLIS2] [sparse-conv] N=97,287 Ci=512 Co=512 feats=95MB cache=23MB (miss) w_dev=cuda:0 alloc=1079MB
  [ComfyUI] [worker:ComfyUI-TRELLIS2] [sparse-conv] out=95MB alloc=1174MB
  [ComfyUI] [SubprocessWorker] callback 'report_progress' from call_id=12
  [ComfyUI] [worker:ComfyUI-TRELLIS2] [UNET] level=1 block=4 SparseConvNeXtBlock3d N=97,287 ch=512 alloc=1055MB
  [ComfyUI] [worker:ComfyUI-TRELLIS2] [sparse-conv] N=97,287 Ci=512 Co=512 feats=95MB cache=23MB (miss) w_dev=cuda:0 alloc=1079MB
  [ComfyUI] [worker:ComfyUI-TRELLIS2] [sparse-conv] out=95MB alloc=1174MB
  [ComfyUI] [worker:ComfyUI-TRELLIS2] [UNET] level=1 block=5 SparseConvNeXtBlock3d N=97,287 ch=512 alloc=1055MB
  [ComfyUI] [worker:ComfyUI-TRELLIS2] [sparse-conv] N=97,287 Ci=512 Co=512 feats=95MB cache=23MB (miss) w_dev=cuda:0 alloc=1079MB
  [ComfyUI] [worker:ComfyUI-TRELLIS2] [sparse-conv] out=95MB alloc=1174MB
  [ComfyUI] [worker:ComfyUI-TRELLIS2] [UNET] level=1 block=6 SparseConvNeXtBlock3d N=97,287 ch=512 alloc=1055MB
  [ComfyUI] [worker:ComfyUI-TRELLIS2] [sparse-conv] N=97,287 Ci=512 Co=512 feats=95MB cache=23MB (miss) w_dev=cuda:0 alloc=1079MB
  [ComfyUI] [worker:ComfyUI-TRELLIS2] [sparse-conv] out=95MB alloc=1174MB
  [ComfyUI] [worker:ComfyUI-TRELLIS2] [UNET] level=1 block=7 SparseConvNeXtBlock3d N=97,287 ch=512 alloc=1055MB
  [ComfyUI] [worker:ComfyUI-TRELLIS2] [sparse-conv] N=97,287 Ci=512 Co=512 feats=95MB cache=23MB (miss) w_dev=cuda:0 alloc=1079MB
  [ComfyUI] [worker:ComfyUI-TRELLIS2] [sparse-conv] out=95MB alloc=1174MB
  [ComfyUI] [SubprocessWorker] callback 'report_progress' from call_id=12
  [ComfyUI] [worker:ComfyUI-TRELLIS2] [UNET] level=1 block=8 SparseConvNeXtBlock3d N=97,287 ch=512 alloc=1055MB
  [ComfyUI] [worker:ComfyUI-TRELLIS2] [sparse-conv] N=97,287 Ci=512 Co=512 feats=95MB cache=23MB (miss) w_dev=cuda:0 alloc=1079MB
  [ComfyUI] [worker:ComfyUI-TRELLIS2] [sparse-conv] out=95MB alloc=1174MB
  [ComfyUI] [worker:ComfyUI-TRELLIS2] [UNET] level=1 block=9 SparseConvNeXtBlock3d N=97,287 ch=512 alloc=1055MB
  [ComfyUI] [worker:ComfyUI-TRELLIS2] [sparse-conv] N=97,287 Ci=512 Co=512 feats=95MB cache=23MB (miss) w_dev=cuda:0 alloc=1079MB
  [ComfyUI] [worker:ComfyUI-TRELLIS2] [sparse-conv] out=95MB alloc=1174MB
  [ComfyUI] [worker:ComfyUI-TRELLIS2] [UNET] level=1 block=10 SparseConvNeXtBlock3d N=97,287 ch=512 alloc=1055MB
  [ComfyUI] [worker:ComfyUI-TRELLIS2] [sparse-conv] N=97,287 Ci=512 Co=512 feats=95MB cache=23MB (miss) w_dev=cuda:0 alloc=1079MB
  [ComfyUI] [worker:ComfyUI-TRELLIS2] [sparse-conv] out=95MB alloc=1174MB
  [ComfyUI] [SubprocessWorker] callback 'report_progress' from call_id=12
  [ComfyUI] [worker:ComfyUI-TRELLIS2] [UNET] level=1 block=11 SparseConvNeXtBlock3d N=97,287 ch=512 alloc=1055MB
  [ComfyUI] [worker:ComfyUI-TRELLIS2] [sparse-conv] N=97,287 Ci=512 Co=512 feats=95MB cache=23MB (miss) w_dev=cuda:0 alloc=1079MB
  [ComfyUI] [worker:ComfyUI-TRELLIS2] [sparse-conv] out=95MB alloc=1174MB
  [ComfyUI] [worker:ComfyUI-TRELLIS2] [UNET] level=1 block=12 SparseConvNeXtBlock3d N=97,287 ch=512 alloc=1055MB
  [ComfyUI] [worker:ComfyUI-TRELLIS2] [sparse-conv] N=97,287 Ci=512 Co=512 feats=95MB cache=23MB (miss) w_dev=cuda:0 alloc=1079MB
  [ComfyUI] [worker:ComfyUI-TRELLIS2] [sparse-conv] out=95MB alloc=1174MB
  [ComfyUI] [worker:ComfyUI-TRELLIS2] [UNET] level=1 block=13 SparseConvNeXtBlock3d N=97,287 ch=512 alloc=1055MB
  [ComfyUI] [worker:ComfyUI-TRELLIS2] [sparse-conv] N=97,287 Ci=512 Co=512 feats=95MB cache=23MB (miss) w_dev=cuda:0 alloc=1079MB
  [ComfyUI] [worker:ComfyUI-TRELLIS2] [sparse-conv] out=95MB alloc=1174MB
  [ComfyUI] [SubprocessWorker] callback 'report_progress' from call_id=12
  [ComfyUI] [worker:ComfyUI-TRELLIS2] [UNET] level=1 block=14 SparseConvNeXtBlock3d N=97,287 ch=512 alloc=1055MB
  [ComfyUI] [worker:ComfyUI-TRELLIS2] [sparse-conv] N=97,287 Ci=512 Co=512 feats=95MB cache=23MB (miss) w_dev=cuda:0 alloc=1079MB
  [ComfyUI] [worker:ComfyUI-TRELLIS2] [sparse-conv] out=95MB alloc=1174MB
  [ComfyUI] [worker:ComfyUI-TRELLIS2] [UNET] level=1 block=15 SparseConvNeXtBlock3d N=97,287 ch=512 alloc=1055MB
  [ComfyUI] [worker:ComfyUI-TRELLIS2] [sparse-conv] N=97,287 Ci=512 Co=512 feats=95MB cache=23MB (miss) w_dev=cuda:0 alloc=1079MB
  [ComfyUI] [worker:ComfyUI-TRELLIS2] [sparse-conv] out=95MB alloc=1174MB
  [ComfyUI] [worker:ComfyUI-TRELLIS2] [UNET] level=1 block=16 SparseResBlockC2S3d N=97,287 ch=512 alloc=1055MB
  [ComfyUI] [worker:ComfyUI-TRELLIS2] [C2S3d] after subdiv: alloc=1056MB
  [ComfyUI] [worker:ComfyUI-TRELLIS2] [C2S3d] after norm1: alloc=1151MB
  [ComfyUI] [worker:ComfyUI-TRELLIS2] [C2S3d] pre-conv1: N=97,287 Ci=512 Co=2048 alloc=1151MB
  [ComfyUI] [worker:ComfyUI-TRELLIS2] [C2S3d] x.feats offloaded before conv1: alloc=1152MB
  [ComfyUI] [worker:ComfyUI-TRELLIS2] [sparse-conv] N=97,287 Ci=512 Co=2048 feats=95MB cache=23MB (miss) w_dev=cuda:0 alloc=1176MB
  [ComfyUI] [worker:ComfyUI-TRELLIS2] [sparse-conv] out=380MB alloc=1556MB
  [ComfyUI] [worker:ComfyUI-TRELLIS2] [C2S3d] post-conv1: h=torch.Size([97287, 2048]) alloc=1461MB
  [ComfyUI] [worker:ComfyUI-TRELLIS2] [C2S3d] x.feats restored from CPU: alloc=1556MB
  [ComfyUI] [worker:ComfyUI-TRELLIS2] [C2S3d] pre-C2S(h): alloc=1556MB
  [ComfyUI] [worker:ComfyUI-TRELLIS2] [C2S] scatter: 97,287×2048 -> 454,398×256 in=380MB out=221MB alloc=1574MB
  [ComfyUI] [worker:ComfyUI-TRELLIS2] [VRAM] +479MB (now 1574MB) reserved=1622MB peak=3384MB
  [capture-loop] iter=850 t=102.2s state={'complete': False, 'error': None, 'executedCount': 1, 'wsState': 1} eval_ms=3 ram=20.7/31.2GB (66%) swap=2.5/32.0GB (8%) cpu=5% browser_rss=0.69GB
  [ComfyUI] [worker:ComfyUI-TRELLIS2] [C2S] offloaded 380MB to CPU, alloc=1194MB
  [ComfyUI] [worker:ComfyUI-TRELLIS2] [C2S] scatter done: alloc=1416MB
  [ComfyUI] [worker:ComfyUI-TRELLIS2] [C2S3d] post-C2S(h): h=torch.Size([454398, 256]) alloc=1405MB
  [ComfyUI] [worker:ComfyUI-TRELLIS2] [C2S] scatter: 97,287×512 -> 454,398×64 in=95MB out=55MB alloc=1423MB
  [ComfyUI] [worker:ComfyUI-TRELLIS2] [C2S] scatter done: alloc=1478MB
  [ComfyUI] [worker:ComfyUI-TRELLIS2] [C2S3d] post-C2S(x): x=torch.Size([454398, 64]) alloc=1372MB
  [ComfyUI] [worker:ComfyUI-TRELLIS2] [C2S3d] post-C2S: N=454,398 h=256ch x=64ch alloc=1372MB
  [ComfyUI] [worker:ComfyUI-TRELLIS2] [C2S3d] x offloaded to CPU, pre-conv2: alloc=1309MB
  Frame 25 saved (frame_024.jpg, t=102.4s)
  [ComfyUI] [worker:ComfyUI-TRELLIS2] [C2S3d] after norm2: alloc=1309MB
  [capture-periodic] freeze=3ms shot=216ms unfreeze=4ms saved=True
  [ComfyUI] [worker:ComfyUI-TRELLIS2] [C2S3d] after silu: alloc=1309MB
  [ComfyUI] [worker:ComfyUI-TRELLIS2] [sparse-conv] N=454,398 Ci=256 Co=256 feats=221MB cache=108MB (miss) w_dev=cuda:0 alloc=1417MB
  [ComfyUI] [worker:ComfyUI-TRELLIS2] [sparse-conv] out=221MB alloc=1640MB
  [ComfyUI] [worker:ComfyUI-TRELLIS2] [C2S3d] post-conv2: alloc=1418MB
  [ComfyUI] [worker:ComfyUI-TRELLIS2] [C2S3d] post-conv2 (cache cleared): alloc=1309MB
  [ComfyUI] [worker:ComfyUI-TRELLIS2] [C2S3d] after skip expand: alloc=1531MB
  [ComfyUI] [worker:ComfyUI-TRELLIS2] [C2S3d] post-skip: alloc=1309MB
  [ComfyUI] [SubprocessWorker] callback 'report_progress' from call_id=12
  [ComfyUI] [worker:ComfyUI-TRELLIS2] [UNET] level=2 block=0 SparseConvNeXtBlock3d N=454,398 ch=256 alloc=1214MB
  [ComfyUI] [worker:ComfyUI-TRELLIS2] [sparse-conv] N=454,398 Ci=256 Co=256 feats=221MB cache=108MB (miss) w_dev=cuda:0 alloc=1322MB
  [ComfyUI] [worker:ComfyUI-TRELLIS2] [sparse-conv] out=221MB alloc=1545MB
  [ComfyUI] [worker:ComfyUI-TRELLIS2] [UNET] level=2 block=1 SparseConvNeXtBlock3d N=454,398 ch=256 alloc=1214MB
  [ComfyUI] [worker:ComfyUI-TRELLIS2] [sparse-conv] N=454,398 Ci=256 Co=256 feats=221MB cache=108MB (miss) w_dev=cuda:0 alloc=1322MB
  [ComfyUI] [worker:ComfyUI-TRELLIS2] [sparse-conv] out=221MB alloc=1545MB
  [ComfyUI] [worker:ComfyUI-TRELLIS2] [UNET] level=2 block=2 SparseConvNeXtBlock3d N=454,398 ch=256 alloc=1214MB
  [ComfyUI] [worker:ComfyUI-TRELLIS2] [sparse-conv] N=454,398 Ci=256 Co=256 feats=221MB cache=108MB (miss) w_dev=cuda:0 alloc=1322MB
  [ComfyUI] [worker:ComfyUI-TRELLIS2] [sparse-conv] out=221MB alloc=1545MB
  [ComfyUI] [worker:ComfyUI-TRELLIS2] [UNET] level=2 block=3 SparseConvNeXtBlock3d N=454,398 ch=256 alloc=1214MB
  [ComfyUI] [worker:ComfyUI-TRELLIS2] [sparse-conv] N=454,398 Ci=256 Co=256 feats=221MB cache=108MB (miss) w_dev=cuda:0 alloc=1322MB
  [ComfyUI] [worker:ComfyUI-TRELLIS2] [sparse-conv] out=221MB alloc=1545MB
  [ComfyUI] [SubprocessWorker] callback 'report_progress' from call_id=12
  [ComfyUI] [worker:ComfyUI-TRELLIS2] [UNET] level=2 block=4 SparseConvNeXtBlock3d N=454,398 ch=256 alloc=1214MB
  [ComfyUI] [worker:ComfyUI-TRELLIS2] [sparse-conv] N=454,398 Ci=256 Co=256 feats=221MB cache=108MB (miss) w_dev=cuda:0 alloc=1322MB
  [ComfyUI] [worker:ComfyUI-TRELLIS2] [sparse-conv] out=221MB alloc=1545MB
  [ComfyUI] [worker:ComfyUI-TRELLIS2] [UNET] level=2 block=5 SparseConvNeXtBlock3d N=454,398 ch=256 alloc=1214MB
  [ComfyUI] [worker:ComfyUI-TRELLIS2] [sparse-conv] N=454,398 Ci=256 Co=256 feats=221MB cache=108MB (miss) w_dev=cuda:0 alloc=1322MB
  [ComfyUI] [worker:ComfyUI-TRELLIS2] [sparse-conv] out=221MB alloc=1545MB
  [ComfyUI] [worker:ComfyUI-TRELLIS2] [UNET] level=2 block=6 SparseConvNeXtBlock3d N=454,398 ch=256 alloc=1214MB
  [ComfyUI] [worker:ComfyUI-TRELLIS2] [VRAM] -361MB (now 1214MB) reserved=2142MB peak=3384MB
  [ComfyUI] [worker:ComfyUI-TRELLIS2] [sparse-conv] N=454,398 Ci=256 Co=256 feats=221MB cache=108MB (miss) w_dev=cuda:0 alloc=1322MB
  [ComfyUI] [worker:ComfyUI-TRELLIS2] [sparse-conv] out=221MB alloc=1545MB
  [ComfyUI] [SubprocessWorker] callback 'report_progress' from call_id=12
  [ComfyUI] [worker:ComfyUI-TRELLIS2] [UNET] level=2 block=7 SparseConvNeXtBlock3d N=454,398 ch=256 alloc=1214MB
  [ComfyUI] [worker:ComfyUI-TRELLIS2] [sparse-conv] N=454,398 Ci=256 Co=256 feats=221MB cache=108MB (miss) w_dev=cuda:0 alloc=1322MB
  [ComfyUI] [worker:ComfyUI-TRELLIS2] [sparse-conv] out=221MB alloc=1545MB
  [ComfyUI] [worker:ComfyUI-TRELLIS2] [UNET] level=2 block=8 SparseResBlockC2S3d N=454,398 ch=256 alloc=1214MB
  [ComfyUI] [worker:ComfyUI-TRELLIS2] [C2S3d] after subdiv: alloc=1221MB
  [ComfyUI] [worker:ComfyUI-TRELLIS2] [C2S3d] after norm1: alloc=1443MB
  [ComfyUI] [worker:ComfyUI-TRELLIS2] [C2S3d] pre-conv1: N=454,398 Ci=256 Co=1024 alloc=1443MB
  [ComfyUI] [worker:ComfyUI-TRELLIS2] [C2S3d] x.feats offloaded before conv1: alloc=1446MB
  [ComfyUI] [worker:ComfyUI-TRELLIS2] [sparse-conv] N=454,398 Ci=256 Co=1024 feats=221MB cache=108MB (miss) w_dev=cuda:0 alloc=1555MB
  [ComfyUI] [worker:ComfyUI-TRELLIS2] [sparse-conv] out=887MB alloc=2442MB
  [ComfyUI] [worker:ComfyUI-TRELLIS2] [C2S3d] post-conv1: h=torch.Size([454398, 1024]) alloc=2221MB
  [ComfyUI] [worker:ComfyUI-TRELLIS2] [C2S3d] x.feats restored from CPU: alloc=2442MB
  [ComfyUI] [worker:ComfyUI-TRELLIS2] [C2S3d] pre-C2S(h): alloc=2442MB
  [ComfyUI] [worker:ComfyUI-TRELLIS2] [C2S] scatter: 454,398×1024 -> 2,104,510×128 in=887MB out=513MB alloc=2526MB
  [ComfyUI] [worker:ComfyUI-TRELLIS2] [C2S] offloaded 887MB to CPU, alloc=1639MB
  [ComfyUI] [worker:ComfyUI-TRELLIS2] [VRAM] +424MB (now 1639MB) reserved=1722MB peak=3384MB
  [ComfyUI] [worker:ComfyUI-TRELLIS2] [C2S] scatter done: alloc=2152MB
  [ComfyUI] [worker:ComfyUI-TRELLIS2] [C2S3d] post-C2S(h): h=torch.Size([2104510, 128]) alloc=2101MB
  [ComfyUI] [worker:ComfyUI-TRELLIS2] [C2S] scatter: 454,398×256 -> 2,104,510×32 in=221MB out=128MB alloc=2185MB
  [ComfyUI] [worker:ComfyUI-TRELLIS2] [C2S] scatter done: alloc=2313MB
  [ComfyUI] [worker:ComfyUI-TRELLIS2] [C2S3d] post-C2S(x): x=torch.Size([2104510, 32]) alloc=2039MB
  Frame 26 saved (frame_025.jpg, t=104.8s)
  [ComfyUI] [worker:ComfyUI-TRELLIS2] [C2S3d] post-C2S: N=2,104,510 h=128ch x=32ch alloc=2036MB
  [capture-periodic] freeze=4ms shot=210ms unfreeze=7ms saved=True
  [ComfyUI] [worker:ComfyUI-TRELLIS2] [C2S3d] x offloaded to CPU, pre-conv2: alloc=1875MB
  [ComfyUI] [worker:ComfyUI-TRELLIS2] [VRAM] +236MB (now 1875MB) reserved=1982MB peak=3384MB
  [ComfyUI] [worker:ComfyUI-TRELLIS2] [C2S3d] h.feats offloaded for chunked norm2+silu: alloc=1362MB
  [ComfyUI] [worker:ComfyUI-TRELLIS2] [VRAM] -514MB (now 1362MB) reserved=2162MB peak=3384MB
  [ComfyUI] [worker:ComfyUI-TRELLIS2] [C2S3d] after chunked norm2+silu: alloc=1875MB
  [ComfyUI] [worker:ComfyUI-TRELLIS2] [sparse-conv] TILED: N=2,104,510 max_tile=1,000,000 feats=513MB alloc=1875MB
  [ComfyUI] [worker:ComfyUI-TRELLIS2] [sparse-conv] TILED feats offloaded to CPU, alloc=1362MB
  [ComfyUI] [worker:ComfyUI-TRELLIS2] [tiled_conv] N=2,104,510 Ci=128 Co=128 K=(3, 3, 3) feats=514MB out=514MB feats_dev=cpu alloc=1362MB
  [ComfyUI] [worker:ComfyUI-TRELLIS2] [tiled_conv] 4 tiles, VRAM baseline=1362MB
  [ComfyUI] 
  [ComfyUI] Tiled Conv3d:   0%|          | 0/4 [00:00<?]
  [ComfyUI] Tiled Conv3d:   0%|          | 0/4 [00:00<?]
  [ComfyUI] Tiled Conv3d:  25%|██▌       | 1/4 [00:00<00:00][worker:ComfyUI-TRELLIS2] [VRAM] +520MB (now 1882MB) reserved=2102MB peak=3384MB
  Frame 27 saved (frame_026.jpg, t=107.1s)
  [capture-periodic] freeze=3ms shot=206ms unfreeze=7ms saved=True
  [ComfyUI] 
  [ComfyUI] Tiled Conv3d:  25%|██▌       | 1/4 [00:01<00:00]
  [ComfyUI] Tiled Conv3d:  50%|█████     | 2/4 [00:01<00:01]
  [ComfyUI] Tiled Conv3d:  50%|█████     | 2/4 [00:01<00:01]
  [ComfyUI] Tiled Conv3d:  75%|███████▌  | 3/4 [00:01<00:00][worker:ComfyUI-TRELLIS2] [VRAM] -521MB (now 1362MB) reserved=1442MB peak=3384MB
  [capture-loop] iter=900 t=108.4s state={'complete': False, 'error': None, 'executedCount': 1, 'wsState': 1} eval_ms=4 ram=21.5/31.2GB (69%) swap=2.9/32.0GB (9%) cpu=6% browser_rss=0.68GB
  [ComfyUI] 
  [ComfyUI] Tiled Conv3d:  75%|███████▌  | 3/4 [00:01<00:00]
  [ComfyUI] Tiled Conv3d: 100%|██████████| 4/4 [00:01<00:00]
  [ComfyUI] Tiled Conv3d: 100%|██████████| 4/4 [00:01<00:00]
  [ComfyUI] [worker:ComfyUI-TRELLIS2] [tiled_conv] done: 2104510/2104510 voxels, tile_peak=1882MB, final=1875MB
  [ComfyUI] [worker:ComfyUI-TRELLIS2] [sparse-conv] TILED done: out=513MB alloc=1875MB
  [ComfyUI] [worker:ComfyUI-TRELLIS2] [C2S3d] post-conv2: alloc=1875MB
  [ComfyUI] [worker:ComfyUI-TRELLIS2] [C2S3d] post-conv2 (cache cleared): alloc=1875MB
  [ComfyUI] [worker:ComfyUI-TRELLIS2] [VRAM] +513MB (now 1875MB) reserved=2202MB peak=3384MB
  [ComfyUI] [worker:ComfyUI-TRELLIS2] [C2S3d] after chunked skip: alloc=1875MB
  [ComfyUI] [SubprocessWorker] callback 'report_progress' from call_id=12
  [ComfyUI] [worker:ComfyUI-TRELLIS2] [UNET] level=3 block=0 SparseConvNeXtBlock3d N=2,104,510 ch=128 alloc=1654MB
  [ComfyUI] [worker:ComfyUI-TRELLIS2] [sparse-conv] TILED: N=2,104,510 max_tile=1,000,000 feats=513MB alloc=1654MB
  [ComfyUI] [worker:ComfyUI-TRELLIS2] [sparse-conv] TILED feats offloaded to CPU, alloc=1140MB
  [ComfyUI] [worker:ComfyUI-TRELLIS2] [tiled_conv] N=2,104,510 Ci=128 Co=128 K=(3, 3, 3) feats=514MB out=514MB feats_dev=cpu alloc=1140MB
  [ComfyUI] [worker:ComfyUI-TRELLIS2] [tiled_conv] 4 tiles, VRAM baseline=1140MB
  [ComfyUI] 
  [ComfyUI] Tiled Conv3d:   0%|          | 0/4 [00:00<?][worker:ComfyUI-TRELLIS2] [VRAM] -451MB (now 1425MB) reserved=1682MB peak=3384MB
  [ComfyUI] 
  [ComfyUI] Tiled Conv3d:   0%|          | 0/4 [00:00<?]
  [ComfyUI] Tiled Conv3d:  25%|██▌       | 1/4 [00:00<00:00]
  [ComfyUI] Tiled Conv3d:  25%|██▌       | 1/4 [00:00<00:00]
  [ComfyUI] Tiled Conv3d:  50%|█████     | 2/4 [00:00<00:00]
  [ComfyUI] Tiled Conv3d:  50%|█████     | 2/4 [00:00<00:00]
  [ComfyUI] Tiled Conv3d:  75%|███████▌  | 3/4 [00:00<00:00][worker:ComfyUI-TRELLIS2] [VRAM] +402MB (now 1828MB) reserved=2102MB peak=3384MB
  [ComfyUI] 
  [ComfyUI] Tiled Conv3d:  75%|███████▌  | 3/4 [00:01<00:00]
  [ComfyUI] Tiled Conv3d: 100%|██████████| 4/4 [00:01<00:00]
  [ComfyUI] Tiled Conv3d: 100%|██████████| 4/4 [00:01<00:00]
  [ComfyUI] [worker:ComfyUI-TRELLIS2] [tiled_conv] done: 2104510/2104510 voxels, tile_peak=1660MB, final=1654MB
  [ComfyUI] [worker:ComfyUI-TRELLIS2] [sparse-conv] TILED done: out=513MB alloc=1654MB
  Frame 28 saved (frame_027.jpg, t=111.6s)
  [capture-periodic] freeze=3ms shot=217ms unfreeze=3ms saved=True
  [ComfyUI] [worker:ComfyUI-TRELLIS2] [VRAM] -689MB (now 1140MB) reserved=3642MB peak=3384MB
  [ComfyUI] [SubprocessWorker] callback 'report_progress' from call_id=12
  [ComfyUI] [worker:ComfyUI-TRELLIS2] [UNET] level=3 block=1 SparseConvNeXtBlock3d N=2,104,510 ch=128 alloc=1654MB
  [ComfyUI] [worker:ComfyUI-TRELLIS2] [sparse-conv] TILED: N=2,104,510 max_tile=1,000,000 feats=513MB alloc=1654MB
  [ComfyUI] [worker:ComfyUI-TRELLIS2] [sparse-conv] TILED feats offloaded to CPU, alloc=1140MB
  [ComfyUI] [worker:ComfyUI-TRELLIS2] [tiled_conv] N=2,104,510 Ci=128 Co=128 K=(3, 3, 3) feats=514MB out=514MB feats_dev=cpu alloc=1140MB
  [ComfyUI] [worker:ComfyUI-TRELLIS2] [tiled_conv] 4 tiles, VRAM baseline=1140MB
  [ComfyUI] 
  [ComfyUI] Tiled Conv3d:   0%|          | 0/4 [00:00<?][worker:ComfyUI-TRELLIS2] [VRAM] +285MB (now 1425MB) reserved=1682MB peak=3384MB
  [ComfyUI] 
  [ComfyUI] Tiled Conv3d:   0%|          | 0/4 [00:00<?]
  [ComfyUI] Tiled Conv3d:  25%|██▌       | 1/4 [00:00<00:00]
  Frame 29 saved (frame_028.jpg, t=114.0s)
  [ComfyUI] Tiled Conv3d:  25%|██▌       | 1/4 [00:00<00:00]
  [capture-periodic] freeze=3ms shot=213ms unfreeze=4ms saved=True
  [ComfyUI] Tiled Conv3d:  50%|█████     | 2/4 [00:00<00:00]
  [ComfyUI] Tiled Conv3d:  50%|█████     | 2/4 [00:00<00:00]
  [capture-loop] iter=950 t=114.6s state={'complete': False, 'error': None, 'executedCount': 1, 'wsState': 1} eval_ms=4 ram=21.5/31.2GB (69%) swap=2.9/32.0GB (9%) cpu=5% browser_rss=0.69GB
  [ComfyUI] Tiled Conv3d:  75%|███████▌  | 3/4 [00:00<00:00][worker:ComfyUI-TRELLIS2] [VRAM] +402MB (now 1828MB) reserved=2102MB peak=3384MB
  [ComfyUI] 
  [ComfyUI] Tiled Conv3d:  75%|███████▌  | 3/4 [00:01<00:00]
  [ComfyUI] Tiled Conv3d: 100%|██████████| 4/4 [00:01<00:00]
  [ComfyUI] Tiled Conv3d: 100%|██████████| 4/4 [00:01<00:00]
  [ComfyUI] [worker:ComfyUI-TRELLIS2] [tiled_conv] done: 2104510/2104510 voxels, tile_peak=1660MB, final=1654MB
  [ComfyUI] [worker:ComfyUI-TRELLIS2] [sparse-conv] TILED done: out=513MB alloc=1654MB
  [ComfyUI] [worker:ComfyUI-TRELLIS2] [VRAM] -689MB (now 1140MB) reserved=3642MB peak=3384MB
  [ComfyUI] [SubprocessWorker] callback 'report_progress' from call_id=12
  [ComfyUI] [worker:ComfyUI-TRELLIS2] [UNET] level=3 block=2 SparseConvNeXtBlock3d N=2,104,510 ch=128 alloc=1654MB
  [ComfyUI] [worker:ComfyUI-TRELLIS2] [sparse-conv] TILED: N=2,104,510 max_tile=1,000,000 feats=513MB alloc=1654MB
  [ComfyUI] [worker:ComfyUI-TRELLIS2] [sparse-conv] TILED feats offloaded to CPU, alloc=1140MB
  [ComfyUI] [worker:ComfyUI-TRELLIS2] [tiled_conv] N=2,104,510 Ci=128 Co=128 K=(3, 3, 3) feats=514MB out=514MB feats_dev=cpu alloc=1140MB
  [ComfyUI] [worker:ComfyUI-TRELLIS2] [tiled_conv] 4 tiles, VRAM baseline=1140MB
  [ComfyUI] 
  Frame 30 saved (frame_029.jpg, t=116.3s)
  [capture-periodic] freeze=3ms shot=209ms unfreeze=4ms saved=True
  [ComfyUI] Tiled Conv3d:   0%|          | 0/4 [00:00<?][worker:ComfyUI-TRELLIS2] [VRAM] +374MB (now 1514MB) reserved=1682MB peak=3384MB
  [ComfyUI] 
  [ComfyUI] Tiled Conv3d:   0%|          | 0/4 [00:00<?]
  [ComfyUI] Tiled Conv3d:  25%|██▌       | 1/4 [00:00<00:01]
  [ComfyUI] Tiled Conv3d:  25%|██▌       | 1/4 [00:00<00:01]
  [ComfyUI] Tiled Conv3d:  50%|█████     | 2/4 [00:00<00:01]
  [ComfyUI] Tiled Conv3d:  50%|█████     | 2/4 [00:01<00:01]
  [ComfyUI] Tiled Conv3d:  75%|███████▌  | 3/4 [00:01<00:00][worker:ComfyUI-TRELLIS2] [VRAM] -366MB (now 1149MB) reserved=1202MB peak=3384MB
  [ComfyUI] 
  [ComfyUI] Tiled Conv3d:  75%|███████▌  | 3/4 [00:01<00:00]
  [ComfyUI] Tiled Conv3d: 100%|██████████| 4/4 [00:01<00:00]
  [ComfyUI] Tiled Conv3d: 100%|██████████| 4/4 [00:01<00:00]
  [ComfyUI] [worker:ComfyUI-TRELLIS2] [tiled_conv] done: 2104510/2104510 voxels, tile_peak=1660MB, final=1654MB
  [ComfyUI] [worker:ComfyUI-TRELLIS2] [sparse-conv] TILED done: out=513MB alloc=1654MB
  [ComfyUI] [worker:ComfyUI-TRELLIS2] [VRAM] +504MB (now 1654MB) reserved=3642MB peak=3384MB
  [ComfyUI] [SubprocessWorker] callback 'report_progress' from call_id=12
  [ComfyUI] [worker:ComfyUI-TRELLIS2] [UNET] level=3 block=3 SparseConvNeXtBlock3d N=2,104,510 ch=128 alloc=1654MB
  [ComfyUI] [worker:ComfyUI-TRELLIS2] [sparse-conv] TILED: N=2,104,510 max_tile=1,000,000 feats=513MB alloc=1654MB
  [ComfyUI] [worker:ComfyUI-TRELLIS2] [sparse-conv] TILED feats offloaded to CPU, alloc=1140MB
  [ComfyUI] [worker:ComfyUI-TRELLIS2] [tiled_conv] N=2,104,510 Ci=128 Co=128 K=(3, 3, 3) feats=514MB out=514MB feats_dev=cpu alloc=1140MB
  [ComfyUI] [worker:ComfyUI-TRELLIS2] [tiled_conv] 4 tiles, VRAM baseline=1140MB
  [ComfyUI] 
  [ComfyUI] Tiled Conv3d:   0%|          | 0/4 [00:00<?]
  [ComfyUI] Tiled Conv3d:   0%|          | 0/4 [00:00<?]
  [ComfyUI] Tiled Conv3d:  25%|██▌       | 1/4 [00:00<00:00]
  [ComfyUI] Tiled Conv3d:  25%|██▌       | 1/4 [00:00<00:00]
  [ComfyUI] Tiled Conv3d:  50%|█████     | 2/4 [00:00<00:00][worker:ComfyUI-TRELLIS2] [VRAM] -514MB (now 1140MB) reserved=1202MB peak=3384MB
  [capture-loop] iter=1000 t=120.4s state={'complete': False, 'error': None, 'executedCount': 1, 'wsState': 1} eval_ms=4 ram=21.3/31.2GB (68%) swap=2.9/32.0GB (9%) cpu=5% browser_rss=0.68GB
  [ComfyUI] 
  [ComfyUI] Tiled Conv3d:  50%|█████     | 2/4 [00:00<00:00]
  [ComfyUI] Tiled Conv3d:  75%|███████▌  | 3/4 [00:00<00:00]
  [ComfyUI] Tiled Conv3d:  75%|███████▌  | 3/4 [00:01<00:00]
  [ComfyUI] Tiled Conv3d: 100%|██████████| 4/4 [00:01<00:00]
  [ComfyUI] Tiled Conv3d: 100%|██████████| 4/4 [00:01<00:00]
  [ComfyUI] [worker:ComfyUI-TRELLIS2] [tiled_conv] done: 2104510/2104510 voxels, tile_peak=1660MB, final=1654MB
  [ComfyUI] [worker:ComfyUI-TRELLIS2] [sparse-conv] TILED done: out=513MB alloc=1654MB
  Frame 31 saved (frame_030.jpg, t=120.9s)
  [capture-periodic] freeze=3ms shot=216ms unfreeze=4ms saved=True
  [ComfyUI] [worker:ComfyUI-TRELLIS2] [VRAM] +244MB (now 1384MB) reserved=3642MB peak=3384MB
  [ComfyUI] [SubprocessWorker] callback 'report_progress' from call_id=12
  [ComfyUI] [worker:ComfyUI-TRELLIS2] [UNET] level=3 block=4 SparseResBlockC2S3d N=2,104,510 ch=128 alloc=1654MB
  [ComfyUI] [worker:ComfyUI-TRELLIS2] [C2S3d] after subdiv: alloc=1686MB
  [ComfyUI] [worker:ComfyUI-TRELLIS2] [C2S3d] after norm1: alloc=2199MB
  [ComfyUI] [worker:ComfyUI-TRELLIS2] [C2S3d] pre-conv1: N=2,104,510 Ci=128 Co=512 alloc=2199MB
  [ComfyUI] [worker:ComfyUI-TRELLIS2] [C2S3d] TILED: N=2,104,510 -> 6 tiles, alloc=2216MB
  [ComfyUI] [worker:ComfyUI-TRELLIS2] [VRAM] +831MB (now 2216MB) reserved=3642MB peak=3384MB
  [ComfyUI] [worker:ComfyUI-TRELLIS2] [C2S3d] TILED feats offloaded, alloc=1188MB
  [ComfyUI] [worker:ComfyUI-TRELLIS2] [C2S3d] TILED tile 1/6: conv1 N_halo=370,067 alloc=1291MB
  [ComfyUI] [worker:ComfyUI-TRELLIS2] [C2S3d] TILED tile 1/6: N_int=364,236 fine=1,772,662 alloc=1218MB
  [ComfyUI] [worker:ComfyUI-TRELLIS2] [C2S3d] TILED tile 2/6: conv1 N_halo=226,010 alloc=1282MB
  [ComfyUI] [worker:ComfyUI-TRELLIS2] [VRAM] -552MB (now 1665MB) reserved=1922MB peak=3384MB
  [ComfyUI] [worker:ComfyUI-TRELLIS2] [C2S3d] TILED tile 2/6: N_int=223,843 fine=960,650 alloc=1204MB
  Frame 32 saved (frame_031.jpg, t=123.2s)
  [capture-periodic] freeze=3ms shot=217ms unfreeze=5ms saved=True
  [ComfyUI] [worker:ComfyUI-TRELLIS2] [C2S3d] TILED tile 3/6: conv1 N_halo=471,567 alloc=1334MB
  [ComfyUI] [worker:ComfyUI-TRELLIS2] [C2S3d] TILED tile 3/6: N_int=463,767 fine=2,068,414 alloc=1223MB
  [ComfyUI] [worker:ComfyUI-TRELLIS2] [C2S3d] TILED tile 4/6: conv1 N_halo=371,234 alloc=1326MB
  [ComfyUI] [worker:ComfyUI-TRELLIS2] [C2S3d] TILED tile 4/6: N_int=365,439 fine=1,773,433 alloc=1218MB
  [ComfyUI] [worker:ComfyUI-TRELLIS2] [VRAM] -440MB (now 1225MB) reserved=1322MB peak=3384MB
  [ComfyUI] [worker:ComfyUI-TRELLIS2] [C2S3d] TILED tile 5/6: conv1 N_halo=470,398 alloc=1347MB
  [ComfyUI] [worker:ComfyUI-TRELLIS2] [C2S3d] TILED tile 5/6: N_int=462,656 fine=2,062,764 alloc=1223MB
  [ComfyUI] [worker:ComfyUI-TRELLIS2] [C2S3d] TILED tile 6/6: conv1 N_halo=226,704 alloc=1288MB
  [ComfyUI] [worker:ComfyUI-TRELLIS2] [VRAM] +335MB (now 1561MB) reserved=1702MB peak=3384MB
  [ComfyUI] [worker:ComfyUI-TRELLIS2] [C2S3d] TILED tile 6/6: N_int=224,569 fine=962,475 alloc=1204MB
  Frame 33 saved (frame_032.jpg, t=125.5s)
  [capture-periodic] freeze=3ms shot=219ms unfreeze=3ms saved=True
  [ComfyUI] [worker:ComfyUI-TRELLIS2] [VRAM] -210MB (now 1351MB) reserved=1442MB peak=3384MB
  [capture-loop] iter=1050 t=126.7s state={'complete': False, 'error': None, 'executedCount': 1, 'wsState': 1} eval_ms=4 ram=23.5/31.2GB (76%) swap=3.0/32.0GB (9%) cpu=5% browser_rss=0.68GB
  [ComfyUI] [worker:ComfyUI-TRELLIS2] [C2S3d] TILED done: h_fine=torch.Size([9600398, 64]) x_fine_cpu=torch.Size([9600398, 16]) alloc=2523MB
  [ComfyUI] [worker:ComfyUI-TRELLIS2] [C2S3d] h.feats offloaded for chunked norm2+silu: alloc=1318MB
  [ComfyUI] [worker:ComfyUI-TRELLIS2] [VRAM] +211MB (now 1563MB) reserved=1742MB peak=3384MB
  [ComfyUI] [worker:ComfyUI-TRELLIS2] [VRAM] -245MB (now 1318MB) reserved=1742MB peak=3384MB
  [ComfyUI] [worker:ComfyUI-TRELLIS2] [C2S3d] after chunked norm2+silu: alloc=2490MB
  [ComfyUI] [worker:ComfyUI-TRELLIS2] [sparse-conv] TILED: N=9,600,398 max_tile=1,000,000 feats=1171MB alloc=2490MB
  [ComfyUI] [worker:ComfyUI-TRELLIS2] [VRAM] +1171MB (now 2490MB) reserved=2622MB peak=3384MB
  [ComfyUI] [worker:ComfyUI-TRELLIS2] [sparse-conv] TILED feats offloaded to CPU, alloc=1318MB
  [ComfyUI] [worker:ComfyUI-TRELLIS2] [tiled_conv] N=9,600,398 Ci=64 Co=64 K=(3, 3, 3) feats=1172MB out=1172MB feats_dev=cpu alloc=1318MB
  [ComfyUI] [worker:ComfyUI-TRELLIS2] [tiled_conv] 12 tiles, VRAM baseline=1318MB
  [ComfyUI] 
  [ComfyUI] Tiled Conv3d:   0%|          | 0/12 [00:00<?]
  [ComfyUI] Tiled Conv3d:   0%|          | 0/12 [00:00<?]
  [ComfyUI] Tiled Conv3d:   8%|▊         | 1/12 [00:00<00:03][worker:ComfyUI-TRELLIS2] [VRAM] -1147MB (now 1344MB) reserved=1502MB peak=3384MB
  [ComfyUI] 
  [ComfyUI] Tiled Conv3d:   8%|▊         | 1/12 [00:00<00:03]
  [ComfyUI] Tiled Conv3d:  17%|█▋        | 2/12 [00:00<00:03]
  [ComfyUI] Tiled Conv3d:  17%|█▋        | 2/12 [00:00<00:03]
  [ComfyUI] Tiled Conv3d:  25%|██▌       | 3/12 [00:00<00:02]
  [ComfyUI] Tiled Conv3d:  25%|██▌       | 3/12 [00:01<00:02]
  [ComfyUI] Tiled Conv3d:  33%|███▎      | 4/12 [00:01<00:02]
  [ComfyUI] Tiled Conv3d:  33%|███▎      | 4/12 [00:01<00:02]
  [ComfyUI] Tiled Conv3d:  42%|████▏     | 5/12 [00:01<00:01][worker:ComfyUI-TRELLIS2] [VRAM] +529MB (now 1873MB) reserved=2022MB peak=3384MB
  [ComfyUI] 
  [ComfyUI] Tiled Conv3d:  42%|████▏     | 5/12 [00:01<00:01]
  [ComfyUI] Tiled Conv3d:  50%|█████     | 6/12 [00:01<00:01]
  [ComfyUI] Tiled Conv3d:  50%|█████     | 6/12 [00:01<00:01]
  [ComfyUI] Tiled Conv3d:  58%|█████▊    | 7/12 [00:01<00:01]
  [ComfyUI] Tiled Conv3d:  58%|█████▊    | 7/12 [00:02<00:01]
  [ComfyUI] Tiled Conv3d:  67%|██████▋   | 8/12 [00:02<00:01]
  [ComfyUI] Tiled Conv3d:  67%|██████▋   | 8/12 [00:02<00:01]
  [capture-loop] iter=1100 t=132.7s state={'complete': False, 'error': None, 'executedCount': 1, 'wsState': 1} eval_ms=4 ram=22.8/31.2GB (73%) swap=3.0/32.0GB (9%) cpu=5% browser_rss=0.68GB
  [ComfyUI] Tiled Conv3d:  75%|███████▌  | 9/12 [00:02<00:00][worker:ComfyUI-TRELLIS2] [VRAM] -532MB (now 1341MB) reserved=1502MB peak=3384MB
  [ComfyUI] 
  [ComfyUI] Tiled Conv3d:  75%|███████▌  | 9/12 [00:02<00:00]
  [ComfyUI] Tiled Conv3d:  83%|████████▎ | 10/12 [00:02<00:00]
  [ComfyUI] Tiled Conv3d:  83%|████████▎ | 10/12 [00:02<00:00]
  [ComfyUI] Tiled Conv3d:  92%|█████████▏| 11/12 [00:02<00:00]
  [ComfyUI] Tiled Conv3d:  92%|█████████▏| 11/12 [00:03<00:00]
  [ComfyUI] Tiled Conv3d: 100%|██████████| 12/12 [00:03<00:00]
  [ComfyUI] Tiled Conv3d: 100%|██████████| 12/12 [00:03<00:00]
  [ComfyUI] [worker:ComfyUI-TRELLIS2] [tiled_conv] done: 9600398/9600398 voxels, tile_peak=1815MB, final=2490MB
  [ComfyUI] [worker:ComfyUI-TRELLIS2] [VRAM] +1148MB (now 2490MB) reserved=2582MB peak=3384MB
  [ComfyUI] [worker:ComfyUI-TRELLIS2] [sparse-conv] TILED done: out=1171MB alloc=2490MB
  [ComfyUI] [worker:ComfyUI-TRELLIS2] [C2S3d] post-conv2: alloc=2490MB
  [ComfyUI] [worker:ComfyUI-TRELLIS2] [C2S3d] post-conv2 (cache cleared): alloc=2490MB
  [ComfyUI] [worker:ComfyUI-TRELLIS2] [C2S3d] after chunked skip: alloc=2490MB
  [ComfyUI] [SubprocessWorker] callback 'report_progress' from call_id=12
  [ComfyUI] [worker:ComfyUI-TRELLIS2] [VRAM] -1050MB (now 1440MB) reserved=1522MB peak=3384MB
  [ComfyUI] [worker:ComfyUI-TRELLIS2] [VRAM] +1049MB (now 2490MB) reserved=2822MB peak=3384MB
  [ComfyUI] [SubprocessWorker] callback 'report_progress' from call_id=12
  [ComfyUI] [worker:ComfyUI-TRELLIS2] [FlexiDecoder] pre-cleanup: alloc=1409MB
  Frame 34 saved (frame_033.jpg, t=136.8s)
  [capture-periodic] freeze=3ms shot=224ms unfreeze=16ms saved=True
  [ComfyUI] [worker:ComfyUI-TRELLIS2]
  [ComfyUI] === WATCHDOG TICK 10 ===
  [ComfyUI] [worker:ComfyUI-TRELLIS2] Thread 0x0000718ed3fff640 (most recent call first):
  [ComfyUI]   File "/root/.ce/.pixi/envs/trellis2-nodes/lib/python3.13/threading.py", line 363 in wait
  [ComfyUI]   File "/root/.ce/.pixi/envs/trellis2-nodes/lib/python3.13/threading.py", line 660 in wait
  [ComfyUI]   File "/root/.ce/.pixi/envs/trellis2-nodes/lib/python3.13/site-packages/tqdm/_monitor.py", line 60 in run
  [ComfyUI]   File "/root/.ce/.pixi/envs/trellis2-nodes/lib/python3.13/threading.py", line 1044 in _bootstrap_inner
  [ComfyUI]   File "/root/.ce/.pixi/envs/trellis2-nodes/lib/python3.13/threading.py", line 1015 in _bootstrap
  [ComfyUI] 
  [ComfyUI] Thread 0x000071916b5fc640 (most recent call first):
  [ComfyUI]   File "/root/.ce/.pixi/envs/trellis2-nodes/lib/python3.13/socket.py", line 295 in accept
  [ComfyUI]   File "/root/.ce/.pixi/envs/trellis2-nodes/lib/python3.13/multiprocessing/connection.py", line 648 in accept
  [ComfyUI]   File "/root/.ce/.pixi/envs/trellis2-nodes/lib/python3.13/multiprocessing/connection.py", line 493 in accept
  [ComfyUI]   File "/root/.ce/.pixi/envs/trellis2-nodes/lib/python3.13/multiprocessing/resource_sharer.py", line 138 in _serve
  [ComfyUI]   File "/root/.ce/.pixi/envs/trellis2-nodes/lib/python3.13/threading.py", line 995 in run
  [ComfyUI]   File "/root/.ce/.pixi/envs/trellis2-nodes/lib/python3.13/threading.py", line 1044 in _bootstrap_inner
  [ComfyUI]   File "/root/.ce/.pixi/envs/trellis2-nodes/lib/python3.13/threading.py", line 1015 in _bootstrap
  [ComfyUI] 
  [ComfyUI] Thread 0x0000718ed33ff640 (most recent call first):
  [ComfyUI]   File "/root/.ce/.pixi/envs/trellis2-nodes/lib/python3.13/threading.py", line 363 in wait
  [ComfyUI]   File "/root/.ce/.pixi/envs/trellis2-nodes/lib/python3.13/threading.py", line 660 in wait
  [ComfyUI]   File "/root/.ce/.pixi/envs/trellis2-nodes/lib/python3.13/site-packages/tqdm/_monitor.py", line 60 in run
  [ComfyUI]   File "/root/.ce/.pixi/envs/trellis2-nodes/lib/python3.13/threading.py", line 1044 in _bootstrap_inner
  [ComfyUI]   File "/root/.ce/.pixi/envs/trellis2-nodes/lib/python3.13/threading.py", line 1015 in _bootstrap
  [ComfyUI] 
  [ComfyUI] Thread 0x0000718ee0ff9640 (most recent call first):
  [ComfyUI]   File "/root/.ce/.pixi/envs/trellis2-nodes/lib/python3.13/threading.py", line 363 in wait
  [ComfyUI]   File "/root/.ce/.pixi/envs/trellis2-nodes/lib/python3.13/threading.py", line 660 in wait
  [ComfyUI]   File "/root/.ce/.pixi/envs/trellis2-nodes/lib/python3.13/site-packages/tqdm/_monitor.py", line 60 in run
  [ComfyUI]   File "/root/.ce/.pixi/envs/trellis2-nodes/lib/python3.13/threading.py", line 1044 in _bootstrap_inner
  [ComfyUI]   File "/root/.ce/.pixi/envs/trellis2-nodes/lib/python3.13/threading.py", line 1015 in _bootstrap
  [ComfyUI] 
  [ComfyUI] Thread 0x0000718ee17fa640 (most recent call first):
  [ComfyUI]   File "/root/.ce/.pixi/envs/trellis2-nodes/lib/python3.13/threading.py", line 363 in wait
  [ComfyUI]   File "/root/.ce/.pixi/envs/trellis2-nodes/lib/python3.13/threading.py", line 660 in wait
  [ComfyUI]   File "/root/.ce/.pixi/envs/trellis2-nodes/lib/python3.13/site-packages/tqdm/_monitor.py", line 60 in run
  [ComfyUI]   File "/root/.ce/.pixi/envs/trellis2-nodes/lib/python3.13/threading.py", line 1044 in _bootstrap_inner
  [ComfyUI]   File "/root/.ce/.pixi/envs/trellis2-nodes/lib/python3.13/threading.py", line 1015 in _bootstrap
  [ComfyUI] 
  [ComfyUI] Thread 0x0000718ee1ffb640 (most recent call first):
  [ComfyUI]   File "/root/.ce/.pixi/envs/trellis2-nodes/lib/python3.13/threading.py", line 363 in wait
  [ComfyUI]   File "/root/.ce/.pixi/envs/trellis2-nodes/lib/python3.13/threading.py", line 660 in wait
  [ComfyUI]   File "/root/.ce/.pixi/envs/trellis2-nodes/lib/python3.13/site-packages/tqdm/_monitor.py", line 60 in run
  [ComfyUI]   File "/root/.ce/.pixi/envs/trellis2-nodes/lib/python3.13/threading.py", line 1044 in _bootstrap_inner
  [ComfyUI]   File "/root/.ce/.pixi/envs/trellis2-nodes/lib/python3.13/threading.py", line 1015 in _bootstrap
  [ComfyUI] 
  [ComfyUI] Thread 0x0000718ee27fc640 (most recent call first):
  [ComfyUI]   File "/root/.ce/.pixi/envs/trellis2-nodes/lib/python3.13/threading.py", line 363 in wait
  [ComfyUI]   File "/root/.ce/.pixi/envs/trellis2-nodes/lib/python3.13/threading.py", line 660 in wait
  [ComfyUI]   File "/root/.ce/.pixi/envs/trellis2-nodes/lib/python3.13/site-packages/tqdm/_monitor.py", line 60 in run
  [ComfyUI]   File "/root/.ce/.pixi/envs/trellis2-nodes/lib/python3.13/threading.py", line 1044 in _bootstrap_inner
  [ComfyUI]   File "/root/.ce/.pixi/envs/trellis2-nodes/lib/python3.13/threading.py", line 1015 in _bootstrap
  [ComfyUI] 
  [ComfyUI] Thread 0x0000718ee2ffd640 (most recent call first):
  [ComfyUI]   File "/root/.ce/.pixi/envs/trellis2-nodes/lib/python3.13/threading.py", line 363 in wait
  [ComfyUI]   File "/root/.ce/.pixi/envs/trellis2-nodes/lib/python3.13/threading.py", line 660 in wait
  [ComfyUI]   File "/root/.ce/.pixi/envs/trellis2-nodes/lib/python3.13/site-packages/tqdm/_monitor.py", line 60 in run
  [ComfyUI]   File "/root/.ce/.pixi/envs/trellis2-nodes/lib/python3.13/threading.py", line 1044 in _bootstrap_inner
  [ComfyUI]   File "/root/.ce/.pixi/envs/trellis2-nodes/lib/python3.13/threading.py", line 1015 in _bootstrap
  [ComfyUI] 
  [ComfyUI] Thread 0x0000718ee37fe640 (most recent call first):
  [ComfyUI]   File "/root/.ce/.pixi/envs/trellis2-nodes/lib/python3.13/threading.py", line 363 in wait
  [ComfyUI]   File "/root/.ce/.pixi/envs/trellis2-nodes/lib/python3.13/threading.py", line 660 in wait
  [ComfyUI]   File "/root/.ce/.pixi/envs/trellis2-nodes/lib/python3.13/site-packages/tqdm/_monitor.py", line 60 in run
  [ComfyUI]   File "/root/.ce/.pixi/envs/trellis2-nodes/lib/python3.13/threading.py", line 1044 in _bootstrap_inner
  [ComfyUI]   File "/root/.ce/.pixi/envs/trellis2-nodes/lib/python3.13/threading.py", line 1015 in _bootstrap
  [ComfyUI] 
  [ComfyUI] Thread 0x0000718ee3fff640 (most recent call first):
  [ComfyUI]   File "/root/.ce/.pixi/envs/trellis2-nodes/lib/python3.13/threading.py", line 363 in wait
  [ComfyUI]   File "/root/.ce/.pixi/envs/trellis2-nodes/lib/python3.13/threading.py", line 660 in wait
  [ComfyUI]   File "/root/.ce/.pixi/envs/trellis2-nodes/lib/python3.13/site-packages/tqdm/_monitor.py", line 60 in run
  [ComfyUI]   File "/root/.ce/.pixi/envs/trellis2-nodes/lib/python3.13/threading.py", line 1044 in _bootstrap_inner
  [ComfyUI]   File "/root/.ce/.pixi/envs/trellis2-nodes/lib/python3.13/threading.py", line 1015 in _bootstrap
  [ComfyUI] 
  [ComfyUI] Thread 0x0000718ef8ff9640 (most recent call first):
  [ComfyUI]   File "/root/.ce/.pixi/envs/trellis2-nodes/lib/python3.13/threading.py", line 363 in wait
  [ComfyUI]   File "/root/.ce/.pixi/envs/trellis2-nodes/lib/python3.13/threading.py", line 660 in wait
  [ComfyUI]   File "/root/.ce/.pixi/envs/trellis2-nodes/lib/python3.13/site-packages/tqdm/_monitor.py", line 60 in run
  [ComfyUI]   File "/root/.ce/.pixi/envs/trellis2-nodes/lib/python3.13/threading.py", line 1044 in _bootstrap_inner
  [ComfyUI]   File "/root/.ce/.pixi/envs/trellis2-nodes/lib/python3.13/threading.py", line 1015 in _bootstrap
  [ComfyUI] 
  [ComfyUI] Thread 0x0000718ef97fa640 (most recent call first):
  [ComfyUI]   File "/root/.ce/.pixi/envs/trellis2-nodes/lib/python3.13/threading.py", line 363 in wait
  [ComfyUI]   File "/root/.ce/.pixi/envs/trellis2-nodes/lib/python3.13/threading.py", line 660 in wait
  [ComfyUI]   File "/root/.ce/.pixi/envs/trellis2-nodes/lib/python3.13/site-packages/tqdm/_monitor.py", line 60 in run
  [ComfyUI]   File "/root/.ce/.pixi/envs/trellis2-nodes/lib/python3.13/threading.py", line 1044 in _bootstrap_inner
  [ComfyUI]   File "/root/.ce/.pixi/envs/trellis2-nodes/lib/python3.13/threading.py", line 1015 in _bootstrap
  [ComfyUI] 
  [ComfyUI] Thread 0x0000718ef9ffb640 (most recent call first):
  [ComfyUI]   File "/root/.ce/.pixi/envs/trellis2-nodes/lib/python3.13/threading.py", line 363 in wait
  [ComfyUI]   File "/root/.ce/.pixi/envs/trellis2-nodes/lib/python3.13/threading.py", line 660 in wait
  [ComfyUI]   File "/root/.ce/.pixi/envs/trellis2-nodes/lib/python3.13/site-packages/tqdm/_monitor.py", line 60 in run
  [ComfyUI]   File "/root/.ce/.pixi/envs/trellis2-nodes/lib/python3.13/threading.py", line 1044 in _bootstrap_inner
  [ComfyUI]   File "/root/.ce/.pixi/envs/trellis2-nodes/lib/python3.13/threading.py", line 1015 in _bootstrap
  [ComfyUI] 
  [ComfyUI] Thread 0x0000718efa7fc640 (most recent call first):
  [ComfyUI]   File "/root/.ce/.pixi/envs/trellis2-nodes/lib/python3.13/threading.py", line 363 in wait
  [ComfyUI]   File "/root/.ce/.pixi/envs/trellis2-nodes/lib/python3.13/threading.py", line 660 in wait
  [ComfyUI]   File "/root/.ce/.pixi/envs/trellis2-nodes/lib/python3.13/site-packages/tqdm/_monitor.py", line 60 in run
  [ComfyUI]   File "/root/.ce/.pixi/envs/trellis2-nodes/lib/python3.13/threading.py", line 1044 in _bootstrap_inner
  [ComfyUI]   File "/root/.ce/.pixi/envs/trellis2-nodes/lib/python3.13/threading.py", line 1015 in _bootstrap
  [ComfyUI] 
  [ComfyUI] Thread 0x0000718efaffd640 (most recent call first):
  [ComfyUI]   File "/root/.ce/.pixi/envs/trellis2-nodes/lib/python3.13/threading.py", line 363 in wait
  [ComfyUI]   File "/root/.ce/.pixi/envs/trellis2-nodes/lib/python3.13/threading.py", line 660 in wait
  [ComfyUI]   File "/root/.ce/.pixi/envs/trellis2-nodes/lib/python3.13/site-packages/tqdm/_monitor.py", line 60 in run
  [ComfyUI]   File "/root/.ce/.pixi/envs/trellis2-nodes/lib/python3.13/threading.py", line 1044 in _bootstrap_inner
  [ComfyUI]   File "/root/.ce/.pixi/envs/trellis2-nodes/lib/python3.13/threading.py", line 1015 in _bootstrap
  [ComfyUI] 
  [ComfyUI] Thread 0x0000718efb7fe640 (most recent call first):
  [ComfyUI]   File "/root/.ce/.pixi/envs/trellis2-nodes/lib/python3.13/threading.py", line 363 in wait
  [ComfyUI]   File "/root/.ce/.pixi/envs/trellis2-nodes/lib/python3.13/threading.py", line 660 in wait
  [ComfyUI]   File "/root/.ce/.pixi/envs/trellis2-nodes/lib/python3.13/site-packages/tqdm/_monitor.py", line 60 in run
  [ComfyUI]   File "/root/.ce/.pixi/envs/trellis2-nodes/lib/python3.13/threading.py", line 1044 in _bootstrap_inner
  [ComfyUI]   File "/root/.ce/.pixi/envs/trellis2-nodes/lib/python3.13/threading.py", line 1015 in _bootstrap
  [ComfyUI] 
  [ComfyUI] Thread 0x0000718efbfff640 (most recent call first):
  [ComfyUI]   File "/root/.ce/.pixi/envs/trellis2-nodes/lib/python3.13/threading.py", line 363 in wait
  [ComfyUI]   File "/root/.ce/.pixi/envs/trellis2-nodes/lib/python3.13/threading.py", line 660 in wait
  [ComfyUI]   File "/root/.ce/.pixi/envs/trellis2-nodes/lib/python3.13/site-packages/tqdm/_monitor.py", line 60 in run
  [ComfyUI]   File "/root/.ce/.pixi/envs/trellis2-nodes/lib/python3.13/threading.py", line 1044 in _bootstrap_inner
  [ComfyUI]   File "/root/.ce/.pixi/envs/trellis2-nodes/lib/python3.13/threading.py", line 1015 in _bootstrap
  [ComfyUI] 
  [ComfyUI] Thread 0x0000718f10a2c640 (most recent call first):
  [ComfyUI]   File "/root/.ce/.pixi/envs/trellis2-nodes/lib/python3.13/threading.py", line 363 in wait
  [ComfyUI]   File "/root/.ce/.pixi/envs/trellis2-nodes/lib/python3.13/threading.py", line 660 in wait
  [ComfyUI]   File "/root/.ce/.pixi/envs/trellis2-nodes/lib/python3.13/site-packages/tqdm/_monitor.py", line 60 in run
  [ComfyUI]   File "/root/.ce/.pixi/envs/trellis2-nodes/lib/python3.13/threading.py", line 1044 in _bootstrap_inner
  [ComfyUI]   File "/root/.ce/.pixi/envs/trellis2-nodes/lib/python3.13/threading.py", line 1015 in _bootstrap
  [ComfyUI] 
  [ComfyUI] Thread 0x0000718f1122d640 (most recent call first):
  [ComfyUI]   File "/root/.ce/.pixi/envs/trellis2-nodes/lib/python3.13/threading.py", line 363 in wait
  [ComfyUI]   File "/root/.ce/.pixi/envs/trellis2-nodes/lib/python3.13/threading.py", line 660 in wait
  [ComfyUI]   File "/root/.ce/.pixi/envs/trellis2-nodes/lib/python3.13/site-packages/tqdm/_monitor.py", line 60 in run
  [ComfyUI]   File "/root/.ce/.pixi/envs/trellis2-nodes/lib/python3.13/threading.py", line 1044 in _bootstrap_inner
  [ComfyUI]   File "/root/.ce/.pixi/envs/trellis2-nodes/lib/python3.13/threading.py", line 1015 in _bootstrap
  [ComfyUI] 
  [ComfyUI] Thread 0x0000718fbc8fb640 (most recent call first):
  [ComfyUI]   File "/root/.ce/.pixi/envs/trellis2-nodes/lib/python3.13/threading.py", line 363 in wait
  [ComfyUI]   File "/root/.ce/.pixi/envs/trellis2-nodes/lib/python3.13/threading.py", line 660 in wait
  [ComfyUI]   File "/root/.ce/.pixi/envs/trellis2-nodes/lib/python3.13/site-packages/tqdm/_monitor.py", line 60 in run
  [ComfyUI]   File "/root/.ce/.pixi/envs/trellis2-nodes/lib/python3.13/threading.py", line 1044 in _bootstrap_inner
  [ComfyUI]   File "/root/.ce/.pixi/envs/trellis2-nodes/lib/python3.13/threading.py", line 1015 in _bootstrap
  [ComfyUI] 
  [ComfyUI] Thread 0x0000718fbdffe640 (most recent call first):
  [ComfyUI]   File "/root/.ce/.pixi/envs/trellis2-nodes/lib/python3.13/threading.py", line 363 in wait
  [ComfyUI]   File "/root/.ce/.pixi/envs/trellis2-nodes/lib/python3.13/threading.py", line 660 in wait
  [ComfyUI]   File "/root/.ce/.pixi/envs/trellis2-nodes/lib/python3.13/site-packages/tqdm/_monitor.py", line 60 in run
  [ComfyUI]   File "/root/.ce/.pixi/envs/trellis2-nodes/lib/python3.13/threading.py", line 1044 in _bootstrap_inner
  [ComfyUI]   File "/root/.ce/.pixi/envs/trellis2-nodes/lib/python3.13/threading.py", line 1015 in _bootstrap
  [ComfyUI] 
  [ComfyUI] Thread 0x0000718fbe7ff640 (most recent call first):
  [ComfyUI]   File "/root/.ce/.pixi/envs/trellis2-nodes/lib/python3.13/threading.py", line 363 in wait
  [ComfyUI]   File "/root/.ce/.pixi/envs/trellis2-nodes/lib/python3.13/threading.py", line 660 in wait
  [ComfyUI]   File "/root/.ce/.pixi/envs/trellis2-nodes/lib/python3.13/site-packages/tqdm/_monitor.py", line 60 in run
  [ComfyUI]   File "/root/.ce/.pixi/envs/trellis2-nodes/lib/python3.13/threading.py", line 1044 in _bootstrap_inner
  [ComfyUI]   File "/root/.ce/.pixi/envs/trellis2-nodes/lib/python3.13/threading.py", line 1015 in _bootstrap
  [ComfyUI] 
  [ComfyUI] Thread 0x000071930cd0d640 (most recent call first):
  [ComfyUI]   File "/tmp/comfyui_pvenv_puv5rki_/persistent_worker.py", line 106 in _vram_poller
  [ComfyUI]   File "/root/.ce/.pixi/envs/trellis2-nodes/lib/python3.13/threading.py", line 995 in run
  [ComfyUI]   File "/root/.ce/.pixi/envs/trellis2-nodes/lib/python3.13/threading.py", line 1044 in _bootstrap_inner
  [ComfyUI]   File "/root/.ce/.pixi/envs/trellis2-nodes/lib/python3.13/threading.py", line 1015 in _bootstrap
  [ComfyUI] 
  [ComfyUI] Current thread 0x000071930d512640 (most recent call first):
  [ComfyUI]   File "/tmp/comfyui_pvenv_puv5rki_/persistent_worker.py", line 52 in _watchdog
  [ComfyUI]   File "/root/.ce/.pixi/envs/trellis2-nodes/lib/python3.13/threading.py", line 995 in run
  [ComfyUI]   File "/root/.ce/.pixi/envs/trellis2-nodes/lib/python3.13/threading.py", line 1044 in _bootstrap_inner
  [ComfyUI]   File "/root/.ce/.pixi/envs/trellis2-nodes/lib/python3.13/threading.py", line 1015 in _bootstrap
  [ComfyUI] 
  [ComfyUI] Thread 0x000071930db2f740 (most recent call first):
  [ComfyUI]   File "/root/.ce/.pixi/envs/trellis2-nodes/lib/python3.13/site-packages/torch/nn/modules/module.py", line 1370 in convert
  [ComfyUI]   File "/root/.ce/.pixi/envs/trellis2-nodes/lib/python3.13/site-packages/torch/nn/modules/module.py", line 965 in _apply
  [ComfyUI]   File "/root/.ce/.pixi/envs/trellis2-nodes/lib/python3.13/site-packages/torch/nn/modules/module.py", line 934 in _apply
  [ComfyUI]   File "/root/.ce/.pixi/envs/trellis2-nodes/lib/python3.13/site-packages/torch/nn/modules/module.py", line 934 in _apply
  [ComfyUI]   File "/root/.ce/.pixi/envs/trellis2-nodes/lib/python3.13/site-packages/torch/nn/modules/module.py", line 934 in _apply
  [ComfyUI]   File "/root/.ce/.pixi/envs/trellis2-nodes/lib/python3.13/site-packages/torch/nn/modules/module.py", line 934 in _apply
  [ComfyUI]   File "/root/.ce/.pixi/envs/trellis2-nodes/lib/python3.13/site-packages/torch/nn/modules/module.py", line 1384 in to
  [ComfyUI]   File "/tmp/comfyui_pvenv_puv5rki_/persistent_worker.py", line 1341 in _hooked_to
  [ComfyUI]   File "/workspaces/TRELLIS2-0918/ComfyUI/custom_nodes/ComfyUI-TRELLIS2/nodes/trellis2/vae.py", line 1364 in forward
  [ComfyUI]   File "/root/.ce/.pixi/envs/trellis2-nodes/lib/python3.13/site-packages/torch/nn/modules/module.py", line 1790 in _call_impl
  [ComfyUI]   File "/root/.ce/.pixi/envs/trellis2-nodes/lib/python3.13/site-packages/torch/nn/modules/module.py", line 1779 in _wrapped_call_impl
  [ComfyUI]   File "/workspaces/TRELLIS2-0918/ComfyUI/custom_nodes/ComfyUI-TRELLIS2/nodes/stages.py", line 657 in _decode_shape_slat
  [ComfyUI]   File "/workspaces/TRELLIS2-0918/ComfyUI/custom_nodes/ComfyUI-TRELLIS2/nodes/stages.py", line 973 in run_shape_generation
  [ComfyUI]   File "/workspaces/TRELLIS2-0918/ComfyUI/custom_nodes/ComfyUI-TRELLIS2/nodes/nodes_inference.py", line 132 in execute
  [ComfyUI]   File "/workspaces/TRELLIS2-0918/ComfyUI/comfy_api/latest/_io.py", line 1833 in EXECUTE_NORMALIZED
  [ComfyUI]   File "/tmp/comfyui_pvenv_puv5rki_/persistent_worker.py", line 1762 in main
  [ComfyUI]   File "/tmp/comfyui_pvenv_puv5rki_/persistent_worker.py", line 1807 in <module>
  [ComfyUI] 
  [ComfyUI] [worker:ComfyUI-TRELLIS2] === END ===
  [ComfyUI] 
  [ComfyUI] [worker:ComfyUI-TRELLIS2] [FlexiDecoder] model to CPU: alloc=505MB
  [ComfyUI] [worker:ComfyUI-TRELLIS2] [FlexiDecoder] extra[0][0] feats=torch.Size([20363, 8]) on cuda:0, 0MB
  [ComfyUI] [worker:ComfyUI-TRELLIS2] [FlexiDecoder] extra[0][1] feats=torch.Size([97287, 8]) on cuda:0, 1MB
  [ComfyUI] [worker:ComfyUI-TRELLIS2] [FlexiDecoder] extra[0][2] feats=torch.Size([454398, 8]) on cuda:0, 6MB
  [ComfyUI] [worker:ComfyUI-TRELLIS2] [FlexiDecoder] extra[0][3] feats=torch.Size([2104510, 8]) on cuda:0, 32MB
  [ComfyUI] [worker:ComfyUI-TRELLIS2] [FlexiDecoder] subs to CPU: alloc=496MB
  [ComfyUI] [worker:ComfyUI-TRELLIS2] [FlexiDecoder] coords: torch.Size([9600398, 3]) cuda:0 109MB
  [ComfyUI] [worker:ComfyUI-TRELLIS2] [FlexiDecoder] vertices.feats: torch.Size([9600398, 3]) cuda:0 54MB
  [ComfyUI] [worker:ComfyUI-TRELLIS2] [FlexiDecoder] intersected.feats: torch.Size([9600398, 3]) cuda:0 27MB
  [ComfyUI] [worker:ComfyUI-TRELLIS2] [FlexiDecoder] quad_lerp.feats: torch.Size([9600398, 1]) cuda:0 18MB
  [ComfyUI] [worker:ComfyUI-TRELLIS2] [FlexiDecoder] post-cleanup: alloc=496MB, starting mesh extraction
  [ComfyUI] 
  [ComfyUI] Fast Tiled Decoding:   0%|          | 0/224 [00:00<?, ?it/s]
  [ComfyUI] Fast Tiled Decoding:  26%|██▋       | 59/224 [00:00<00:00, 581.66it/s]
  [ComfyUI] Fast Tiled Decoding:  53%|█████▎    | 118/224 [00:00<00:00, 462.75it/s][worker:ComfyUI-TRELLIS2] [VRAM] -1212MB (now 1279MB) reserved=1460MB peak=3384MB
  [ComfyUI] 
  [ComfyUI] Fast Tiled Decoding:  74%|███████▍  | 166/224 [00:00<00:00, 447.69it/s]
  [ComfyUI] Fast Tiled Decoding: 100%|██████████| 224/224 [00:00<00:00, 497.91it/s]
  [ComfyUI] [SubprocessWorker] callback 'report_progress' from call_id=12
  [capture-loop] iter=1150 t=138.5s state={'complete': False, 'error': None, 'executedCount': 1, 'wsState': 1} eval_ms=7 ram=21.1/31.2GB (68%) swap=3.0/32.0GB (9%) cpu=5% browser_rss=0.68GB
  [ComfyUI] [SubprocessWorker] callback 'report_progress' from call_id=12
  [ComfyUI] [worker:ComfyUI-TRELLIS2] [VRAM] -1270MB (now 9MB) reserved=44MB peak=3384MB
  Frame 35 saved (frame_034.jpg, t=139.2s)
  [capture-periodic] freeze=3ms shot=204ms unfreeze=7ms saved=True
  Frame 36 saved (frame_035.jpg, t=141.5s)
  [capture-periodic] freeze=3ms shot=195ms unfreeze=7ms saved=True
  [capture-loop] iter=1200 t=144.6s state={'complete': False, 'error': None, 'executedCount': 1, 'wsState': 1} eval_ms=4 ram=23.2/31.2GB (74%) swap=3.1/32.0GB (10%) cpu=5% browser_rss=0.67GB
  [ComfyUI] [SubprocessWorker] got response: ok
  [ComfyUI] [comfy-env] Created 1 model patchers: ['SLatFlowModel_6']
  [ComfyUI] [comfy-env] Trellis2ImageToShape done (144.98s): result: NodeOutput
  [ComfyUI] [VRAM] After Trellis2ImageToShape: 1046 / 24124 MB
  [ComfyUI] [VRAM] Loaded: SubprocessModel (0 MB)
  [ComfyUI] [comfy-env] Running Trellis2ProcessMesh: remesh: dict, target_face_count: 500000, floater_threshold: 0.001, weld_vertices: True, weld_digits: 4, chart_cone_angle: 90.0, chart_refine_iterations: 1, chart_global_iterations: 1, chart_smooth_strength: 1, trimesh: Trimesh
  [ComfyUI] [VRAM] Before Trellis2ProcessMesh: 1046 / 24124 MB
  [ComfyUI] [VRAM] Loaded: SubprocessModel (0 MB)
  [ComfyUI] [SubprocessWorker] call_method: nodes.nodes_unwrap.Trellis2ProcessMesh.EXECUTE_NORMALIZED
  [ComfyUI] [SubprocessWorker] acquired lock, ensuring started...
  [ComfyUI] [ComfyUI-TRELLIS2] Health check: ping (timeout=5.0s)...
  [ComfyUI] [ComfyUI-TRELLIS2] Health check: ok
  [ComfyUI] [SubprocessWorker] worker started/confirmed
  [ComfyUI] [SubprocessWorker] serializing kwargs to shm...
  Frame 37 saved (frame_036.jpg, t=148.3s)
  [capture-periodic] freeze=3ms shot=212ms unfreeze=16ms saved=True
  [capture-loop] iter=1250 t=150.5s state={'complete': False, 'error': None, 'executedCount': 1, 'wsState': 1} eval_ms=4 ram=25.3/31.2GB (81%) swap=3.2/32.0GB (10%) cpu=4% browser_rss=0.66GB
  [ComfyUI] [SubprocessWorker] created 1 shm blocks
  [ComfyUI] [SubprocessWorker] sending request via socket...
  [ComfyUI] [SubprocessWorker] call_id=13 sending call_method
  Frame 38 saved (frame_037.jpg, t=150.6s)
  [capture-periodic] freeze=3ms shot=204ms unfreeze=7ms saved=True
  [ComfyUI] [worker:ComfyUI-TRELLIS2] [VRAM] ProcessMesh Start: alloc=9MB reserved=44MB peak=9MB
  [ComfyUI] [worker:ComfyUI-TRELLIS2] [VRAM] +362MB (now 371MB) reserved=424MB peak=3384MB
  [ComfyUI] [worker:ComfyUI-TRELLIS2] [ProcessMesh] Input: 9617044 verts, 22060676 faces (alloc=371MB)
  [ComfyUI] [worker:ComfyUI-TRELLIS2] [ProcessMesh] Remeshing (quad DC, resolution=512, band=1.0, remove_inner_faces=True)... (alloc=371MB)
  [capture-loop] iter=1300 t=156.6s state={'complete': False, 'error': None, 'executedCount': 1, 'wsState': 1} eval_ms=4 ram=27.3/31.2GB (88%) swap=3.2/32.0GB (10%) cpu=5% browser_rss=0.64GB
  [capture-loop] iter=1350 t=162.6s state={'complete': False, 'error': None, 'executedCount': 1, 'wsState': 1} eval_ms=4 ram=27.4/31.2GB (88%) swap=3.7/32.0GB (11%) cpu=14% browser_rss=0.63GB
  [capture-loop] iter=1400 t=168.4s state={'complete': False, 'error': None, 'executedCount': 1, 'wsState': 1} eval_ms=3 ram=27.5/31.2GB (88%) swap=3.7/32.0GB (11%) cpu=6% browser_rss=0.62GB
  [ComfyUI] 
  [ComfyUI] Sparse Grid:   0%|          | 0/5 [00:00<?, ?it/s][worker:ComfyUI-TRELLIS2] [VRAM] +219MB (now 591MB) reserved=786MB peak=3384MB
  [ComfyUI] 
  [ComfyUI] Sparse Grid: 100%|██████████| 5/5 [00:00<00:00, 29.68it/s]
  [ComfyUI] [worker:ComfyUI-TRELLIS2] Dual Contouring ...
  [ComfyUI] [worker:ComfyUI-TRELLIS2] Quad Topology ...
  [ComfyUI] [worker:ComfyUI-TRELLIS2] Re-indexing vertices ...
  [ComfyUI] [worker:ComfyUI-TRELLIS2] Removing Inner Layer for 2448600 quads ...
  [capture-loop] iter=1450 t=174.4s state={'complete': False, 'error': None, 'executedCount': 1, 'wsState': 1} eval_ms=3 ram=27.0/31.2GB (86%) swap=3.6/32.0GB (11%) cpu=6% browser_rss=0.63GB
  [ComfyUI] [worker:ComfyUI-TRELLIS2] [VRAM] +779MB (now 1371MB) reserved=1426MB peak=3384MB
  [capture-loop] iter=1500 t=180.1s state={'complete': False, 'error': None, 'executedCount': 1, 'wsState': 1} eval_ms=3 ram=26.9/31.2GB (86%) swap=3.6/32.0GB (11%) cpu=4% browser_rss=0.62GB
  [ComfyUI] [worker:ComfyUI-TRELLIS2] Re-indexing vertices after quad filtering ...
  [ComfyUI] [worker:ComfyUI-TRELLIS2] Triangulation ...
  [ComfyUI] [worker:ComfyUI-TRELLIS2] [ProcessMesh] After remesh: 1348140 verts, 2364956 faces (alloc=371MB)
  [ComfyUI] [worker:ComfyUI-TRELLIS2] [ProcessMesh] Removing floaters (area_threshold=0.001)... (alloc=9MB)
  [ComfyUI] [worker:ComfyUI-TRELLIS2] [ProcessMesh] After floater removal: 1169806 verts, 2225828 faces (alloc=9MB)
  [ComfyUI] [worker:ComfyUI-TRELLIS2] [ProcessMesh] Simplifying to 500000 faces... (alloc=9MB)
  [ComfyUI] 
  [ComfyUI] Simplifying:   0%|          | 0/1725828 [00:00<?, ?it/s]
  [ComfyUI] Simplifying [thres=1.00e-08]:   0%|          | 0/1725828 [00:00<?, ?it/s]
  [ComfyUI] Simplifying [thres=1.00e-08]:   2%|▏         | 36949/1725828 [00:00<00:00, 2164883.34it/s]
  [ComfyUI] Simplifying [thres=1.00e-08]:   4%|▎         | 60481/1725828 [00:00<00:01, 1619544.29it/s]
  [ComfyUI] Simplifying [thres=1.00e-07]:   5%|▍         | 77866/1725828 [00:00<00:01, 1452663.75it/s]
  [ComfyUI] Simplifying [thres=1.00e-07]:  13%|█▎        | 230893/1725828 [00:00<00:00, 3241158.37it/s]
  [ComfyUI] Simplifying [thres=1.00e-07]:  22%|██▏       | 371301/1725828 [00:00<00:00, 4182824.64it/s]
  [ComfyUI] Simplifying [thres=1.00e-07]:  29%|██▉       | 498707/1725828 [00:00<00:00, 4767353.45it/s]
  [ComfyUI] Simplifying [thres=1.00e-07]:  29%|██▉       | 498707/1725828 [00:00<00:00, 4767353.45it/s]
  [ComfyUI] Simplifying [thres=1.00e-07]:  36%|███▌      | 614147/1725828 [00:00<00:00, 4767353.45it/s]
  [ComfyUI] Simplifying [thres=1.00e-07]:  42%|████▏     | 717503/1725828 [00:00<00:00, 4767353.45it/s]
  [ComfyUI] Simplifying [thres=1.00e-07]:  47%|████▋     | 809637/1725828 [00:00<00:00, 4767353.45it/s]
  [ComfyUI] Simplifying [thres=1.00e-07]:  52%|█████▏    | 890600/1725828 [00:00<00:00, 4767353.45it/s]
  [ComfyUI] Simplifying [thres=1.00e-07]:  56%|█████▌    | 961959/1725828 [00:00<00:00, 4767353.45it/s]
  [ComfyUI] Simplifying [thres=1.00e-07]:  59%|█████▉    | 1023930/1725828 [00:00<00:00, 4767353.45it/s]
  [ComfyUI] Simplifying [thres=1.00e-07]:  62%|██████▏   | 1077747/1725828 [00:00<00:00, 4767353.45it/s][worker:ComfyUI-TRELLIS2] [VRAM] -1363MB (now 9MB) reserved=1486MB peak=3384MB
  [ComfyUI] 
  [ComfyUI] Simplifying [thres=1.00e-07]:  65%|██████▌   | 1124171/1725828 [00:00<00:00, 4767353.45it/s]
  [ComfyUI] Simplifying [thres=1.00e-07]:  67%|██████▋   | 1164245/1725828 [00:00<00:00, 5556088.59it/s]
  [ComfyUI] Simplifying [thres=1.00e-07]:  67%|██████▋   | 1164245/1725828 [00:00<00:00, 5556088.59it/s]
  [ComfyUI] Simplifying [thres=1.00e-07]:  69%|██████▉   | 1198258/1725828 [00:00<00:00, 5556088.59it/s]
  [ComfyUI] Simplifying [thres=1.00e-07]:  71%|███████   | 1226774/1725828 [00:00<00:00, 5556088.59it/s]
  [ComfyUI] Simplifying [thres=1.00e-07]:  72%|███████▏  | 1250612/1725828 [00:00<00:00, 5556088.59it/s]
  [ComfyUI] Simplifying [thres=1.00e-07]:  74%|███████▎  | 1270015/1725828 [00:00<00:00, 5556088.59it/s]
  [ComfyUI] Simplifying [thres=1.00e-07]:  75%|███████▍  | 1286120/1725828 [00:00<00:00, 5556088.59it/s]
  [ComfyUI] Simplifying [thres=1.00e-07]:  75%|███████▌  | 1299178/1725828 [00:00<00:00, 5556088.59it/s]
  [ComfyUI] Simplifying [thres=1.00e-07]:  76%|███████▌  | 1309827/1725828 [00:00<00:00, 5556088.59it/s]
  [ComfyUI] Simplifying [thres=1.00e-06]:  76%|███████▋  | 1318429/1725828 [00:00<00:00, 5556088.59it/s]
  [ComfyUI] Simplifying [thres=1.00e-06]:  81%|████████  | 1395343/1725828 [00:00<00:00, 5556088.59it/s]
  [ComfyUI] Simplifying [thres=1.00e-06]:  85%|████████▍ | 1460476/1725828 [00:00<00:00, 5556088.59it/s]
  [ComfyUI] Simplifying [thres=1.00e-06]:  88%|████████▊ | 1518785/1725828 [00:00<00:00, 5556088.59it/s]
  [ComfyUI] Simplifying [thres=1.00e-06]:  91%|█████████ | 1571822/1725828 [00:00<00:00, 5556088.59it/s]
  [ComfyUI] Simplifying [thres=1.00e-06]:  94%|█████████▍| 1620157/1725828 [00:00<00:00, 5556088.59it/s]
  [ComfyUI] Simplifying [thres=1.00e-06]:  96%|█████████▋| 1664420/1725828 [00:00<00:00, 5556088.59it/s]
  [ComfyUI] Simplifying [thres=1.00e-06]:  99%|█████████▉| 1705047/1725828 [00:00<00:00, 5556088.59it/s]
  [ComfyUI] Simplifying [thres=1.00e-06]: 100%|██████████| 1725828/1725828 [00:00<00:00, 4972190.53it/s]
  [ComfyUI] Simplifying [thres=1.00e-06]: 100%|██████████| 1725828/1725828 [00:00<00:00, 5044849.20it/s]
  [ComfyUI] [worker:ComfyUI-TRELLIS2] [ProcessMesh] After simplify: 255436 verts, 483054 faces (alloc=9MB)
  [ComfyUI] [worker:ComfyUI-TRELLIS2] [ProcessMesh] Welding vertices (digits=4)... (alloc=9MB)
  [ComfyUI] [worker:ComfyUI-TRELLIS2] [ProcessMesh] After weld: 255436 -> 249124 verts, 483050 faces (alloc=17MB)
  [ComfyUI] [worker:ComfyUI-TRELLIS2] [ProcessMesh] UV unwrapping... (alloc=9MB)
  [ComfyUI] [worker:ComfyUI-TRELLIS2] Get 5894 clusters after fast clustering
  [ComfyUI] 
  [ComfyUI] Adding clusters to xatlas:   0%|          | 0/5894 [00:00<?, ?it/s]
  [ComfyUI] Adding clusters to xatlas:  17%|█▋        | 1005/5894 [00:00<00:00, 10044.93it/s]
  [ComfyUI] Adding clusters to xatlas:  35%|███▍      | 2057/5894 [00:00<00:00, 10320.99it/s]
  [ComfyUI] Adding clusters to xatlas:  52%|█████▏    | 3094/5894 [00:00<00:00, 10340.59it/s]
  [ComfyUI] Adding clusters to xatlas:  70%|███████   | 4137/5894 [00:00<00:00, 10373.72it/s]
  [ComfyUI] Adding clusters to xatlas:  89%|████████▊ | 5229/5894 [00:00<00:00, 10564.04it/s]
  [ComfyUI] Adding clusters to xatlas: 100%|██████████| 5894/5894 [00:00<00:00, 10498.24it/s]
  [ComfyUI] 
  [ComfyUI] xatlas: Computing charts:   0%|          | 0/100 [00:00<?, ?it/s]
  [ComfyUI] xatlas: Computing charts:   0%|          | 0/100 [00:00<?, ?it/s]
  [ComfyUI] xatlas: Computing charts:   1%|          | 1/100 [00:00<00:16,  5.87it/s]
  [ComfyUI] xatlas: Computing charts:   2%|▏         | 2/100 [00:00<00:15,  6.38it/s]
  [ComfyUI] xatlas: Computing charts:   3%|▎         | 3/100 [00:00<00:15,  6.31it/s]
  [ComfyUI] xatlas: Computing charts:   4%|▍         | 4/100 [00:00<00:13,  6.87it/s]
  [ComfyUI] xatlas: Computing charts:   5%|▌         | 5/100 [00:00<00:13,  6.94it/s]
  [ComfyUI] xatlas: Computing charts:   6%|▌         | 6/100 [00:00<00:12,  7.44it/s]
  [ComfyUI] xatlas: Computing charts:   7%|▋         | 7/100 [00:00<00:12,  7.41it/s]
  [ComfyUI] xatlas: Computing charts:   8%|▊         | 8/100 [00:01<00:11,  7.74it/s]
  [ComfyUI] xatlas: Computing charts:   9%|▉         | 9/100 [00:01<00:10,  8.39it/s]
  [ComfyUI] xatlas: Computing charts:  10%|█         | 10/100 [00:01<00:10,  8.96it/s]
  [ComfyUI] xatlas: Computing charts:  11%|█         | 11/100 [00:01<00:09,  9.49it/s]
  [ComfyUI] xatlas: Computing charts:  12%|█▏        | 12/100 [00:01<00:08,  9.81it/s]
  [ComfyUI] xatlas: Computing charts:  13%|█▎        | 13/100 [00:01<00:08, 10.27it/s]
  [ComfyUI] xatlas: Computing charts:  14%|█▍        | 14/100 [00:01<00:08, 10.68it/s]
  [ComfyUI] xatlas: Computing charts:  15%|█▌        | 15/100 [00:01<00:07, 11.10it/s]
  [ComfyUI] xatlas: Computing charts:  16%|█▌        | 16/100 [00:01<00:07, 11.40it/s]
  [ComfyUI] xatlas: Computing charts:  17%|█▋        | 17/100 [00:01<00:07, 11.76it/s]
  [ComfyUI] xatlas: Computing charts:  18%|█▊        | 18/100 [00:01<00:06, 12.09it/s]
  [ComfyUI] xatlas: Computing charts:  19%|█▉        | 19/100 [00:01<00:06, 12.48it/s]
  [ComfyUI] xatlas: Computing charts:  20%|██        | 20/100 [00:01<00:06, 12.79it/s]
  [ComfyUI] xatlas: Computing charts:  21%|██        | 21/100 [00:01<00:05, 13.20it/s]
  [ComfyUI] xatlas: Computing charts:  22%|██▏       | 22/100 [00:01<00:05, 13.49it/s]
  [ComfyUI] xatlas: Computing charts:  23%|██▎       | 23/100 [00:01<00:05, 13.79it/s]
  [ComfyUI] xatlas: Computing charts:  24%|██▍       | 24/100 [00:01<00:05, 14.14it/s]
  [ComfyUI] xatlas: Computing charts:  25%|██▌       | 25/100 [00:01<00:05, 14.41it/s]
  [ComfyUI] xatlas: Computing charts:  26%|██▌       | 26/100 [00:01<00:05, 14.75it/s]
  [ComfyUI] xatlas: Computing charts:  27%|██▋       | 27/100 [00:01<00:04, 15.03it/s]
  [ComfyUI] xatlas: Computing charts:  28%|██▊       | 28/100 [00:01<00:04, 15.34it/s]
  [ComfyUI] xatlas: Computing charts:  29%|██▉       | 29/100 [00:01<00:04, 15.67it/s]
  [ComfyUI] xatlas: Computing charts:  30%|███       | 30/100 [00:01<00:04, 16.02it/s]
  [ComfyUI] xatlas: Computing charts:  31%|███       | 31/100 [00:01<00:04, 16.32it/s]
  [ComfyUI] xatlas: Computing charts:  32%|███▏      | 32/100 [00:01<00:04, 16.65it/s]
  [ComfyUI] xatlas: Computing charts:  33%|███▎      | 33/100 [00:01<00:03, 16.97it/s]
  [capture-loop] iter=1550 t=186.2s state={'complete': False, 'error': None, 'executedCount': 1, 'wsState': 1} eval_ms=7 ram=26.0/31.2GB (83%) swap=3.6/32.0GB (11%) cpu=37% browser_rss=0.62GB
  [ComfyUI] xatlas: Computing charts:  34%|███▍      | 34/100 [00:01<00:03, 17.26it/s]
  [ComfyUI] xatlas: Computing charts:  35%|███▌      | 35/100 [00:01<00:03, 17.61it/s]
  [ComfyUI] xatlas: Computing charts:  36%|███▌      | 36/100 [00:02<00:03, 17.94it/s]
  [ComfyUI] xatlas: Computing charts:  37%|███▋      | 37/100 [00:02<00:03, 18.28it/s]
  [ComfyUI] xatlas: Computing charts:  38%|███▊      | 38/100 [00:02<00:03, 18.59it/s]
  [ComfyUI] xatlas: Computing charts:  39%|███▉      | 39/100 [00:02<00:03, 18.93it/s]
  [ComfyUI] xatlas: Computing charts:  40%|████      | 40/100 [00:02<00:03, 19.27it/s]
  [ComfyUI] xatlas: Computing charts:  41%|████      | 41/100 [00:02<00:03, 19.61it/s]
  [ComfyUI] xatlas: Computing charts:  42%|████▏     | 42/100 [00:02<00:02, 19.95it/s]
  [ComfyUI] xatlas: Computing charts:  43%|████▎     | 43/100 [00:02<00:02, 20.31it/s]
  [ComfyUI] xatlas: Computing charts:  44%|████▍     | 44/100 [00:02<00:02, 20.67it/s]
  [ComfyUI] xatlas: Computing charts:  45%|████▌     | 45/100 [00:02<00:02, 21.01it/s]
  [ComfyUI] xatlas: Computing charts:  46%|████▌     | 46/100 [00:02<00:02, 21.37it/s]
  [ComfyUI] xatlas: Computing charts:  47%|████▋     | 47/100 [00:02<00:02, 21.73it/s]
  [ComfyUI] xatlas: Computing charts:  48%|████▊     | 48/100 [00:02<00:02, 22.09it/s]
  [ComfyUI] xatlas: Computing charts:  49%|████▉     | 49/100 [00:02<00:02, 22.48it/s]
  [ComfyUI] xatlas: Computing charts:  50%|█████     | 50/100 [00:02<00:02, 22.86it/s]
  [ComfyUI] xatlas: Computing charts:  51%|█████     | 51/100 [00:02<00:02, 23.26it/s]
  [ComfyUI] xatlas: Computing charts:  52%|█████▏    | 52/100 [00:02<00:02, 23.67it/s]
  [ComfyUI] xatlas: Computing charts:  53%|█████▎    | 53/100 [00:02<00:02, 21.88it/s]
  [ComfyUI] xatlas: Computing charts:  54%|█████▍    | 54/100 [00:02<00:02, 20.79it/s]
  [ComfyUI] xatlas: Computing charts:  55%|█████▌    | 55/100 [00:03<00:02, 17.19it/s]
  [ComfyUI] xatlas: Computing charts: 100%|██████████| 100/100 [00:04<00:00, 24.28it/s]
  [ComfyUI] xatlas: Computing charts: 100%|██████████| 100/100 [00:04<00:00, 24.27it/s]
  [ComfyUI] 
  [ComfyUI] xatlas: Packing charts:   0%|          | 0/100 [00:00<?, ?it/s]
  [ComfyUI] xatlas: Packing charts:   0%|          | 0/100 [00:00<?, ?it/s]
  [ComfyUI] xatlas: Packing charts:   1%|          | 1/100 [00:00<00:14,  6.80it/s]
  [ComfyUI] xatlas: Packing charts:   2%|▏         | 2/100 [00:00<00:10,  8.91it/s]
  [ComfyUI] xatlas: Packing charts:   3%|▎         | 3/100 [00:00<00:09, 10.60it/s]
  [ComfyUI] xatlas: Packing charts:   4%|▍         | 4/100 [00:00<00:07, 12.36it/s]
  [ComfyUI] xatlas: Packing charts:   5%|▌         | 5/100 [00:00<00:06, 14.03it/s]
  [ComfyUI] xatlas: Packing charts:   6%|▌         | 6/100 [00:00<00:06, 15.44it/s]
  [ComfyUI] xatlas: Packing charts:   7%|▋         | 7/100 [00:00<00:05, 16.85it/s]
  [ComfyUI] xatlas: Packing charts:   8%|▊         | 8/100 [00:00<00:05, 18.13it/s]
  [ComfyUI] xatlas: Packing charts:   9%|▉         | 9/100 [00:00<00:04, 19.52it/s]
  [ComfyUI] xatlas: Packing charts:  10%|█         | 10/100 [00:00<00:04, 20.77it/s]
  [ComfyUI] xatlas: Packing charts:  11%|█         | 11/100 [00:00<00:04, 22.17it/s]
  [ComfyUI] xatlas: Packing charts:  12%|█▏        | 12/100 [00:00<00:03, 23.55it/s]
  [ComfyUI] xatlas: Packing charts:  13%|█▎        | 13/100 [00:00<00:03, 24.88it/s]
  [ComfyUI] xatlas: Packing charts:  14%|█▍        | 14/100 [00:00<00:03, 26.16it/s]
  [ComfyUI] xatlas: Packing charts:  15%|█▌        | 15/100 [00:00<00:03, 27.41it/s]
  [ComfyUI] xatlas: Packing charts:  16%|█▌        | 16/100 [00:00<00:02, 28.65it/s]
  [ComfyUI] xatlas: Packing charts:  17%|█▋        | 17/100 [00:00<00:02, 29.93it/s]
  [ComfyUI] xatlas: Packing charts:  18%|█▊        | 18/100 [00:00<00:02, 31.19it/s]
  [ComfyUI] xatlas: Packing charts:  19%|█▉        | 19/100 [00:00<00:02, 32.49it/s]
  [ComfyUI] xatlas: Packing charts:  20%|██        | 20/100 [00:00<00:02, 33.75it/s]
  [ComfyUI] xatlas: Packing charts:  21%|██        | 21/100 [00:00<00:02, 34.97it/s]
  [ComfyUI] xatlas: Packing charts:  22%|██▏       | 22/100 [00:00<00:02, 36.21it/s]
  [ComfyUI] xatlas: Packing charts:  23%|██▎       | 23/100 [00:00<00:02, 37.41it/s]
  [ComfyUI] xatlas: Packing charts:  24%|██▍       | 24/100 [00:00<00:01, 38.61it/s]
  [ComfyUI] xatlas: Packing charts:  25%|██▌       | 25/100 [00:00<00:01, 39.82it/s]
  [ComfyUI] xatlas: Packing charts:  26%|██▌       | 26/100 [00:00<00:01, 41.02it/s]
  [ComfyUI] xatlas: Packing charts:  27%|██▋       | 27/100 [00:00<00:01, 42.29it/s]
  [ComfyUI] xatlas: Packing charts:  28%|██▊       | 28/100 [00:00<00:01, 43.58it/s]
  [ComfyUI] xatlas: Packing charts:  29%|██▉       | 29/100 [00:00<00:01, 44.89it/s]
  [ComfyUI] xatlas: Packing charts:  30%|███       | 30/100 [00:00<00:01, 46.19it/s]
  [ComfyUI] xatlas: Packing charts:  31%|███       | 31/100 [00:00<00:01, 47.52it/s]
  [ComfyUI] xatlas: Packing charts:  32%|███▏      | 32/100 [00:00<00:01, 48.85it/s]
  [ComfyUI] xatlas: Packing charts:  33%|███▎      | 33/100 [00:00<00:01, 50.20it/s]
  [ComfyUI] xatlas: Packing charts:  34%|███▍      | 34/100 [00:00<00:01, 51.55it/s]
  [ComfyUI] xatlas: Packing charts:  35%|███▌      | 35/100 [00:00<00:01, 52.92it/s]
  [ComfyUI] xatlas: Packing charts:  36%|███▌      | 36/100 [00:00<00:01, 54.29it/s]
  [ComfyUI] xatlas: Packing charts:  37%|███▋      | 37/100 [00:00<00:01, 55.69it/s]
  [ComfyUI] xatlas: Packing charts:  38%|███▊      | 38/100 [00:00<00:01, 57.05it/s]
  [ComfyUI] xatlas: Packing charts:  39%|███▉      | 39/100 [00:00<00:01, 58.44it/s]
  [ComfyUI] xatlas: Packing charts:  40%|████      | 40/100 [00:00<00:01, 59.84it/s]
  [ComfyUI] xatlas: Packing charts:  41%|████      | 41/100 [00:00<00:00, 61.22it/s]
  [ComfyUI] xatlas: Packing charts:  42%|████▏     | 42/100 [00:00<00:00, 62.60it/s]
  [ComfyUI] xatlas: Packing charts:  43%|████▎     | 43/100 [00:00<00:00, 64.01it/s]
  [ComfyUI] xatlas: Packing charts:  44%|████▍     | 44/100 [00:00<00:00, 65.40it/s]
  [ComfyUI] xatlas: Packing charts:  45%|████▌     | 45/100 [00:00<00:00, 66.78it/s]
  [ComfyUI] xatlas: Packing charts:  46%|████▌     | 46/100 [00:00<00:00, 68.17it/s]
  [ComfyUI] xatlas: Packing charts:  47%|████▋     | 47/100 [00:00<00:00, 69.55it/s]
  [ComfyUI] xatlas: Packing charts:  48%|████▊     | 48/100 [00:00<00:00, 70.96it/s]
  [ComfyUI] xatlas: Packing charts:  49%|████▉     | 49/100 [00:00<00:00, 72.37it/s]
  [ComfyUI] xatlas: Packing charts:  50%|█████     | 50/100 [00:00<00:00, 73.78it/s]
  [ComfyUI] xatlas: Packing charts:  51%|█████     | 51/100 [00:00<00:00, 75.18it/s]
  [ComfyUI] xatlas: Packing charts:  52%|█████▏    | 52/100 [00:00<00:00, 76.57it/s]
  [ComfyUI] xatlas: Packing charts:  53%|█████▎    | 53/100 [00:00<00:00, 77.96it/s]
  [ComfyUI] xatlas: Packing charts:  54%|█████▍    | 54/100 [00:00<00:00, 79.37it/s]
  [ComfyUI] xatlas: Packing charts:  55%|█████▌    | 55/100 [00:00<00:00, 80.78it/s]
  [ComfyUI] xatlas: Packing charts:  56%|█████▌    | 56/100 [00:00<00:00, 82.19it/s]
  [ComfyUI] xatlas: Packing charts:  57%|█████▋    | 57/100 [00:00<00:00, 83.58it/s]
  [ComfyUI] xatlas: Packing charts:  58%|█████▊    | 58/100 [00:00<00:00, 84.98it/s]
  [ComfyUI] xatlas: Packing charts:  59%|█████▉    | 59/100 [00:00<00:00, 86.37it/s]
  [ComfyUI] xatlas: Packing charts:  60%|██████    | 60/100 [00:00<00:00, 87.77it/s]
  [ComfyUI] xatlas: Packing charts:  61%|██████    | 61/100 [00:00<00:00, 89.15it/s]
  [ComfyUI] xatlas: Packing charts:  62%|██████▏   | 62/100 [00:00<00:00, 90.56it/s]
  [ComfyUI] xatlas: Packing charts:  63%|██████▎   | 63/100 [00:00<00:00, 91.97it/s]
  [ComfyUI] xatlas: Packing charts:  64%|██████▍   | 64/100 [00:00<00:00, 93.37it/s]
  [ComfyUI] xatlas: Packing charts:  65%|██████▌   | 65/100 [00:00<00:00, 94.77it/s]
  [ComfyUI] xatlas: Packing charts:  66%|██████▌   | 66/100 [00:00<00:00, 96.17it/s]
  [ComfyUI] xatlas: Packing charts:  67%|██████▋   | 67/100 [00:00<00:00, 97.57it/s]
  [ComfyUI] xatlas: Packing charts:  68%|██████▊   | 68/100 [00:00<00:00, 98.97it/s]
  [ComfyUI] xatlas: Packing charts:  69%|██████▉   | 69/100 [00:00<00:00, 100.36it/s]
  [ComfyUI] xatlas: Packing charts:  70%|███████   | 70/100 [00:00<00:00, 101.75it/s]
  [ComfyUI] xatlas: Packing charts:  71%|███████   | 71/100 [00:00<00:00, 103.14it/s]
  [ComfyUI] xatlas: Packing charts:  72%|███████▏  | 72/100 [00:00<00:00, 104.54it/s]
  [ComfyUI] xatlas: Packing charts:  73%|███████▎  | 73/100 [00:00<00:00, 105.93it/s]
  [ComfyUI] xatlas: Packing charts:  74%|███████▍  | 74/100 [00:00<00:00, 107.33it/s]
  [ComfyUI] xatlas: Packing charts:  75%|███████▌  | 75/100 [00:00<00:00, 108.73it/s]
  [ComfyUI] xatlas: Packing charts:  76%|███████▌  | 76/100 [00:00<00:00, 110.14it/s]
  [ComfyUI] xatlas: Packing charts:  77%|███████▋  | 77/100 [00:00<00:00, 111.54it/s]
  [ComfyUI] xatlas: Packing charts:  78%|███████▊  | 78/100 [00:00<00:00, 112.93it/s]
  [ComfyUI] xatlas: Packing charts:  79%|███████▉  | 79/100 [00:00<00:00, 114.34it/s]
  [ComfyUI] xatlas: Packing charts:  80%|████████  | 80/100 [00:00<00:00, 115.73it/s]
  [ComfyUI] xatlas: Packing charts:  81%|████████  | 81/100 [00:00<00:00, 117.13it/s]
  [ComfyUI] xatlas: Packing charts:  82%|████████▏ | 82/100 [00:00<00:00, 118.52it/s]
  [ComfyUI] xatlas: Packing charts:  83%|████████▎ | 83/100 [00:00<00:00, 119.91it/s]
  [ComfyUI] xatlas: Packing charts:  84%|████████▍ | 84/100 [00:00<00:00, 121.31it/s]
  [ComfyUI] xatlas: Packing charts:  85%|████████▌ | 85/100 [00:00<00:00, 122.70it/s]
  [ComfyUI] xatlas: Packing charts:  86%|████████▌ | 86/100 [00:00<00:00, 124.08it/s]
  [ComfyUI] xatlas: Packing charts:  87%|████████▋ | 87/100 [00:00<00:00, 125.47it/s]
  [ComfyUI] xatlas: Packing charts:  88%|████████▊ | 88/100 [00:00<00:00, 126.85it/s]
  [ComfyUI] xatlas: Packing charts:  89%|████████▉ | 89/100 [00:00<00:00, 128.24it/s]
  [ComfyUI] xatlas: Packing charts:  90%|█████████ | 90/100 [00:00<00:00, 129.62it/s]
  [ComfyUI] xatlas: Packing charts:  91%|█████████ | 91/100 [00:00<00:00, 130.99it/s]
  [ComfyUI] xatlas: Packing charts:  92%|█████████▏| 92/100 [00:00<00:00, 132.33it/s]
  [ComfyUI] xatlas: Packing charts:  93%|█████████▎| 93/100 [00:00<00:00, 133.72it/s]
  [ComfyUI] xatlas: Packing charts:  94%|█████████▍| 94/100 [00:00<00:00, 135.10it/s]
  [ComfyUI] xatlas: Packing charts:  95%|█████████▌| 95/100 [00:00<00:00, 136.49it/s]
  [ComfyUI] xatlas: Packing charts:  96%|█████████▌| 96/100 [00:00<00:00, 137.89it/s]
  [ComfyUI] xatlas: Packing charts:  97%|█████████▋| 97/100 [00:00<00:00, 139.28it/s]
  [ComfyUI] xatlas: Packing charts:  98%|█████████▊| 98/100 [00:00<00:00, 140.65it/s]
  [ComfyUI] xatlas: Packing charts:  99%|█████████▉| 99/100 [00:00<00:00, 142.04it/s]
  [ComfyUI] xatlas: Packing charts: 100%|██████████| 100/100 [00:00<00:00, 143.42it/s]
  [ComfyUI] xatlas: Packing charts: 100%|██████████| 100/100 [00:00<00:00, 143.02it/s]
  [ComfyUI] 
  [ComfyUI] xatlas: Building output meshes:   0%|          | 0/100 [00:00<?, ?it/s]
  [ComfyUI] xatlas: Building output meshes:   0%|          | 0/100 [00:00<?, ?it/s]
  [ComfyUI] xatlas: Building output meshes:   1%|          | 1/100 [00:00<00:00, 2995.93it/s]
  [ComfyUI] xatlas: Building output meshes:   2%|▏         | 2/100 [00:00<00:00, 3548.48it/s]
  [ComfyUI] xatlas: Building output meshes:   3%|▎         | 3/100 [00:00<00:00, 3349.19it/s]
  [ComfyUI] xatlas: Building output meshes:   4%|▍         | 4/100 [00:00<00:00, 3158.36it/s]
  [ComfyUI] xatlas: Building output meshes:   5%|▌         | 5/100 [00:00<00:00, 3297.93it/s]
  [ComfyUI] xatlas: Building output meshes:   6%|▌         | 6/100 [00:00<00:00, 3522.16it/s]
  [ComfyUI] xatlas: Building output meshes:   7%|▋         | 7/100 [00:00<00:00, 3735.86it/s]
  [ComfyUI] xatlas: Building output meshes:   8%|▊         | 8/100 [00:00<00:00, 3926.79it/s]
  [ComfyUI] xatlas: Building output meshes:   9%|▉         | 9/100 [00:00<00:00, 3818.79it/s]
  [ComfyUI] xatlas: Building output meshes:  10%|█         | 10/100 [00:00<00:00, 3908.95it/s]
  [ComfyUI] xatlas: Building output meshes:  11%|█         | 11/100 [00:00<00:00, 3948.42it/s]
  [ComfyUI] xatlas: Building output meshes:  12%|█▏        | 12/100 [00:00<00:00, 3782.91it/s]
  [ComfyUI] xatlas: Building output meshes:  13%|█▎        | 13/100 [00:00<00:00, 3898.89it/s]
  [ComfyUI] xatlas: Building output meshes:  14%|█▍        | 14/100 [00:00<00:00, 3935.94it/s]
  [ComfyUI] xatlas: Building output meshes:  15%|█▌        | 15/100 [00:00<00:00, 4007.81it/s]
  [ComfyUI] xatlas: Building output meshes:  16%|█▌        | 16/100 [00:00<00:00, 4076.84it/s]
  [ComfyUI] xatlas: Building output meshes:  17%|█▋        | 17/100 [00:00<00:00, 4155.44it/s]
  [ComfyUI] xatlas: Building output meshes:  18%|█▊        | 18/100 [00:00<00:00, 4230.74it/s]
  [ComfyUI] xatlas: Building output meshes:  19%|█▉        | 19/100 [00:00<00:00, 4284.96it/s]
  [ComfyUI] xatlas: Building output meshes:  20%|██        | 20/100 [00:00<00:00, 4232.61it/s]
  [ComfyUI] xatlas: Building output meshes:  21%|██        | 21/100 [00:00<00:00, 4290.95it/s]
  [ComfyUI] xatlas: Building output meshes:  22%|██▏       | 22/100 [00:00<00:00, 4295.24it/s]
  [ComfyUI] xatlas: Building output meshes:  23%|██▎       | 23/100 [00:00<00:00, 4254.98it/s]
  [ComfyUI] xatlas: Building output meshes:  24%|██▍       | 24/100 [00:00<00:00, 4318.83it/s]
  [ComfyUI] xatlas: Building output meshes:  25%|██▌       | 25/100 [00:00<00:00, 4361.43it/s]
  [ComfyUI] xatlas: Building output meshes:  26%|██▌       | 26/100 [00:00<00:00, 4399.74it/s]
  [ComfyUI] xatlas: Building output meshes:  27%|██▋       | 27/100 [00:00<00:00, 4353.78it/s]
  [ComfyUI] xatlas: Building output meshes:  28%|██▊       | 28/100 [00:00<00:00, 4408.92it/s]
  [ComfyUI] xatlas: Building output meshes:  29%|██▉       | 29/100 [00:00<00:00, 4400.36it/s]
  [ComfyUI] xatlas: Building output meshes:  30%|███       | 30/100 [00:00<00:00, 4381.85it/s]
  [ComfyUI] xatlas: Building output meshes:  31%|███       | 31/100 [00:00<00:00, 4409.37it/s]
  [ComfyUI] xatlas: Building output meshes:  32%|███▏      | 32/100 [00:00<00:00, 4433.58it/s]
  [ComfyUI] xatlas: Building output meshes:  33%|███▎      | 33/100 [00:00<00:00, 4440.27it/s]
  [ComfyUI] xatlas: Building output meshes:  34%|███▍      | 34/100 [00:00<00:00, 4457.28it/s]
  [ComfyUI] xatlas: Building output meshes:  35%|███▌      | 35/100 [00:00<00:00, 4507.37it/s]
  [ComfyUI] xatlas: Building output meshes:  36%|███▌      | 36/100 [00:00<00:00, 4564.95it/s]
  [ComfyUI] xatlas: Building output meshes:  37%|███▋      | 37/100 [00:00<00:00, 4573.67it/s]
  [ComfyUI] xatlas: Building output meshes:  38%|███▊      | 38/100 [00:00<00:00, 4607.13it/s]
  [ComfyUI] xatlas: Building output meshes:  39%|███▉      | 39/100 [00:00<00:00, 4582.40it/s]
  [ComfyUI] xatlas: Building output meshes:  40%|████      | 40/100 [00:00<00:00, 4605.20it/s]
  [ComfyUI] xatlas: Building output meshes:  41%|████      | 41/100 [00:00<00:00, 4622.38it/s]
  [ComfyUI] xatlas: Building output meshes:  42%|████▏     | 42/100 [00:00<00:00, 4588.60it/s]
  [ComfyUI] xatlas: Building output meshes:  43%|████▎     | 43/100 [00:00<00:00, 4576.38it/s]
  [ComfyUI] xatlas: Building output meshes:  44%|████▍     | 44/100 [00:00<00:00, 4553.06it/s]
  [ComfyUI] xatlas: Building output meshes:  45%|████▌     | 45/100 [00:00<00:00, 4590.29it/s]
  [ComfyUI] xatlas: Building output meshes:  46%|████▌     | 46/100 [00:00<00:00, 4603.96it/s]
  [ComfyUI] xatlas: Building output meshes:  47%|████▋     | 47/100 [00:00<00:00, 4611.93it/s]
  [ComfyUI] xatlas: Building output meshes:  48%|████▊     | 48/100 [00:00<00:00, 4608.39it/s]
  [ComfyUI] xatlas: Building output meshes:  49%|████▉     | 49/100 [00:00<00:00, 4635.32it/s]
  [ComfyUI] xatlas: Building output meshes:  50%|█████     | 50/100 [00:00<00:00, 4664.48it/s]
  [ComfyUI] xatlas: Building output meshes:  51%|█████     | 51/100 [00:00<00:00, 4684.73it/s]
  [ComfyUI] xatlas: Building output meshes:  52%|█████▏    | 52/100 [00:00<00:00, 4674.92it/s]
  [ComfyUI] xatlas: Building output meshes:  53%|█████▎    | 53/100 [00:00<00:00, 4694.09it/s]
  [ComfyUI] xatlas: Building output meshes:  54%|█████▍    | 54/100 [00:00<00:00, 4692.49it/s]
  [ComfyUI] xatlas: Building output meshes:  55%|█████▌    | 55/100 [00:00<00:00, 4685.71it/s]
  [ComfyUI] xatlas: Building output meshes:  56%|█████▌    | 56/100 [00:00<00:00, 4678.25it/s]
  [ComfyUI] xatlas: Building output meshes:  57%|█████▋    | 57/100 [00:00<00:00, 4658.88it/s]
  [ComfyUI] xatlas: Building output meshes:  58%|█████▊    | 58/100 [00:00<00:00, 4671.17it/s]
  [ComfyUI] xatlas: Building output meshes:  59%|█████▉    | 59/100 [00:00<00:00, 4667.55it/s]
  [ComfyUI] xatlas: Building output meshes:  60%|██████    | 60/100 [00:00<00:00, 4684.72it/s]
  [ComfyUI] xatlas: Building output meshes:  61%|██████    | 61/100 [00:00<00:00, 4708.54it/s]
  [ComfyUI] xatlas: Building output meshes:  62%|██████▏   | 62/100 [00:00<00:00, 4720.14it/s]
  [ComfyUI] xatlas: Building output meshes:  63%|██████▎   | 63/100 [00:00<00:00, 4745.54it/s]
  [ComfyUI] xatlas: Building output meshes:  64%|██████▍   | 64/100 [00:00<00:00, 4765.75it/s]
  [ComfyUI] xatlas: Building output meshes:  65%|██████▌   | 65/100 [00:00<00:00, 4798.13it/s]
  [ComfyUI] xatlas: Building output meshes:  66%|██████▌   | 66/100 [00:00<00:00, 4793.99it/s]
  [ComfyUI] xatlas: Building output meshes:  67%|██████▋   | 67/100 [00:00<00:00, 4797.17it/s]
  [ComfyUI] xatlas: Building output meshes:  68%|██████▊   | 68/100 [00:00<00:00, 4810.47it/s]
  [ComfyUI] xatlas: Building output meshes:  69%|██████▉   | 69/100 [00:00<00:00, 4777.27it/s]
  [ComfyUI] xatlas: Building output meshes:  70%|███████   | 70/100 [00:00<00:00, 4779.99it/s]
  [ComfyUI] xatlas: Building output meshes:  71%|███████   | 71/100 [00:00<00:00, 4772.67it/s]
  [ComfyUI] xatlas: Building output meshes:  72%|███████▏  | 72/100 [00:00<00:00, 4752.23it/s]
  [ComfyUI] xatlas: Building output meshes:  73%|███████▎  | 73/100 [00:00<00:00, 4776.66it/s]
  [ComfyUI] xatlas: Building output meshes:  74%|███████▍  | 74/100 [00:00<00:00, 4795.49it/s]
  [ComfyUI] xatlas: Building output meshes:  75%|███████▌  | 75/100 [00:00<00:00, 4774.14it/s]
  [ComfyUI] xatlas: Building output meshes:  76%|███████▌  | 76/100 [00:00<00:00, 4783.28it/s]
  [ComfyUI] xatlas: Building output meshes:  77%|███████▋  | 77/100 [00:00<00:00, 4791.93it/s]
  [ComfyUI] xatlas: Building output meshes:  78%|███████▊  | 78/100 [00:00<00:00, 4799.68it/s]
  [ComfyUI] xatlas: Building output meshes:  79%|███████▉  | 79/100 [00:00<00:00, 4811.24it/s]
  [ComfyUI] xatlas: Building output meshes:  80%|████████  | 80/100 [00:00<00:00, 4827.91it/s]
  [ComfyUI] xatlas: Building output meshes:  81%|████████  | 81/100 [00:00<00:00, 4833.59it/s]
  [ComfyUI] xatlas: Building output meshes:  82%|████████▏ | 82/100 [00:00<00:00, 4858.77it/s]
  [ComfyUI] xatlas: Building output meshes:  83%|████████▎ | 83/100 [00:00<00:00, 4876.41it/s]
  [ComfyUI] xatlas: Building output meshes:  84%|████████▍ | 84/100 [00:00<00:00, 4885.42it/s]
  [ComfyUI] xatlas: Building output meshes:  85%|████████▌ | 85/100 [00:00<00:00, 4899.28it/s]
  [ComfyUI] xatlas: Building output meshes:  86%|████████▌ | 86/100 [00:00<00:00, 4910.63it/s]
  [ComfyUI] xatlas: Building output meshes:  87%|████████▋ | 87/100 [00:00<00:00, 4930.21it/s]
  [ComfyUI] xatlas: Building output meshes:  88%|████████▊ | 88/100 [00:00<00:00, 4942.80it/s]
  [ComfyUI] xatlas: Building output meshes:  89%|████████▉ | 89/100 [00:00<00:00, 4950.84it/s]
  [ComfyUI] xatlas: Building output meshes:  90%|█████████ | 90/100 [00:00<00:00, 4933.96it/s]
  [ComfyUI] xatlas: Building output meshes:  91%|█████████ | 91/100 [00:00<00:00, 4948.87it/s]
  [ComfyUI] xatlas: Building output meshes:  92%|█████████▏| 92/100 [00:00<00:00, 4931.32it/s]
  [ComfyUI] xatlas: Building output meshes:  93%|█████████▎| 93/100 [00:00<00:00, 4941.66it/s]
  [ComfyUI] xatlas: Building output meshes:  94%|█████████▍| 94/100 [00:00<00:00, 4950.65it/s]
  [ComfyUI] xatlas: Building output meshes:  95%|█████████▌| 95/100 [00:00<00:00, 4956.33it/s]
  [ComfyUI] xatlas: Building output meshes:  96%|█████████▌| 96/100 [00:00<00:00, 4977.17it/s]
  [ComfyUI] xatlas: Building output meshes:  97%|█████████▋| 97/100 [00:00<00:00, 4991.44it/s]
  [ComfyUI] xatlas: Building output meshes:  98%|█████████▊| 98/100 [00:00<00:00, 5002.09it/s]
  [ComfyUI] xatlas: Building output meshes:  99%|█████████▉| 99/100 [00:00<00:00, 5014.26it/s]
  [ComfyUI] xatlas: Building output meshes: 100%|██████████| 100/100 [00:00<00:00, 5010.88it/s]
  [ComfyUI] xatlas: Building output meshes: 100%|██████████| 100/100 [00:00<00:00, 4884.37it/s]
  [ComfyUI] 
  [ComfyUI] Gathering results from xatlas:   0%|          | 0/5894 [00:00<?, ?it/s]
  [ComfyUI] Gathering results from xatlas:  63%|██████▎   | 3714/5894 [00:00<00:00, 37137.64it/s]
  [ComfyUI] Gathering results from xatlas: 100%|██████████| 5894/5894 [00:00<00:00, 37266.23it/s]
  [ComfyUI] [worker:ComfyUI-TRELLIS2] [ProcessMesh] After UV unwrap: 357615 verts, 483050 faces (alloc=9MB)
  [ComfyUI] [worker:ComfyUI-TRELLIS2] [ProcessMesh] Done: 357615 verts, 483050 faces (alloc=9MB)
  [ComfyUI] [worker:ComfyUI-TRELLIS2] [VRAM] ProcessMesh done: alloc=9MB reserved=24MB peak=1451MB
  [ComfyUI] [SubprocessWorker] got response: ok
  [ComfyUI] [comfy-env] Trellis2ProcessMesh done (43.69s): result: NodeOutput
  [ComfyUI] [VRAM] After Trellis2ProcessMesh: 1050 / 24124 MB
  [ComfyUI] [VRAM] Loaded: SubprocessModel (0 MB)
  [ComfyUI] [comfy-env] Running GeomPackPreviewMeshVTK: mode: 'fields', trimesh: Trimesh
  [ComfyUI] [VRAM] Before GeomPackPreviewMeshVTK: 1050 / 24124 MB
  [ComfyUI] [ComfyUI-GeometryPack] python: /root/.ce/.pixi/envs/geometrypack-nodes/bin/python
  [ComfyUI] [VRAM] Loaded: SubprocessModel (0 MB)
  [ComfyUI] [ComfyUI-GeometryPack] sys_path sent to worker: ['/workspaces/TRELLIS2-0918/ComfyUI', '/workspaces/TRELLIS2-0918/ComfyUI/custom_nodes/ComfyUI-GeometryPack', '/root/.ce/.pixi/envs/geometrypack-nodes/lib/python3.13/site-packages', '/workspaces/TRELLIS2-0918/ComfyUI/custom_nodes/ComfyUI-GeometryPack']
  [ComfyUI] [SubprocessWorker] call_method: nodes.visualization.preview_mesh_vtk.PreviewMeshVTKNode.EXECUTE_NORMALIZED
  [ComfyUI] [SubprocessWorker] is_pixi=True, python=/root/.ce/.pixi/envs/geometrypack-nodes/bin/python
  [ComfyUI] [SubprocessWorker] acquired lock, ensuring started...
  [ComfyUI] [SubprocessWorker] launching cmd=['/root/.pixi/bin/pixi', 'run', '--as-is', '--manifest-path', '/root/.ce/pixi.toml', '-e', 'geometrypack-nodes', 'python', '/tmp/comfyui_pvenv_hofux4qg/persistent_worker.py', 'abstract://comfy_worker_41a720aca654']...
  [ComfyUI] [ComfyUI-GeometryPack] Health check: ping (timeout=5.0s)...
  [ComfyUI] [SubprocessWorker] socket_addr=abstract://comfy_worker_41a720aca654 (abstract, no filesystem path)
  [ComfyUI] [ComfyUI-GeometryPack] Health check: failed
  [ComfyUI] [ComfyUI-GeometryPack] Socket unhealthy, restarting worker...
  Frame 39 saved (frame_038.jpg, t=191.4s)
  [capture-periodic] freeze=3ms shot=211ms unfreeze=3ms saved=True
  [capture-loop] iter=1600 t=192.2s state={'complete': False, 'error': None, 'executedCount': 1, 'wsState': 1} eval_ms=3 ram=23.5/31.2GB (76%) swap=3.6/32.0GB (11%) cpu=15% browser_rss=0.63GB
  [ComfyUI] [worker:ComfyUI-GeometryPack] ERROR: Failed to import comfy_kitchen, Error: No module named 'comfy_kitchen', fp8 and fp4 support will not be available.
  [ComfyUI] [SubprocessWorker] worker started/confirmed
  [ComfyUI] [SubprocessWorker] serializing kwargs to shm...
  [ComfyUI] [SubprocessWorker] created 1 shm blocks
  [ComfyUI] [SubprocessWorker] sending request via socket...
  [ComfyUI] [SubprocessWorker] call_id=2 sending call_method
  Frame 40 saved (frame_039.jpg, t=193.7s)
  [capture-periodic] freeze=4ms shot=216ms unfreeze=3ms saved=True
  [ComfyUI] [worker:ComfyUI-GeometryPack] INFO: Preparing preview: Mesh - 357615 vertices, 483050 faces
  [ComfyUI] [worker:ComfyUI-GeometryPack] INFO: Mode: fields
  [ComfyUI] [worker:ComfyUI-GeometryPack] INFO: Visual data - has_visual: True, kind: texture, texture: True, vertex_colors: False
  [ComfyUI] [worker:ComfyUI-GeometryPack] INFO: Using fields mode - VTP export
  [ComfyUI] [worker:ComfyUI-GeometryPack] INFO: Exporting mesh to VTP: /workspaces/TRELLIS2-0918/ComfyUI/output/preview_vtk_39e42b70.vtp
  [ComfyUI] [worker:ComfyUI-GeometryPack] INFO: Adding normals field (357615 vertices)
  [capture-loop] iter=1650 t=198.1s state={'complete': False, 'error': None, 'executedCount': 1, 'wsState': 1} eval_ms=3 ram=24.1/31.2GB (77%) swap=3.6/32.0GB (11%) cpu=6% browser_rss=0.62GB
  [ComfyUI] [worker:ComfyUI-GeometryPack] INFO: Export complete: 357615 vertices, 483050 faces
  [ComfyUI] [worker:ComfyUI-GeometryPack] INFO: Exported VTP to: /workspaces/TRELLIS2-0918/ComfyUI/output/preview_vtk_39e42b70.vtp
  [ComfyUI] [worker:ComfyUI-GeometryPack] INFO: Fields mode info: watertight=False, volume=None, area=3.7714112502114965, no fields
  [ComfyUI] [SubprocessWorker] got response: ok
  [ComfyUI] [comfy-env] GeomPackPreviewMeshVTK done (9.21s): result: NodeOutput
  [ComfyUI] [VRAM] After GeomPackPreviewMeshVTK: 1050 / 24124 MB
  [ComfyUI] [VRAM] Loaded: SubprocessModel (0 MB)
  [ComfyUI] Prompt executed in 199.26 seconds
  [ComfyUI] [comfy-env] [VRAM] Before offload 'SLatFlowModel_6' (2464 MB) -> cpu: 1050 / 24124 MB
  [ComfyUI] [ComfyUI-TRELLIS2] Health check: ping (timeout=5.0s)...
  [ComfyUI] [ComfyUI-TRELLIS2] python: /root/.ce/.pixi/envs/trellis2-nodes/bin/python
  [ComfyUI] [ComfyUI-TRELLIS2] Health check: failed
  [ComfyUI] [ComfyUI-TRELLIS2] sys_path sent to worker: ['/workspaces/TRELLIS2-0918/ComfyUI', '/workspaces/TRELLIS2-0918/ComfyUI/custom_nodes/ComfyUI-TRELLIS2', '/root/.ce/.pixi/envs/trellis2-nodes/lib/python3.13/site-packages', '/workspaces/TRELLIS2-0918/ComfyUI/custom_nodes/ComfyUI-TRELLIS2']
  [ComfyUI] [ComfyUI-TRELLIS2] Socket unhealthy, restarting worker...
  [ComfyUI] [SubprocessWorker] is_pixi=True, python=/root/.ce/.pixi/envs/trellis2-nodes/bin/python
  [ComfyUI] [comfy-env] Invalidated 6 stale model patchers (will be cleaned up during next unload)
  [ComfyUI] [SubprocessWorker] launching cmd=['/root/.pixi/bin/pixi', 'run', '--as-is', '--manifest-path', '/root/.ce/pixi.toml', '-e', 'trellis2-nodes', 'python', '/tmp/comfyui_pvenv_puv5rki_/persistent_worker.py', 'abstract://comfy_worker_cac221720eeb']...
  [ComfyUI] [SubprocessWorker] socket_addr=abstract://comfy_worker_cac221720eeb (abstract, no filesystem path)
  Node executed (2 total), capturing...
  [ComfyUI] [worker:ComfyUI-TRELLIS2] ERROR: Failed to import comfy_kitchen, Error: No module named 'comfy_kitchen', fp8 and fp4 support will not be available.
  [ComfyUI] [SubprocessWorker] call_id=14 sending model_to_device
  [ComfyUI] Model 'SLatFlowModel_6' gone from worker (restarted?), treating as offloaded
  [ComfyUI] [comfy-env] [VRAM] After offload 'SLatFlowModel_6' (2464 MB): 1312 / 24124 MB
  Frame 41 saved (frame_040.jpg, t=199.8s)
  [capture-node] freeze=163ms shot=3559ms unfreeze=0ms saved=True
  Execution complete (t=199.9s)
  Captured 41 unique frames over 203.67s
  [debug] iframes: 1
  [debug]   iframe[0]: src=http://127.0.0.1:41885/extensions/ComfyUI-GeometryPack/viewer_vtk.html?v=1778492, canvas=486x348, rafFrozen=True
  [timing] trigger_3d_previews: 0.0s
  Saved high-quality screenshot: geometry_only_1024_cascade_executed.png
  [timing] final_screenshot: 0.5s
    Captured 42 video frames