Capturing execution frames: geometry_texture.json
  Frame 1 saved (frame_000.jpg, t=0.0s)
  Validating workflow...
  [ComfyUI] === /validate endpoint called ===
  [ComfyUI] Received JSON with keys: ['prompt']
  [ComfyUI] Prompt has 12 nodes
  Queuing workflow for execution...
  [ComfyUI]   Node 1: LoadImage
  [ComfyUI]     Inputs: {"image": "cannon.webp"}
  [ComfyUI]   Node 10: MaskPreview
  [ComfyUI]     Inputs: {"mask": ["11", 0]}
  [ComfyUI]   Node 11: InvertMask
  [ComfyUI]     Inputs: {"mask": ["1", 1]}
  [ComfyUI]   Node 64: Preview3D
  [ComfyUI]     Inputs: {"model_file": ["86", 0], "image": ""}
  [ComfyUI]   Node 68: LoadTrellis2Models
  [ComfyUI]     Inputs: {"resolution": "512", "precision": "auto", "attn_backend": "auto"}
  [ComfyUI]   Node 69: Trellis2GetConditioning
  [ComfyUI]     Inputs: {"background_color": "black", "model_config": ["68", 0], "image": ["1", 0], "mask": ["11", 0]}
  [ComfyUI]   Node 82: Trellis2ImageToShape
  [ComfyUI]     Inputs: {"seed": 42, "ss_guidance_strength": 6.5, "ss_guidance_rescale": 0.05, "ss_sampling_steps": 12, "shape_guidance_strength": 6.5, "shape_guidance_rescale": 0.05, "shape_sampling_steps": 12, "max_tokens"
  [ComfyUI]   Node 83: Trellis2ShapeToTexturedMesh
  [ComfyUI]     Inputs: {"seed": 42, "tex_guidance_strength": 3, "tex_guidance_rescale": 0.2, "tex_sampling_steps": 12, "model_config": ["68", 0], "conditioning": ["69", 0], "shape_slat": ["82", 1], "subs": ["82", 2]}
  [ComfyUI]   Node 86: Trellis2ExportTrimesh
  [ComfyUI]     Inputs: {"filename_prefix": "trellis2", "file_format": "glb", "trimesh": ["98", 0]}
  [ComfyUI]   Node 93: GeomPackPreviewMeshVTK
  [ComfyUI]     Inputs: {"mode": "texture (PBR)", "preview_vtk": "{\"show_edges\":false,\"camera_state\":\"{\\\"position\\\":[0.8901965746019178,-0.7009837332945443,0.45076940237852503],\\\"focalPoint\\\":[0.0001489818096160
  [ComfyUI]   Node 97: Trellis2ProcessMesh
  [ComfyUI]     Inputs: {"remesh": "on", "remesh.remesh_band": 1, "remesh.remove_inner_faces": true, "target_face_count": 500000, "floater_threshold": 0.001, "weld_vertices": true, "weld_digits": 4, "chart_cone_angle": 90, "
  [ComfyUI]   Node 98: Trellis2RasterizePBR
  [ComfyUI]     Inputs: {"texture_size": 2048, "trimesh": ["97", 0], "voxelgrid": ["83", 0], "original_mesh": ["82", 0]}
  [ComfyUI] Generated prompt_id: b2f8296f-e598-42c4-bdf1-15134641d94b
  [ComfyUI] Calling execution.validate_prompt()...
  [ComfyUI] Validation result: valid=True
  [ComfyUI] === Validation PASSED ===
  [ComfyUI] got prompt
  [ComfyUI] [comfy-env] Running LoadTrellis2Models: resolution: '512', precision: 'auto', attn_backend: 'auto'
  [ComfyUI] [VRAM] Before LoadTrellis2Models: 1142 / 24124 MB
  [ComfyUI] [ComfyUI-TRELLIS2] python: /workspaces/TRELLIS2-0342/ComfyUI/.ce/.pixi/envs/trellis2-nodes/bin/python
  [ComfyUI] [SubprocessWorker] call_method: nodes.nodes_loader.LoadTrellis2Models.EXECUTE_NORMALIZED
  [ComfyUI] [ComfyUI-TRELLIS2] sys_path sent to worker: ['/workspaces/TRELLIS2-0342/ComfyUI', '/workspaces/TRELLIS2-0342/ComfyUI/custom_nodes/ComfyUI-TRELLIS2', '/workspaces/TRELLIS2-0342/ComfyUI/.ce/.pixi/envs/trellis2-nodes/lib/python3.1/site-packages', '/workspaces/TRELLIS2-0342/ComfyUI/custom_nodes/ComfyUI-TRELLIS2']
  [ComfyUI] [SubprocessWorker] acquired lock, ensuring started...
  [ComfyUI] [SubprocessWorker] is_pixi=True, python=/workspaces/TRELLIS2-0342/ComfyUI/.ce/.pixi/envs/trellis2-nodes/bin/python
  [ComfyUI] [ComfyUI-TRELLIS2] Health check: ping (timeout=5.0s)...
  [ComfyUI] [SubprocessWorker] launching cmd=['/root/.pixi/bin/pixi', 'run', '--as-is', '--manifest-path', '/workspaces/TRELLIS2-0342/ComfyUI/.ce/pixi.toml', '-e', 'trellis2-nodes', 'python', '/tmp/comfyui_pvenv_46l4_lxz/persistent_worker.py', 'abstract://comfy_worker_146835354537']...
  [ComfyUI] [ComfyUI-TRELLIS2] Health check: failed
  [ComfyUI] [SubprocessWorker] socket_addr=abstract://comfy_worker_146835354537 (abstract, no filesystem path)
  [ComfyUI] [ComfyUI-TRELLIS2] Socket unhealthy, restarting worker...
  [ComfyUI] [comfy-env] Invalidated 6 stale model patchers (will be cleaned up during next unload)
  Node executed (1 total), capturing...
  Frame 2 saved (frame_001.jpg, t=0.8s)
  [capture-node] freeze=3ms shot=262ms unfreeze=3ms saved=True
  Frame 3 saved (frame_002.jpg, t=3.2s)
  [capture-periodic] freeze=3ms shot=241ms unfreeze=4ms saved=True
  [ComfyUI] [worker:ComfyUI-TRELLIS2] WARNING: WARNING: You need pytorch with cu130 or higher to use optimized CUDA operations.
  [ComfyUI] [SubprocessWorker] worker started/confirmed
  [ComfyUI] [SubprocessWorker] serializing kwargs to shm...
  [ComfyUI] [SubprocessWorker] created 0 shm blocks
  [ComfyUI] [SubprocessWorker] sending request via socket...
  [ComfyUI] [SubprocessWorker] call_id=33 sending call_method
  [ComfyUI] [SubprocessWorker] callback 'report_progress' from call_id=33
  [ComfyUI] [SubprocessWorker] callback 'report_progress' from call_id=33
  [ComfyUI] [worker:ComfyUI-TRELLIS2] [TRELLIS2] Config loaded: 9 models registered
  [ComfyUI] [SubprocessWorker] got response: ok
  [ComfyUI] [comfy-env] [VRAM] Before offload 'SLatFlowModel_6' (2464 MB) -> cpu: 1396 / 24124 MB
  [ComfyUI] [ComfyUI-TRELLIS2] Health check: ping (timeout=5.0s)...
  [ComfyUI] [ComfyUI-TRELLIS2] Health check: ok
  [ComfyUI] [SubprocessWorker] call_id=34 sending model_to_device
  [ComfyUI] Model 'SLatFlowModel_6' gone from worker (restarted?), treating as offloaded
  [ComfyUI] [comfy-env] [VRAM] After offload 'SLatFlowModel_6' (2464 MB): 1396 / 24124 MB
  [ComfyUI] [comfy-env] [VRAM] Before offload 'FlexiDualGridVaeDecoder_5' (904 MB) -> cpu: 1396 / 24124 MB
  [ComfyUI] [ComfyUI-TRELLIS2] Health check: ping (timeout=5.0s)...
  [ComfyUI] [ComfyUI-TRELLIS2] Health check: ok
  [ComfyUI] [SubprocessWorker] call_id=35 sending model_to_device
  [ComfyUI] Model 'FlexiDualGridVaeDecoder_5' gone from worker (restarted?), treating as offloaded
  [ComfyUI] [comfy-env] [VRAM] After offload 'FlexiDualGridVaeDecoder_5' (904 MB): 1396 / 24124 MB
  [ComfyUI] [comfy-env] [VRAM] Before offload 'SLatFlowModel_4' (2464 MB) -> cpu: 1396 / 24124 MB
  [ComfyUI] [ComfyUI-TRELLIS2] Health check: ping (timeout=5.0s)...
  [ComfyUI] [ComfyUI-TRELLIS2] Health check: ok
  [ComfyUI] [SubprocessWorker] call_id=36 sending model_to_device
  [ComfyUI] Model 'SLatFlowModel_4' gone from worker (restarted?), treating as offloaded
  [ComfyUI] [comfy-env] [VRAM] After offload 'SLatFlowModel_4' (2464 MB): 1396 / 24124 MB
  [ComfyUI] [comfy-env] [VRAM] Before offload 'SparseStructureDecoder_3' (140 MB) -> cpu: 1396 / 24124 MB
  [ComfyUI] [ComfyUI-TRELLIS2] Health check: ping (timeout=5.0s)...
  [ComfyUI] [ComfyUI-TRELLIS2] Health check: ok
  [ComfyUI] [SubprocessWorker] call_id=37 sending model_to_device
  [ComfyUI] Model 'SparseStructureDecoder_3' gone from worker (restarted?), treating as offloaded
  [ComfyUI] [comfy-env] [VRAM] After offload 'SparseStructureDecoder_3' (140 MB): 1396 / 24124 MB
  [ComfyUI] [comfy-env] [VRAM] Before offload 'SparseStructureFlowModel_2' (2466 MB) -> cpu: 1396 / 24124 MB
  [ComfyUI] [ComfyUI-TRELLIS2] Health check: ping (timeout=5.0s)...
  [ComfyUI] [ComfyUI-TRELLIS2] Health check: ok
  [ComfyUI] [SubprocessWorker] call_id=38 sending model_to_device
  [ComfyUI] Model 'SparseStructureFlowModel_2' gone from worker (restarted?), treating as offloaded
  [ComfyUI] [comfy-env] [VRAM] After offload 'SparseStructureFlowModel_2' (2466 MB): 1396 / 24124 MB
  [ComfyUI] [comfy-env] [VRAM] Before offload 'DINOv3ViT_1' (1156 MB) -> cpu: 1396 / 24124 MB
  [ComfyUI] [ComfyUI-TRELLIS2] Health check: ping (timeout=5.0s)...
  [ComfyUI] [ComfyUI-TRELLIS2] Health check: ok
  [ComfyUI] [SubprocessWorker] call_id=39 sending model_to_device
  [ComfyUI] Model 'DINOv3ViT_1' gone from worker (restarted?), treating as offloaded
  [ComfyUI] [comfy-env] [VRAM] After offload 'DINOv3ViT_1' (1156 MB): 1396 / 24124 MB
  [ComfyUI] [comfy-env] LoadTrellis2Models done (4.83s): result: NodeOutput
  [ComfyUI] [VRAM] After LoadTrellis2Models: 1396 / 24124 MB
  [ComfyUI] [comfy-env] Running Trellis2GetConditioning: background_color: 'black', model_config: dict, image: torch.float32 [1,1042,1042,3] cpu, mask: torch.float32 [1,1042,1042] cpu
  [ComfyUI] [VRAM] Before Trellis2GetConditioning: 1396 / 24124 MB
  [ComfyUI] [SubprocessWorker] call_method: nodes.nodes_inference.Trellis2GetConditioning.EXECUTE_NORMALIZED
  [ComfyUI] [SubprocessWorker] acquired lock, ensuring started...
  [ComfyUI] [ComfyUI-TRELLIS2] Health check: ping (timeout=5.0s)...
  [ComfyUI] [ComfyUI-TRELLIS2] Health check: ok
  [ComfyUI] [SubprocessWorker] worker started/confirmed
  [ComfyUI] [comfy-env] PRE-SERIALIZE 'image' shape: torch.Size([1, 1042, 1042, 3])
  [ComfyUI] [comfy-env] PRE-SERIALIZE 'mask' shape: torch.Size([1, 1042, 1042])
  [ComfyUI] [SubprocessWorker] serializing kwargs to shm...
  [ComfyUI] [SubprocessWorker] created 0 shm blocks
  [ComfyUI] [SubprocessWorker] sending request via socket...
  [ComfyUI] [SubprocessWorker] call_id=40 sending call_method
  [ComfyUI] [worker:ComfyUI-TRELLIS2] [comfy-env] _from_shm got dict with keys: ['__type__', 'strategy', 'parent_pid', 'fd', 'storage_size']
  [ComfyUI] [worker:ComfyUI-TRELLIS2] [comfy-env] DESERIALIZE TensorRef: tensor_size=[1, 1042, 1042, 3]
  [ComfyUI] [worker:ComfyUI-TRELLIS2] [comfy-env] DESERIALIZED tensor shape: torch.Size([1, 1042, 1042, 3])
  [ComfyUI] [worker:ComfyUI-TRELLIS2] [comfy-env] _from_shm got dict with keys: ['__type__', 'strategy', 'parent_pid', 'fd', 'storage_size']
  [ComfyUI] [worker:ComfyUI-TRELLIS2] [comfy-env] DESERIALIZE TensorRef: tensor_size=[1, 1042, 1042]
  [ComfyUI] [worker:ComfyUI-TRELLIS2] [comfy-env] DESERIALIZED tensor shape: torch.Size([1, 1042, 1042])
  Frame 4 saved (frame_003.jpg, t=5.5s)
  [capture-periodic] freeze=3ms shot=227ms unfreeze=6ms saved=True
  [ComfyUI] [SubprocessWorker] callback 'request_vram_budget' from call_id=40
  [ComfyUI] [comfy-env] VRAM request: 1.21GB, free before eviction: 24.42GB
  [ComfyUI] [comfy-env] VRAM after eviction: 24.42GB
  [capture-loop] iter=50 t=6.9s state={'complete': False, 'error': None, 'executedCount': 1, 'wsState': 1} eval_ms=4 ram=5.5/31.2GB (18%) swap=1.6/32.0GB (5%) cpu=8% browser_rss=0.68GB
  [ComfyUI] [worker:ComfyUI-TRELLIS2] [VRAM] +544MB (now 544MB) reserved=562MB peak=544MB
  [ComfyUI] [worker:ComfyUI-TRELLIS2] [TRELLIS2] DinoV3 conditioning: dtype=torch.bfloat16
  [ComfyUI] [worker:ComfyUI-TRELLIS2] [comfy.attention_sparse] Dense attention: attention_sage
  [ComfyUI] [worker:ComfyUI-TRELLIS2] [VRAM] +641MB (now 1186MB) reserved=1206MB peak=1186MB
  Frame 5 saved (frame_004.jpg, t=7.8s)
  [capture-periodic] freeze=3ms shot=240ms unfreeze=14ms saved=True
  [ComfyUI] [SubprocessWorker] callback 'report_progress' from call_id=40
  [ComfyUI] [SubprocessWorker] callback 'report_progress' from call_id=40
  [ComfyUI] [SubprocessWorker] callback 'report_progress' from call_id=40
  [ComfyUI] [worker:ComfyUI-TRELLIS2] [VRAM] -871MB (now 315MB) reserved=1226MB peak=1192MB
  [ComfyUI] [SubprocessWorker] callback 'report_progress' from call_id=40
  [ComfyUI] [worker:ComfyUI-TRELLIS2] [VRAM] -307MB (now 9MB) reserved=24MB peak=1192MB
  Frame 6 saved (frame_005.jpg, t=10.2s)
  [capture-periodic] freeze=3ms shot=224ms unfreeze=3ms saved=True
  [ComfyUI] [SubprocessWorker] got response: ok
  [ComfyUI] [comfy-env] Created 1 model patchers: ['DINOv3ViT_1']
  [ComfyUI] [comfy-env] Trellis2GetConditioning done (5.17s): result: NodeOutput
  [ComfyUI] [VRAM] After Trellis2GetConditioning: 916 / 24124 MB
  [ComfyUI] [VRAM] Loaded: SubprocessModel (0 MB)
  [ComfyUI] [comfy-env] Running Trellis2ImageToShape: seed: 42, ss_guidance_strength: 6.5, ss_guidance_rescale: 0.05, ss_sampling_steps: 12, shape_guidance_strength: 6.5, shape_guidance_rescale: 0.05, shape_sampling_steps: 12, max_tokens: 262144, model_config: dict, conditioning: dict
  [ComfyUI] [VRAM] Before Trellis2ImageToShape: 916 / 24124 MB
  [ComfyUI] [VRAM] Loaded: SubprocessModel (0 MB)
  [ComfyUI] [SubprocessWorker] call_method: nodes.nodes_inference.Trellis2ImageToShape.EXECUTE_NORMALIZED
  [ComfyUI] [SubprocessWorker] acquired lock, ensuring started...
  [ComfyUI] [ComfyUI-TRELLIS2] Health check: ping (timeout=5.0s)...
  [ComfyUI] [ComfyUI-TRELLIS2] Health check: ok
  [ComfyUI] [SubprocessWorker] worker started/confirmed
  [ComfyUI] [SubprocessWorker] serializing kwargs to shm...
  [ComfyUI] [SubprocessWorker] created 0 shm blocks
  [ComfyUI] [SubprocessWorker] sending request via socket...
  [ComfyUI] [SubprocessWorker] call_id=41 sending call_method
  [ComfyUI] [worker:ComfyUI-TRELLIS2] [comfy-env] _from_shm got dict with keys: ['__type__', 'strategy', 'parent_pid', 'fd', 'storage_size']
  [ComfyUI] [worker:ComfyUI-TRELLIS2] [comfy-env] DESERIALIZE TensorRef: tensor_size=[1, 1029, 1024]
  [ComfyUI] [worker:ComfyUI-TRELLIS2] [comfy-env] DESERIALIZED tensor shape: torch.Size([1, 1029, 1024])
  [ComfyUI] [worker:ComfyUI-TRELLIS2] [comfy-env] _from_shm got dict with keys: ['__type__', 'strategy', 'parent_pid', 'fd', 'storage_size']
  [ComfyUI] [worker:ComfyUI-TRELLIS2] [comfy-env] DESERIALIZE TensorRef: tensor_size=[1, 1029, 1024]
  [ComfyUI] [worker:ComfyUI-TRELLIS2] [comfy-env] DESERIALIZED tensor shape: torch.Size([1, 1029, 1024])
  [ComfyUI] [SubprocessWorker] callback 'report_progress' from call_id=41
  [ComfyUI] [SubprocessWorker] callback 'report_progress' from call_id=41
  [ComfyUI] [worker:ComfyUI-TRELLIS2] [TRELLIS2] Built SparseStructureFlowModel on CPU: dtype=torch.bfloat16, 0.1s
  [ComfyUI] [SubprocessWorker] callback 'request_vram_budget' from call_id=41
  [ComfyUI] [comfy-env] VRAM request: 2.59GB, free before eviction: 24.34GB
  [ComfyUI] [comfy-env] VRAM after eviction: 24.34GB
  [ComfyUI] [worker:ComfyUI-TRELLIS2] [VRAM] +347MB (now 356MB) reserved=364MB peak=1192MB
  [ComfyUI] [worker:ComfyUI-TRELLIS2] [VRAM] +1970MB (now 2326MB) reserved=2344MB peak=2326MB
  [ComfyUI] [worker:ComfyUI-TRELLIS2] [TRELLIS2] sparse_structure_flow_model -> GPU: 1.6s
  Frame 7 saved (frame_006.jpg, t=12.6s)
  [capture-periodic] freeze=4ms shot=244ms unfreeze=3ms saved=True
  [ComfyUI] [SubprocessWorker] callback 'report_progress' from call_id=41
  [capture-loop] iter=100 t=13.4s state={'complete': False, 'error': None, 'executedCount': 1, 'wsState': 1} eval_ms=7 ram=6.2/31.2GB (20%) swap=1.6/32.0GB (5%) cpu=6% browser_rss=0.69GB
  [ComfyUI] [worker:ComfyUI-TRELLIS2] [VRAM] +303MB (now 2630MB) reserved=2688MB peak=2630MB
  [ComfyUI] [SubprocessWorker] callback 'report_progress' from call_id=41
  [ComfyUI] [SubprocessWorker] callback 'report_progress' from call_id=41
  [ComfyUI] [SubprocessWorker] callback 'report_progress' from call_id=41
  Frame 8 saved (frame_007.jpg, t=14.9s)
  [capture-periodic] freeze=3ms shot=259ms unfreeze=12ms saved=True
  [ComfyUI] [SubprocessWorker] callback 'report_progress' from call_id=41
  [ComfyUI] [SubprocessWorker] callback 'report_progress' from call_id=41
  [ComfyUI] [SubprocessWorker] callback 'report_progress' from call_id=41
  [ComfyUI] [SubprocessWorker] callback 'report_progress' from call_id=41
  Frame 9 saved (frame_008.jpg, t=17.3s)
  [capture-periodic] freeze=3ms shot=243ms unfreeze=3ms saved=True
  [ComfyUI] [SubprocessWorker] callback 'report_progress' from call_id=41
  [ComfyUI] [SubprocessWorker] callback 'report_progress' from call_id=41
  [ComfyUI] [SubprocessWorker] callback 'report_progress' from call_id=41
  [ComfyUI] [SubprocessWorker] callback 'report_progress' from call_id=41
  [capture-loop] iter=150 t=19.5s state={'complete': False, 'error': None, 'executedCount': 1, 'wsState': 1} eval_ms=7 ram=6.3/31.2GB (20%) swap=1.6/32.0GB (5%) cpu=7% browser_rss=0.69GB
  [ComfyUI] [worker:ComfyUI-TRELLIS2] [VRAM] -274MB (now 2357MB) reserved=2688MB peak=2630MB
  Frame 10 saved (frame_009.jpg, t=19.7s)
  [capture-periodic] freeze=3ms shot=242ms unfreeze=3ms saved=True
  [ComfyUI] [worker:ComfyUI-TRELLIS2] [VRAM] -1627MB (now 730MB) reserved=2688MB peak=2630MB
  [ComfyUI] [SubprocessWorker] callback 'report_progress' from call_id=41
  [ComfyUI] [SubprocessWorker] callback 'report_progress' from call_id=41
  [ComfyUI] [SubprocessWorker] callback 'report_progress' from call_id=41
  [ComfyUI] [worker:ComfyUI-TRELLIS2] [TRELLIS2] Built SparseStructureDecoder on CPU: dtype=torch.bfloat16, 0.5s
  [ComfyUI] [SubprocessWorker] callback 'request_vram_budget' from call_id=41
  [ComfyUI] [comfy-env] VRAM request: 0.15GB, free before eviction: 24.33GB
  [ComfyUI] [comfy-env] VRAM after eviction: 24.33GB
  [ComfyUI] [worker:ComfyUI-TRELLIS2] [VRAM] -714MB (now 17MB) reserved=26MB peak=2630MB
  [ComfyUI] [worker:ComfyUI-TRELLIS2] [TRELLIS2] sparse_structure_decoder -> GPU: 0.1s
  [ComfyUI] [SubprocessWorker] callback 'report_progress' from call_id=41
  [ComfyUI] [SubprocessWorker] callback 'report_progress' from call_id=41
  [ComfyUI] [SubprocessWorker] callback 'report_progress' from call_id=41
  [ComfyUI] [worker:ComfyUI-TRELLIS2] [TRELLIS2] Built SLatFlowModel on CPU: dtype=torch.bfloat16, 0.1s
  [ComfyUI] [SubprocessWorker] callback 'request_vram_budget' from call_id=41
  [ComfyUI] [comfy-env] VRAM request: 2.58GB, free before eviction: 24.33GB
  [ComfyUI] [comfy-env] VRAM after eviction: 24.33GB
  Frame 11 saved (frame_010.jpg, t=22.1s)
  [capture-periodic] freeze=5ms shot=242ms unfreeze=4ms saved=True
  [ComfyUI] [worker:ComfyUI-TRELLIS2] [VRAM] +1059MB (now 1076MB) reserved=1084MB peak=2630MB
  [ComfyUI] [worker:ComfyUI-TRELLIS2] [TRELLIS2] shape_slat_flow_model_512 -> GPU: 1.3s
  [ComfyUI] [worker:ComfyUI-TRELLIS2] [33m[comfy-attn] Varlen attention: sage2[0m
  [ComfyUI] [worker:ComfyUI-TRELLIS2] [VRAM] +1568MB (now 2644MB) reserved=2748MB peak=2644MB
  [ComfyUI] [SubprocessWorker] callback 'report_progress' from call_id=41
  Frame 12 saved (frame_011.jpg, t=24.4s)
  [capture-periodic] freeze=8ms shot=220ms unfreeze=10ms saved=True
  [ComfyUI] [SubprocessWorker] callback 'report_progress' from call_id=41
  [ComfyUI] [SubprocessWorker] callback 'report_progress' from call_id=41
  [capture-loop] iter=200 t=25.8s state={'complete': False, 'error': None, 'executedCount': 1, 'wsState': 1} eval_ms=10 ram=9.0/31.2GB (29%) swap=1.6/32.0GB (5%) cpu=7% browser_rss=0.70GB
  [ComfyUI] [SubprocessWorker] callback 'report_progress' from call_id=41
  [ComfyUI] [SubprocessWorker] callback 'report_progress' from call_id=41
  Frame 13 saved (frame_012.jpg, t=26.8s)
  [capture-periodic] freeze=4ms shot=252ms unfreeze=10ms saved=True
  [ComfyUI] [SubprocessWorker] callback 'report_progress' from call_id=41
  [ComfyUI] [SubprocessWorker] callback 'report_progress' from call_id=41
  [ComfyUI] [SubprocessWorker] callback 'report_progress' from call_id=41
  Frame 14 saved (frame_013.jpg, t=29.2s)
  [capture-periodic] freeze=3ms shot=224ms unfreeze=10ms saved=True
  [ComfyUI] [SubprocessWorker] callback 'report_progress' from call_id=41
  [ComfyUI] [SubprocessWorker] callback 'report_progress' from call_id=41
  [ComfyUI] [SubprocessWorker] callback 'report_progress' from call_id=41
  [ComfyUI] [SubprocessWorker] callback 'report_progress' from call_id=41
  [ComfyUI] [worker:ComfyUI-TRELLIS2] [VRAM] -250MB (now 2395MB) reserved=2760MB peak=2656MB
  Frame 15 saved (frame_014.jpg, t=31.6s)
  [capture-periodic] freeze=3ms shot=250ms unfreeze=4ms saved=True
  [ComfyUI] [worker:ComfyUI-TRELLIS2] [VRAM] -1598MB (now 797MB) reserved=2760MB peak=2656MB
  [capture-loop] iter=250 t=32.2s state={'complete': False, 'error': None, 'executedCount': 1, 'wsState': 1} eval_ms=3 ram=11.2/31.2GB (36%) swap=1.6/32.0GB (5%) cpu=6% browser_rss=0.69GB
  [ComfyUI] [SubprocessWorker] callback 'report_progress' from call_id=41
  [ComfyUI] [worker:ComfyUI-TRELLIS2] [VRAM] -778MB (now 19MB) reserved=46MB peak=2656MB
  Frame 16 saved (frame_015.jpg, t=33.9s)
  [capture-periodic] freeze=3ms shot=251ms unfreeze=4ms saved=True
  Frame 17 saved (frame_016.jpg, t=36.3s)
  [capture-periodic] freeze=3ms shot=247ms unfreeze=3ms saved=True
  [ComfyUI] [SubprocessWorker] callback 'report_progress' from call_id=41
  [ComfyUI] [SubprocessWorker] callback 'report_progress' from call_id=41
  [ComfyUI] [worker:ComfyUI-TRELLIS2] [TRELLIS2] Built FlexiDualGridVaeDecoder on CPU: dtype=torch.bfloat16, 5.3s
  [ComfyUI] [SubprocessWorker] callback 'request_vram_budget' from call_id=41
  [ComfyUI] [comfy-env] VRAM request: 0.95GB, free before eviction: 24.31GB
  [ComfyUI] [comfy-env] VRAM after eviction: 24.31GB
  [ComfyUI] [worker:ComfyUI-TRELLIS2] [VRAM] +270MB (now 289MB) reserved=326MB peak=2656MB
  [ComfyUI] [worker:ComfyUI-TRELLIS2] [TRELLIS2] shape_slat_decoder -> GPU: 0.2s
  [ComfyUI] [worker:ComfyUI-TRELLIS2] [vae] set max_voxels_per_tile=1000000 on 40 SparseConv3d modules
  [ComfyUI] [worker:ComfyUI-TRELLIS2] [UNET] level=0 block=0 SparseConvNeXtBlock3d N=4,150 ch=1024 alloc=932MB
  [ComfyUI] [worker:ComfyUI-TRELLIS2] [sparse-conv] N=4,150 Ci=1024 Co=1024 feats=8MB cache=1MB (miss) w_dev=cuda:0 alloc=933MB
  [ComfyUI] [worker:ComfyUI-TRELLIS2] [sparse-conv] out=8MB alloc=941MB
  [ComfyUI] [SubprocessWorker] callback 'report_progress' from call_id=41
  [ComfyUI] [worker:ComfyUI-TRELLIS2] [UNET] level=0 block=1 SparseConvNeXtBlock3d N=4,150 ch=1024 alloc=933MB
  [ComfyUI] [worker:ComfyUI-TRELLIS2] [sparse-conv] N=4,150 Ci=1024 Co=1024 feats=8MB cache=1MB (miss) w_dev=cuda:0 alloc=934MB
  [ComfyUI] [worker:ComfyUI-TRELLIS2] [sparse-conv] out=8MB alloc=942MB
  [ComfyUI] [worker:ComfyUI-TRELLIS2] [UNET] level=0 block=2 SparseConvNeXtBlock3d N=4,150 ch=1024 alloc=933MB
  [ComfyUI] [worker:ComfyUI-TRELLIS2] [sparse-conv] N=4,150 Ci=1024 Co=1024 feats=8MB cache=1MB (miss) w_dev=cuda:0 alloc=934MB
  [ComfyUI] [worker:ComfyUI-TRELLIS2] [sparse-conv] out=8MB alloc=942MB
  [ComfyUI] [worker:ComfyUI-TRELLIS2] [UNET] level=0 block=3 SparseConvNeXtBlock3d N=4,150 ch=1024 alloc=933MB
  [ComfyUI] [worker:ComfyUI-TRELLIS2] [sparse-conv] N=4,150 Ci=1024 Co=1024 feats=8MB cache=1MB (miss) w_dev=cuda:0 alloc=934MB
  [ComfyUI] [worker:ComfyUI-TRELLIS2] [sparse-conv] out=8MB alloc=942MB
  [capture-loop] iter=300 t=38.2s state={'complete': False, 'error': None, 'executedCount': 1, 'wsState': 1} eval_ms=3 ram=12.5/31.2GB (40%) swap=1.6/32.0GB (5%) cpu=6% browser_rss=0.68GB
  [ComfyUI] [worker:ComfyUI-TRELLIS2] [UNET] level=0 block=4 SparseResBlockC2S3d N=4,150 ch=1024 alloc=933MB
  [ComfyUI] [worker:ComfyUI-TRELLIS2] [C2S3d] after subdiv: alloc=933MB
  [ComfyUI] [worker:ComfyUI-TRELLIS2] [C2S3d] after norm1: alloc=941MB
  [ComfyUI] [worker:ComfyUI-TRELLIS2] [C2S3d] pre-conv1: N=4,150 Ci=1024 Co=4096 alloc=941MB
  [ComfyUI] [worker:ComfyUI-TRELLIS2] [C2S3d] x.feats offloaded before conv1: alloc=941MB
  [ComfyUI] [worker:ComfyUI-TRELLIS2] [sparse-conv] N=4,150 Ci=1024 Co=4096 feats=8MB cache=1MB (miss) w_dev=cuda:0 alloc=942MB
  [ComfyUI] [worker:ComfyUI-TRELLIS2] [sparse-conv] out=32MB alloc=975MB
  [ComfyUI] [worker:ComfyUI-TRELLIS2] [C2S3d] post-conv1: h=torch.Size([4150, 4096]) alloc=967MB
  [ComfyUI] [worker:ComfyUI-TRELLIS2] [C2S3d] x.feats restored from CPU: alloc=975MB
  [ComfyUI] [worker:ComfyUI-TRELLIS2] [C2S3d] pre-C2S(h): alloc=975MB
  [ComfyUI] [worker:ComfyUI-TRELLIS2] [C2S] scatter: 4,150×4096 -> 18,993×512 in=32MB out=18MB alloc=976MB
  [ComfyUI] [worker:ComfyUI-TRELLIS2] [C2S] scatter done: alloc=994MB
  [ComfyUI] [worker:ComfyUI-TRELLIS2] [C2S3d] post-C2S(h): h=torch.Size([18993, 512]) alloc=961MB
  [ComfyUI] [worker:ComfyUI-TRELLIS2] [C2S] scatter: 4,150×1024 -> 18,993×128 in=8MB out=4MB alloc=962MB
  [ComfyUI] [worker:ComfyUI-TRELLIS2] [C2S] scatter done: alloc=967MB
  [ComfyUI] [worker:ComfyUI-TRELLIS2] [C2S3d] post-C2S(x): x=torch.Size([18993, 128]) alloc=958MB
  [ComfyUI] [worker:ComfyUI-TRELLIS2] [C2S3d] post-C2S: N=18,993 h=512ch x=128ch alloc=958MB
  [ComfyUI] [worker:ComfyUI-TRELLIS2] [C2S3d] x offloaded to CPU, pre-conv2: alloc=953MB
  [ComfyUI] [worker:ComfyUI-TRELLIS2] [C2S3d] after norm2: alloc=953MB
  [ComfyUI] [worker:ComfyUI-TRELLIS2] [C2S3d] after silu: alloc=953MB
  [ComfyUI] [worker:ComfyUI-TRELLIS2] [sparse-conv] N=18,993 Ci=512 Co=512 feats=18MB cache=4MB (miss) w_dev=cuda:0 alloc=958MB
  [ComfyUI] [worker:ComfyUI-TRELLIS2] [sparse-conv] out=18MB alloc=976MB
  [ComfyUI] [worker:ComfyUI-TRELLIS2] [C2S3d] post-conv2: alloc=958MB
  [ComfyUI] [worker:ComfyUI-TRELLIS2] [C2S3d] post-conv2 (cache cleared): alloc=953MB
  [ComfyUI] [worker:ComfyUI-TRELLIS2] [C2S3d] after skip expand: alloc=972MB
  [ComfyUI] [worker:ComfyUI-TRELLIS2] [C2S3d] post-skip: alloc=953MB
  [ComfyUI] [SubprocessWorker] callback 'report_progress' from call_id=41
  [ComfyUI] [worker:ComfyUI-TRELLIS2] [UNET] level=1 block=0 SparseConvNeXtBlock3d N=18,993 ch=512 alloc=945MB
  [ComfyUI] [worker:ComfyUI-TRELLIS2] [sparse-conv] N=18,993 Ci=512 Co=512 feats=18MB cache=4MB (miss) w_dev=cuda:0 alloc=949MB
  [ComfyUI] [worker:ComfyUI-TRELLIS2] [sparse-conv] out=18MB alloc=968MB
  [ComfyUI] [worker:ComfyUI-TRELLIS2] [UNET] level=1 block=1 SparseConvNeXtBlock3d N=18,993 ch=512 alloc=945MB
  [ComfyUI] [worker:ComfyUI-TRELLIS2] [sparse-conv] N=18,993 Ci=512 Co=512 feats=18MB cache=4MB (miss) w_dev=cuda:0 alloc=949MB
  [ComfyUI] [worker:ComfyUI-TRELLIS2] [sparse-conv] out=18MB alloc=968MB
  [ComfyUI] [worker:ComfyUI-TRELLIS2] [UNET] level=1 block=2 SparseConvNeXtBlock3d N=18,993 ch=512 alloc=945MB
  [ComfyUI] [worker:ComfyUI-TRELLIS2] [sparse-conv] N=18,993 Ci=512 Co=512 feats=18MB cache=4MB (miss) w_dev=cuda:0 alloc=949MB
  [ComfyUI] [worker:ComfyUI-TRELLIS2] [sparse-conv] out=18MB alloc=968MB
  [ComfyUI] [worker:ComfyUI-TRELLIS2] [UNET] level=1 block=3 SparseConvNeXtBlock3d N=18,993 ch=512 alloc=945MB
  [ComfyUI] [worker:ComfyUI-TRELLIS2] [sparse-conv] N=18,993 Ci=512 Co=512 feats=18MB cache=4MB (miss) w_dev=cuda:0 alloc=949MB
  [ComfyUI] [worker:ComfyUI-TRELLIS2] [sparse-conv] out=18MB alloc=968MB
  [ComfyUI] [worker:ComfyUI-TRELLIS2] [UNET] level=1 block=4 SparseConvNeXtBlock3d N=18,993 ch=512 alloc=945MB
  [ComfyUI] [worker:ComfyUI-TRELLIS2] [sparse-conv] N=18,993 Ci=512 Co=512 feats=18MB cache=4MB (miss) w_dev=cuda:0 alloc=949MB
  [ComfyUI] [worker:ComfyUI-TRELLIS2] [sparse-conv] out=18MB alloc=968MB
  [ComfyUI] [worker:ComfyUI-TRELLIS2] [UNET] level=1 block=5 SparseConvNeXtBlock3d N=18,993 ch=512 alloc=945MB
  [ComfyUI] [worker:ComfyUI-TRELLIS2] [sparse-conv] N=18,993 Ci=512 Co=512 feats=18MB cache=4MB (miss) w_dev=cuda:0 alloc=949MB
  [ComfyUI] [worker:ComfyUI-TRELLIS2] [sparse-conv] out=18MB alloc=968MB
  [ComfyUI] [worker:ComfyUI-TRELLIS2] [UNET] level=1 block=6 SparseConvNeXtBlock3d N=18,993 ch=512 alloc=945MB
  [ComfyUI] [worker:ComfyUI-TRELLIS2] [sparse-conv] N=18,993 Ci=512 Co=512 feats=18MB cache=4MB (miss) w_dev=cuda:0 alloc=949MB
  [ComfyUI] [worker:ComfyUI-TRELLIS2] [sparse-conv] out=18MB alloc=968MB
  [ComfyUI] [SubprocessWorker] callback 'report_progress' from call_id=41
  [ComfyUI] [worker:ComfyUI-TRELLIS2] [UNET] level=1 block=7 SparseConvNeXtBlock3d N=18,993 ch=512 alloc=945MB
  [ComfyUI] [worker:ComfyUI-TRELLIS2] [sparse-conv] N=18,993 Ci=512 Co=512 feats=18MB cache=4MB (miss) w_dev=cuda:0 alloc=949MB
  [ComfyUI] [worker:ComfyUI-TRELLIS2] [sparse-conv] out=18MB alloc=968MB
  [ComfyUI] [worker:ComfyUI-TRELLIS2] [UNET] level=1 block=8 SparseConvNeXtBlock3d N=18,993 ch=512 alloc=945MB
  [ComfyUI] [worker:ComfyUI-TRELLIS2] [sparse-conv] N=18,993 Ci=512 Co=512 feats=18MB cache=4MB (miss) w_dev=cuda:0 alloc=949MB
  [ComfyUI] [worker:ComfyUI-TRELLIS2] [sparse-conv] out=18MB alloc=968MB
  [ComfyUI] [worker:ComfyUI-TRELLIS2] [UNET] level=1 block=9 SparseConvNeXtBlock3d N=18,993 ch=512 alloc=945MB
  [ComfyUI] [worker:ComfyUI-TRELLIS2] [sparse-conv] N=18,993 Ci=512 Co=512 feats=18MB cache=4MB (miss) w_dev=cuda:0 alloc=949MB
  [ComfyUI] [worker:ComfyUI-TRELLIS2] [sparse-conv] out=18MB alloc=968MB
  [ComfyUI] [worker:ComfyUI-TRELLIS2] [UNET] level=1 block=10 SparseConvNeXtBlock3d N=18,993 ch=512 alloc=945MB
  [ComfyUI] [worker:ComfyUI-TRELLIS2] [sparse-conv] N=18,993 Ci=512 Co=512 feats=18MB cache=4MB (miss) w_dev=cuda:0 alloc=949MB
  [ComfyUI] [worker:ComfyUI-TRELLIS2] [sparse-conv] out=18MB alloc=968MB
  [ComfyUI] [worker:ComfyUI-TRELLIS2] [UNET] level=1 block=11 SparseConvNeXtBlock3d N=18,993 ch=512 alloc=945MB
  [ComfyUI] [worker:ComfyUI-TRELLIS2] [sparse-conv] N=18,993 Ci=512 Co=512 feats=18MB cache=4MB (miss) w_dev=cuda:0 alloc=949MB
  [ComfyUI] [worker:ComfyUI-TRELLIS2] [sparse-conv] out=18MB alloc=968MB
  [ComfyUI] [worker:ComfyUI-TRELLIS2] [UNET] level=1 block=12 SparseConvNeXtBlock3d N=18,993 ch=512 alloc=945MB
  [ComfyUI] [worker:ComfyUI-TRELLIS2] [sparse-conv] N=18,993 Ci=512 Co=512 feats=18MB cache=4MB (miss) w_dev=cuda:0 alloc=949MB
  [ComfyUI] [worker:ComfyUI-TRELLIS2] [sparse-conv] out=18MB alloc=968MB
  [ComfyUI] [worker:ComfyUI-TRELLIS2] [UNET] level=1 block=13 SparseConvNeXtBlock3d N=18,993 ch=512 alloc=945MB
  [ComfyUI] [worker:ComfyUI-TRELLIS2] [sparse-conv] N=18,993 Ci=512 Co=512 feats=18MB cache=4MB (miss) w_dev=cuda:0 alloc=949MB
  [ComfyUI] [worker:ComfyUI-TRELLIS2] [sparse-conv] out=18MB alloc=968MB
  [ComfyUI] [SubprocessWorker] callback 'report_progress' from call_id=41
  [ComfyUI] [worker:ComfyUI-TRELLIS2] [UNET] level=1 block=14 SparseConvNeXtBlock3d N=18,993 ch=512 alloc=945MB
  [ComfyUI] [worker:ComfyUI-TRELLIS2] [sparse-conv] N=18,993 Ci=512 Co=512 feats=18MB cache=4MB (miss) w_dev=cuda:0 alloc=949MB
  [ComfyUI] [worker:ComfyUI-TRELLIS2] [sparse-conv] out=18MB alloc=968MB
  [ComfyUI] [worker:ComfyUI-TRELLIS2] [UNET] level=1 block=15 SparseConvNeXtBlock3d N=18,993 ch=512 alloc=945MB
  [ComfyUI] [worker:ComfyUI-TRELLIS2] [sparse-conv] N=18,993 Ci=512 Co=512 feats=18MB cache=4MB (miss) w_dev=cuda:0 alloc=949MB
  [ComfyUI] [worker:ComfyUI-TRELLIS2] [sparse-conv] out=18MB alloc=968MB
  [ComfyUI] [worker:ComfyUI-TRELLIS2] [UNET] level=1 block=16 SparseResBlockC2S3d N=18,993 ch=512 alloc=945MB
  [ComfyUI] [worker:ComfyUI-TRELLIS2] [C2S3d] after subdiv: alloc=945MB
  [ComfyUI] [worker:ComfyUI-TRELLIS2] [C2S3d] after norm1: alloc=964MB
  [ComfyUI] [worker:ComfyUI-TRELLIS2] [C2S3d] pre-conv1: N=18,993 Ci=512 Co=2048 alloc=964MB
  [ComfyUI] [worker:ComfyUI-TRELLIS2] [C2S3d] x.feats offloaded before conv1: alloc=964MB
  [ComfyUI] [worker:ComfyUI-TRELLIS2] [sparse-conv] N=18,993 Ci=512 Co=2048 feats=18MB cache=4MB (miss) w_dev=cuda:0 alloc=968MB
  [ComfyUI] [worker:ComfyUI-TRELLIS2] [sparse-conv] out=74MB alloc=1043MB
  [ComfyUI] [worker:ComfyUI-TRELLIS2] [C2S3d] post-conv1: h=torch.Size([18993, 2048]) alloc=1024MB
  [ComfyUI] [worker:ComfyUI-TRELLIS2] [C2S3d] x.feats restored from CPU: alloc=1043MB
  [ComfyUI] [worker:ComfyUI-TRELLIS2] [C2S3d] pre-C2S(h): alloc=1043MB
  [ComfyUI] [worker:ComfyUI-TRELLIS2] [C2S] scatter: 18,993×2048 -> 90,910×256 in=74MB out=44MB alloc=1046MB
  [ComfyUI] [worker:ComfyUI-TRELLIS2] [C2S] scatter done: alloc=1091MB
  [ComfyUI] [worker:ComfyUI-TRELLIS2] [C2S3d] post-C2S(h): h=torch.Size([90910, 256]) alloc=1014MB
  [ComfyUI] [worker:ComfyUI-TRELLIS2] [C2S] scatter: 18,993×512 -> 90,910×64 in=18MB out=11MB alloc=1018MB
  [ComfyUI] [worker:ComfyUI-TRELLIS2] [C2S] scatter done: alloc=1029MB
  [ComfyUI] [worker:ComfyUI-TRELLIS2] [C2S3d] post-C2S(x): x=torch.Size([90910, 64]) alloc=1008MB
  [ComfyUI] [worker:ComfyUI-TRELLIS2] [C2S3d] post-C2S: N=90,910 h=256ch x=64ch alloc=1008MB
  [ComfyUI] [worker:ComfyUI-TRELLIS2] [C2S3d] x offloaded to CPU, pre-conv2: alloc=996MB
  [ComfyUI] [worker:ComfyUI-TRELLIS2] [C2S3d] after norm2: alloc=996MB
  [ComfyUI] [worker:ComfyUI-TRELLIS2] [C2S3d] after silu: alloc=996MB
  [ComfyUI] [worker:ComfyUI-TRELLIS2] [sparse-conv] N=90,910 Ci=256 Co=256 feats=44MB cache=21MB (miss) w_dev=cuda:0 alloc=1017MB
  [ComfyUI] [worker:ComfyUI-TRELLIS2] [sparse-conv] out=44MB alloc=1061MB
  [ComfyUI] [worker:ComfyUI-TRELLIS2] [C2S3d] post-conv2: alloc=1017MB
  [ComfyUI] [worker:ComfyUI-TRELLIS2] [C2S3d] post-conv2 (cache cleared): alloc=996MB
  [ComfyUI] [worker:ComfyUI-TRELLIS2] [C2S3d] after skip expand: alloc=1040MB
  [ComfyUI] [worker:ComfyUI-TRELLIS2] [C2S3d] post-skip: alloc=996MB
  [ComfyUI] [SubprocessWorker] callback 'report_progress' from call_id=41
  [ComfyUI] [worker:ComfyUI-TRELLIS2] [UNET] level=2 block=0 SparseConvNeXtBlock3d N=90,910 ch=256 alloc=977MB
  [ComfyUI] [worker:ComfyUI-TRELLIS2] [sparse-conv] N=90,910 Ci=256 Co=256 feats=44MB cache=21MB (miss) w_dev=cuda:0 alloc=998MB
  [ComfyUI] [worker:ComfyUI-TRELLIS2] [sparse-conv] out=44MB alloc=1043MB
  [ComfyUI] [worker:ComfyUI-TRELLIS2] [UNET] level=2 block=1 SparseConvNeXtBlock3d N=90,910 ch=256 alloc=977MB
  [ComfyUI] [worker:ComfyUI-TRELLIS2] [sparse-conv] N=90,910 Ci=256 Co=256 feats=44MB cache=21MB (miss) w_dev=cuda:0 alloc=998MB
  [ComfyUI] [worker:ComfyUI-TRELLIS2] [sparse-conv] out=44MB alloc=1043MB
  [ComfyUI] [worker:ComfyUI-TRELLIS2] [UNET] level=2 block=2 SparseConvNeXtBlock3d N=90,910 ch=256 alloc=977MB
  [ComfyUI] [worker:ComfyUI-TRELLIS2] [sparse-conv] N=90,910 Ci=256 Co=256 feats=44MB cache=21MB (miss) w_dev=cuda:0 alloc=998MB
  [ComfyUI] [worker:ComfyUI-TRELLIS2] [sparse-conv] out=44MB alloc=1043MB
  [ComfyUI] [worker:ComfyUI-TRELLIS2] [UNET] level=2 block=3 SparseConvNeXtBlock3d N=90,910 ch=256 alloc=977MB
  [ComfyUI] [worker:ComfyUI-TRELLIS2] [sparse-conv] N=90,910 Ci=256 Co=256 feats=44MB cache=21MB (miss) w_dev=cuda:0 alloc=998MB
  [ComfyUI] [worker:ComfyUI-TRELLIS2] [sparse-conv] out=44MB alloc=1043MB
  [ComfyUI] [worker:ComfyUI-TRELLIS2] [UNET] level=2 block=4 SparseConvNeXtBlock3d N=90,910 ch=256 alloc=977MB
  [ComfyUI] [worker:ComfyUI-TRELLIS2] [sparse-conv] N=90,910 Ci=256 Co=256 feats=44MB cache=21MB (miss) w_dev=cuda:0 alloc=998MB
  [ComfyUI] [worker:ComfyUI-TRELLIS2] [sparse-conv] out=44MB alloc=1043MB
  [ComfyUI] [worker:ComfyUI-TRELLIS2] [UNET] level=2 block=5 SparseConvNeXtBlock3d N=90,910 ch=256 alloc=977MB
  [ComfyUI] [worker:ComfyUI-TRELLIS2] [sparse-conv] N=90,910 Ci=256 Co=256 feats=44MB cache=21MB (miss) w_dev=cuda:0 alloc=998MB
  [ComfyUI] [worker:ComfyUI-TRELLIS2] [sparse-conv] out=44MB alloc=1043MB
  [ComfyUI] [worker:ComfyUI-TRELLIS2] [VRAM] +761MB (now 1051MB) reserved=1184MB peak=2656MB
  Frame 18 saved (frame_017.jpg, t=38.7s)
  [ComfyUI] [SubprocessWorker] callback 'report_progress' from call_id=41
  [capture-periodic] freeze=10ms shot=247ms unfreeze=10ms saved=True
  [ComfyUI] [worker:ComfyUI-TRELLIS2] [UNET] level=2 block=6 SparseConvNeXtBlock3d N=90,910 ch=256 alloc=977MB
  [ComfyUI] [worker:ComfyUI-TRELLIS2] [sparse-conv] N=90,910 Ci=256 Co=256 feats=44MB cache=21MB (miss) w_dev=cuda:0 alloc=998MB
  [ComfyUI] [worker:ComfyUI-TRELLIS2] [sparse-conv] out=44MB alloc=1043MB
  [ComfyUI] [worker:ComfyUI-TRELLIS2] [UNET] level=2 block=7 SparseConvNeXtBlock3d N=90,910 ch=256 alloc=977MB
  [ComfyUI] [worker:ComfyUI-TRELLIS2] [sparse-conv] N=90,910 Ci=256 Co=256 feats=44MB cache=21MB (miss) w_dev=cuda:0 alloc=998MB
  [ComfyUI] [worker:ComfyUI-TRELLIS2] [sparse-conv] out=44MB alloc=1043MB
  [ComfyUI] [worker:ComfyUI-TRELLIS2] [UNET] level=2 block=8 SparseResBlockC2S3d N=90,910 ch=256 alloc=977MB
  [ComfyUI] [worker:ComfyUI-TRELLIS2] [C2S3d] after subdiv: alloc=978MB
  [ComfyUI] [worker:ComfyUI-TRELLIS2] [C2S3d] after norm1: alloc=1023MB
  [ComfyUI] [worker:ComfyUI-TRELLIS2] [C2S3d] pre-conv1: N=90,910 Ci=256 Co=1024 alloc=1023MB
  [ComfyUI] [worker:ComfyUI-TRELLIS2] [C2S3d] x.feats offloaded before conv1: alloc=1023MB
  [ComfyUI] [worker:ComfyUI-TRELLIS2] [sparse-conv] N=90,910 Ci=256 Co=1024 feats=44MB cache=21MB (miss) w_dev=cuda:0 alloc=1045MB
  [ComfyUI] [worker:ComfyUI-TRELLIS2] [sparse-conv] out=177MB alloc=1222MB
  [ComfyUI] [worker:ComfyUI-TRELLIS2] [C2S3d] post-conv1: h=torch.Size([90910, 1024]) alloc=1178MB
  [ComfyUI] [worker:ComfyUI-TRELLIS2] [C2S3d] x.feats restored from CPU: alloc=1222MB
  [ComfyUI] [worker:ComfyUI-TRELLIS2] [C2S3d] pre-C2S(h): alloc=1222MB
  [ComfyUI] [worker:ComfyUI-TRELLIS2] [C2S] scatter: 90,910×1024 -> 445,212×128 in=177MB out=108MB alloc=1240MB
  [ComfyUI] [worker:ComfyUI-TRELLIS2] [C2S] scatter done: alloc=1349MB
  [ComfyUI] [worker:ComfyUI-TRELLIS2] [C2S3d] post-C2S(h): h=torch.Size([445212, 128]) alloc=1160MB
  [ComfyUI] [worker:ComfyUI-TRELLIS2] [C2S] scatter: 90,910×256 -> 445,212×32 in=44MB out=27MB alloc=1178MB
  [ComfyUI] [worker:ComfyUI-TRELLIS2] [C2S] scatter done: alloc=1205MB
  [ComfyUI] [worker:ComfyUI-TRELLIS2] [C2S3d] post-C2S(x): x=torch.Size([445212, 32]) alloc=1150MB
  [ComfyUI] [worker:ComfyUI-TRELLIS2] [C2S3d] post-C2S: N=445,212 h=128ch x=32ch alloc=1149MB
  [ComfyUI] [worker:ComfyUI-TRELLIS2] [C2S3d] x offloaded to CPU, pre-conv2: alloc=1115MB
  [ComfyUI] [worker:ComfyUI-TRELLIS2] [C2S3d] after norm2: alloc=1115MB
  [ComfyUI] [worker:ComfyUI-TRELLIS2] [C2S3d] after silu: alloc=1115MB
  [ComfyUI] [worker:ComfyUI-TRELLIS2] [sparse-conv] N=445,212 Ci=128 Co=128 feats=108MB cache=107MB (miss) w_dev=cuda:0 alloc=1223MB
  [ComfyUI] [worker:ComfyUI-TRELLIS2] [sparse-conv] out=108MB alloc=1331MB
  [ComfyUI] [worker:ComfyUI-TRELLIS2] [C2S3d] post-conv2: alloc=1223MB
  [ComfyUI] [worker:ComfyUI-TRELLIS2] [C2S3d] post-conv2 (cache cleared): alloc=1115MB
  [ComfyUI] [worker:ComfyUI-TRELLIS2] [C2S3d] after skip expand: alloc=1224MB
  [ComfyUI] [worker:ComfyUI-TRELLIS2] [C2S3d] post-skip: alloc=1115MB
  [ComfyUI] [SubprocessWorker] callback 'report_progress' from call_id=41
  [ComfyUI] [worker:ComfyUI-TRELLIS2] [UNET] level=3 block=0 SparseConvNeXtBlock3d N=445,212 ch=128 alloc=1071MB
  [ComfyUI] [worker:ComfyUI-TRELLIS2] [sparse-conv] N=445,212 Ci=128 Co=128 feats=108MB cache=107MB (miss) w_dev=cuda:0 alloc=1178MB
  [ComfyUI] [worker:ComfyUI-TRELLIS2] [sparse-conv] out=108MB alloc=1287MB
  [ComfyUI] [worker:ComfyUI-TRELLIS2] [UNET] level=3 block=1 SparseConvNeXtBlock3d N=445,212 ch=128 alloc=1071MB
  [ComfyUI] [worker:ComfyUI-TRELLIS2] [sparse-conv] N=445,212 Ci=128 Co=128 feats=108MB cache=107MB (miss) w_dev=cuda:0 alloc=1178MB
  [ComfyUI] [worker:ComfyUI-TRELLIS2] [sparse-conv] out=108MB alloc=1287MB
  [ComfyUI] [worker:ComfyUI-TRELLIS2] [UNET] level=3 block=2 SparseConvNeXtBlock3d N=445,212 ch=128 alloc=1071MB
  [ComfyUI] [worker:ComfyUI-TRELLIS2] [sparse-conv] N=445,212 Ci=128 Co=128 feats=108MB cache=107MB (miss) w_dev=cuda:0 alloc=1178MB
  [ComfyUI] [worker:ComfyUI-TRELLIS2] [sparse-conv] out=108MB alloc=1287MB
  [ComfyUI] [worker:ComfyUI-TRELLIS2] [UNET] level=3 block=3 SparseConvNeXtBlock3d N=445,212 ch=128 alloc=1071MB
  [ComfyUI] [worker:ComfyUI-TRELLIS2] [sparse-conv] N=445,212 Ci=128 Co=128 feats=108MB cache=107MB (miss) w_dev=cuda:0 alloc=1178MB
  [ComfyUI] [worker:ComfyUI-TRELLIS2] [sparse-conv] out=108MB alloc=1287MB
  [ComfyUI] [SubprocessWorker] callback 'report_progress' from call_id=41
  [ComfyUI] [worker:ComfyUI-TRELLIS2] [UNET] level=3 block=4 SparseResBlockC2S3d N=445,212 ch=128 alloc=1071MB
  [ComfyUI] [worker:ComfyUI-TRELLIS2] [C2S3d] after subdiv: alloc=1078MB
  [ComfyUI] [worker:ComfyUI-TRELLIS2] [C2S3d] after norm1: alloc=1186MB
  [ComfyUI] [worker:ComfyUI-TRELLIS2] [C2S3d] pre-conv1: N=445,212 Ci=128 Co=512 alloc=1186MB
  [ComfyUI] [worker:ComfyUI-TRELLIS2] [C2S3d] x.feats offloaded before conv1: alloc=1190MB
  [ComfyUI] [worker:ComfyUI-TRELLIS2] [sparse-conv] N=445,212 Ci=128 Co=512 feats=108MB cache=107MB (miss) w_dev=cuda:0 alloc=1297MB
  [ComfyUI] [worker:ComfyUI-TRELLIS2] [sparse-conv] out=434MB alloc=1732MB
  [ComfyUI] [worker:ComfyUI-TRELLIS2] [C2S3d] post-conv1: h=torch.Size([445212, 512]) alloc=1624MB
  [ComfyUI] [worker:ComfyUI-TRELLIS2] [C2S3d] x.feats restored from CPU: alloc=1732MB
  [ComfyUI] [worker:ComfyUI-TRELLIS2] [C2S3d] pre-C2S(h): alloc=1732MB
  [ComfyUI] [worker:ComfyUI-TRELLIS2] [C2S] scatter: 445,212×512 -> 2,166,409×64 in=434MB out=264MB alloc=1818MB
  [ComfyUI] [worker:ComfyUI-TRELLIS2] [C2S] offloaded 434MB to CPU, alloc=1384MB
  [ComfyUI] [worker:ComfyUI-TRELLIS2] [C2S] scatter done: alloc=1648MB
  [ComfyUI] [worker:ComfyUI-TRELLIS2] [C2S3d] post-C2S(h): h=torch.Size([2166409, 64]) alloc=1595MB
  [ComfyUI] [worker:ComfyUI-TRELLIS2] [C2S] scatter: 445,212×128 -> 2,166,409×16 in=108MB out=66MB alloc=1681MB
  [ComfyUI] [worker:ComfyUI-TRELLIS2] [C2S] scatter done: alloc=1747MB
  [ComfyUI] [worker:ComfyUI-TRELLIS2] [C2S3d] post-C2S(x): x=torch.Size([2166409, 16]) alloc=1586MB
  [ComfyUI] [worker:ComfyUI-TRELLIS2] [C2S3d] post-C2S: N=2,166,409 h=64ch x=16ch alloc=1582MB
  [ComfyUI] [worker:ComfyUI-TRELLIS2] [VRAM] +534MB (now 1586MB) reserved=1844MB peak=2656MB
  [ComfyUI] [worker:ComfyUI-TRELLIS2] [C2S3d] x offloaded to CPU, pre-conv2: alloc=1483MB
  [ComfyUI] [worker:ComfyUI-TRELLIS2] [C2S3d] h.feats offloaded for chunked norm2+silu: alloc=1218MB
  [ComfyUI] [worker:ComfyUI-TRELLIS2] [C2S3d] after chunked norm2+silu: alloc=1483MB
  [ComfyUI] [worker:ComfyUI-TRELLIS2] [sparse-conv] TILED: N=2,166,409 max_tile=1,000,000 feats=264MB alloc=1483MB
  [ComfyUI] [worker:ComfyUI-TRELLIS2] [sparse-conv] TILED feats offloaded to CPU, alloc=1218MB
  [ComfyUI] [worker:ComfyUI-TRELLIS2] [tiled_conv] N=2,166,409 Ci=64 Co=64 K=(3, 3, 3) feats=264MB out=264MB feats_dev=cpu alloc=1218MB
  [ComfyUI] [worker:ComfyUI-TRELLIS2] [tiled_conv] 3 tiles, VRAM baseline=1218MB
  [ComfyUI] 
  [ComfyUI] Tiled Conv3d:   0%|          | 0/3 [00:00<?]
  [ComfyUI] Tiled Conv3d:   0%|          | 0/3 [00:00<?]
  [ComfyUI] Tiled Conv3d:  33%|███▎      | 1/3 [00:00<00:00]
  [ComfyUI] Tiled Conv3d:  33%|███▎      | 1/3 [00:00<00:00]
  [ComfyUI] Tiled Conv3d:  67%|██████▋   | 2/3 [00:00<00:00]
  [ComfyUI] Tiled Conv3d:  67%|██████▋   | 2/3 [00:00<00:00]
  [ComfyUI] Tiled Conv3d: 100%|██████████| 3/3 [00:00<00:00]
  [ComfyUI] Tiled Conv3d: 100%|██████████| 3/3 [00:00<00:00]
  [ComfyUI] [worker:ComfyUI-TRELLIS2] [tiled_conv] done: 2166409/2166409 voxels, tile_peak=1632MB, final=1483MB
  [ComfyUI] [worker:ComfyUI-TRELLIS2] [sparse-conv] TILED done: out=264MB alloc=1483MB
  [ComfyUI] [worker:ComfyUI-TRELLIS2] [C2S3d] post-conv2: alloc=1483MB
  [ComfyUI] [worker:ComfyUI-TRELLIS2] [C2S3d] post-conv2 (cache cleared): alloc=1483MB
  [ComfyUI] [worker:ComfyUI-TRELLIS2] [C2S3d] after chunked skip: alloc=1483MB
  [ComfyUI] [SubprocessWorker] callback 'report_progress' from call_id=41
  [ComfyUI] [worker:ComfyUI-TRELLIS2] [VRAM] -354MB (now 1232MB) reserved=1444MB peak=2656MB
  Frame 19 saved (frame_018.jpg, t=41.0s)
  [capture-periodic] freeze=3ms shot=237ms unfreeze=3ms saved=True
  [ComfyUI] [SubprocessWorker] callback 'report_progress' from call_id=41
  [ComfyUI] [worker:ComfyUI-TRELLIS2] [FlexiDecoder] pre-cleanup: alloc=1027MB
  [ComfyUI] [worker:ComfyUI-TRELLIS2] [FlexiDecoder] model to CPU: alloc=122MB
  [ComfyUI] [worker:ComfyUI-TRELLIS2] [FlexiDecoder] extra[0][0] feats=torch.Size([4150, 8]) on cuda:0, 0MB
  [ComfyUI] [worker:ComfyUI-TRELLIS2] [FlexiDecoder] extra[0][1] feats=torch.Size([18993, 8]) on cuda:0, 0MB
  [ComfyUI] [worker:ComfyUI-TRELLIS2] [FlexiDecoder] extra[0][2] feats=torch.Size([90910, 8]) on cuda:0, 1MB
  [ComfyUI] [worker:ComfyUI-TRELLIS2] [FlexiDecoder] extra[0][3] feats=torch.Size([445212, 8]) on cuda:0, 6MB
  [ComfyUI] [worker:ComfyUI-TRELLIS2] [FlexiDecoder] subs to CPU: alloc=121MB
  [ComfyUI] [worker:ComfyUI-TRELLIS2] [FlexiDecoder] coords: torch.Size([2166409, 3]) cuda:0 24MB
  [ComfyUI] [worker:ComfyUI-TRELLIS2] [FlexiDecoder] vertices.feats: torch.Size([2166409, 3]) cuda:0 12MB
  [ComfyUI] [worker:ComfyUI-TRELLIS2] [FlexiDecoder] intersected.feats: torch.Size([2166409, 3]) cuda:0 6MB
  [ComfyUI] [worker:ComfyUI-TRELLIS2] [FlexiDecoder] quad_lerp.feats: torch.Size([2166409, 1]) cuda:0 4MB
  [ComfyUI] [worker:ComfyUI-TRELLIS2] [FlexiDecoder] post-cleanup: alloc=121MB, starting mesh extraction
  [ComfyUI] 
  [ComfyUI] Fast Tiled Decoding:   0%|          | 0/48 [00:00<?, ?it/s]
  [ComfyUI] Fast Tiled Decoding: 100%|██████████| 48/48 [00:00<00:00, 618.17it/s]
  [ComfyUI] [SubprocessWorker] callback 'report_progress' from call_id=41
  [ComfyUI] [worker:ComfyUI-TRELLIS2] [VRAM] -1131MB (now 102MB) reserved=312MB peak=2656MB
  [ComfyUI] [SubprocessWorker] callback 'report_progress' from call_id=41
  [ComfyUI] [SubprocessWorker] got response: ok
  [ComfyUI] [comfy-env] Created 4 model patchers: ['SparseStructureFlowModel_2', 'SparseStructureDecoder_3', 'SLatFlowModel_4', 'FlexiDualGridVaeDecoder_5']
  [ComfyUI] [comfy-env] Trellis2ImageToShape done (33.03s): result: NodeOutput
  [ComfyUI] [VRAM] After Trellis2ImageToShape: 932 / 24124 MB
  [ComfyUI] [VRAM] Loaded: SubprocessModel (0 MB), SubprocessModel (0 MB), SubprocessModel (0 MB), SubprocessModel (0 MB), SubprocessModel (0 MB)
  [ComfyUI] [comfy-env] Running Trellis2ShapeToTexturedMesh: seed: 42, tex_guidance_strength: 3.0, tex_guidance_rescale: 0.2, tex_sampling_steps: 12, model_config: dict, conditioning: dict, shape_slat: dict, subs: list[4]
  [ComfyUI] [VRAM] Before Trellis2ShapeToTexturedMesh: 932 / 24124 MB
  [ComfyUI] [VRAM] Loaded: SubprocessModel (0 MB), SubprocessModel (0 MB), SubprocessModel (0 MB), SubprocessModel (0 MB), SubprocessModel (0 MB)
  [ComfyUI] [SubprocessWorker] call_method: nodes.nodes_inference.Trellis2ShapeToTexturedMesh.EXECUTE_NORMALIZED
  [ComfyUI] [SubprocessWorker] acquired lock, ensuring started...
  [ComfyUI] [ComfyUI-TRELLIS2] Health check: ping (timeout=5.0s)...
  [ComfyUI] [ComfyUI-TRELLIS2] Health check: ok
  [ComfyUI] [SubprocessWorker] worker started/confirmed
  [ComfyUI] [SubprocessWorker] serializing kwargs to shm...
  [ComfyUI] [SubprocessWorker] created 0 shm blocks
  [ComfyUI] [SubprocessWorker] sending request via socket...
  [ComfyUI] [SubprocessWorker] call_id=42 sending call_method
  [ComfyUI] [worker:ComfyUI-TRELLIS2] [comfy-env] _from_shm got dict with keys: ['__type__', 'strategy', 'parent_pid', 'fd', 'storage_size']
  [ComfyUI] [worker:ComfyUI-TRELLIS2] [comfy-env] DESERIALIZE TensorRef: tensor_size=[1, 1029, 1024]
  [ComfyUI] [worker:ComfyUI-TRELLIS2] [comfy-env] DESERIALIZED tensor shape: torch.Size([1, 1029, 1024])
  [ComfyUI] [worker:ComfyUI-TRELLIS2] [comfy-env] _from_shm got dict with keys: ['__type__', 'strategy', 'parent_pid', 'fd', 'storage_size']
  [ComfyUI] [worker:ComfyUI-TRELLIS2] [comfy-env] DESERIALIZE TensorRef: tensor_size=[1, 1029, 1024]
  [ComfyUI] [worker:ComfyUI-TRELLIS2] [comfy-env] DESERIALIZED tensor shape: torch.Size([1, 1029, 1024])
  [ComfyUI] [worker:ComfyUI-TRELLIS2] [comfy-env] _from_shm got dict with keys: ['__type__', 'strategy', 'parent_pid', 'fd', 'storage_size']
  [ComfyUI] [worker:ComfyUI-TRELLIS2] [comfy-env] DESERIALIZE TensorRef: tensor_size=[4150, 32]
  [ComfyUI] [worker:ComfyUI-TRELLIS2] [comfy-env] DESERIALIZED tensor shape: torch.Size([4150, 32])
  [ComfyUI] [worker:ComfyUI-TRELLIS2] [comfy-env] _from_shm got dict with keys: ['__type__', 'strategy', 'parent_pid', 'fd', 'storage_size']
  [ComfyUI] [worker:ComfyUI-TRELLIS2] [comfy-env] DESERIALIZE TensorRef: tensor_size=[4150, 4]
  [ComfyUI] [worker:ComfyUI-TRELLIS2] [comfy-env] DESERIALIZED tensor shape: torch.Size([4150, 4])
  [ComfyUI] [worker:ComfyUI-TRELLIS2] [comfy-env] _from_shm got dict with keys: ['__type__', 'strategy', 'parent_pid', 'fd', 'storage_size']
  [ComfyUI] [worker:ComfyUI-TRELLIS2] [comfy-env] DESERIALIZE TensorRef: tensor_size=[4150, 8]
  [ComfyUI] [worker:ComfyUI-TRELLIS2] [comfy-env] DESERIALIZED tensor shape: torch.Size([4150, 8])
  Frame 20 saved (frame_019.jpg, t=43.4s)
  [ComfyUI] [worker:ComfyUI-TRELLIS2] [comfy-env] _from_shm got dict with keys: ['__type__', 'strategy', 'parent_pid', 'fd', 'storage_size']
  [capture-periodic] freeze=3ms shot=235ms unfreeze=3ms saved=True
  [ComfyUI] [worker:ComfyUI-TRELLIS2] [comfy-env] DESERIALIZE TensorRef: tensor_size=[4150, 4]
  [ComfyUI] [worker:ComfyUI-TRELLIS2] [comfy-env] DESERIALIZED tensor shape: torch.Size([4150, 4])
  [ComfyUI] [worker:ComfyUI-TRELLIS2] [comfy-env] _from_shm got dict with keys: ['__type__', 'strategy', 'parent_pid', 'fd', 'storage_size']
  [ComfyUI] [worker:ComfyUI-TRELLIS2] [comfy-env] DESERIALIZE TensorRef: tensor_size=[18993, 8]
  [ComfyUI] [worker:ComfyUI-TRELLIS2] [comfy-env] DESERIALIZED tensor shape: torch.Size([18993, 8])
  [ComfyUI] [worker:ComfyUI-TRELLIS2] [comfy-env] _from_shm got dict with keys: ['__type__', 'strategy', 'parent_pid', 'fd', 'storage_size']
  [ComfyUI] [worker:ComfyUI-TRELLIS2] [comfy-env] DESERIALIZE TensorRef: tensor_size=[18993, 4]
  [ComfyUI] [worker:ComfyUI-TRELLIS2] [comfy-env] DESERIALIZED tensor shape: torch.Size([18993, 4])
  [ComfyUI] [worker:ComfyUI-TRELLIS2] [comfy-env] _from_shm got dict with keys: ['__type__', 'strategy', 'parent_pid', 'fd', 'storage_size']
  [ComfyUI] [worker:ComfyUI-TRELLIS2] [comfy-env] DESERIALIZE TensorRef: tensor_size=[90910, 8]
  [ComfyUI] [worker:ComfyUI-TRELLIS2] [comfy-env] DESERIALIZED tensor shape: torch.Size([90910, 8])
  [ComfyUI] [worker:ComfyUI-TRELLIS2] [comfy-env] _from_shm got dict with keys: ['__type__', 'strategy', 'parent_pid', 'fd', 'storage_size']
  [ComfyUI] [worker:ComfyUI-TRELLIS2] [comfy-env] DESERIALIZE TensorRef: tensor_size=[90910, 4]
  [ComfyUI] [worker:ComfyUI-TRELLIS2] [comfy-env] DESERIALIZED tensor shape: torch.Size([90910, 4])
  [ComfyUI] [worker:ComfyUI-TRELLIS2] [comfy-env] _from_shm got dict with keys: ['__type__', 'strategy', 'parent_pid', 'fd', 'storage_size']
  [ComfyUI] [worker:ComfyUI-TRELLIS2] [comfy-env] DESERIALIZE TensorRef: tensor_size=[445212, 8]
  [ComfyUI] [worker:ComfyUI-TRELLIS2] [comfy-env] DESERIALIZED tensor shape: torch.Size([445212, 8])
  [ComfyUI] [worker:ComfyUI-TRELLIS2] [comfy-env] _from_shm got dict with keys: ['__type__', 'strategy', 'parent_pid', 'fd', 'storage_size']
  [ComfyUI] [worker:ComfyUI-TRELLIS2] [comfy-env] DESERIALIZE TensorRef: tensor_size=[445212, 4]
  [ComfyUI] [worker:ComfyUI-TRELLIS2] [comfy-env] DESERIALIZED tensor shape: torch.Size([445212, 4])
  [ComfyUI] [SubprocessWorker] callback 'report_progress' from call_id=42
  [ComfyUI] [SubprocessWorker] callback 'report_progress' from call_id=42
  [ComfyUI] [SubprocessWorker] callback 'report_progress' from call_id=42
  [ComfyUI] [worker:ComfyUI-TRELLIS2] [TRELLIS2] Built SLatFlowModel on CPU: dtype=torch.bfloat16, 0.1s
  [ComfyUI] [SubprocessWorker] callback 'request_vram_budget' from call_id=42
  [ComfyUI] [comfy-env] VRAM request: 2.58GB, free before eviction: 24.30GB
  [ComfyUI] [comfy-env] VRAM after eviction: 24.30GB
  [ComfyUI] [worker:ComfyUI-TRELLIS2] [VRAM] +368MB (now 470MB) reserved=486MB peak=2656MB
  [capture-loop] iter=350 t=44.6s state={'complete': False, 'error': None, 'executedCount': 1, 'wsState': 1} eval_ms=4 ram=14.0/31.2GB (45%) swap=1.6/32.0GB (5%) cpu=6% browser_rss=0.69GB
  [ComfyUI] [worker:ComfyUI-TRELLIS2] [VRAM] +1982MB (now 2453MB) reserved=2466MB peak=2656MB
  [ComfyUI] [worker:ComfyUI-TRELLIS2] [TRELLIS2] tex_slat_flow_model_512 -> GPU: 1.4s
  [ComfyUI] [SubprocessWorker] callback 'report_progress' from call_id=42
  Frame 21 saved (frame_020.jpg, t=45.8s)
  [capture-periodic] freeze=3ms shot=231ms unfreeze=19ms saved=True
  [ComfyUI] [SubprocessWorker] callback 'report_progress' from call_id=42
  [ComfyUI] [SubprocessWorker] callback 'report_progress' from call_id=42
  [ComfyUI] [SubprocessWorker] callback 'report_progress' from call_id=42
  [ComfyUI] [SubprocessWorker] callback 'report_progress' from call_id=42
  Frame 22 saved (frame_021.jpg, t=48.1s)
  [capture-periodic] freeze=11ms shot=231ms unfreeze=7ms saved=True
  [ComfyUI] [SubprocessWorker] callback 'report_progress' from call_id=42
  [ComfyUI] [SubprocessWorker] callback 'report_progress' from call_id=42
  [ComfyUI] [SubprocessWorker] callback 'report_progress' from call_id=42
  [ComfyUI] [worker:ComfyUI-TRELLIS2] [VRAM] +226MB (now 2680MB) reserved=2780MB peak=2680MB
  [ComfyUI] [SubprocessWorker] callback 'report_progress' from call_id=42
  Frame 23 saved (frame_022.jpg, t=50.5s)
  [capture-periodic] freeze=3ms shot=226ms unfreeze=3ms saved=True
  [capture-loop] iter=400 t=50.9s state={'complete': False, 'error': None, 'executedCount': 1, 'wsState': 1} eval_ms=3 ram=13.9/31.2GB (45%) swap=1.6/32.0GB (5%) cpu=6% browser_rss=0.69GB
  [ComfyUI] [SubprocessWorker] callback 'report_progress' from call_id=42
  [ComfyUI] [SubprocessWorker] callback 'report_progress' from call_id=42
  [ComfyUI] [SubprocessWorker] callback 'report_progress' from call_id=42
  [ComfyUI] [worker:ComfyUI-TRELLIS2] [VRAM] -372MB (now 2308MB) reserved=2782MB peak=2680MB
  [ComfyUI] [worker:ComfyUI-TRELLIS2] [VRAM] -1622MB (now 686MB) reserved=2782MB peak=2680MB
  Frame 24 saved (frame_023.jpg, t=52.9s)
  [capture-periodic] freeze=3ms shot=252ms unfreeze=3ms saved=True
  [ComfyUI] [SubprocessWorker] callback 'report_progress' from call_id=42
  [ComfyUI] [worker:ComfyUI-TRELLIS2] [VRAM] -658MB (now 28MB) reserved=66MB peak=2680MB
  Frame 25 saved (frame_024.jpg, t=55.2s)
  [capture-periodic] freeze=3ms shot=260ms unfreeze=3ms saved=True
  [capture-loop] iter=450 t=57.0s state={'complete': False, 'error': None, 'executedCount': 1, 'wsState': 1} eval_ms=4 ram=18.5/31.2GB (59%) swap=1.6/32.0GB (5%) cpu=6% browser_rss=0.69GB
  Frame 26 saved (frame_025.jpg, t=57.6s)
  [capture-periodic] freeze=3ms shot=278ms unfreeze=15ms saved=True
  [ComfyUI] [SubprocessWorker] callback 'report_progress' from call_id=42
  [ComfyUI] [SubprocessWorker] callback 'report_progress' from call_id=42
  [ComfyUI] [worker:ComfyUI-TRELLIS2] [TRELLIS2] Built SparseUnetVaeDecoder on CPU: dtype=torch.bfloat16, 5.5s
  [ComfyUI] [SubprocessWorker] callback 'request_vram_budget' from call_id=42
  [ComfyUI] [comfy-env] VRAM request: 0.95GB, free before eviction: 24.28GB
  [ComfyUI] [comfy-env] VRAM after eviction: 24.28GB
  [ComfyUI] [worker:ComfyUI-TRELLIS2] [VRAM] +216MB (now 244MB) reserved=286MB peak=2680MB
  [ComfyUI] [worker:ComfyUI-TRELLIS2] [TRELLIS2] tex_slat_decoder -> GPU: 0.3s
  [ComfyUI] [worker:ComfyUI-TRELLIS2] [vae] set max_voxels_per_tile=1000000 on 40 SparseConv3d modules
  [ComfyUI] [worker:ComfyUI-TRELLIS2] [UNET] level=0 block=0 SparseConvNeXtBlock3d N=4,150 ch=1024 alloc=941MB
  [ComfyUI] [worker:ComfyUI-TRELLIS2] [sparse-conv] N=4,150 Ci=1024 Co=1024 feats=8MB cache=1MB (miss) w_dev=cuda:0 alloc=942MB
  [ComfyUI] [worker:ComfyUI-TRELLIS2] [sparse-conv] out=8MB alloc=950MB
  [ComfyUI] [SubprocessWorker] callback 'report_progress' from call_id=42
  [ComfyUI] [worker:ComfyUI-TRELLIS2] [UNET] level=0 block=1 SparseConvNeXtBlock3d N=4,150 ch=1024 alloc=942MB
  [ComfyUI] [worker:ComfyUI-TRELLIS2] [sparse-conv] N=4,150 Ci=1024 Co=1024 feats=8MB cache=1MB (miss) w_dev=cuda:0 alloc=943MB
  [ComfyUI] [worker:ComfyUI-TRELLIS2] [sparse-conv] out=8MB alloc=951MB
  [ComfyUI] [worker:ComfyUI-TRELLIS2] [UNET] level=0 block=2 SparseConvNeXtBlock3d N=4,150 ch=1024 alloc=942MB
  [ComfyUI] [worker:ComfyUI-TRELLIS2] [sparse-conv] N=4,150 Ci=1024 Co=1024 feats=8MB cache=1MB (miss) w_dev=cuda:0 alloc=943MB
  [ComfyUI] [worker:ComfyUI-TRELLIS2] [sparse-conv] out=8MB alloc=951MB
  [ComfyUI] [worker:ComfyUI-TRELLIS2] [UNET] level=0 block=3 SparseConvNeXtBlock3d N=4,150 ch=1024 alloc=942MB
  [ComfyUI] [worker:ComfyUI-TRELLIS2] [sparse-conv] N=4,150 Ci=1024 Co=1024 feats=8MB cache=1MB (miss) w_dev=cuda:0 alloc=943MB
  [ComfyUI] [worker:ComfyUI-TRELLIS2] [sparse-conv] out=8MB alloc=951MB
  [ComfyUI] [worker:ComfyUI-TRELLIS2] [UNET] level=0 block=4 SparseResBlockC2S3d N=4,150 ch=1024 alloc=942MB
  [ComfyUI] [worker:ComfyUI-TRELLIS2] [C2S3d] after subdiv: alloc=942MB
  [ComfyUI] [worker:ComfyUI-TRELLIS2] [C2S3d] after norm1: alloc=950MB
  [ComfyUI] [worker:ComfyUI-TRELLIS2] [C2S3d] pre-conv1: N=4,150 Ci=1024 Co=4096 alloc=950MB
  [ComfyUI] [worker:ComfyUI-TRELLIS2] [C2S3d] x.feats offloaded before conv1: alloc=950MB
  [ComfyUI] [worker:ComfyUI-TRELLIS2] [sparse-conv] N=4,150 Ci=1024 Co=4096 feats=8MB cache=1MB (miss) w_dev=cuda:0 alloc=951MB
  [ComfyUI] [worker:ComfyUI-TRELLIS2] [sparse-conv] out=32MB alloc=984MB
  [ComfyUI] [worker:ComfyUI-TRELLIS2] [C2S3d] post-conv1: h=torch.Size([4150, 4096]) alloc=976MB
  [ComfyUI] [worker:ComfyUI-TRELLIS2] [C2S3d] x.feats restored from CPU: alloc=984MB
  [ComfyUI] [worker:ComfyUI-TRELLIS2] [C2S3d] pre-C2S(h): alloc=984MB
  [ComfyUI] [worker:ComfyUI-TRELLIS2] [C2S] scatter: 4,150×4096 -> 18,993×512 in=32MB out=18MB alloc=985MB
  [ComfyUI] [worker:ComfyUI-TRELLIS2] [C2S] scatter done: alloc=1003MB
  [ComfyUI] [worker:ComfyUI-TRELLIS2] [C2S3d] post-C2S(h): h=torch.Size([18993, 512]) alloc=970MB
  [ComfyUI] [worker:ComfyUI-TRELLIS2] [C2S] scatter: 4,150×1024 -> 18,993×128 in=8MB out=4MB alloc=971MB
  [ComfyUI] [worker:ComfyUI-TRELLIS2] [C2S] scatter done: alloc=976MB
  [ComfyUI] [worker:ComfyUI-TRELLIS2] [C2S3d] post-C2S(x): x=torch.Size([18993, 128]) alloc=967MB
  [ComfyUI] [worker:ComfyUI-TRELLIS2] [C2S3d] post-C2S: N=18,993 h=512ch x=128ch alloc=967MB
  [ComfyUI] [worker:ComfyUI-TRELLIS2] [C2S3d] x offloaded to CPU, pre-conv2: alloc=962MB
  [ComfyUI] [worker:ComfyUI-TRELLIS2] [C2S3d] after norm2: alloc=962MB
  [ComfyUI] [worker:ComfyUI-TRELLIS2] [C2S3d] after silu: alloc=962MB
  [ComfyUI] [worker:ComfyUI-TRELLIS2] [sparse-conv] N=18,993 Ci=512 Co=512 feats=18MB cache=4MB (miss) w_dev=cuda:0 alloc=966MB
  [ComfyUI] [worker:ComfyUI-TRELLIS2] [sparse-conv] out=18MB alloc=985MB
  [ComfyUI] [worker:ComfyUI-TRELLIS2] [C2S3d] post-conv2: alloc=967MB
  [ComfyUI] [worker:ComfyUI-TRELLIS2] [C2S3d] post-conv2 (cache cleared): alloc=962MB
  [ComfyUI] [worker:ComfyUI-TRELLIS2] [C2S3d] after skip expand: alloc=981MB
  [ComfyUI] [worker:ComfyUI-TRELLIS2] [C2S3d] post-skip: alloc=962MB
  [ComfyUI] [SubprocessWorker] callback 'report_progress' from call_id=42
  [ComfyUI] [worker:ComfyUI-TRELLIS2] [UNET] level=1 block=0 SparseConvNeXtBlock3d N=18,993 ch=512 alloc=953MB
  [ComfyUI] [worker:ComfyUI-TRELLIS2] [sparse-conv] N=18,993 Ci=512 Co=512 feats=18MB cache=4MB (miss) w_dev=cuda:0 alloc=957MB
  [ComfyUI] [worker:ComfyUI-TRELLIS2] [sparse-conv] out=18MB alloc=976MB
  [ComfyUI] [worker:ComfyUI-TRELLIS2] [UNET] level=1 block=1 SparseConvNeXtBlock3d N=18,993 ch=512 alloc=953MB
  [ComfyUI] [worker:ComfyUI-TRELLIS2] [sparse-conv] N=18,993 Ci=512 Co=512 feats=18MB cache=4MB (miss) w_dev=cuda:0 alloc=957MB
  [ComfyUI] [worker:ComfyUI-TRELLIS2] [sparse-conv] out=18MB alloc=976MB
  [ComfyUI] [worker:ComfyUI-TRELLIS2] [UNET] level=1 block=2 SparseConvNeXtBlock3d N=18,993 ch=512 alloc=953MB
  [ComfyUI] [worker:ComfyUI-TRELLIS2] [sparse-conv] N=18,993 Ci=512 Co=512 feats=18MB cache=4MB (miss) w_dev=cuda:0 alloc=957MB
  [ComfyUI] [worker:ComfyUI-TRELLIS2] [sparse-conv] out=18MB alloc=976MB
  [ComfyUI] [worker:ComfyUI-TRELLIS2] [UNET] level=1 block=3 SparseConvNeXtBlock3d N=18,993 ch=512 alloc=953MB
  [ComfyUI] [worker:ComfyUI-TRELLIS2] [sparse-conv] N=18,993 Ci=512 Co=512 feats=18MB cache=4MB (miss) w_dev=cuda:0 alloc=957MB
  [ComfyUI] [worker:ComfyUI-TRELLIS2] [sparse-conv] out=18MB alloc=976MB
  [ComfyUI] [worker:ComfyUI-TRELLIS2] [UNET] level=1 block=4 SparseConvNeXtBlock3d N=18,993 ch=512 alloc=953MB
  [ComfyUI] [worker:ComfyUI-TRELLIS2] [sparse-conv] N=18,993 Ci=512 Co=512 feats=18MB cache=4MB (miss) w_dev=cuda:0 alloc=957MB
  [ComfyUI] [worker:ComfyUI-TRELLIS2] [sparse-conv] out=18MB alloc=976MB
  [ComfyUI] [worker:ComfyUI-TRELLIS2] [UNET] level=1 block=5 SparseConvNeXtBlock3d N=18,993 ch=512 alloc=953MB
  [ComfyUI] [worker:ComfyUI-TRELLIS2] [sparse-conv] N=18,993 Ci=512 Co=512 feats=18MB cache=4MB (miss) w_dev=cuda:0 alloc=957MB
  [ComfyUI] [worker:ComfyUI-TRELLIS2] [sparse-conv] out=18MB alloc=976MB
  [ComfyUI] [SubprocessWorker] callback 'report_progress' from call_id=42
  [ComfyUI] [worker:ComfyUI-TRELLIS2] [UNET] level=1 block=6 SparseConvNeXtBlock3d N=18,993 ch=512 alloc=953MB
  [ComfyUI] [worker:ComfyUI-TRELLIS2] [sparse-conv] N=18,993 Ci=512 Co=512 feats=18MB cache=4MB (miss) w_dev=cuda:0 alloc=957MB
  [ComfyUI] [worker:ComfyUI-TRELLIS2] [sparse-conv] out=18MB alloc=976MB
  [ComfyUI] [worker:ComfyUI-TRELLIS2] [UNET] level=1 block=7 SparseConvNeXtBlock3d N=18,993 ch=512 alloc=953MB
  [ComfyUI] [worker:ComfyUI-TRELLIS2] [sparse-conv] N=18,993 Ci=512 Co=512 feats=18MB cache=4MB (miss) w_dev=cuda:0 alloc=957MB
  [ComfyUI] [worker:ComfyUI-TRELLIS2] [sparse-conv] out=18MB alloc=976MB
  [ComfyUI] [worker:ComfyUI-TRELLIS2] [UNET] level=1 block=8 SparseConvNeXtBlock3d N=18,993 ch=512 alloc=953MB
  [ComfyUI] [worker:ComfyUI-TRELLIS2] [sparse-conv] N=18,993 Ci=512 Co=512 feats=18MB cache=4MB (miss) w_dev=cuda:0 alloc=957MB
  [ComfyUI] [worker:ComfyUI-TRELLIS2] [sparse-conv] out=18MB alloc=976MB
  [ComfyUI] [worker:ComfyUI-TRELLIS2] [UNET] level=1 block=9 SparseConvNeXtBlock3d N=18,993 ch=512 alloc=953MB
  [ComfyUI] [worker:ComfyUI-TRELLIS2] [sparse-conv] N=18,993 Ci=512 Co=512 feats=18MB cache=4MB (miss) w_dev=cuda:0 alloc=957MB
  [ComfyUI] [worker:ComfyUI-TRELLIS2] [sparse-conv] out=18MB alloc=976MB
  [ComfyUI] [worker:ComfyUI-TRELLIS2] [UNET] level=1 block=10 SparseConvNeXtBlock3d N=18,993 ch=512 alloc=953MB
  [ComfyUI] [worker:ComfyUI-TRELLIS2] [sparse-conv] N=18,993 Ci=512 Co=512 feats=18MB cache=4MB (miss) w_dev=cuda:0 alloc=957MB
  [ComfyUI] [worker:ComfyUI-TRELLIS2] [sparse-conv] out=18MB alloc=976MB
  [ComfyUI] [worker:ComfyUI-TRELLIS2] [UNET] level=1 block=11 SparseConvNeXtBlock3d N=18,993 ch=512 alloc=953MB
  [ComfyUI] [worker:ComfyUI-TRELLIS2] [sparse-conv] N=18,993 Ci=512 Co=512 feats=18MB cache=4MB (miss) w_dev=cuda:0 alloc=957MB
  [ComfyUI] [worker:ComfyUI-TRELLIS2] [sparse-conv] out=18MB alloc=976MB
  [ComfyUI] [SubprocessWorker] callback 'report_progress' from call_id=42
  [ComfyUI] [worker:ComfyUI-TRELLIS2] [UNET] level=1 block=12 SparseConvNeXtBlock3d N=18,993 ch=512 alloc=953MB
  [ComfyUI] [worker:ComfyUI-TRELLIS2] [sparse-conv] N=18,993 Ci=512 Co=512 feats=18MB cache=4MB (miss) w_dev=cuda:0 alloc=957MB
  [ComfyUI] [worker:ComfyUI-TRELLIS2] [sparse-conv] out=18MB alloc=976MB
  [ComfyUI] [worker:ComfyUI-TRELLIS2] [UNET] level=1 block=13 SparseConvNeXtBlock3d N=18,993 ch=512 alloc=953MB
  [ComfyUI] [worker:ComfyUI-TRELLIS2] [sparse-conv] N=18,993 Ci=512 Co=512 feats=18MB cache=4MB (miss) w_dev=cuda:0 alloc=957MB
  [ComfyUI] [worker:ComfyUI-TRELLIS2] [sparse-conv] out=18MB alloc=976MB
  [ComfyUI] [worker:ComfyUI-TRELLIS2] [UNET] level=1 block=14 SparseConvNeXtBlock3d N=18,993 ch=512 alloc=953MB
  [ComfyUI] [worker:ComfyUI-TRELLIS2] [sparse-conv] N=18,993 Ci=512 Co=512 feats=18MB cache=4MB (miss) w_dev=cuda:0 alloc=957MB
  [ComfyUI] [worker:ComfyUI-TRELLIS2] [sparse-conv] out=18MB alloc=976MB
  [ComfyUI] [worker:ComfyUI-TRELLIS2] [UNET] level=1 block=15 SparseConvNeXtBlock3d N=18,993 ch=512 alloc=953MB
  [ComfyUI] [worker:ComfyUI-TRELLIS2] [sparse-conv] N=18,993 Ci=512 Co=512 feats=18MB cache=4MB (miss) w_dev=cuda:0 alloc=957MB
  [ComfyUI] [worker:ComfyUI-TRELLIS2] [sparse-conv] out=18MB alloc=976MB
  [ComfyUI] [worker:ComfyUI-TRELLIS2] [UNET] level=1 block=16 SparseResBlockC2S3d N=18,993 ch=512 alloc=953MB
  [ComfyUI] [worker:ComfyUI-TRELLIS2] [C2S3d] after subdiv: alloc=953MB
  [ComfyUI] [worker:ComfyUI-TRELLIS2] [C2S3d] after norm1: alloc=971MB
  [ComfyUI] [worker:ComfyUI-TRELLIS2] [C2S3d] pre-conv1: N=18,993 Ci=512 Co=2048 alloc=971MB
  [ComfyUI] [worker:ComfyUI-TRELLIS2] [C2S3d] x.feats offloaded before conv1: alloc=972MB
  [ComfyUI] [worker:ComfyUI-TRELLIS2] [sparse-conv] N=18,993 Ci=512 Co=2048 feats=18MB cache=4MB (miss) w_dev=cuda:0 alloc=976MB
  [ComfyUI] [worker:ComfyUI-TRELLIS2] [sparse-conv] out=74MB alloc=1050MB
  [ComfyUI] [worker:ComfyUI-TRELLIS2] [C2S3d] post-conv1: h=torch.Size([18993, 2048]) alloc=1032MB
  [ComfyUI] [worker:ComfyUI-TRELLIS2] [C2S3d] x.feats restored from CPU: alloc=1050MB
  [ComfyUI] [worker:ComfyUI-TRELLIS2] [C2S3d] pre-C2S(h): alloc=1050MB
  [ComfyUI] [worker:ComfyUI-TRELLIS2] [C2S] scatter: 18,993×2048 -> 90,910×256 in=74MB out=44MB alloc=1054MB
  [ComfyUI] [worker:ComfyUI-TRELLIS2] [C2S] scatter done: alloc=1098MB
  [ComfyUI] [worker:ComfyUI-TRELLIS2] [C2S3d] post-C2S(h): h=torch.Size([90910, 256]) alloc=1022MB
  [ComfyUI] [worker:ComfyUI-TRELLIS2] [C2S] scatter: 18,993×512 -> 90,910×64 in=18MB out=11MB alloc=1025MB
  [ComfyUI] [worker:ComfyUI-TRELLIS2] [C2S] scatter done: alloc=1037MB
  [ComfyUI] [worker:ComfyUI-TRELLIS2] [C2S3d] post-C2S(x): x=torch.Size([90910, 64]) alloc=1016MB
  [ComfyUI] [worker:ComfyUI-TRELLIS2] [C2S3d] post-C2S: N=90,910 h=256ch x=64ch alloc=1016MB
  [ComfyUI] [worker:ComfyUI-TRELLIS2] [C2S3d] x offloaded to CPU, pre-conv2: alloc=1003MB
  [ComfyUI] [worker:ComfyUI-TRELLIS2] [C2S3d] after norm2: alloc=1003MB
  [ComfyUI] [worker:ComfyUI-TRELLIS2] [C2S3d] after silu: alloc=1003MB
  [ComfyUI] [worker:ComfyUI-TRELLIS2] [sparse-conv] N=90,910 Ci=256 Co=256 feats=44MB cache=21MB (miss) w_dev=cuda:0 alloc=1024MB
  [ComfyUI] [worker:ComfyUI-TRELLIS2] [sparse-conv] out=44MB alloc=1069MB
  [ComfyUI] [worker:ComfyUI-TRELLIS2] [C2S3d] post-conv2: alloc=1024MB
  [ComfyUI] [worker:ComfyUI-TRELLIS2] [C2S3d] post-conv2 (cache cleared): alloc=1003MB
  [ComfyUI] [worker:ComfyUI-TRELLIS2] [C2S3d] after skip expand: alloc=1048MB
  [ComfyUI] [worker:ComfyUI-TRELLIS2] [C2S3d] post-skip: alloc=1003MB
  [ComfyUI] [SubprocessWorker] callback 'report_progress' from call_id=42
  [ComfyUI] [worker:ComfyUI-TRELLIS2] [UNET] level=2 block=0 SparseConvNeXtBlock3d N=90,910 ch=256 alloc=980MB
  [ComfyUI] [worker:ComfyUI-TRELLIS2] [sparse-conv] N=90,910 Ci=256 Co=256 feats=44MB cache=21MB (miss) w_dev=cuda:0 alloc=1001MB
  [ComfyUI] [worker:ComfyUI-TRELLIS2] [sparse-conv] out=44MB alloc=1046MB
  [ComfyUI] [worker:ComfyUI-TRELLIS2] [UNET] level=2 block=1 SparseConvNeXtBlock3d N=90,910 ch=256 alloc=980MB
  [ComfyUI] [worker:ComfyUI-TRELLIS2] [sparse-conv] N=90,910 Ci=256 Co=256 feats=44MB cache=21MB (miss) w_dev=cuda:0 alloc=1001MB
  [ComfyUI] [worker:ComfyUI-TRELLIS2] [sparse-conv] out=44MB alloc=1046MB
  [ComfyUI] [worker:ComfyUI-TRELLIS2] [VRAM] +801MB (now 1046MB) reserved=1144MB peak=2680MB
  [ComfyUI] [worker:ComfyUI-TRELLIS2] [UNET] level=2 block=2 SparseConvNeXtBlock3d N=90,910 ch=256 alloc=980MB
  [ComfyUI] [worker:ComfyUI-TRELLIS2] [sparse-conv] N=90,910 Ci=256 Co=256 feats=44MB cache=21MB (miss) w_dev=cuda:0 alloc=1001MB
  [ComfyUI] [worker:ComfyUI-TRELLIS2] [sparse-conv] out=44MB alloc=1046MB
  [ComfyUI] [worker:ComfyUI-TRELLIS2] [UNET] level=2 block=3 SparseConvNeXtBlock3d N=90,910 ch=256 alloc=980MB
  [ComfyUI] [worker:ComfyUI-TRELLIS2] [sparse-conv] N=90,910 Ci=256 Co=256 feats=44MB cache=21MB (miss) w_dev=cuda:0 alloc=1001MB
  [ComfyUI] [worker:ComfyUI-TRELLIS2] [sparse-conv] out=44MB alloc=1046MB
  [ComfyUI] [worker:ComfyUI-TRELLIS2] [UNET] level=2 block=4 SparseConvNeXtBlock3d N=90,910 ch=256 alloc=980MB
  [ComfyUI] [worker:ComfyUI-TRELLIS2] [sparse-conv] N=90,910 Ci=256 Co=256 feats=44MB cache=21MB (miss) w_dev=cuda:0 alloc=1001MB
  [ComfyUI] [worker:ComfyUI-TRELLIS2] [sparse-conv] out=44MB alloc=1046MB
  [ComfyUI] [SubprocessWorker] callback 'report_progress' from call_id=42
  [ComfyUI] [worker:ComfyUI-TRELLIS2] [UNET] level=2 block=5 SparseConvNeXtBlock3d N=90,910 ch=256 alloc=980MB
  [ComfyUI] [worker:ComfyUI-TRELLIS2] [sparse-conv] N=90,910 Ci=256 Co=256 feats=44MB cache=21MB (miss) w_dev=cuda:0 alloc=1001MB
  [ComfyUI] [worker:ComfyUI-TRELLIS2] [sparse-conv] out=44MB alloc=1046MB
  [ComfyUI] [worker:ComfyUI-TRELLIS2] [UNET] level=2 block=6 SparseConvNeXtBlock3d N=90,910 ch=256 alloc=980MB
  [ComfyUI] [worker:ComfyUI-TRELLIS2] [sparse-conv] N=90,910 Ci=256 Co=256 feats=44MB cache=21MB (miss) w_dev=cuda:0 alloc=1001MB
  [ComfyUI] [worker:ComfyUI-TRELLIS2] [sparse-conv] out=44MB alloc=1046MB
  [ComfyUI] [worker:ComfyUI-TRELLIS2] [UNET] level=2 block=7 SparseConvNeXtBlock3d N=90,910 ch=256 alloc=980MB
  [ComfyUI] [worker:ComfyUI-TRELLIS2] [sparse-conv] N=90,910 Ci=256 Co=256 feats=44MB cache=21MB (miss) w_dev=cuda:0 alloc=1001MB
  [ComfyUI] [worker:ComfyUI-TRELLIS2] [sparse-conv] out=44MB alloc=1046MB
  [ComfyUI] [worker:ComfyUI-TRELLIS2] [UNET] level=2 block=8 SparseResBlockC2S3d N=90,910 ch=256 alloc=980MB
  [ComfyUI] [worker:ComfyUI-TRELLIS2] [C2S3d] after subdiv: alloc=980MB
  [ComfyUI] [worker:ComfyUI-TRELLIS2] [C2S3d] after norm1: alloc=1024MB
  [ComfyUI] [worker:ComfyUI-TRELLIS2] [C2S3d] pre-conv1: N=90,910 Ci=256 Co=1024 alloc=1024MB
  [ComfyUI] [worker:ComfyUI-TRELLIS2] [C2S3d] x.feats offloaded before conv1: alloc=1025MB
  [ComfyUI] [worker:ComfyUI-TRELLIS2] [sparse-conv] N=90,910 Ci=256 Co=1024 feats=44MB cache=21MB (miss) w_dev=cuda:0 alloc=1046MB
  [ComfyUI] [worker:ComfyUI-TRELLIS2] [sparse-conv] out=177MB alloc=1224MB
  [ComfyUI] [worker:ComfyUI-TRELLIS2] [C2S3d] post-conv1: h=torch.Size([90910, 1024]) alloc=1179MB
  [ComfyUI] [worker:ComfyUI-TRELLIS2] [C2S3d] x.feats restored from CPU: alloc=1224MB
  [ComfyUI] [worker:ComfyUI-TRELLIS2] [C2S3d] pre-C2S(h): alloc=1224MB
  [ComfyUI] [worker:ComfyUI-TRELLIS2] [C2S] scatter: 90,910×1024 -> 445,212×128 in=177MB out=108MB alloc=1241MB
  [ComfyUI] [worker:ComfyUI-TRELLIS2] [C2S] scatter done: alloc=1350MB
  [ComfyUI] [worker:ComfyUI-TRELLIS2] [C2S3d] post-C2S(h): h=torch.Size([445212, 128]) alloc=1162MB
  [ComfyUI] [worker:ComfyUI-TRELLIS2] [C2S] scatter: 90,910×256 -> 445,212×32 in=44MB out=27MB alloc=1179MB
  [ComfyUI] [worker:ComfyUI-TRELLIS2] [C2S] scatter done: alloc=1207MB
  [ComfyUI] [worker:ComfyUI-TRELLIS2] [C2S3d] post-C2S(x): x=torch.Size([445212, 32]) alloc=1151MB
  [ComfyUI] [worker:ComfyUI-TRELLIS2] [C2S3d] post-C2S: N=445,212 h=128ch x=32ch alloc=1151MB
  [ComfyUI] [worker:ComfyUI-TRELLIS2] [C2S3d] x offloaded to CPU, pre-conv2: alloc=1117MB
  [ComfyUI] [worker:ComfyUI-TRELLIS2] [C2S3d] after norm2: alloc=1117MB
  [ComfyUI] [worker:ComfyUI-TRELLIS2] [C2S3d] after silu: alloc=1117MB
  [ComfyUI] [worker:ComfyUI-TRELLIS2] [sparse-conv] N=445,212 Ci=128 Co=128 feats=108MB cache=107MB (miss) w_dev=cuda:0 alloc=1224MB
  [ComfyUI] [worker:ComfyUI-TRELLIS2] [sparse-conv] out=108MB alloc=1333MB
  [ComfyUI] [worker:ComfyUI-TRELLIS2] [C2S3d] post-conv2: alloc=1224MB
  [ComfyUI] [worker:ComfyUI-TRELLIS2] [C2S3d] post-conv2 (cache cleared): alloc=1117MB
  Frame 27 saved (frame_026.jpg, t=60.0s)
  [capture-periodic] freeze=3ms shot=274ms unfreeze=3ms saved=True
  [ComfyUI] [worker:ComfyUI-TRELLIS2] [C2S3d] after skip expand: alloc=1225MB
  [ComfyUI] [worker:ComfyUI-TRELLIS2] [C2S3d] post-skip: alloc=1117MB
  [ComfyUI] [SubprocessWorker] callback 'report_progress' from call_id=42
  [ComfyUI] [worker:ComfyUI-TRELLIS2] [UNET] level=3 block=0 SparseConvNeXtBlock3d N=445,212 ch=128 alloc=1050MB
  [ComfyUI] [worker:ComfyUI-TRELLIS2] [sparse-conv] N=445,212 Ci=128 Co=128 feats=108MB cache=107MB (miss) w_dev=cuda:0 alloc=1157MB
  [ComfyUI] [worker:ComfyUI-TRELLIS2] [sparse-conv] out=108MB alloc=1266MB
  [ComfyUI] [worker:ComfyUI-TRELLIS2] [UNET] level=3 block=1 SparseConvNeXtBlock3d N=445,212 ch=128 alloc=1050MB
  [ComfyUI] [worker:ComfyUI-TRELLIS2] [sparse-conv] N=445,212 Ci=128 Co=128 feats=108MB cache=107MB (miss) w_dev=cuda:0 alloc=1157MB
  [ComfyUI] [worker:ComfyUI-TRELLIS2] [sparse-conv] out=108MB alloc=1266MB
  [ComfyUI] [worker:ComfyUI-TRELLIS2] [UNET] level=3 block=2 SparseConvNeXtBlock3d N=445,212 ch=128 alloc=1050MB
  [ComfyUI] [worker:ComfyUI-TRELLIS2] [sparse-conv] N=445,212 Ci=128 Co=128 feats=108MB cache=107MB (miss) w_dev=cuda:0 alloc=1157MB
  [ComfyUI] [worker:ComfyUI-TRELLIS2] [sparse-conv] out=108MB alloc=1266MB
  [ComfyUI] [SubprocessWorker] callback 'report_progress' from call_id=42
  [ComfyUI] [worker:ComfyUI-TRELLIS2] [UNET] level=3 block=3 SparseConvNeXtBlock3d N=445,212 ch=128 alloc=1050MB
  [ComfyUI] [worker:ComfyUI-TRELLIS2] [sparse-conv] N=445,212 Ci=128 Co=128 feats=108MB cache=107MB (miss) w_dev=cuda:0 alloc=1157MB
  [ComfyUI] [worker:ComfyUI-TRELLIS2] [sparse-conv] out=108MB alloc=1266MB
  [ComfyUI] [worker:ComfyUI-TRELLIS2] [UNET] level=3 block=4 SparseResBlockC2S3d N=445,212 ch=128 alloc=1050MB
  [ComfyUI] [worker:ComfyUI-TRELLIS2] [C2S3d] after subdiv: alloc=1050MB
  [ComfyUI] [worker:ComfyUI-TRELLIS2] [C2S3d] after norm1: alloc=1158MB
  [ComfyUI] [worker:ComfyUI-TRELLIS2] [C2S3d] pre-conv1: N=445,212 Ci=128 Co=512 alloc=1158MB
  [ComfyUI] [worker:ComfyUI-TRELLIS2] [C2S3d] x.feats offloaded before conv1: alloc=1162MB
  [ComfyUI] [worker:ComfyUI-TRELLIS2] [sparse-conv] N=445,212 Ci=128 Co=512 feats=108MB cache=107MB (miss) w_dev=cuda:0 alloc=1269MB
  [ComfyUI] [worker:ComfyUI-TRELLIS2] [sparse-conv] out=434MB alloc=1704MB
  [ComfyUI] [worker:ComfyUI-TRELLIS2] [C2S3d] post-conv1: h=torch.Size([445212, 512]) alloc=1596MB
  [ComfyUI] [worker:ComfyUI-TRELLIS2] [C2S3d] x.feats restored from CPU: alloc=1704MB
  [ComfyUI] [worker:ComfyUI-TRELLIS2] [C2S3d] pre-C2S(h): alloc=1704MB
  [ComfyUI] [worker:ComfyUI-TRELLIS2] [C2S] scatter: 445,212×512 -> 2,166,409×64 in=434MB out=264MB alloc=1790MB
  [ComfyUI] [worker:ComfyUI-TRELLIS2]
  [ComfyUI] === WATCHDOG TICK 1 ===
  [ComfyUI] [worker:ComfyUI-TRELLIS2] Thread 0x0000725ebab2f640 (most recent call first):
  [ComfyUI]   File "/workspaces/TRELLIS2-0342/ComfyUI/.ce/.pixi/envs/trellis2-nodes/lib/python3.12/threading.py", line 359 in wait
  [ComfyUI]   File "/workspaces/TRELLIS2-0342/ComfyUI/.ce/.pixi/envs/trellis2-nodes/lib/python3.12/threading.py", line 655 in wait
  [ComfyUI]   File "/workspaces/TRELLIS2-0342/ComfyUI/.ce/.pixi/envs/trellis2-nodes/lib/python3.12/site-packages/tqdm/_monitor.py", line 60 in run
  [ComfyUI]   File "/workspaces/TRELLIS2-0342/ComfyUI/.ce/.pixi/envs/trellis2-nodes/lib/python3.12/threading.py", line 1075 in _bootstrap_inner
  [ComfyUI]   File "/workspaces/TRELLIS2-0342/ComfyUI/.ce/.pixi/envs/trellis2-nodes/lib/python3.12/threading.py", line 1032 in _bootstrap
  [ComfyUI] 
  [ComfyUI] Thread 0x00007260655fc640 (most recent call first):
  [ComfyUI]   File "/workspaces/TRELLIS2-0342/ComfyUI/.ce/.pixi/envs/trellis2-nodes/lib/python3.12/socket.py", line 295 in accept
  [ComfyUI]   File "/workspaces/TRELLIS2-0342/ComfyUI/.ce/.pixi/envs/trellis2-nodes/lib/python3.12/multiprocessing/connection.py", line 626 in accept
  [ComfyUI]   File "/workspaces/TRELLIS2-0342/ComfyUI/.ce/.pixi/envs/trellis2-nodes/lib/python3.12/multiprocessing/connection.py", line 480 in accept
  [ComfyUI]   File "/workspaces/TRELLIS2-0342/ComfyUI/.ce/.pixi/envs/trellis2-nodes/lib/python3.12/multiprocessing/resource_sharer.py", line 138 in _serve
  [ComfyUI]   File "/workspaces/TRELLIS2-0342/ComfyUI/.ce/.pixi/envs/trellis2-nodes/lib/python3.12/threading.py", line 1012 in run
  [ComfyUI]   File "/workspaces/TRELLIS2-0342/ComfyUI/.ce/.pixi/envs/trellis2-nodes/lib/python3.12/threading.py", line 1075 in _bootstrap_inner
  [ComfyUI]   File "/workspaces/TRELLIS2-0342/ComfyUI/.ce/.pixi/envs/trellis2-nodes/lib/python3.12/threading.py", line 1032 in _bootstrap
  [ComfyUI] 
  [ComfyUI] Thread 0x000072620a359640 (most recent call first):
  [ComfyUI]   File "/tmp/comfyui_pvenv_46l4_lxz/persistent_worker.py", line 106 in _vram_poller
  [ComfyUI]   File "/workspaces/TRELLIS2-0342/ComfyUI/.ce/.pixi/envs/trellis2-nodes/lib/python3.12/threading.py", line 1012 in run
  [ComfyUI]   File "/workspaces/TRELLIS2-0342/ComfyUI/.ce/.pixi/envs/trellis2-nodes/lib/python3.12/threading.py", line 1075 in _bootstrap_inner
  [ComfyUI]   File "/workspaces/TRELLIS2-0342/ComfyUI/.ce/.pixi/envs/trellis2-nodes/lib/python3.12/threading.py", line 1032 in _bootstrap
  [ComfyUI] 
  [ComfyUI] Current thread 0x000072620ab5e640 (most recent call first):
  [ComfyUI]   File "/tmp/comfyui_pvenv_46l4_lxz/persistent_worker.py", line 52 in _watchdog
  [ComfyUI]   File "/workspaces/TRELLIS2-0342/ComfyUI/.ce/.pixi/envs/trellis2-nodes/lib/python3.12/threading.py", line 1012 in run
  [ComfyUI]   File "/workspaces/TRELLIS2-0342/ComfyUI/.ce/.pixi/envs/trellis2-nodes/lib/python3.12/threading.py", line 1075 in _bootstrap_inner
  [ComfyUI]   File "/workspaces/TRELLIS2-0342/ComfyUI/.ce/.pixi/envs/trellis2-nodes/lib/python3.12/threading.py", line 1032 in _bootstrap
  [ComfyUI] 
  [ComfyUI] Thread 0x000072620b159740 (most recent call first):
  [ComfyUI]   File "/workspaces/TRELLIS2-0342/ComfyUI/custom_nodes/ComfyUI-TRELLIS2/nodes/trellis2/sparse.py", line 232 in forward
  [ComfyUI]   File "/workspaces/TRELLIS2-0342/ComfyUI/.ce/.pixi/envs/trellis2-nodes/lib/python3.12/site-packages/torch/nn/modules/module.py", line 1790 in _call_impl
  [ComfyUI]   File "/workspaces/TRELLIS2-0342/ComfyUI/.ce/.pixi/envs/trellis2-nodes/lib/python3.12/site-packages/torch/nn/modules/module.py", line 1779 in _wrapped_call_impl
  [ComfyUI]   File "/workspaces/TRELLIS2-0342/ComfyUI/custom_nodes/ComfyUI-TRELLIS2/nodes/trellis2/vae.py", line 691 in _forward
  [ComfyUI]   File "/workspaces/TRELLIS2-0342/ComfyUI/custom_nodes/ComfyUI-TRELLIS2/nodes/trellis2/vae.py", line 767 in forward
  [ComfyUI]   File "/workspaces/TRELLIS2-0342/ComfyUI/.ce/.pixi/envs/trellis2-nodes/lib/python3.12/site-packages/torch/nn/modules/module.py", line 1790 in _call_impl
  [ComfyUI]   File "/workspaces/TRELLIS2-0342/ComfyUI/.ce/.pixi/envs/trellis2-nodes/lib/python3.12/site-packages/torch/nn/modules/module.py", line 1779 in _wrapped_call_impl
  [ComfyUI]   File "/workspaces/TRELLIS2-0342/ComfyUI/custom_nodes/ComfyUI-TRELLIS2/nodes/trellis2/vae.py", line 1077 in forward
  [ComfyUI]   File "/workspaces/TRELLIS2-0342/ComfyUI/.ce/.pixi/envs/trellis2-nodes/lib/python3.12/site-packages/torch/nn/modules/module.py", line 1790 in _call_impl
  [ComfyUI]   File "/workspaces/TRELLIS2-0342/ComfyUI/.ce/.pixi/envs/trellis2-nodes/lib/python3.12/site-packages/torch/nn/modules/module.py", line 1779 in _wrapped_call_impl
  [ComfyUI]   File "/workspaces/TRELLIS2-0342/ComfyUI/custom_nodes/ComfyUI-TRELLIS2/nodes/stages.py", line 710 in _decode_tex_slat
  [ComfyUI]   File "/workspaces/TRELLIS2-0342/ComfyUI/custom_nodes/ComfyUI-TRELLIS2/nodes/stages.py", line 1408 in run_texture_generation
  [ComfyUI]   File "/workspaces/TRELLIS2-0342/ComfyUI/custom_nodes/ComfyUI-TRELLIS2/nodes/nodes_inference.py", line 207 in execute
  [ComfyUI]   File "/workspaces/TRELLIS2-0342/ComfyUI/comfy_api/latest/_io.py", line 1827 in EXECUTE_NORMALIZED
  [ComfyUI]   File "/tmp/comfyui_pvenv_46l4_lxz/persistent_worker.py", line 1749 in main
  [ComfyUI]   File "/tmp/comfyui_pvenv_46l4_lxz/persistent_worker.py", line 1794 in <module>
  [ComfyUI] 
  [ComfyUI] [worker:ComfyUI-TRELLIS2] === END ===
  [ComfyUI] 
  [ComfyUI] [worker:ComfyUI-TRELLIS2] [VRAM] +744MB (now 1790MB) reserved=1900MB peak=2680MB
  [ComfyUI] [worker:ComfyUI-TRELLIS2] [C2S] offloaded 434MB to CPU, alloc=1356MB
  [ComfyUI] [worker:ComfyUI-TRELLIS2] [C2S] scatter done: alloc=1620MB
  [ComfyUI] [worker:ComfyUI-TRELLIS2] [C2S3d] post-C2S(h): h=torch.Size([2166409, 64]) alloc=1567MB
  [ComfyUI] [worker:ComfyUI-TRELLIS2] [C2S] scatter: 445,212×128 -> 2,166,409×16 in=108MB out=66MB alloc=1653MB
  [ComfyUI] [worker:ComfyUI-TRELLIS2] [C2S] scatter done: alloc=1719MB
  [ComfyUI] [worker:ComfyUI-TRELLIS2] [C2S3d] post-C2S(x): x=torch.Size([2166409, 16]) alloc=1558MB
  [ComfyUI] [worker:ComfyUI-TRELLIS2] [C2S3d] post-C2S: N=2,166,409 h=64ch x=16ch alloc=1554MB
  [ComfyUI] [worker:ComfyUI-TRELLIS2] [C2S3d] x offloaded to CPU, pre-conv2: alloc=1455MB
  [ComfyUI] [worker:ComfyUI-TRELLIS2] [C2S3d] h.feats offloaded for chunked norm2+silu: alloc=1191MB
  [ComfyUI] [worker:ComfyUI-TRELLIS2] [C2S3d] after chunked norm2+silu: alloc=1455MB
  [ComfyUI] [worker:ComfyUI-TRELLIS2] [sparse-conv] TILED: N=2,166,409 max_tile=1,000,000 feats=264MB alloc=1455MB
  [ComfyUI] [worker:ComfyUI-TRELLIS2] [VRAM] -336MB (now 1455MB) reserved=1560MB peak=2680MB
  [ComfyUI] [worker:ComfyUI-TRELLIS2] [sparse-conv] TILED feats offloaded to CPU, alloc=1191MB
  [ComfyUI] [worker:ComfyUI-TRELLIS2] [tiled_conv] N=2,166,409 Ci=64 Co=64 K=(3, 3, 3) feats=264MB out=264MB feats_dev=cpu alloc=1191MB
  [ComfyUI] [worker:ComfyUI-TRELLIS2] [tiled_conv] 3 tiles, VRAM baseline=1191MB
  [ComfyUI] 
  [ComfyUI] Tiled Conv3d:   0%|          | 0/3 [00:00<?]
  [ComfyUI] Tiled Conv3d:   0%|          | 0/3 [00:00<?]
  [ComfyUI] Tiled Conv3d:  33%|███▎      | 1/3 [00:00<00:00]
  [ComfyUI] Tiled Conv3d:  33%|███▎      | 1/3 [00:00<00:00]
  Frame 28 saved (frame_027.jpg, t=62.4s)
  [capture-periodic] freeze=3ms shot=242ms unfreeze=4ms saved=True
  [ComfyUI] Tiled Conv3d:  67%|██████▋   | 2/3 [00:00<00:00]
  [ComfyUI] Tiled Conv3d:  67%|██████▋   | 2/3 [00:00<00:00]
  [ComfyUI] Tiled Conv3d: 100%|██████████| 3/3 [00:00<00:00]
  [ComfyUI] Tiled Conv3d: 100%|██████████| 3/3 [00:00<00:00]
  [ComfyUI] [worker:ComfyUI-TRELLIS2] [tiled_conv] done: 2166409/2166409 voxels, tile_peak=1604MB, final=1455MB
  [ComfyUI] [worker:ComfyUI-TRELLIS2] [sparse-conv] TILED done: out=264MB alloc=1455MB
  [ComfyUI] [worker:ComfyUI-TRELLIS2] [C2S3d] post-conv2: alloc=1455MB
  [ComfyUI] [worker:ComfyUI-TRELLIS2] [C2S3d] post-conv2 (cache cleared): alloc=1455MB
  [ComfyUI] [worker:ComfyUI-TRELLIS2] [C2S3d] after chunked skip: alloc=1455MB
  [ComfyUI] [SubprocessWorker] callback 'report_progress' from call_id=42
  [ComfyUI] [worker:ComfyUI-TRELLIS2] [VRAM] -366MB (now 1089MB) reserved=1280MB peak=2680MB
  [capture-loop] iter=500 t=63.4s state={'complete': False, 'error': None, 'executedCount': 1, 'wsState': 1} eval_ms=4 ram=16.3/31.2GB (52%) swap=1.6/32.0GB (5%) cpu=8% browser_rss=0.69GB
  [ComfyUI] [SubprocessWorker] callback 'report_progress' from call_id=42
  [ComfyUI] [SubprocessWorker] callback 'report_progress' from call_id=42
  [ComfyUI] [SubprocessWorker] callback 'report_progress' from call_id=42
  [ComfyUI] [worker:ComfyUI-TRELLIS2] [VRAM] -899MB (now 191MB) reserved=286MB peak=2680MB
  [ComfyUI] [SubprocessWorker] got response: ok
  [ComfyUI] [comfy-env] Created 2 model patchers: ['SLatFlowModel_6', 'SparseUnetVaeDecoder_7']
  [ComfyUI] [comfy-env] Trellis2ShapeToTexturedMesh done (20.78s): result: NodeOutput
  [ComfyUI] [VRAM] After Trellis2ShapeToTexturedMesh: 1192 / 24124 MB
  [ComfyUI] [VRAM] Loaded: SubprocessModel (0 MB), SubprocessModel (0 MB), SubprocessModel (0 MB), SubprocessModel (0 MB), SubprocessModel (0 MB), SubprocessModel (0 MB), SubprocessModel (0 MB)
  [ComfyUI] [comfy-env] Running Trellis2ProcessMesh: remesh: dict, target_face_count: 500000, floater_threshold: 0.001, weld_vertices: True, weld_digits: 4, chart_cone_angle: 90.0, chart_refine_iterations: 1, chart_global_iterations: 1, chart_smooth_strength: 1, trimesh: Trimesh
  [ComfyUI] [VRAM] Before Trellis2ProcessMesh: 1192 / 24124 MB
  [ComfyUI] [VRAM] Loaded: SubprocessModel (0 MB), SubprocessModel (0 MB), SubprocessModel (0 MB), SubprocessModel (0 MB), SubprocessModel (0 MB), SubprocessModel (0 MB), SubprocessModel (0 MB)
  [ComfyUI] [SubprocessWorker] call_method: nodes.nodes_unwrap.Trellis2ProcessMesh.EXECUTE_NORMALIZED
  [ComfyUI] [SubprocessWorker] acquired lock, ensuring started...
  [ComfyUI] [ComfyUI-TRELLIS2] Health check: ping (timeout=5.0s)...
  [ComfyUI] [ComfyUI-TRELLIS2] Health check: ok
  [ComfyUI] [SubprocessWorker] worker started/confirmed
  [ComfyUI] [SubprocessWorker] serializing kwargs to shm...
  [ComfyUI] [SubprocessWorker] created 1 shm blocks
  [ComfyUI] [SubprocessWorker] sending request via socket...
  [ComfyUI] [SubprocessWorker] call_id=43 sending call_method
  Frame 29 saved (frame_028.jpg, t=64.8s)
  [capture-periodic] freeze=3ms shot=241ms unfreeze=3ms saved=True
  [ComfyUI] [worker:ComfyUI-TRELLIS2] [VRAM] ProcessMesh Start: alloc=9MB reserved=286MB peak=9MB
  [ComfyUI] [worker:ComfyUI-TRELLIS2] [ProcessMesh] Input: 2167386 verts, 5245490 faces (alloc=93MB)
  [ComfyUI] [worker:ComfyUI-TRELLIS2] [ProcessMesh] Remeshing (quad DC, resolution=512, band=1.0, remove_inner_faces=True)... (alloc=93MB)
  Frame 30 saved (frame_029.jpg, t=67.1s)
  [capture-periodic] freeze=3ms shot=241ms unfreeze=4ms saved=True
  [ComfyUI] 
  [ComfyUI] Sparse Grid:   0%|          | 0/5 [00:00<?, ?it/s]
  [ComfyUI] Sparse Grid: 100%|██████████| 5/5 [00:00<00:00, 57.30it/s]
  [ComfyUI] [worker:ComfyUI-TRELLIS2] Dual Contouring ...
  [ComfyUI] [worker:ComfyUI-TRELLIS2] Quad Topology ...
  [ComfyUI] [worker:ComfyUI-TRELLIS2] [VRAM] +634MB (now 826MB) reserved=986MB peak=2680MB
  [ComfyUI] [worker:ComfyUI-TRELLIS2] Re-indexing vertices ...
  [ComfyUI] [worker:ComfyUI-TRELLIS2] Removing Inner Layer for 2133822 quads ...
  [capture-loop] iter=550 t=69.4s state={'complete': False, 'error': None, 'executedCount': 1, 'wsState': 1} eval_ms=3 ram=18.1/31.2GB (58%) swap=1.6/32.0GB (5%) cpu=6% browser_rss=0.69GB
  [ComfyUI] [worker:ComfyUI-TRELLIS2] Re-indexing vertices after quad filtering ...
  [ComfyUI] [worker:ComfyUI-TRELLIS2] Triangulation ...
  [ComfyUI] [worker:ComfyUI-TRELLIS2] [ProcessMesh] After remesh: 1015251 verts, 1789978 faces (alloc=93MB)
  [ComfyUI] [worker:ComfyUI-TRELLIS2] [ProcessMesh] Removing floaters (area_threshold=0.001)... (alloc=9MB)
  [ComfyUI] [worker:ComfyUI-TRELLIS2] [VRAM] -534MB (now 292MB) reserved=1106MB peak=2680MB
  [ComfyUI] [worker:ComfyUI-TRELLIS2] [ProcessMesh] After floater removal: 843786 verts, 1671942 faces (alloc=9MB)
  [ComfyUI] [worker:ComfyUI-TRELLIS2] [ProcessMesh] Simplifying to 500000 faces... (alloc=9MB)
  [ComfyUI] 
  [ComfyUI] Simplifying:   0%|          | 0/1171942 [00:00<?, ?it/s]
  [ComfyUI] Simplifying [thres=1.00e-08]:   0%|          | 0/1171942 [00:00<?, ?it/s]
  [ComfyUI] Simplifying [thres=1.00e-08]:   2%|▏         | 24630/1171942 [00:00<00:00, 1760792.70it/s]
  [ComfyUI] Simplifying [thres=1.00e-07]:   3%|▎         | 40907/1171942 [00:00<00:00, 1528139.03it/s]
  [ComfyUI] Simplifying [thres=1.00e-07]:  13%|█▎        | 153567/1171942 [00:00<00:00, 3904836.48it/s]
  [ComfyUI] Simplifying [thres=1.00e-07]:  22%|██▏       | 260921/1171942 [00:00<00:00, 5091143.36it/s]
  [ComfyUI] Simplifying [thres=1.00e-07]:  31%|███       | 360030/1171942 [00:00<00:00, 5744745.41it/s]
  [ComfyUI] Simplifying [thres=1.00e-07]:  39%|███▊      | 451791/1171942 [00:00<00:00, 6120517.04it/s]
  [ComfyUI] Simplifying [thres=1.00e-07]:  46%|████▌     | 535943/1171942 [00:00<00:00, 6316477.10it/s]
  [ComfyUI] Simplifying [thres=1.00e-07]:  52%|█████▏    | 612863/1171942 [00:00<00:00, 6368318.95it/s]
  [ComfyUI] Simplifying [thres=1.00e-07]:  58%|█████▊    | 682579/1171942 [00:00<00:00, 6442340.33it/s]
  [ComfyUI] Simplifying [thres=1.00e-07]:  58%|█████▊    | 682579/1171942 [00:00<00:00, 6442340.33it/s]
  [ComfyUI] Simplifying [thres=1.00e-07]:  64%|██████▎   | 745198/1171942 [00:00<00:00, 6442340.33it/s]
  [ComfyUI] Simplifying [thres=1.00e-07]:  68%|██████▊   | 801461/1171942 [00:00<00:00, 6442340.33it/s]
  [ComfyUI] Simplifying [thres=1.00e-07]:  73%|███████▎  | 851635/1171942 [00:00<00:00, 6442340.33it/s]
  [ComfyUI] Simplifying [thres=1.00e-07]:  77%|███████▋  | 896600/1171942 [00:00<00:00, 6442340.33it/s]
  [ComfyUI] Simplifying [thres=1.00e-07]:  80%|███████▉  | 936597/1171942 [00:00<00:00, 6442340.33it/s]
  [ComfyUI] Simplifying [thres=1.00e-07]:  83%|████████▎ | 971346/1171942 [00:00<00:00, 6442340.33it/s]
  [ComfyUI] Simplifying [thres=1.00e-07]:  85%|████████▌ | 1001534/1171942 [00:00<00:00, 6442340.33it/s]
  [ComfyUI] Simplifying [thres=1.00e-07]:  88%|████████▊ | 1027251/1171942 [00:00<00:00, 6442340.33it/s]
  [ComfyUI] Simplifying [thres=1.00e-07]:  89%|████████▉ | 1048880/1171942 [00:00<00:00, 6442340.33it/s]
  [ComfyUI] Simplifying [thres=1.00e-07]:  91%|█████████ | 1066958/1171942 [00:00<00:00, 6442340.33it/s]
  [ComfyUI] Simplifying [thres=1.00e-07]:  92%|█████████▏| 1082016/1171942 [00:00<00:00, 6442340.33it/s]
  [ComfyUI] Simplifying [thres=1.00e-07]:  93%|█████████▎| 1094609/1171942 [00:00<00:00, 6442340.33it/s]
  [ComfyUI] Simplifying [thres=1.00e-07]:  94%|█████████▍| 1105466/1171942 [00:00<00:00, 6442340.33it/s]
  [ComfyUI] Simplifying [thres=1.00e-07]:  95%|█████████▌| 1114567/1171942 [00:00<00:00, 6442340.33it/s]
  [ComfyUI] Simplifying [thres=1.00e-07]:  96%|█████████▌| 1122340/1171942 [00:00<00:00, 6442340.33it/s]
  [ComfyUI] Simplifying [thres=1.00e-07]:  96%|█████████▋| 1128825/1171942 [00:00<00:00, 6442340.33it/s]
  [ComfyUI] Simplifying [thres=1.00e-07]:  97%|█████████▋| 1134531/1171942 [00:00<00:00, 6442340.33it/s]
  [ComfyUI] Simplifying [thres=1.00e-06]:  97%|█████████▋| 1139503/1171942 [00:00<00:00, 6442340.33it/s]
  [ComfyUI] Simplifying [thres=1.00e-06]: 100%|██████████| 1171942/1171942 [00:00<00:00, 5143642.72it/s]
  [ComfyUI] [worker:ComfyUI-TRELLIS2] [ProcessMesh] After simplify: 247044 verts, 487282 faces (alloc=9MB)
  [ComfyUI] [worker:ComfyUI-TRELLIS2] [ProcessMesh] Welding vertices (digits=4)... (alloc=9MB)
  [ComfyUI] [worker:ComfyUI-TRELLIS2] [ProcessMesh] After weld: 247044 -> 246276 verts, 487276 faces (alloc=17MB)
  [ComfyUI] [worker:ComfyUI-TRELLIS2] [ProcessMesh] UV unwrapping... (alloc=9MB)
  [ComfyUI] [worker:ComfyUI-TRELLIS2] Get 2912 clusters after fast clustering
  [ComfyUI] 
  [ComfyUI] Adding clusters to xatlas:   0%|          | 0/2912 [00:00<?, ?it/s]
  [ComfyUI] Adding clusters to xatlas:  32%|███▏      | 930/2912 [00:00<00:00, 9296.17it/s]
  [ComfyUI] Adding clusters to xatlas:  66%|██████▌   | 1922/2912 [00:00<00:00, 9659.30it/s][worker:ComfyUI-TRELLIS2] [VRAM] -274MB (now 19MB) reserved=1106MB peak=2680MB
  [ComfyUI] 
  [ComfyUI] Adding clusters to xatlas: 100%|█████████▉| 2905/2912 [00:00<00:00, 9735.21it/s]
  [ComfyUI] Adding clusters to xatlas: 100%|██████████| 2912/2912 [00:00<00:00, 9674.80it/s]
  [ComfyUI] 
  [ComfyUI] xatlas: Computing charts:   0%|          | 0/100 [00:00<?, ?it/s]
  [ComfyUI] xatlas: Computing charts:   0%|          | 0/100 [00:00<?, ?it/s]
  [ComfyUI] xatlas: Computing charts:   1%|          | 1/100 [00:00<00:00, 483.55it/s]
  [capture-loop] iter=600 t=75.4s state={'complete': False, 'error': None, 'executedCount': 1, 'wsState': 1} eval_ms=3 ram=17.8/31.2GB (57%) swap=1.6/32.0GB (5%) cpu=19% browser_rss=0.64GB
  [ComfyUI] xatlas: Computing charts:   2%|▏         | 2/100 [00:00<00:35,  2.72it/s]
  [ComfyUI] xatlas: Computing charts:   3%|▎         | 3/100 [00:00<00:25,  3.79it/s]
  [ComfyUI] xatlas: Computing charts:   4%|▍         | 4/100 [00:00<00:20,  4.60it/s]
  [ComfyUI] xatlas: Computing charts:   5%|▌         | 5/100 [00:01<00:20,  4.68it/s]
  [ComfyUI] xatlas: Computing charts:   6%|▌         | 6/100 [00:01<00:17,  5.33it/s]
  [ComfyUI] xatlas: Computing charts:   7%|▋         | 7/100 [00:01<00:16,  5.69it/s]
  [ComfyUI] xatlas: Computing charts:   8%|▊         | 8/100 [00:01<00:15,  5.85it/s]
  [ComfyUI] xatlas: Computing charts:   9%|▉         | 9/100 [00:01<00:14,  6.21it/s]
  [ComfyUI] xatlas: Computing charts:  10%|█         | 10/100 [00:01<00:13,  6.47it/s]
  [ComfyUI] xatlas: Computing charts:  11%|█         | 11/100 [00:01<00:12,  6.98it/s]
  [ComfyUI] xatlas: Computing charts:  12%|█▏        | 12/100 [00:01<00:12,  7.13it/s]
  [ComfyUI] xatlas: Computing charts:  13%|█▎        | 13/100 [00:01<00:11,  7.51it/s]
  [ComfyUI] xatlas: Computing charts:  14%|█▍        | 14/100 [00:01<00:10,  7.90it/s]
  [ComfyUI] xatlas: Computing charts:  15%|█▌        | 15/100 [00:01<00:10,  8.08it/s]
  [ComfyUI] xatlas: Computing charts:  16%|█▌        | 16/100 [00:01<00:09,  8.46it/s]
  [ComfyUI] xatlas: Computing charts:  17%|█▋        | 17/100 [00:01<00:09,  8.79it/s]
  [ComfyUI] xatlas: Computing charts:  18%|█▊        | 18/100 [00:02<00:09,  8.87it/s]
  [ComfyUI] xatlas: Computing charts:  19%|█▉        | 19/100 [00:02<00:08,  9.08it/s]
  [ComfyUI] xatlas: Computing charts:  20%|██        | 20/100 [00:02<00:08,  9.26it/s]
  [ComfyUI] xatlas: Computing charts:  21%|██        | 21/100 [00:02<00:08,  9.43it/s]
  [ComfyUI] xatlas: Computing charts:  22%|██▏       | 22/100 [00:02<00:08,  9.64it/s]
  [ComfyUI] xatlas: Computing charts:  23%|██▎       | 23/100 [00:02<00:07,  9.95it/s]
  [ComfyUI] xatlas: Computing charts:  24%|██▍       | 24/100 [00:02<00:07, 10.18it/s]
  [ComfyUI] xatlas: Computing charts:  25%|██▌       | 25/100 [00:02<00:07, 10.44it/s]
  [ComfyUI] xatlas: Computing charts:  26%|██▌       | 26/100 [00:02<00:06, 10.64it/s]
  [ComfyUI] xatlas: Computing charts:  27%|██▋       | 27/100 [00:02<00:06, 10.79it/s]
  [ComfyUI] xatlas: Computing charts:  28%|██▊       | 28/100 [00:02<00:06, 10.99it/s]
  [ComfyUI] xatlas: Computing charts:  29%|██▉       | 29/100 [00:02<00:06, 11.30it/s]
  [ComfyUI] xatlas: Computing charts:  30%|███       | 30/100 [00:02<00:06, 11.64it/s]
  [ComfyUI] xatlas: Computing charts:  31%|███       | 31/100 [00:02<00:05, 11.83it/s]
  [ComfyUI] xatlas: Computing charts:  32%|███▏      | 32/100 [00:02<00:05, 11.97it/s]
  [ComfyUI] xatlas: Computing charts:  33%|███▎      | 33/100 [00:02<00:05, 12.16it/s]
  [ComfyUI] xatlas: Computing charts:  34%|███▍      | 34/100 [00:02<00:05, 12.34it/s]
  [ComfyUI] xatlas: Computing charts:  35%|███▌      | 35/100 [00:02<00:05, 12.54it/s]
  [ComfyUI] xatlas: Computing charts:  36%|███▌      | 36/100 [00:02<00:05, 12.73it/s]
  [ComfyUI] xatlas: Computing charts:  37%|███▋      | 37/100 [00:02<00:04, 12.96it/s]
  [ComfyUI] xatlas: Computing charts:  38%|███▊      | 38/100 [00:02<00:04, 13.17it/s]
  [ComfyUI] xatlas: Computing charts:  39%|███▉      | 39/100 [00:02<00:04, 13.43it/s]
  [ComfyUI] xatlas: Computing charts:  40%|████      | 40/100 [00:02<00:04, 13.66it/s]
  [ComfyUI] xatlas: Computing charts:  41%|████      | 41/100 [00:02<00:04, 13.93it/s]
  [ComfyUI] xatlas: Computing charts:  42%|████▏     | 42/100 [00:02<00:04, 14.17it/s]
  [ComfyUI] xatlas: Computing charts:  43%|████▎     | 43/100 [00:02<00:03, 14.40it/s]
  [ComfyUI] xatlas: Computing charts:  44%|████▍     | 44/100 [00:02<00:03, 14.67it/s]
  [ComfyUI] xatlas: Computing charts:  45%|████▌     | 45/100 [00:03<00:03, 14.93it/s]
  [ComfyUI] xatlas: Computing charts:  46%|████▌     | 46/100 [00:03<00:03, 15.20it/s]
  [ComfyUI] xatlas: Computing charts:  47%|████▋     | 47/100 [00:03<00:03, 15.48it/s]
  [ComfyUI] xatlas: Computing charts:  48%|████▊     | 48/100 [00:03<00:03, 15.78it/s]
  [ComfyUI] xatlas: Computing charts:  49%|████▉     | 49/100 [00:03<00:03, 14.55it/s]
  [ComfyUI] xatlas: Computing charts:  50%|█████     | 50/100 [00:03<00:03, 13.68it/s]
  [ComfyUI] xatlas: Computing charts:  52%|█████▏    | 52/100 [00:04<00:03, 13.00it/s]
  [ComfyUI] xatlas: Computing charts:  53%|█████▎    | 53/100 [00:04<00:03, 12.26it/s]
  [capture-loop] iter=650 t=81.7s state={'complete': False, 'error': None, 'executedCount': 1, 'wsState': 1} eval_ms=3 ram=17.9/31.2GB (58%) swap=1.6/32.0GB (5%) cpu=50% browser_rss=0.64GB
  [ComfyUI] xatlas: Computing charts:  55%|█████▌    | 55/100 [00:06<00:05,  8.55it/s]
  [ComfyUI] xatlas: Computing charts:  57%|█████▋    | 57/100 [00:08<00:06,  6.57it/s]
  [ComfyUI] xatlas: Computing charts:  58%|█████▊    | 58/100 [00:10<00:07,  5.80it/s]
  [ComfyUI] xatlas: Computing charts:  59%|█████▉    | 59/100 [00:11<00:07,  5.17it/s]
  [ComfyUI] xatlas: Computing charts: 100%|██████████| 100/100 [00:11<00:00,  8.76it/s]
  [ComfyUI] xatlas: Computing charts: 100%|██████████| 100/100 [00:11<00:00,  8.76it/s]
  [ComfyUI] 
  [ComfyUI] xatlas: Packing charts:   0%|          | 0/100 [00:00<?, ?it/s]
  [ComfyUI] xatlas: Packing charts:   0%|          | 0/100 [00:00<?, ?it/s]
  [ComfyUI] xatlas: Packing charts:   1%|          | 1/100 [00:00<00:16,  5.89it/s]
  [ComfyUI] xatlas: Packing charts:   2%|▏         | 2/100 [00:00<00:11,  8.33it/s]
  [ComfyUI] xatlas: Packing charts:   3%|▎         | 3/100 [00:00<00:09, 10.36it/s]
  [ComfyUI] xatlas: Packing charts:   4%|▍         | 4/100 [00:00<00:07, 12.26it/s]
  [ComfyUI] xatlas: Packing charts:   5%|▌         | 5/100 [00:00<00:06, 14.06it/s]
  [ComfyUI] xatlas: Packing charts:   6%|▌         | 6/100 [00:00<00:05, 15.78it/s]
  [ComfyUI] xatlas: Packing charts:   7%|▋         | 7/100 [00:00<00:05, 17.44it/s]
  [ComfyUI] xatlas: Packing charts:   8%|▊         | 8/100 [00:00<00:04, 19.18it/s]
  [ComfyUI] xatlas: Packing charts:   9%|▉         | 9/100 [00:00<00:04, 20.96it/s]
  [ComfyUI] xatlas: Packing charts:  10%|█         | 10/100 [00:00<00:03, 22.76it/s]
  [ComfyUI] xatlas: Packing charts:  11%|█         | 11/100 [00:00<00:03, 24.59it/s]
  [ComfyUI] xatlas: Packing charts:  12%|█▏        | 12/100 [00:00<00:03, 26.41it/s]
  [ComfyUI] xatlas: Packing charts:  13%|█▎        | 13/100 [00:00<00:03, 28.21it/s]
  [ComfyUI] xatlas: Packing charts:  14%|█▍        | 14/100 [00:00<00:02, 30.02it/s]
  [ComfyUI] xatlas: Packing charts:  15%|█▌        | 15/100 [00:00<00:02, 31.85it/s]
  [ComfyUI] xatlas: Packing charts:  16%|█▌        | 16/100 [00:00<00:02, 33.70it/s]
  [ComfyUI] xatlas: Packing charts:  17%|█▋        | 17/100 [00:00<00:02, 35.53it/s]
  [ComfyUI] xatlas: Packing charts:  18%|█▊        | 18/100 [00:00<00:02, 37.36it/s]
  [ComfyUI] xatlas: Packing charts:  19%|█▉        | 19/100 [00:00<00:02, 39.17it/s]
  [ComfyUI] xatlas: Packing charts:  20%|██        | 20/100 [00:00<00:01, 40.98it/s]
  [ComfyUI] xatlas: Packing charts:  21%|██        | 21/100 [00:00<00:01, 42.80it/s]
  [ComfyUI] xatlas: Packing charts:  22%|██▏       | 22/100 [00:00<00:01, 44.61it/s]
  [ComfyUI] xatlas: Packing charts:  23%|██▎       | 23/100 [00:00<00:01, 46.43it/s]
  [ComfyUI] xatlas: Packing charts:  24%|██▍       | 24/100 [00:00<00:01, 48.25it/s]
  [ComfyUI] xatlas: Packing charts:  25%|██▌       | 25/100 [00:00<00:01, 50.09it/s]
  [ComfyUI] xatlas: Packing charts:  26%|██▌       | 26/100 [00:00<00:01, 51.90it/s]
  [ComfyUI] xatlas: Packing charts:  27%|██▋       | 27/100 [00:00<00:01, 53.76it/s]
  [ComfyUI] xatlas: Packing charts:  28%|██▊       | 28/100 [00:00<00:01, 55.61it/s]
  [ComfyUI] xatlas: Packing charts:  29%|██▉       | 29/100 [00:00<00:01, 57.45it/s]
  [ComfyUI] xatlas: Packing charts:  30%|███       | 30/100 [00:00<00:01, 59.27it/s]
  [ComfyUI] xatlas: Packing charts:  31%|███       | 31/100 [00:00<00:01, 61.11it/s]
  [ComfyUI] xatlas: Packing charts:  32%|███▏      | 32/100 [00:00<00:01, 62.96it/s]
  [ComfyUI] xatlas: Packing charts:  33%|███▎      | 33/100 [00:00<00:01, 64.78it/s]
  [ComfyUI] xatlas: Packing charts:  34%|███▍      | 34/100 [00:00<00:00, 66.62it/s]
  [ComfyUI] xatlas: Packing charts:  35%|███▌      | 35/100 [00:00<00:00, 68.47it/s]
  [ComfyUI] xatlas: Packing charts:  36%|███▌      | 36/100 [00:00<00:00, 70.30it/s]
  [ComfyUI] xatlas: Packing charts:  37%|███▋      | 37/100 [00:00<00:00, 72.11it/s]
  [ComfyUI] xatlas: Packing charts:  38%|███▊      | 38/100 [00:00<00:00, 73.95it/s]
  [ComfyUI] xatlas: Packing charts:  39%|███▉      | 39/100 [00:00<00:00, 75.80it/s]
  [ComfyUI] xatlas: Packing charts:  40%|████      | 40/100 [00:00<00:00, 77.63it/s]
  [ComfyUI] xatlas: Packing charts:  41%|████      | 41/100 [00:00<00:00, 79.45it/s]
  [ComfyUI] xatlas: Packing charts:  42%|████▏     | 42/100 [00:00<00:00, 81.29it/s]
  [ComfyUI] xatlas: Packing charts:  43%|████▎     | 43/100 [00:00<00:00, 83.13it/s]
  [ComfyUI] xatlas: Packing charts:  44%|████▍     | 44/100 [00:00<00:00, 84.96it/s]
  [ComfyUI] xatlas: Packing charts:  45%|████▌     | 45/100 [00:00<00:00, 86.75it/s]
  [ComfyUI] xatlas: Packing charts:  46%|████▌     | 46/100 [00:00<00:00, 88.58it/s]
  [ComfyUI] xatlas: Packing charts:  47%|████▋     | 47/100 [00:00<00:00, 90.42it/s]
  [ComfyUI] xatlas: Packing charts:  48%|████▊     | 48/100 [00:00<00:00, 92.25it/s]
  [ComfyUI] xatlas: Packing charts:  49%|████▉     | 49/100 [00:00<00:00, 94.07it/s]
  [ComfyUI] xatlas: Packing charts:  50%|█████     | 50/100 [00:00<00:00, 95.86it/s]
  [ComfyUI] xatlas: Packing charts:  51%|█████     | 51/100 [00:00<00:00, 97.68it/s]
  [ComfyUI] xatlas: Packing charts:  52%|█████▏    | 52/100 [00:00<00:00, 99.51it/s]
  [ComfyUI] xatlas: Packing charts:  53%|█████▎    | 53/100 [00:00<00:00, 101.34it/s]
  [ComfyUI] xatlas: Packing charts:  54%|█████▍    | 54/100 [00:00<00:00, 103.18it/s]
  [ComfyUI] xatlas: Packing charts:  55%|█████▌    | 55/100 [00:00<00:00, 105.00it/s]
  [ComfyUI] xatlas: Packing charts:  56%|█████▌    | 56/100 [00:00<00:00, 106.79it/s]
  [ComfyUI] xatlas: Packing charts:  57%|█████▋    | 57/100 [00:00<00:00, 108.59it/s]
  [ComfyUI] xatlas: Packing charts:  58%|█████▊    | 58/100 [00:00<00:00, 110.41it/s]
  [ComfyUI] xatlas: Packing charts:  59%|█████▉    | 59/100 [00:00<00:00, 112.24it/s]
  [ComfyUI] xatlas: Packing charts:  60%|██████    | 60/100 [00:00<00:00, 114.06it/s]
  [ComfyUI] xatlas: Packing charts:  61%|██████    | 61/100 [00:00<00:00, 115.89it/s]
  [ComfyUI] xatlas: Packing charts:  62%|██████▏   | 62/100 [00:00<00:00, 117.71it/s]
  [ComfyUI] xatlas: Packing charts:  63%|██████▎   | 63/100 [00:00<00:00, 119.51it/s]
  [ComfyUI] xatlas: Packing charts:  64%|██████▍   | 64/100 [00:00<00:00, 121.31it/s]
  [ComfyUI] xatlas: Packing charts:  65%|██████▌   | 65/100 [00:00<00:00, 123.10it/s]
  [ComfyUI] xatlas: Packing charts:  66%|██████▌   | 66/100 [00:00<00:00, 124.91it/s]
  [ComfyUI] xatlas: Packing charts:  67%|██████▋   | 67/100 [00:00<00:00, 126.74it/s]
  [ComfyUI] xatlas: Packing charts:  68%|██████▊   | 68/100 [00:00<00:00, 128.56it/s]
  [ComfyUI] xatlas: Packing charts:  69%|██████▉   | 69/100 [00:00<00:00, 130.39it/s]
  [ComfyUI] xatlas: Packing charts:  70%|███████   | 70/100 [00:00<00:00, 132.21it/s]
  [ComfyUI] xatlas: Packing charts:  71%|███████   | 71/100 [00:00<00:00, 134.04it/s]
  [ComfyUI] xatlas: Packing charts:  72%|███████▏  | 72/100 [00:00<00:00, 135.84it/s]
  [ComfyUI] xatlas: Packing charts:  73%|███████▎  | 73/100 [00:00<00:00, 137.64it/s]
  [ComfyUI] xatlas: Packing charts:  74%|███████▍  | 74/100 [00:00<00:00, 139.45it/s]
  [ComfyUI] xatlas: Packing charts:  75%|███████▌  | 75/100 [00:00<00:00, 141.25it/s]
  [ComfyUI] xatlas: Packing charts:  76%|███████▌  | 76/100 [00:00<00:00, 143.06it/s]
  [ComfyUI] xatlas: Packing charts:  77%|███████▋  | 77/100 [00:00<00:00, 144.87it/s]
  [ComfyUI] xatlas: Packing charts:  78%|███████▊  | 78/100 [00:00<00:00, 146.67it/s]
  [ComfyUI] xatlas: Packing charts:  79%|███████▉  | 79/100 [00:00<00:00, 148.50it/s]
  [ComfyUI] xatlas: Packing charts:  80%|████████  | 80/100 [00:00<00:00, 150.33it/s]
  [ComfyUI] xatlas: Packing charts:  81%|████████  | 81/100 [00:00<00:00, 152.16it/s]
  [ComfyUI] xatlas: Packing charts:  82%|████████▏ | 82/100 [00:00<00:00, 153.97it/s]
  [ComfyUI] xatlas: Packing charts:  83%|████████▎ | 83/100 [00:00<00:00, 155.78it/s]
  [ComfyUI] xatlas: Packing charts:  84%|████████▍ | 84/100 [00:00<00:00, 157.59it/s]
  [ComfyUI] xatlas: Packing charts:  85%|████████▌ | 85/100 [00:00<00:00, 159.38it/s]
  [ComfyUI] xatlas: Packing charts:  86%|████████▌ | 86/100 [00:00<00:00, 161.18it/s]
  [ComfyUI] xatlas: Packing charts:  87%|████████▋ | 87/100 [00:00<00:00, 162.98it/s]
  [ComfyUI] xatlas: Packing charts:  88%|████████▊ | 88/100 [00:00<00:00, 164.79it/s]
  [ComfyUI] xatlas: Packing charts:  89%|████████▉ | 89/100 [00:00<00:00, 166.60it/s]
  [ComfyUI] xatlas: Packing charts:  90%|█████████ | 90/100 [00:00<00:00, 168.41it/s]
  [ComfyUI] xatlas: Packing charts:  91%|█████████ | 91/100 [00:00<00:00, 170.21it/s]
  [ComfyUI] xatlas: Packing charts:  92%|█████████▏| 92/100 [00:00<00:00, 172.01it/s]
  [ComfyUI] xatlas: Packing charts:  93%|█████████▎| 93/100 [00:00<00:00, 173.82it/s]
  [ComfyUI] xatlas: Packing charts:  94%|█████████▍| 94/100 [00:00<00:00, 175.63it/s]
  [ComfyUI] xatlas: Packing charts:  95%|█████████▌| 95/100 [00:00<00:00, 177.43it/s]
  [ComfyUI] xatlas: Packing charts:  96%|█████████▌| 96/100 [00:00<00:00, 179.23it/s]
  [ComfyUI] xatlas: Packing charts:  97%|█████████▋| 97/100 [00:00<00:00, 181.03it/s]
  [ComfyUI] xatlas: Packing charts:  98%|█████████▊| 98/100 [00:00<00:00, 182.82it/s]
  [ComfyUI] xatlas: Packing charts:  99%|█████████▉| 99/100 [00:00<00:00, 184.60it/s]
  [ComfyUI] xatlas: Packing charts: 100%|██████████| 100/100 [00:00<00:00, 186.40it/s]
  [ComfyUI] xatlas: Packing charts: 100%|██████████| 100/100 [00:00<00:00, 185.82it/s]
  [ComfyUI] 
  [ComfyUI] xatlas: Building output meshes:   0%|          | 0/100 [00:00<?, ?it/s]
  [ComfyUI] xatlas: Building output meshes:   0%|          | 0/100 [00:00<?, ?it/s]
  [ComfyUI] xatlas: Building output meshes:   1%|          | 1/100 [00:00<00:00, 2007.80it/s]
  [ComfyUI] xatlas: Building output meshes:   2%|▏         | 2/100 [00:00<00:00, 3201.76it/s]
  [ComfyUI] xatlas: Building output meshes:   3%|▎         | 3/100 [00:00<00:00, 3691.09it/s]
  [ComfyUI] xatlas: Building output meshes:   4%|▍         | 4/100 [00:00<00:00, 4186.98it/s]
  [ComfyUI] xatlas: Building output meshes:   5%|▌         | 5/100 [00:00<00:00, 4657.23it/s]
  [ComfyUI] xatlas: Building output meshes:   6%|▌         | 6/100 [00:00<00:00, 5008.12it/s]
  [ComfyUI] xatlas: Building output meshes:   7%|▋         | 7/100 [00:00<00:00, 5186.39it/s]
  [ComfyUI] xatlas: Building output meshes:   8%|▊         | 8/100 [00:00<00:00, 5484.54it/s]
  [ComfyUI] xatlas: Building output meshes:   9%|▉         | 9/100 [00:00<00:00, 5596.55it/s]
  [ComfyUI] xatlas: Building output meshes:  10%|█         | 10/100 [00:00<00:00, 5592.41it/s]
  [ComfyUI] xatlas: Building output meshes:  11%|█         | 11/100 [00:00<00:00, 5501.71it/s]
  [ComfyUI] xatlas: Building output meshes:  12%|█▏        | 12/100 [00:00<00:00, 5153.24it/s]
  [ComfyUI] xatlas: Building output meshes:  13%|█▎        | 13/100 [00:00<00:00, 5288.65it/s]
  [ComfyUI] xatlas: Building output meshes:  14%|█▍        | 14/100 [00:00<00:00, 5399.07it/s]
  [ComfyUI] xatlas: Building output meshes:  15%|█▌        | 15/100 [00:00<00:00, 5512.05it/s]
  [ComfyUI] xatlas: Building output meshes:  16%|█▌        | 16/100 [00:00<00:00, 5576.14it/s]
  [ComfyUI] xatlas: Building output meshes:  17%|█▋        | 17/100 [00:00<00:00, 5741.46it/s]
  [ComfyUI] xatlas: Building output meshes:  18%|█▊        | 18/100 [00:00<00:00, 5830.37it/s]
  [ComfyUI] xatlas: Building output meshes:  19%|█▉        | 19/100 [00:00<00:00, 5728.28it/s]
  [ComfyUI] xatlas: Building output meshes:  20%|██        | 20/100 [00:00<00:00, 5669.89it/s]
  [ComfyUI] xatlas: Building output meshes:  21%|██        | 21/100 [00:00<00:00, 5769.71it/s]
  [ComfyUI] xatlas: Building output meshes:  22%|██▏       | 22/100 [00:00<00:00, 5693.16it/s]
  [ComfyUI] xatlas: Building output meshes:  23%|██▎       | 23/100 [00:00<00:00, 5793.93it/s]
  [ComfyUI] xatlas: Building output meshes:  24%|██▍       | 24/100 [00:00<00:00, 5880.90it/s]
  [ComfyUI] xatlas: Building output meshes:  25%|██▌       | 25/100 [00:00<00:00, 5937.58it/s]
  [ComfyUI] xatlas: Building output meshes:  26%|██▌       | 26/100 [00:00<00:00, 5915.48it/s]
  [ComfyUI] xatlas: Building output meshes:  27%|██▋       | 27/100 [00:00<00:00, 5963.47it/s]
  [ComfyUI] xatlas: Building output meshes:  28%|██▊       | 28/100 [00:00<00:00, 6035.59it/s]
  [ComfyUI] xatlas: Building output meshes:  29%|██▉       | 29/100 [00:00<00:00, 6080.83it/s]
  [ComfyUI] xatlas: Building output meshes:  30%|███       | 30/100 [00:00<00:00, 6172.94it/s]
  [ComfyUI] xatlas: Building output meshes:  31%|███       | 31/100 [00:00<00:00, 6238.23it/s]
  [ComfyUI] xatlas: Building output meshes:  32%|███▏      | 32/100 [00:00<00:00, 6265.71it/s]
  [ComfyUI] xatlas: Building output meshes:  33%|███▎      | 33/100 [00:00<00:00, 6341.61it/s]
  [ComfyUI] xatlas: Building output meshes:  34%|███▍      | 34/100 [00:00<00:00, 6428.34it/s]
  [ComfyUI] xatlas: Building output meshes:  35%|███▌      | 35/100 [00:00<00:00, 6473.26it/s]
  [ComfyUI] xatlas: Building output meshes:  36%|███▌      | 36/100 [00:00<00:00, 6533.47it/s]
  [ComfyUI] xatlas: Building output meshes:  37%|███▋      | 37/100 [00:00<00:00, 6595.38it/s]
  [ComfyUI] xatlas: Building output meshes:  38%|███▊      | 38/100 [00:00<00:00, 6666.82it/s]
  [ComfyUI] xatlas: Building output meshes:  39%|███▉      | 39/100 [00:00<00:00, 6731.05it/s]
  [ComfyUI] xatlas: Building output meshes:  40%|████      | 40/100 [00:00<00:00, 6783.61it/s]
  [ComfyUI] xatlas: Building output meshes:  41%|████      | 41/100 [00:00<00:00, 6785.56it/s]
  [ComfyUI] xatlas: Building output meshes:  42%|████▏     | 42/100 [00:00<00:00, 6846.51it/s]
  [ComfyUI] xatlas: Building output meshes:  43%|████▎     | 43/100 [00:00<00:00, 6796.62it/s]
  [ComfyUI] xatlas: Building output meshes:  44%|████▍     | 44/100 [00:00<00:00, 6538.04it/s]
  [ComfyUI] xatlas: Building output meshes:  45%|████▌     | 45/100 [00:00<00:00, 6535.90it/s]
  [ComfyUI] xatlas: Building output meshes:  46%|████▌     | 46/100 [00:00<00:00, 6577.73it/s]
  [ComfyUI] xatlas: Building output meshes:  47%|████▋     | 47/100 [00:00<00:00, 6622.51it/s]
  [ComfyUI] xatlas: Building output meshes:  48%|████▊     | 48/100 [00:00<00:00, 6666.44it/s]
  [ComfyUI] xatlas: Building output meshes:  49%|████▉     | 49/100 [00:00<00:00, 6692.53it/s]
  [ComfyUI] xatlas: Building output meshes:  50%|█████     | 50/100 [00:00<00:00, 6686.49it/s]
  [ComfyUI] xatlas: Building output meshes:  51%|█████     | 51/100 [00:00<00:00, 6719.11it/s]
  [ComfyUI] xatlas: Building output meshes:  52%|█████▏    | 52/100 [00:00<00:00, 6768.79it/s]
  [ComfyUI] xatlas: Building output meshes:  53%|█████▎    | 53/100 [00:00<00:00, 6803.52it/s]
  [ComfyUI] xatlas: Building output meshes:  54%|█████▍    | 54/100 [00:00<00:00, 6819.39it/s]
  [ComfyUI] xatlas: Building output meshes:  55%|█████▌    | 55/100 [00:00<00:00, 6825.25it/s]
  [ComfyUI] xatlas: Building output meshes:  56%|█████▌    | 56/100 [00:00<00:00, 6848.44it/s]
  [ComfyUI] xatlas: Building output meshes:  57%|█████▋    | 57/100 [00:00<00:00, 6891.77it/s]
  [ComfyUI] xatlas: Building output meshes:  58%|█████▊    | 58/100 [00:00<00:00, 6880.19it/s]
  [ComfyUI] xatlas: Building output meshes:  59%|█████▉    | 59/100 [00:00<00:00, 6901.80it/s]
  [ComfyUI] xatlas: Building output meshes:  60%|██████    | 60/100 [00:00<00:00, 6912.74it/s]
  [ComfyUI] xatlas: Building output meshes:  61%|██████    | 61/100 [00:00<00:00, 6881.09it/s]
  [ComfyUI] xatlas: Building output meshes:  62%|██████▏   | 62/100 [00:00<00:00, 6912.83it/s]
  [ComfyUI] xatlas: Building output meshes:  63%|██████▎   | 63/100 [00:00<00:00, 6871.26it/s]
  [ComfyUI] xatlas: Building output meshes:  64%|██████▍   | 64/100 [00:00<00:00, 6809.80it/s]
  [ComfyUI] xatlas: Building output meshes:  65%|██████▌   | 65/100 [00:00<00:00, 6825.13it/s]
  [ComfyUI] xatlas: Building output meshes:  66%|██████▌   | 66/100 [00:00<00:00, 6791.23it/s]
  [ComfyUI] xatlas: Building output meshes:  67%|██████▋   | 67/100 [00:00<00:00, 6816.70it/s]
  [ComfyUI] xatlas: Building output meshes:  68%|██████▊   | 68/100 [00:00<00:00, 6843.57it/s]
  [ComfyUI] xatlas: Building output meshes:  69%|██████▉   | 69/100 [00:00<00:00, 6868.08it/s]
  [ComfyUI] xatlas: Building output meshes:  70%|███████   | 70/100 [00:00<00:00, 6898.85it/s]
  [ComfyUI] xatlas: Building output meshes:  71%|███████   | 71/100 [00:00<00:00, 6928.70it/s]
  [ComfyUI] xatlas: Building output meshes:  72%|███████▏  | 72/100 [00:00<00:00, 6933.85it/s]
  [ComfyUI] xatlas: Building output meshes:  73%|███████▎  | 73/100 [00:00<00:00, 6951.62it/s]
  [ComfyUI] xatlas: Building output meshes:  74%|███████▍  | 74/100 [00:00<00:00, 6973.86it/s]
  [ComfyUI] xatlas: Building output meshes:  75%|███████▌  | 75/100 [00:00<00:00, 7001.71it/s]
  [ComfyUI] xatlas: Building output meshes:  76%|███████▌  | 76/100 [00:00<00:00, 7038.51it/s]
  [ComfyUI] xatlas: Building output meshes:  77%|███████▋  | 77/100 [00:00<00:00, 7066.99it/s]
  [ComfyUI] xatlas: Building output meshes:  78%|███████▊  | 78/100 [00:00<00:00, 7064.93it/s]
  [ComfyUI] xatlas: Building output meshes:  79%|███████▉  | 79/100 [00:00<00:00, 7082.10it/s]
  [ComfyUI] xatlas: Building output meshes:  80%|████████  | 80/100 [00:00<00:00, 7103.42it/s]
  [capture-loop] iter=700 t=87.4s state={'complete': False, 'error': None, 'executedCount': 1, 'wsState': 1} eval_ms=4 ram=17.6/31.2GB (56%) swap=1.6/32.0GB (5%) cpu=15% browser_rss=0.64GB
  [ComfyUI] xatlas: Building output meshes:  81%|████████  | 81/100 [00:00<00:00, 7091.78it/s]
  [ComfyUI] xatlas: Building output meshes:  82%|████████▏ | 82/100 [00:00<00:00, 7119.88it/s]
  [ComfyUI] xatlas: Building output meshes:  83%|████████▎ | 83/100 [00:00<00:00, 7131.56it/s]
  [ComfyUI] xatlas: Building output meshes:  84%|████████▍ | 84/100 [00:00<00:00, 7111.43it/s]
  [ComfyUI] xatlas: Building output meshes:  85%|████████▌ | 85/100 [00:00<00:00, 7146.32it/s]
  [ComfyUI] xatlas: Building output meshes:  86%|████████▌ | 86/100 [00:00<00:00, 7165.19it/s]
  [ComfyUI] xatlas: Building output meshes:  87%|████████▋ | 87/100 [00:00<00:00, 7178.35it/s]
  [ComfyUI] xatlas: Building output meshes:  88%|████████▊ | 88/100 [00:00<00:00, 7208.26it/s]
  [ComfyUI] xatlas: Building output meshes:  89%|████████▉ | 89/100 [00:00<00:00, 7209.63it/s]
  [ComfyUI] xatlas: Building output meshes:  90%|█████████ | 90/100 [00:00<00:00, 7185.45it/s]
  [ComfyUI] xatlas: Building output meshes:  91%|█████████ | 91/100 [00:00<00:00, 7173.66it/s]
  [ComfyUI] xatlas: Building output meshes:  92%|█████████▏| 92/100 [00:00<00:00, 7187.24it/s]
  [ComfyUI] xatlas: Building output meshes:  93%|█████████▎| 93/100 [00:00<00:00, 7199.26it/s]
  [ComfyUI] xatlas: Building output meshes:  94%|█████████▍| 94/100 [00:00<00:00, 7199.60it/s]
  [ComfyUI] xatlas: Building output meshes:  95%|█████████▌| 95/100 [00:00<00:00, 7200.85it/s]
  [ComfyUI] xatlas: Building output meshes:  96%|█████████▌| 96/100 [00:00<00:00, 7197.82it/s]
  [ComfyUI] xatlas: Building output meshes:  97%|█████████▋| 97/100 [00:00<00:00, 7213.74it/s]
  [ComfyUI] xatlas: Building output meshes:  98%|█████████▊| 98/100 [00:00<00:00, 7226.85it/s]
  [ComfyUI] xatlas: Building output meshes:  99%|█████████▉| 99/100 [00:00<00:00, 7250.88it/s]
  [ComfyUI] xatlas: Building output meshes: 100%|██████████| 100/100 [00:00<00:00, 7287.98it/s]
  [ComfyUI] xatlas: Building output meshes: 100%|██████████| 100/100 [00:00<00:00, 7078.99it/s]
  [ComfyUI] 
  [ComfyUI] Gathering results from xatlas:   0%|          | 0/2912 [00:00<?, ?it/s]
  [ComfyUI] Gathering results from xatlas: 100%|██████████| 2912/2912 [00:00<00:00, 34665.64it/s]
  [ComfyUI] [worker:ComfyUI-TRELLIS2] [ProcessMesh] After UV unwrap: 327395 verts, 487276 faces (alloc=9MB)
  [ComfyUI] [worker:ComfyUI-TRELLIS2] [ProcessMesh] Done: 327395 verts, 487276 faces (alloc=9MB)
  [ComfyUI] [worker:ComfyUI-TRELLIS2] [VRAM] ProcessMesh done: alloc=9MB reserved=26MB peak=1069MB
  [ComfyUI] [SubprocessWorker] got response: ok
  [ComfyUI] [comfy-env] Trellis2ProcessMesh done (23.11s): result: NodeOutput
  [ComfyUI] [VRAM] After Trellis2ProcessMesh: 970 / 24124 MB
  [ComfyUI] [VRAM] Loaded: SubprocessModel (0 MB), SubprocessModel (0 MB), SubprocessModel (0 MB), SubprocessModel (0 MB), SubprocessModel (0 MB), SubprocessModel (0 MB), SubprocessModel (0 MB)
  [ComfyUI] [comfy-env] Running Trellis2RasterizePBR: texture_size: 2048, trimesh: Trimesh, voxelgrid: dict, original_mesh: Trimesh
  [ComfyUI] [VRAM] Before Trellis2RasterizePBR: 970 / 24124 MB
  [ComfyUI] [VRAM] Loaded: SubprocessModel (0 MB), SubprocessModel (0 MB), SubprocessModel (0 MB), SubprocessModel (0 MB), SubprocessModel (0 MB), SubprocessModel (0 MB), SubprocessModel (0 MB)
  [ComfyUI] [SubprocessWorker] call_method: nodes.nodes_unwrap.Trellis2RasterizePBR.EXECUTE_NORMALIZED
  [ComfyUI] [SubprocessWorker] acquired lock, ensuring started...
  [ComfyUI] [ComfyUI-TRELLIS2] Health check: ping (timeout=5.0s)...
  [ComfyUI] [ComfyUI-TRELLIS2] Health check: ok
  [ComfyUI] [SubprocessWorker] worker started/confirmed
  [ComfyUI] [SubprocessWorker] serializing kwargs to shm...
  [ComfyUI] [SubprocessWorker] created 2 shm blocks
  [ComfyUI] [SubprocessWorker] sending request via socket...
  [ComfyUI] [SubprocessWorker] call_id=44 sending call_method
  [ComfyUI] [worker:ComfyUI-TRELLIS2] [comfy-env] _from_shm got dict with keys: ['__type__', 'strategy', 'parent_pid', 'fd', 'storage_size']
  [ComfyUI] [worker:ComfyUI-TRELLIS2] [comfy-env] DESERIALIZE TensorRef: tensor_size=[2166409, 3]
  [ComfyUI] [worker:ComfyUI-TRELLIS2] [comfy-env] DESERIALIZED tensor shape: torch.Size([2166409, 3])
  [ComfyUI] [worker:ComfyUI-TRELLIS2] [comfy-env] _from_shm got dict with keys: ['__type__', 'strategy', 'parent_pid', 'fd', 'storage_size']
  [ComfyUI] [worker:ComfyUI-TRELLIS2] [comfy-env] DESERIALIZE TensorRef: tensor_size=[2166409, 6]
  [ComfyUI] [worker:ComfyUI-TRELLIS2] [comfy-env] DESERIALIZED tensor shape: torch.Size([2166409, 6])
  Frame 31 saved (frame_030.jpg, t=88.1s)
  [capture-periodic] freeze=3ms shot=267ms unfreeze=3ms saved=True
  Frame 32 saved (frame_031.jpg, t=90.5s)
  [capture-periodic] freeze=4ms shot=225ms unfreeze=3ms saved=True
  [ComfyUI] [worker:ComfyUI-TRELLIS2] [VRAM] +519MB (now 539MB) reserved=626MB peak=2680MB
  [ComfyUI] [worker:ComfyUI-TRELLIS2] [VRAM] +256MB (now 795MB) reserved=886MB peak=2680MB
  [capture-loop] iter=750 t=93.7s state={'complete': False, 'error': None, 'executedCount': 1, 'wsState': 1} eval_ms=3 ram=18.1/31.2GB (58%) swap=1.6/32.0GB (5%) cpu=5% browser_rss=0.64GB
  [ComfyUI] [worker:ComfyUI-TRELLIS2] [VRAM] -256MB (now 539MB) reserved=886MB peak=2680MB
  [ComfyUI] [worker:ComfyUI-TRELLIS2] [VRAM] +256MB (now 795MB) reserved=886MB peak=2680MB
  [ComfyUI] [worker:ComfyUI-TRELLIS2] [VRAM] -209MB (now 586MB) reserved=886MB peak=2680MB
  [ComfyUI] [worker:ComfyUI-TRELLIS2] [VRAM] -549MB (now 38MB) reserved=106MB peak=2680MB
  [capture-loop] iter=800 t=99.5s state={'complete': False, 'error': None, 'executedCount': 1, 'wsState': 1} eval_ms=3 ram=18.2/31.2GB (58%) swap=1.6/32.0GB (5%) cpu=6% browser_rss=0.64GB
  [ComfyUI] [worker:ComfyUI-TRELLIS2] [RasterizePBR] Output trimesh:
  [ComfyUI] [worker:ComfyUI-TRELLIS2]   vertices: (327395, 3)
  [ComfyUI] [worker:ComfyUI-TRELLIS2]   faces: (487276, 3)
  [ComfyUI] [worker:ComfyUI-TRELLIS2]   visual type: TextureVisuals
  [ComfyUI] [worker:ComfyUI-TRELLIS2]   UVs: (327395, 2)
  [ComfyUI] [worker:ComfyUI-TRELLIS2]   material type: PBRMaterial
  [ComfyUI] [worker:ComfyUI-TRELLIS2]   baseColorTexture: (2048, 2048) mode=RGBA
  [ComfyUI] [worker:ComfyUI-TRELLIS2]   metallicRoughnessTexture: (2048, 2048) mode=RGB
  [ComfyUI] [worker:ComfyUI-TRELLIS2]   vertex_normals: (327395, 3)
  [ComfyUI] [worker:ComfyUI-TRELLIS2]   vertex_attributes: ['base_color_r', 'base_color_g', 'base_color_b', 'metallic', 'roughness', 'alpha']
  [ComfyUI] [SubprocessWorker] got response: ok
  [ComfyUI] [comfy-env] Trellis2RasterizePBR done (14.82s): result: NodeOutput
  [ComfyUI] [VRAM] After Trellis2RasterizePBR: 1010 / 24124 MB
  [ComfyUI] [VRAM] Loaded: SubprocessModel (0 MB), SubprocessModel (0 MB), SubprocessModel (0 MB), SubprocessModel (0 MB), SubprocessModel (0 MB), SubprocessModel (0 MB), SubprocessModel (0 MB)
  [ComfyUI] [comfy-env] Running Trellis2ExportTrimesh: filename_prefix: 'trellis2', file_format: 'glb', trimesh: Trimesh
  [ComfyUI] [VRAM] Before Trellis2ExportTrimesh: 1010 / 24124 MB
  [ComfyUI] [VRAM] Loaded: SubprocessModel (0 MB), SubprocessModel (0 MB), SubprocessModel (0 MB), SubprocessModel (0 MB), SubprocessModel (0 MB), SubprocessModel (0 MB), SubprocessModel (0 MB)
  [ComfyUI] [SubprocessWorker] call_method: nodes.nodes_unwrap.Trellis2ExportTrimesh.EXECUTE_NORMALIZED
  [ComfyUI] [SubprocessWorker] acquired lock, ensuring started...
  [ComfyUI] [ComfyUI-TRELLIS2] Health check: ping (timeout=5.0s)...
  [ComfyUI] [ComfyUI-TRELLIS2] Health check: ok
  [ComfyUI] [SubprocessWorker] worker started/confirmed
  [ComfyUI] [SubprocessWorker] serializing kwargs to shm...
  [ComfyUI] [SubprocessWorker] created 1 shm blocks
  [ComfyUI] [SubprocessWorker] sending request via socket...
  [ComfyUI] [SubprocessWorker] call_id=45 sending call_method
  Frame 33 saved (frame_032.jpg, t=104.2s)
  [capture-periodic] freeze=3ms shot=229ms unfreeze=26ms saved=True
  [ComfyUI] [SubprocessWorker] got response: ok
  [ComfyUI] [comfy-env] Trellis2ExportTrimesh done (2.31s): result: NodeOutput
  [ComfyUI] [VRAM] After Trellis2ExportTrimesh: 1010 / 24124 MB
  [ComfyUI] [VRAM] Loaded: SubprocessModel (0 MB), SubprocessModel (0 MB), SubprocessModel (0 MB), SubprocessModel (0 MB), SubprocessModel (0 MB), SubprocessModel (0 MB), SubprocessModel (0 MB)
  [ComfyUI] [ComfyUI-GeometryPack] python: /workspaces/TRELLIS2-0342/ComfyUI/.ce/.pixi/envs/geometrypack-main/bin/python
  [ComfyUI] [comfy-env] Running GeomPackPreviewMeshVTK: mode: 'texture (PBR)', trimesh: Trimesh
  [ComfyUI] [ComfyUI-GeometryPack] sys_path sent to worker: ['/workspaces/TRELLIS2-0342/ComfyUI', '/workspaces/TRELLIS2-0342/ComfyUI/custom_nodes/ComfyUI-GeometryPack', '/workspaces/TRELLIS2-0342/ComfyUI/.ce/.pixi/envs/geometrypack-main/lib/python3.1/site-packages', '/workspaces/TRELLIS2-0342/ComfyUI/custom_nodes/ComfyUI-GeometryPack']
  [ComfyUI] [VRAM] Before GeomPackPreviewMeshVTK: 1010 / 24124 MB
  [ComfyUI] [SubprocessWorker] is_pixi=True, python=/workspaces/TRELLIS2-0342/ComfyUI/.ce/.pixi/envs/geometrypack-main/bin/python
  [ComfyUI] [VRAM] Loaded: SubprocessModel (0 MB), SubprocessModel (0 MB), SubprocessModel (0 MB), SubprocessModel (0 MB), SubprocessModel (0 MB), SubprocessModel (0 MB), SubprocessModel (0 MB)
  [ComfyUI] [SubprocessWorker] launching cmd=['/root/.pixi/bin/pixi', 'run', '--as-is', '--manifest-path', '/workspaces/TRELLIS2-0342/ComfyUI/.ce/pixi.toml', '-e', 'geometrypack-main', 'python', '/tmp/comfyui_pvenv_2pzgvmhi/persistent_worker.py', 'abstract://comfy_worker_dbe42fece309']...
  [ComfyUI] [SubprocessWorker] call_method: nodes.main.visualization.preview_mesh_vtk.PreviewMeshVTKNode.EXECUTE_NORMALIZED
  [ComfyUI] [SubprocessWorker] socket_addr=abstract://comfy_worker_dbe42fece309 (abstract, no filesystem path)
  [ComfyUI] [SubprocessWorker] acquired lock, ensuring started...
  [ComfyUI] [ComfyUI-GeometryPack] Health check: ping (timeout=5.0s)...
  [ComfyUI] [ComfyUI-GeometryPack] Health check: failed
  [ComfyUI] [ComfyUI-GeometryPack] Socket unhealthy, restarting worker...
  Node executed (2 total), capturing...
  Frame 34 saved (frame_033.jpg, t=105.0s)
  [capture-node] freeze=64ms shot=1429ms unfreeze=24ms saved=True
  [ComfyUI] [worker:ComfyUI-GeometryPack] WARNING: WARNING: You need pytorch with cu130 or higher to use optimized CUDA operations.
  [ComfyUI] [SubprocessWorker] worker started/confirmed
  [ComfyUI] [SubprocessWorker] serializing kwargs to shm...
  [ComfyUI] [SubprocessWorker] created 1 shm blocks
  [ComfyUI] [SubprocessWorker] sending request via socket...
  [ComfyUI] [SubprocessWorker] call_id=5 sending call_method
  Frame 35 saved (frame_034.jpg, t=108.6s)
  [capture-periodic] freeze=3ms shot=262ms unfreeze=12ms saved=True
  [capture-loop] iter=850 t=109.1s state={'complete': False, 'error': None, 'executedCount': 2, 'wsState': 1} eval_ms=3 ram=18.7/31.2GB (60%) swap=1.6/32.0GB (5%) cpu=11% browser_rss=0.88GB
  [ComfyUI] [worker:ComfyUI-GeometryPack] INFO: Preparing preview: Mesh - 327395 vertices, 487276 faces
  [ComfyUI] [worker:ComfyUI-GeometryPack] INFO: Mode: texture (PBR)
  [ComfyUI] [worker:ComfyUI-GeometryPack] INFO: Visual data - has_visual: True, kind: texture, texture: True, vertex_colors: False
  [ComfyUI] [worker:ComfyUI-GeometryPack] INFO: Using PBR mode - GLB export with Three.js PBR viewer
  [ComfyUI] [worker:ComfyUI-GeometryPack] INFO: Set alphaMode to BLEND for PBR mode
  [ComfyUI] [worker:ComfyUI-GeometryPack] INFO: Exported GLB to: /workspaces/TRELLIS2-0342/ComfyUI/output/preview_vtk_1c7600f3.glb
  [ComfyUI] [worker:ComfyUI-GeometryPack] INFO: Vertex attributes: ['base_color_r', 'base_color_g', 'base_color_b', 'metallic', 'roughness', 'alpha']
  [ComfyUI] [worker:ComfyUI-GeometryPack] INFO: PBR mode info: watertight=False, volume=None, area=3.095203981696913, texture=True, vertex_colors=False
  [ComfyUI] [SubprocessWorker] got response: ok
  [ComfyUI] [comfy-env] GeomPackPreviewMeshVTK done (7.69s): result: NodeOutput
  [ComfyUI] [VRAM] After GeomPackPreviewMeshVTK: 1010 / 24124 MB
  [ComfyUI] [VRAM] Loaded: SubprocessModel (0 MB), SubprocessModel (0 MB), SubprocessModel (0 MB), SubprocessModel (0 MB), SubprocessModel (0 MB), SubprocessModel (0 MB), SubprocessModel (0 MB)
  [ComfyUI] Prompt executed in 111.93 seconds
  Node executed (3 total), capturing...
  Frame 36 saved (frame_035.jpg, t=112.8s)
  [capture-node] freeze=4ms shot=427ms unfreeze=0ms saved=True
  Execution complete (t=112.9s)
  [3d-wait] Phase 1: Waiting for 'Loading 3D Model' text to disappear...
  [3d-wait] Phase 1 done in 0.1s
  [3d-wait] Phase 2: iframes=1
  [3d-wait] iframe viewer_ready=False (matched 0 console logs)
  [3d-wait] Waiting for 'Loaded successfully' console message (timeout=60s)...
  [3d-wait] Got 'Loaded successfully' after 0.2s
  [3d-wait] Unfrozen in 0.004s, rendering for 5s...
  [3d-wait] JS halted via CDP after 5.4s
  [3d-wait] Re-frozen in 6.4s
  [3d-wait] Total 3D wait: 6.7s
  Captured 36 unique frames over 120.18s
  [debug] iframes: 1
  [debug]   iframe[0]: src=http://127.0.0.1:41887/extensions/ComfyUI-GeometryPack/viewer_pbr.html?v=1778213, canvas=486x471, rafFrozen=True
  [timing] trigger_3d_previews: 0.0s
  Saved high-quality screenshot: geometry_texture_executed.png
  [timing] final_screenshot: 0.4s
    Captured 37 video frames