Capturing execution frames: refinement.json
  Frame 1 saved (frame_000.jpg, t=0.0s)
  Validating workflow...
  [ComfyUI] === /validate endpoint called ===
  [ComfyUI] === /validate endpoint called ===
  Queuing workflow for execution...
  [ComfyUI] Received JSON with keys: ['prompt']
  [ComfyUI] Received JSON with keys: ['prompt']
  [ComfyUI] Prompt has 8 nodes
  [ComfyUI] Prompt has 8 nodes
  [ComfyUI]   Node 1: LoadTrellis2Models
  [ComfyUI]   Node 1: LoadTrellis2Models
  [ComfyUI]     Inputs: {"resolution": "512", "precision": "auto", "attn_backend": "auto"}
  [ComfyUI]     Inputs: {"resolution": "512", "precision": "auto", "attn_backend": "auto"}
  [ComfyUI]   Node 2: LoadImage
  [ComfyUI]   Node 2: LoadImage
  [ComfyUI]     Inputs: {"image": "pineapple.webp"}
  [ComfyUI]     Inputs: {"image": "pineapple.webp"}
  [ComfyUI]   Node 3: InvertMask
  [ComfyUI]   Node 3: InvertMask
  [ComfyUI]     Inputs: {"mask": ["2", 1]}
  [ComfyUI]     Inputs: {"mask": ["2", 1]}
  [ComfyUI]   Node 4: Trellis2GetConditioning
  [ComfyUI]   Node 4: Trellis2GetConditioning
  [ComfyUI]     Inputs: {"background_color": "black", "model_config": ["1", 0], "image": ["2", 0], "mask": ["3", 0]}
  [ComfyUI]     Inputs: {"background_color": "black", "model_config": ["1", 0], "image": ["2", 0], "mask": ["3", 0]}
  [ComfyUI]   Node 11: Trellis2EncodeMesh
  [ComfyUI]   Node 11: Trellis2EncodeMesh
  [ComfyUI]     Inputs: {"resolution": 1024, "model_config": ["1", 0], "mesh": ["12", 0]}
  [ComfyUI]     Inputs: {"resolution": 1024, "model_config": ["1", 0], "mesh": ["12", 0]}
  [ComfyUI]   Node 12: GeomPackLoadMesh
  [ComfyUI]   Node 12: GeomPackLoadMesh
  [ComfyUI]     Inputs: {"file_path": "3d/lowwrap.stl"}
  [ComfyUI]     Inputs: {"file_path": "3d/lowwrap.stl"}
  [ComfyUI]   Node 13: GeomPackPreviewMeshDual
  [ComfyUI]   Node 13: GeomPackPreviewMeshDual
  [ComfyUI]     Inputs: {"layout": "side_by_side", "mode": "fields", "opacity_1": 1, "opacity_2": 1, "preview_dual": "{\"show_edges\":false,\"camera_state\":\"{\\\"position\\\":[-2.5165764235737056,-0.0656252651797762,0.2063
  [ComfyUI]     Inputs: {"layout": "side_by_side", "mode": "fields", "opacity_1": 1, "opacity_2": 1, "preview_dual": "{\"show_edges\":false,\"camera_state\":\"{\\\"position\\\":[-2.5165764235737056,-0.0656252651797762,0.2063
  [ComfyUI]   Node 21: Trellis2RefineMesh
  [ComfyUI]   Node 21: Trellis2RefineMesh
  [ComfyUI]     Inputs: {"seed": 559812319, "shape_guidance_strength": 6.5, "shape_guidance_rescale": 0.05, "shape_sampling_steps": 12, "max_tokens": 49152, "model_config": ["1", 0], "conditioning": ["4", 0], "shape_latent":
  [ComfyUI]     Inputs: {"seed": 559812319, "shape_guidance_strength": 6.5, "shape_guidance_rescale": 0.05, "shape_sampling_steps": 12, "max_tokens": 49152, "model_config": ["1", 0], "conditioning": ["4", 0], "shape_latent":
  [ComfyUI] Generated prompt_id: a139d2ba-82f7-4454-85f8-bf0c21d220fa
  [ComfyUI] Generated prompt_id: a139d2ba-82f7-4454-85f8-bf0c21d220fa
  [ComfyUI] Calling execution.validate_prompt()...
  [ComfyUI] Calling execution.validate_prompt()...
  [ComfyUI] Validation result: valid=True
  [ComfyUI] Validation result: valid=True
  [ComfyUI] === Validation PASSED ===
  [ComfyUI] === Validation PASSED ===
  [ComfyUI] got prompt
  [ComfyUI] got prompt
  [ComfyUI] [comfy-env] Running GeomPackLoadMesh: file_path: '3d/lowwrap.stl'
  [ComfyUI] [comfy-env] Running GeomPackLoadMesh: file_path: '3d/lowwrap.stl'
  [ComfyUI] [VRAM] Before GeomPackLoadMesh: 1042 / 12287 MB
  [ComfyUI] [VRAM] Before GeomPackLoadMesh: 1042 / 12287 MB
  [ComfyUI] [SubprocessWorker] call_method: nodes.main.io.load_mesh.LoadMesh.EXECUTE_NORMALIZED
  [ComfyUI] [SubprocessWorker] call_method: nodes.main.io.load_mesh.LoadMesh.EXECUTE_NORMALIZED
  [ComfyUI] [SubprocessWorker] acquired lock, ensuring started...
  [ComfyUI] [SubprocessWorker] acquired lock, ensuring started...
  [ComfyUI] [ComfyUI-GeometryPack] Health check: ping (timeout=5.0s)...
  [ComfyUI] [ComfyUI-GeometryPack] Health check: ping (timeout=5.0s)...
  [ComfyUI] [ComfyUI-GeometryPack] Health check: ok
  [ComfyUI] [ComfyUI-GeometryPack] Health check: ok
  [ComfyUI] [SubprocessWorker] worker started/confirmed
  [ComfyUI] [SubprocessWorker] worker started/confirmed
  [ComfyUI] [SubprocessWorker] serializing kwargs to shm...
  [ComfyUI] [SubprocessWorker] serializing kwargs to shm...
  [ComfyUI] [SubprocessWorker] created 0 shm blocks
  [ComfyUI] [SubprocessWorker] created 0 shm blocks
  [ComfyUI] [SubprocessWorker] sending request via socket...
  [ComfyUI] [SubprocessWorker] sending request via socket...
  [ComfyUI] [SubprocessWorker] call_id=6 sending call_method
  [ComfyUI] [SubprocessWorker] call_id=6 sending call_method
  [ComfyUI] [worker:ComfyUI-GeometryPack] INFO: Found mesh in input folder: 3d/lowwrap.stl
  [ComfyUI] [worker:ComfyUI-GeometryPack] INFO: Found mesh in input folder: 3d/lowwrap.stl
  [ComfyUI] [worker:ComfyUI-GeometryPack] INFO: Loading: C:\workspaces\TRELLIS2-0556\portable-comfyui\ComfyUI_windows_portable\ComfyUI\input\3d/lowwrap.stl
  [ComfyUI] [worker:ComfyUI-GeometryPack] INFO: Loading: C:\workspaces\TRELLIS2-0556\portable-comfyui\ComfyUI_windows_portable\ComfyUI\input\3d/lowwrap.stl
  [ComfyUI] [ComfyUI-TRELLIS2] python: C:\workspaces\TRELLIS2-0556\portable-comfyui\ComfyUI_windows_portable\ComfyUI\.ce\.pixi\envs\trellis2-nodes\python.exe
  [ComfyUI] [ComfyUI-TRELLIS2] python: C:\workspaces\TRELLIS2-0556\portable-comfyui\ComfyUI_windows_portable\ComfyUI\.ce\.pixi\envs\trellis2-nodes\python.exe
  [ComfyUI] [worker:ComfyUI-GeometryPack] INFO: Initial mesh: 1851 vertices, 3698 faces
  [ComfyUI] [worker:ComfyUI-GeometryPack] INFO: Initial mesh: 1851 vertices, 3698 faces
  [ComfyUI] [ComfyUI-TRELLIS2] sys_path sent to worker: ['C:\\workspaces\\TRELLIS2-0556\\portable-comfyui\\ComfyUI_windows_portable\\ComfyUI', 'C:\\workspaces\\TRELLIS2-0556\\portable-comfyui\\ComfyUI_windows_portable\\ComfyUI\\custom_nodes\\ComfyUI-TRELLIS2', 'C:\\workspaces\\TRELLIS2-0556\\portable-comfyui\\ComfyUI_windows_portable\\ComfyUI\\.ce\\.pixi\\envs\\trellis2-nodes\\Lib\\site-packages', 'C:\\workspaces\\TRELLIS2-0556\\portable-comfyui\\ComfyUI_windows_portable\\ComfyUI\\custom_nodes\\ComfyUI-TRELLIS2']
  [ComfyUI] [ComfyUI-TRELLIS2] sys_path sent to worker: ['C:\\workspaces\\TRELLIS2-0556\\portable-comfyui\\ComfyUI_windows_portable\\ComfyUI', 'C:\\workspaces\\TRELLIS2-0556\\portable-comfyui\\ComfyUI_windows_portable\\ComfyUI\\custom_nodes\\ComfyUI-TRELLIS2', 'C:\\workspaces\\TRELLIS2-0556\\portable-comfyui\\ComfyUI_windows_portable\\ComfyUI\\.ce\\.pixi\\envs\\trellis2-nodes\\Lib\\site-packages', 'C:\\workspaces\\TRELLIS2-0556\\portable-comfyui\\ComfyUI_windows_portable\\ComfyUI\\custom_nodes\\ComfyUI-TRELLIS2']
  [ComfyUI] [worker:ComfyUI-GeometryPack] INFO: Successfully loaded: 1851 vertices, 3698 faces
  [ComfyUI] [worker:ComfyUI-GeometryPack] INFO: Successfully loaded: 1851 vertices, 3698 faces
  [ComfyUI] [SubprocessWorker] is_pixi=True, python=C:\workspaces\TRELLIS2-0556\portable-comfyui\ComfyUI_windows_portable\ComfyUI\.ce\.pixi\envs\trellis2-nodes\python.exe
  [ComfyUI] [SubprocessWorker] is_pixi=True, python=C:\workspaces\TRELLIS2-0556\portable-comfyui\ComfyUI_windows_portable\ComfyUI\.ce\.pixi\envs\trellis2-nodes\python.exe
  [ComfyUI] [worker:ComfyUI-GeometryPack] INFO: Loaded: 1851 vertices, 3698 faces
  [ComfyUI] [worker:ComfyUI-GeometryPack] INFO: Loaded: 1851 vertices, 3698 faces
  [ComfyUI] [SubprocessWorker] launching cmd=['C:\\Users\\ContainerAdministrator\\.pixi\\bin\\pixi.exe', 'run', '--as-is', '--manifest-path', 'C:\\workspaces\\TRELLIS2-0556\\portable-comfyui\\ComfyUI_windows_portable\\ComfyUI\\.ce\\pixi.toml', '-e', 'trellis2-nodes', 'python', 'C:\\Users\\ContainerAdministrator\\AppData\\Local\\Temp\\comfyui_pvenv_3g3nrpe9\\persistent_worker.py', 'tcp://127.0.0.1:54101']...
  [ComfyUI] [SubprocessWorker] launching cmd=['C:\\Users\\ContainerAdministrator\\.pixi\\bin\\pixi.exe', 'run', '--as-is', '--manifest-path', 'C:\\workspaces\\TRELLIS2-0556\\portable-comfyui\\ComfyUI_windows_portable\\ComfyUI\\.ce\\pixi.toml', '-e', 'trellis2-nodes', 'python', 'C:\\Users\\ContainerAdministrator\\AppData\\Local\\Temp\\comfyui_pvenv_3g3nrpe9\\persistent_worker.py', 'tcp://127.0.0.1:54101']...
  [ComfyUI] [SubprocessWorker] got response: ok
  [ComfyUI] [SubprocessWorker] got response: ok
  [ComfyUI] [comfy-env] GeomPackLoadMesh done (0.11s): result: NodeOutput
  [ComfyUI] [comfy-env] GeomPackLoadMesh done (0.11s): result: NodeOutput
  [ComfyUI] [VRAM] After GeomPackLoadMesh: 1042 / 12287 MB
  [ComfyUI] [VRAM] After GeomPackLoadMesh: 1042 / 12287 MB
  [ComfyUI] [comfy-env] Running LoadTrellis2Models: resolution: '512', precision: 'auto', attn_backend: 'auto'
  [ComfyUI] [comfy-env] Running LoadTrellis2Models: resolution: '512', precision: 'auto', attn_backend: 'auto'
  [ComfyUI] [VRAM] Before LoadTrellis2Models: 1042 / 12287 MB
  [ComfyUI] [VRAM] Before LoadTrellis2Models: 1042 / 12287 MB
  [ComfyUI] [SubprocessWorker] call_method: nodes.nodes_loader.LoadTrellis2Models.EXECUTE_NORMALIZED
  [ComfyUI] [SubprocessWorker] call_method: nodes.nodes_loader.LoadTrellis2Models.EXECUTE_NORMALIZED
  [ComfyUI] [SubprocessWorker] acquired lock, ensuring started...
  [ComfyUI] [SubprocessWorker] acquired lock, ensuring started...
  [ComfyUI] [ComfyUI-TRELLIS2] Health check: ping (timeout=5.0s)...
  [ComfyUI] [ComfyUI-TRELLIS2] Health check: ping (timeout=5.0s)...
  [ComfyUI] [ComfyUI-TRELLIS2] Health check: failed
  [ComfyUI] [ComfyUI-TRELLIS2] Health check: failed
  [ComfyUI] [ComfyUI-TRELLIS2] Socket unhealthy, restarting worker...
  [ComfyUI] [ComfyUI-TRELLIS2] Socket unhealthy, restarting worker...
  [ComfyUI] [comfy-env] Invalidated 7 stale model patchers (will be cleaned up during next unload)
  [ComfyUI] [comfy-env] Invalidated 7 stale model patchers (will be cleaned up during next unload)
  [ComfyUI] [comfy-env] trellis2-nodes: Library/bin has 235 DLLs
  [ComfyUI] [comfy-env] trellis2-nodes: Library/bin has 235 DLLs
  Frame 2 saved (frame_001.jpg, t=2.2s)
  [capture-periodic] freeze=3ms shot=97ms unfreeze=4ms saved=True
  Frame 3 saved (frame_002.jpg, t=4.5s)
  [capture-periodic] freeze=3ms shot=103ms unfreeze=3ms saved=True
  [ComfyUI] [SubprocessWorker] worker started/confirmed
  [ComfyUI] [SubprocessWorker] worker started/confirmed
  [ComfyUI] [SubprocessWorker] serializing kwargs to shm...
  [ComfyUI] [SubprocessWorker] serializing kwargs to shm...
  [ComfyUI] [SubprocessWorker] created 0 shm blocks
  [ComfyUI] [SubprocessWorker] created 0 shm blocks
  [ComfyUI] [SubprocessWorker] sending request via socket...
  [ComfyUI] [SubprocessWorker] sending request via socket...
  [ComfyUI] [SubprocessWorker] call_id=53 sending call_method
  [ComfyUI] [SubprocessWorker] call_id=53 sending call_method
  [capture-loop] iter=50 t=5.9s state={'complete': False, 'error': None, 'executedCount': 0, 'wsState': 1} eval_ms=3 ram=6.5/31.9GB (20%) swap=0.9/12.3GB (7%) cpu=5% browser_rss=0.56GB
  [ComfyUI] [SubprocessWorker] callback 'report_progress' from call_id=53
  [ComfyUI] [SubprocessWorker] callback 'report_progress' from call_id=53
  [ComfyUI] [SubprocessWorker] callback 'report_progress' from call_id=53
  [ComfyUI] [SubprocessWorker] callback 'report_progress' from call_id=53
  [ComfyUI] [worker:ComfyUI-TRELLIS2] [TRELLIS2] Config loaded: 9 models registered
  [ComfyUI] [worker:ComfyUI-TRELLIS2] [TRELLIS2] Config loaded: 9 models registered
  [ComfyUI] [SubprocessWorker] got response: ok
  [ComfyUI] [SubprocessWorker] got response: ok
  [ComfyUI] [comfy-env] [VRAM] Before offload 'SparseUnetVaeDecoder_7' (904 MB) -> cpu: 1042 / 12287 MB
  [ComfyUI] [comfy-env] [VRAM] Before offload 'SparseUnetVaeDecoder_7' (904 MB) -> cpu: 1042 / 12287 MB
  [ComfyUI] [ComfyUI-TRELLIS2] Health check: ping (timeout=5.0s)...
  [ComfyUI] [ComfyUI-TRELLIS2] Health check: ping (timeout=5.0s)...
  [ComfyUI] [ComfyUI-TRELLIS2] Health check: ok
  [ComfyUI] [ComfyUI-TRELLIS2] Health check: ok
  [ComfyUI] [SubprocessWorker] call_id=54 sending model_to_device
  [ComfyUI] [SubprocessWorker] call_id=54 sending model_to_device
  [ComfyUI] Model 'SparseUnetVaeDecoder_7' gone from worker (restarted?), treating as offloaded
  [ComfyUI] Model 'SparseUnetVaeDecoder_7' gone from worker (restarted?), treating as offloaded
  [ComfyUI] [comfy-env] [VRAM] After offload 'SparseUnetVaeDecoder_7' (904 MB): 1042 / 12287 MB
  [ComfyUI] [comfy-env] [VRAM] After offload 'SparseUnetVaeDecoder_7' (904 MB): 1042 / 12287 MB
  [ComfyUI] [comfy-env] [VRAM] Before offload 'SLatFlowModel_6' (2464 MB) -> cpu: 1042 / 12287 MB
  [ComfyUI] [comfy-env] [VRAM] Before offload 'SLatFlowModel_6' (2464 MB) -> cpu: 1042 / 12287 MB
  [ComfyUI] [ComfyUI-TRELLIS2] Health check: ping (timeout=5.0s)...
  [ComfyUI] [ComfyUI-TRELLIS2] Health check: ping (timeout=5.0s)...
  [ComfyUI] [ComfyUI-TRELLIS2] Health check: ok
  [ComfyUI] [ComfyUI-TRELLIS2] Health check: ok
  [ComfyUI] [SubprocessWorker] call_id=55 sending model_to_device
  [ComfyUI] [SubprocessWorker] call_id=55 sending model_to_device
  [ComfyUI] Model 'SLatFlowModel_6' gone from worker (restarted?), treating as offloaded
  [ComfyUI] Model 'SLatFlowModel_6' gone from worker (restarted?), treating as offloaded
  [ComfyUI] [comfy-env] [VRAM] After offload 'SLatFlowModel_6' (2464 MB): 1042 / 12287 MB
  [ComfyUI] [comfy-env] [VRAM] After offload 'SLatFlowModel_6' (2464 MB): 1042 / 12287 MB
  [ComfyUI] [comfy-env] [VRAM] Before offload 'FlexiDualGridVaeDecoder_5' (904 MB) -> cpu: 1042 / 12287 MB
  [ComfyUI] [comfy-env] [VRAM] Before offload 'FlexiDualGridVaeDecoder_5' (904 MB) -> cpu: 1042 / 12287 MB
  [ComfyUI] [ComfyUI-TRELLIS2] Health check: ping (timeout=5.0s)...
  [ComfyUI] [ComfyUI-TRELLIS2] Health check: ping (timeout=5.0s)...
  [ComfyUI] [ComfyUI-TRELLIS2] Health check: ok
  [ComfyUI] [ComfyUI-TRELLIS2] Health check: ok
  [ComfyUI] [SubprocessWorker] call_id=56 sending model_to_device
  [ComfyUI] [SubprocessWorker] call_id=56 sending model_to_device
  [ComfyUI] Model 'FlexiDualGridVaeDecoder_5' gone from worker (restarted?), treating as offloaded
  [ComfyUI] Model 'FlexiDualGridVaeDecoder_5' gone from worker (restarted?), treating as offloaded
  [ComfyUI] [comfy-env] [VRAM] After offload 'FlexiDualGridVaeDecoder_5' (904 MB): 1042 / 12287 MB
  [ComfyUI] [comfy-env] [VRAM] After offload 'FlexiDualGridVaeDecoder_5' (904 MB): 1042 / 12287 MB
  [ComfyUI] [comfy-env] [VRAM] Before offload 'SLatFlowModel_4' (2464 MB) -> cpu: 1042 / 12287 MB
  [ComfyUI] [comfy-env] [VRAM] Before offload 'SLatFlowModel_4' (2464 MB) -> cpu: 1042 / 12287 MB
  [ComfyUI] [ComfyUI-TRELLIS2] Health check: ping (timeout=5.0s)...
  [ComfyUI] [ComfyUI-TRELLIS2] Health check: ping (timeout=5.0s)...
  [ComfyUI] [ComfyUI-TRELLIS2] Health check: ok
  [ComfyUI] [ComfyUI-TRELLIS2] Health check: ok
  [ComfyUI] [SubprocessWorker] call_id=57 sending model_to_device
  [ComfyUI] [SubprocessWorker] call_id=57 sending model_to_device
  [ComfyUI] Model 'SLatFlowModel_4' gone from worker (restarted?), treating as offloaded
  [ComfyUI] Model 'SLatFlowModel_4' gone from worker (restarted?), treating as offloaded
  [ComfyUI] [comfy-env] [VRAM] After offload 'SLatFlowModel_4' (2464 MB): 1042 / 12287 MB
  [ComfyUI] [comfy-env] [VRAM] After offload 'SLatFlowModel_4' (2464 MB): 1042 / 12287 MB
  [ComfyUI] [comfy-env] [VRAM] Before offload 'SparseStructureDecoder_3' (140 MB) -> cpu: 1042 / 12287 MB
  [ComfyUI] [comfy-env] [VRAM] Before offload 'SparseStructureDecoder_3' (140 MB) -> cpu: 1042 / 12287 MB
  [ComfyUI] [ComfyUI-TRELLIS2] Health check: ping (timeout=5.0s)...
  [ComfyUI] [ComfyUI-TRELLIS2] Health check: ping (timeout=5.0s)...
  [ComfyUI] [ComfyUI-TRELLIS2] Health check: ok
  [ComfyUI] [ComfyUI-TRELLIS2] Health check: ok
  [ComfyUI] [SubprocessWorker] call_id=58 sending model_to_device
  [ComfyUI] [SubprocessWorker] call_id=58 sending model_to_device
  [ComfyUI] Model 'SparseStructureDecoder_3' gone from worker (restarted?), treating as offloaded
  [ComfyUI] Model 'SparseStructureDecoder_3' gone from worker (restarted?), treating as offloaded
  [ComfyUI] [comfy-env] [VRAM] After offload 'SparseStructureDecoder_3' (140 MB): 1042 / 12287 MB
  [ComfyUI] [comfy-env] [VRAM] After offload 'SparseStructureDecoder_3' (140 MB): 1042 / 12287 MB
  [ComfyUI] [comfy-env] [VRAM] Before offload 'SparseStructureFlowModel_2' (2466 MB) -> cpu: 1042 / 12287 MB
  [ComfyUI] [comfy-env] [VRAM] Before offload 'SparseStructureFlowModel_2' (2466 MB) -> cpu: 1042 / 12287 MB
  [ComfyUI] [ComfyUI-TRELLIS2] Health check: ping (timeout=5.0s)...
  [ComfyUI] [ComfyUI-TRELLIS2] Health check: ping (timeout=5.0s)...
  [ComfyUI] [ComfyUI-TRELLIS2] Health check: ok
  [ComfyUI] [ComfyUI-TRELLIS2] Health check: ok
  [ComfyUI] [SubprocessWorker] call_id=59 sending model_to_device
  [ComfyUI] [SubprocessWorker] call_id=59 sending model_to_device
  [ComfyUI] Model 'SparseStructureFlowModel_2' gone from worker (restarted?), treating as offloaded
  [ComfyUI] Model 'SparseStructureFlowModel_2' gone from worker (restarted?), treating as offloaded
  [ComfyUI] [comfy-env] [VRAM] After offload 'SparseStructureFlowModel_2' (2466 MB): 1042 / 12287 MB
  [ComfyUI] [comfy-env] [VRAM] After offload 'SparseStructureFlowModel_2' (2466 MB): 1042 / 12287 MB
  [ComfyUI] [comfy-env] [VRAM] Before offload 'DINOv3ViT_1' (1156 MB) -> cpu: 1042 / 12287 MB
  [ComfyUI] [comfy-env] [VRAM] Before offload 'DINOv3ViT_1' (1156 MB) -> cpu: 1042 / 12287 MB
  [ComfyUI] [ComfyUI-TRELLIS2] Health check: ping (timeout=5.0s)...
  [ComfyUI] [ComfyUI-TRELLIS2] Health check: ping (timeout=5.0s)...
  [ComfyUI] [ComfyUI-TRELLIS2] Health check: ok
  [ComfyUI] [ComfyUI-TRELLIS2] Health check: ok
  [ComfyUI] [SubprocessWorker] call_id=60 sending model_to_device
  [ComfyUI] [SubprocessWorker] call_id=60 sending model_to_device
  [ComfyUI] Model 'DINOv3ViT_1' gone from worker (restarted?), treating as offloaded
  [ComfyUI] Model 'DINOv3ViT_1' gone from worker (restarted?), treating as offloaded
  [ComfyUI] [comfy-env] [VRAM] After offload 'DINOv3ViT_1' (1156 MB): 1042 / 12287 MB
  [ComfyUI] [comfy-env] [VRAM] After offload 'DINOv3ViT_1' (1156 MB): 1042 / 12287 MB
  [ComfyUI] [comfy-env] LoadTrellis2Models done (6.33s): result: NodeOutput
  [ComfyUI] [comfy-env] LoadTrellis2Models done (6.33s): result: NodeOutput
  [ComfyUI] [VRAM] After LoadTrellis2Models: 1042 / 12287 MB
  [ComfyUI] [VRAM] After LoadTrellis2Models: 1042 / 12287 MB
  [ComfyUI] [comfy-env] Running Trellis2EncodeMesh: resolution: 1024, model_config: dict, mesh: Trimesh
  [ComfyUI] [comfy-env] Running Trellis2EncodeMesh: resolution: 1024, model_config: dict, mesh: Trimesh
  [ComfyUI] [VRAM] Before Trellis2EncodeMesh: 1042 / 12287 MB
  [ComfyUI] [VRAM] Before Trellis2EncodeMesh: 1042 / 12287 MB
  [ComfyUI] [SubprocessWorker] call_method: nodes.nodes_inference.Trellis2EncodeMesh.EXECUTE_NORMALIZED
  [ComfyUI] [SubprocessWorker] call_method: nodes.nodes_inference.Trellis2EncodeMesh.EXECUTE_NORMALIZED
  [ComfyUI] [SubprocessWorker] acquired lock, ensuring started...
  [ComfyUI] [SubprocessWorker] acquired lock, ensuring started...
  [ComfyUI] [ComfyUI-TRELLIS2] Health check: ping (timeout=5.0s)...
  [ComfyUI] [ComfyUI-TRELLIS2] Health check: ping (timeout=5.0s)...
  [ComfyUI] [ComfyUI-TRELLIS2] Health check: ok
  [ComfyUI] [ComfyUI-TRELLIS2] Health check: ok
  [ComfyUI] [SubprocessWorker] worker started/confirmed
  [ComfyUI] [SubprocessWorker] worker started/confirmed
  [ComfyUI] [SubprocessWorker] serializing kwargs to shm...
  [ComfyUI] [SubprocessWorker] serializing kwargs to shm...
  [ComfyUI] [SubprocessWorker] created 1 shm blocks
  [ComfyUI] [SubprocessWorker] created 1 shm blocks
  [ComfyUI] [SubprocessWorker] sending request via socket...
  [ComfyUI] [SubprocessWorker] sending request via socket...
  [ComfyUI] [SubprocessWorker] call_id=61 sending call_method
  [ComfyUI] [SubprocessWorker] call_id=61 sending call_method
  Frame 4 saved (frame_003.jpg, t=6.7s)
  [capture-periodic] freeze=4ms shot=97ms unfreeze=3ms saved=True
  [ComfyUI] [SubprocessWorker] callback 'report_progress' from call_id=61
  [ComfyUI] [SubprocessWorker] callback 'report_progress' from call_id=61
  Frame 5 saved (frame_004.jpg, t=8.9s)
  [capture-periodic] freeze=3ms shot=90ms unfreeze=3ms saved=True
  [capture-loop] iter=100 t=11.8s state={'complete': False, 'error': None, 'executedCount': 0, 'wsState': 1} eval_ms=3 ram=7.0/31.9GB (22%) swap=0.8/12.3GB (7%) cpu=7% browser_rss=0.56GB
  [ComfyUI] C:\workspaces\TRELLIS2-0556\portable-comfyui\ComfyUI_windows_portable\ComfyUI\custom_nodes\ComfyUI-TRELLIS2\nodes\stages.py:96: UserWarning: expandable_segments not supported on this platform (Triggered internally at C:\actions-runner\_work\pytorch\pytorch\pytorch\c10/cuda/CUDAAllocatorConfig.h:39.)
  [ComfyUI] C:\workspaces\TRELLIS2-0556\portable-comfyui\ComfyUI_windows_portable\ComfyUI\custom_nodes\ComfyUI-TRELLIS2\nodes\stages.py:96: UserWarning: expandable_segments not supported on this platform (Triggered internally at C:\actions-runner\_work\pytorch\pytorch\pytorch\c10/cuda/CUDAAllocatorConfig.h:39.)
  [ComfyUI]   coords = torch.cat([batch_col, voxel_indices], dim=1).to(device)
  [ComfyUI]   coords = torch.cat([batch_col, voxel_indices], dim=1).to(device)
  [ComfyUI] [worker:ComfyUI-TRELLIS2] [encode] voxelized: 2772800 voxels at resolution=1024
  [ComfyUI] [worker:ComfyUI-TRELLIS2] [encode] voxelized: 2772800 voxels at resolution=1024
  [ComfyUI] [worker:ComfyUI-TRELLIS2] [encode] voxel_indices: cpu, dual_vertices: cpu, intersected: cpu
  [ComfyUI] [worker:ComfyUI-TRELLIS2] [encode] voxel_indices: cpu, dual_vertices: cpu, intersected: cpu
  [ComfyUI] [worker:ComfyUI-TRELLIS2] [encode] coords: torch.Size([2772800, 4]) cuda:0
  [ComfyUI] [worker:ComfyUI-TRELLIS2] [encode] coords: torch.Size([2772800, 4]) cuda:0
  [ComfyUI] [worker:ComfyUI-TRELLIS2] [encode] pre-load: alloc=42MB
  [ComfyUI] [worker:ComfyUI-TRELLIS2] [encode] pre-load: alloc=42MB
  [ComfyUI] [SubprocessWorker] callback 'report_progress' from call_id=61
  [ComfyUI] [SubprocessWorker] callback 'report_progress' from call_id=61
  Frame 6 saved (frame_005.jpg, t=15.4s)
  [capture-periodic] freeze=4ms shot=105ms unfreeze=4ms saved=True
  [ComfyUI] [SubprocessWorker] callback 'report_progress' from call_id=61
  [ComfyUI] [SubprocessWorker] callback 'report_progress' from call_id=61
  [ComfyUI] [SubprocessWorker] callback 'report_progress' from call_id=61
  [ComfyUI] [SubprocessWorker] callback 'report_progress' from call_id=61
  [ComfyUI] [worker:ComfyUI-TRELLIS2] [TRELLIS2] Built FlexiDualGridVaeEncoder on CPU: dtype=torch.bfloat16, 3.1s
  [ComfyUI] [worker:ComfyUI-TRELLIS2] [TRELLIS2] Built FlexiDualGridVaeEncoder on CPU: dtype=torch.bfloat16, 3.1s
  [ComfyUI] [SubprocessWorker] callback 'request_vram_budget' from call_id=61
  [ComfyUI] [SubprocessWorker] callback 'request_vram_budget' from call_id=61
  [ComfyUI] [comfy-env] VRAM request: 0.71GB, free before eviction: 11.79GB
  [ComfyUI] [comfy-env] VRAM request: 0.71GB, free before eviction: 11.79GB
  [ComfyUI] [comfy-env] VRAM after eviction: 11.79GB
  [ComfyUI] [comfy-env] VRAM after eviction: 11.79GB
  [ComfyUI] [worker:ComfyUI-TRELLIS2] [VRAM] +204MB (now 204MB) reserved=208MB peak=204MB
  [ComfyUI] [worker:ComfyUI-TRELLIS2] [VRAM] +204MB (now 204MB) reserved=208MB peak=204MB
  [ComfyUI] [worker:ComfyUI-TRELLIS2] [TRELLIS2] shape_slat_encoder -> GPU: 0.5s
  [ComfyUI] [worker:ComfyUI-TRELLIS2] [TRELLIS2] shape_slat_encoder -> GPU: 0.5s
  [ComfyUI] [worker:ComfyUI-TRELLIS2] [encode] encoder loaded: alloc=729MB
  [ComfyUI] [worker:ComfyUI-TRELLIS2] [encode] encoder loaded: alloc=729MB
  [ComfyUI] [worker:ComfyUI-TRELLIS2] [encode] vertex_feats: torch.Size([2772800, 3]) cuda:0 alloc=745MB
  [ComfyUI] [worker:ComfyUI-TRELLIS2] [encode] vertex_feats: torch.Size([2772800, 3]) cuda:0 alloc=745MB
  [ComfyUI] [worker:ComfyUI-TRELLIS2] [encode] vertices_sparse built: alloc=745MB
  [ComfyUI] [worker:ComfyUI-TRELLIS2] [encode] vertices_sparse built: alloc=745MB
  [ComfyUI] [worker:ComfyUI-TRELLIS2] [encode] intersected_sparse built: alloc=761MB
  [ComfyUI] [worker:ComfyUI-TRELLIS2] [encode] intersected_sparse built: alloc=761MB
  [ComfyUI] [worker:ComfyUI-TRELLIS2] [encode] starting encoder forward...
  [ComfyUI] [worker:ComfyUI-TRELLIS2] [encode] starting encoder forward...
  [ComfyUI] [worker:ComfyUI-TRELLIS2] [sparse-conv] N=2,772,800 Ci=64 Co=16 feats=676MB cache=623MB (miss) w_dev=cuda:0 alloc=2814MB
  [ComfyUI] [worker:ComfyUI-TRELLIS2] [sparse-conv] N=2,772,800 Ci=64 Co=16 feats=676MB cache=623MB (miss) w_dev=cuda:0 alloc=2814MB
  [ComfyUI] [worker:ComfyUI-TRELLIS2] [VRAM] +2781MB (now 2985MB) reserved=3840MB peak=2985MB
  [ComfyUI] [worker:ComfyUI-TRELLIS2] [VRAM] +2781MB (now 2985MB) reserved=3840MB peak=2985MB
  [capture-loop] iter=150 t=17.6s state={'complete': False, 'error': None, 'executedCount': 0, 'wsState': 1} eval_ms=4 ram=6.8/31.9GB (21%) swap=0.8/12.3GB (7%) cpu=33% browser_rss=0.56GB
  Frame 7 saved (frame_006.jpg, t=17.6s)
  [capture-periodic] freeze=4ms shot=94ms unfreeze=4ms saved=True
  [ComfyUI] [worker:ComfyUI-TRELLIS2] [VRAM] +256MB (now 3241MB) reserved=3840MB peak=3241MB
  [ComfyUI] [worker:ComfyUI-TRELLIS2] [VRAM] +256MB (now 3241MB) reserved=3840MB peak=3241MB
  [ComfyUI] [worker:ComfyUI-TRELLIS2] [VRAM] -254MB (now 2988MB) reserved=3840MB peak=3241MB
  [ComfyUI] [worker:ComfyUI-TRELLIS2] [VRAM] -254MB (now 2988MB) reserved=3840MB peak=3241MB
  [ComfyUI] [worker:ComfyUI-TRELLIS2] [VRAM] +256MB (now 3244MB) reserved=3840MB peak=3244MB
  [ComfyUI] [worker:ComfyUI-TRELLIS2] [VRAM] +256MB (now 3244MB) reserved=3840MB peak=3244MB
  [ComfyUI] [worker:ComfyUI-TRELLIS2] [VRAM] -256MB (now 2988MB) reserved=3840MB peak=3244MB
  [ComfyUI] [worker:ComfyUI-TRELLIS2] [VRAM] -256MB (now 2988MB) reserved=3840MB peak=3244MB
  [capture-loop] iter=200 t=23.4s state={'complete': False, 'error': None, 'executedCount': 0, 'wsState': 1} eval_ms=4 ram=6.9/31.9GB (22%) swap=0.8/12.3GB (7%) cpu=4% browser_rss=0.56GB
  [ComfyUI] [worker:ComfyUI-TRELLIS2] [VRAM] +256MB (now 3244MB) reserved=3840MB peak=3244MB
  [ComfyUI] [worker:ComfyUI-TRELLIS2] [VRAM] +256MB (now 3244MB) reserved=3840MB peak=3244MB
  [ComfyUI] [worker:ComfyUI-TRELLIS2] [VRAM] -256MB (now 2988MB) reserved=3840MB peak=3244MB
  [ComfyUI] [worker:ComfyUI-TRELLIS2] [VRAM] -256MB (now 2988MB) reserved=3840MB peak=3244MB
  [ComfyUI] [worker:ComfyUI-TRELLIS2] [VRAM] +256MB (now 3244MB) reserved=3840MB peak=3244MB
  [ComfyUI] [worker:ComfyUI-TRELLIS2] [VRAM] +256MB (now 3244MB) reserved=3840MB peak=3244MB
  [ComfyUI] [worker:ComfyUI-TRELLIS2] [sparse-conv] out=169MB alloc=2993MB
  [ComfyUI] [worker:ComfyUI-TRELLIS2] [sparse-conv] out=169MB alloc=2993MB
  [ComfyUI] [worker:ComfyUI-TRELLIS2] [VRAM] -864MB (now 2380MB) reserved=3840MB peak=3249MB
  [ComfyUI] [worker:ComfyUI-TRELLIS2] [VRAM] -864MB (now 2380MB) reserved=3840MB peak=3249MB
  [ComfyUI] [worker:ComfyUI-TRELLIS2] [sparse-conv] N=692,157 Ci=128 Co=128 feats=337MB cache=155MB (miss) w_dev=cuda:0 alloc=4037MB
  [ComfyUI] [worker:ComfyUI-TRELLIS2] [sparse-conv] N=692,157 Ci=128 Co=128 feats=337MB cache=155MB (miss) w_dev=cuda:0 alloc=4037MB
  [ComfyUI] [worker:ComfyUI-TRELLIS2] [VRAM] +1994MB (now 4375MB) reserved=5192MB peak=4375MB
  [ComfyUI] [worker:ComfyUI-TRELLIS2] [VRAM] +1994MB (now 4375MB) reserved=5192MB peak=4375MB
  [capture-loop] iter=250 t=29.2s state={'complete': False, 'error': None, 'executedCount': 0, 'wsState': 1} eval_ms=4 ram=6.9/31.9GB (22%) swap=0.8/12.3GB (7%) cpu=4% browser_rss=0.49GB
  [ComfyUI] [worker:ComfyUI-TRELLIS2] [VRAM] +256MB (now 4632MB) reserved=5194MB peak=4632MB
  [ComfyUI] [worker:ComfyUI-TRELLIS2] [VRAM] +256MB (now 4632MB) reserved=5194MB peak=4632MB
  [ComfyUI] [worker:ComfyUI-TRELLIS2] [VRAM] -256MB (now 4376MB) reserved=5194MB peak=4632MB
  [ComfyUI] [worker:ComfyUI-TRELLIS2] [VRAM] -256MB (now 4376MB) reserved=5194MB peak=4632MB
  [ComfyUI] [worker:ComfyUI-TRELLIS2] [VRAM] +256MB (now 4632MB) reserved=5194MB peak=4632MB
  [ComfyUI] [worker:ComfyUI-TRELLIS2] [VRAM] +256MB (now 4632MB) reserved=5194MB peak=4632MB
  [ComfyUI] [worker:ComfyUI-TRELLIS2] [VRAM] -256MB (now 4376MB) reserved=5194MB peak=4632MB
  [ComfyUI] [worker:ComfyUI-TRELLIS2] [VRAM] -256MB (now 4376MB) reserved=5194MB peak=4632MB
  [capture-loop] iter=300 t=34.9s state={'complete': False, 'error': None, 'executedCount': 0, 'wsState': 1} eval_ms=3 ram=6.9/31.9GB (22%) swap=0.8/12.3GB (7%) cpu=4% browser_rss=0.48GB
  [ComfyUI] [worker:ComfyUI-TRELLIS2] [VRAM] +256MB (now 4632MB) reserved=5194MB peak=4632MB
  [ComfyUI] [worker:ComfyUI-TRELLIS2] [VRAM] +256MB (now 4632MB) reserved=5194MB peak=4632MB
  [ComfyUI] [worker:ComfyUI-TRELLIS2] [sparse-conv] out=337MB alloc=4377MB
  [ComfyUI] [worker:ComfyUI-TRELLIS2] [sparse-conv] out=337MB alloc=4377MB
  [ComfyUI] [worker:ComfyUI-TRELLIS2] [sparse-conv] N=692,157 Ci=128 Co=128 feats=337MB cache=158MB (hit) w_dev=cuda:0 alloc=2010MB
  [ComfyUI] [worker:ComfyUI-TRELLIS2] [sparse-conv] N=692,157 Ci=128 Co=128 feats=337MB cache=158MB (hit) w_dev=cuda:0 alloc=2010MB
  [ComfyUI] [worker:ComfyUI-TRELLIS2] [sparse-conv] out=337MB alloc=2348MB
  [ComfyUI] [worker:ComfyUI-TRELLIS2] [sparse-conv] out=337MB alloc=2348MB
  [ComfyUI] [worker:ComfyUI-TRELLIS2] [sparse-conv] N=692,157 Ci=128 Co=128 feats=337MB cache=158MB (hit) w_dev=cuda:0 alloc=2010MB
  [ComfyUI] [worker:ComfyUI-TRELLIS2] [sparse-conv] N=692,157 Ci=128 Co=128 feats=337MB cache=158MB (hit) w_dev=cuda:0 alloc=2010MB
  [ComfyUI] [worker:ComfyUI-TRELLIS2] [sparse-conv] out=337MB alloc=2348MB
  [ComfyUI] [worker:ComfyUI-TRELLIS2] [sparse-conv] out=337MB alloc=2348MB
  [ComfyUI] [worker:ComfyUI-TRELLIS2] [sparse-conv] N=692,157 Ci=128 Co=128 feats=337MB cache=158MB (hit) w_dev=cuda:0 alloc=2010MB
  [ComfyUI] [worker:ComfyUI-TRELLIS2] [sparse-conv] N=692,157 Ci=128 Co=128 feats=337MB cache=158MB (hit) w_dev=cuda:0 alloc=2010MB
  [ComfyUI] [worker:ComfyUI-TRELLIS2] [sparse-conv] out=337MB alloc=2348MB
  [ComfyUI] [worker:ComfyUI-TRELLIS2] [sparse-conv] out=337MB alloc=2348MB
  [ComfyUI] [worker:ComfyUI-TRELLIS2] [sparse-conv] N=692,157 Ci=128 Co=128 feats=337MB cache=158MB (hit) w_dev=cuda:0 alloc=2010MB
  [ComfyUI] [worker:ComfyUI-TRELLIS2] [sparse-conv] N=692,157 Ci=128 Co=128 feats=337MB cache=158MB (hit) w_dev=cuda:0 alloc=2010MB
  [ComfyUI] [worker:ComfyUI-TRELLIS2] [sparse-conv] out=337MB alloc=2348MB
  [ComfyUI] [worker:ComfyUI-TRELLIS2] [sparse-conv] out=337MB alloc=2348MB
  [ComfyUI] [worker:ComfyUI-TRELLIS2] [sparse-conv] N=692,157 Ci=128 Co=32 feats=337MB cache=158MB (hit) w_dev=cuda:0 alloc=2347MB
  [ComfyUI] [worker:ComfyUI-TRELLIS2] [sparse-conv] N=692,157 Ci=128 Co=32 feats=337MB cache=158MB (hit) w_dev=cuda:0 alloc=2347MB
  [ComfyUI] [worker:ComfyUI-TRELLIS2] [VRAM] -2285MB (now 2347MB) reserved=6884MB peak=4633MB
  [ComfyUI] [worker:ComfyUI-TRELLIS2] [VRAM] -2285MB (now 2347MB) reserved=6884MB peak=4633MB
  [ComfyUI] [worker:ComfyUI-TRELLIS2] [VRAM] +340MB (now 2688MB) reserved=6884MB peak=4633MB
  [ComfyUI] [worker:ComfyUI-TRELLIS2] [VRAM] +340MB (now 2688MB) reserved=6884MB peak=4633MB
  [ComfyUI] [worker:ComfyUI-TRELLIS2] [sparse-conv] out=84MB alloc=2432MB
  [ComfyUI] [worker:ComfyUI-TRELLIS2] [sparse-conv] out=84MB alloc=2432MB
  [ComfyUI] [worker:ComfyUI-TRELLIS2] [sparse-conv] N=172,383 Ci=256 Co=256 feats=168MB cache=38MB (miss) w_dev=cuda:0 alloc=2908MB
  [ComfyUI] [worker:ComfyUI-TRELLIS2] [sparse-conv] N=172,383 Ci=256 Co=256 feats=168MB cache=38MB (miss) w_dev=cuda:0 alloc=2908MB
  [ComfyUI] [worker:ComfyUI-TRELLIS2] [VRAM] +219MB (now 2908MB) reserved=6886MB peak=4633MB
  [ComfyUI] [worker:ComfyUI-TRELLIS2] [VRAM] +219MB (now 2908MB) reserved=6886MB peak=4633MB
  [capture-loop] iter=350 t=40.7s state={'complete': False, 'error': None, 'executedCount': 0, 'wsState': 1} eval_ms=3 ram=6.9/31.9GB (22%) swap=0.8/12.3GB (7%) cpu=4% browser_rss=0.48GB
  [ComfyUI] [worker:ComfyUI-TRELLIS2] [VRAM] +424MB (now 3332MB) reserved=6886MB peak=4633MB
  [ComfyUI] [worker:ComfyUI-TRELLIS2] [VRAM] +424MB (now 3332MB) reserved=6886MB peak=4633MB
  [ComfyUI] [worker:ComfyUI-TRELLIS2] [VRAM] -256MB (now 3077MB) reserved=6886MB peak=4633MB
  [ComfyUI] [worker:ComfyUI-TRELLIS2] [VRAM] -256MB (now 3077MB) reserved=6886MB peak=4633MB
  [ComfyUI] [worker:ComfyUI-TRELLIS2] [sparse-conv] out=168MB alloc=3077MB
  [ComfyUI] [worker:ComfyUI-TRELLIS2] [sparse-conv] out=168MB alloc=3077MB
  [ComfyUI] [worker:ComfyUI-TRELLIS2] [sparse-conv] N=172,383 Ci=256 Co=256 feats=168MB cache=39MB (hit) w_dev=cuda:0 alloc=1897MB
  [ComfyUI] [worker:ComfyUI-TRELLIS2] [sparse-conv] N=172,383 Ci=256 Co=256 feats=168MB cache=39MB (hit) w_dev=cuda:0 alloc=1897MB
  [ComfyUI] [worker:ComfyUI-TRELLIS2] [sparse-conv] out=168MB alloc=2065MB
  [ComfyUI] [worker:ComfyUI-TRELLIS2] [sparse-conv] out=168MB alloc=2065MB
  [ComfyUI] [worker:ComfyUI-TRELLIS2] [sparse-conv] N=172,383 Ci=256 Co=256 feats=168MB cache=39MB (hit) w_dev=cuda:0 alloc=1897MB
  [ComfyUI] [worker:ComfyUI-TRELLIS2] [sparse-conv] N=172,383 Ci=256 Co=256 feats=168MB cache=39MB (hit) w_dev=cuda:0 alloc=1897MB
  [ComfyUI] [worker:ComfyUI-TRELLIS2] [sparse-conv] out=168MB alloc=2065MB
  [ComfyUI] [worker:ComfyUI-TRELLIS2] [sparse-conv] out=168MB alloc=2065MB
  [ComfyUI] [worker:ComfyUI-TRELLIS2] [sparse-conv] N=172,383 Ci=256 Co=256 feats=168MB cache=39MB (hit) w_dev=cuda:0 alloc=1897MB
  [ComfyUI] [worker:ComfyUI-TRELLIS2] [sparse-conv] N=172,383 Ci=256 Co=256 feats=168MB cache=39MB (hit) w_dev=cuda:0 alloc=1897MB
  [ComfyUI] [worker:ComfyUI-TRELLIS2] [sparse-conv] out=168MB alloc=2065MB
  [ComfyUI] [worker:ComfyUI-TRELLIS2] [sparse-conv] out=168MB alloc=2065MB
  [ComfyUI] [worker:ComfyUI-TRELLIS2] [sparse-conv] N=172,383 Ci=256 Co=256 feats=168MB cache=39MB (hit) w_dev=cuda:0 alloc=1897MB
  [ComfyUI] [worker:ComfyUI-TRELLIS2] [sparse-conv] N=172,383 Ci=256 Co=256 feats=168MB cache=39MB (hit) w_dev=cuda:0 alloc=1897MB
  [ComfyUI] [worker:ComfyUI-TRELLIS2] [sparse-conv] out=168MB alloc=2065MB
  [ComfyUI] [worker:ComfyUI-TRELLIS2] [sparse-conv] out=168MB alloc=2065MB
  [ComfyUI] [worker:ComfyUI-TRELLIS2] [sparse-conv] N=172,383 Ci=256 Co=256 feats=168MB cache=39MB (hit) w_dev=cuda:0 alloc=1897MB
  [ComfyUI] [worker:ComfyUI-TRELLIS2] [sparse-conv] N=172,383 Ci=256 Co=256 feats=168MB cache=39MB (hit) w_dev=cuda:0 alloc=1897MB
  [ComfyUI] [worker:ComfyUI-TRELLIS2] [sparse-conv] out=168MB alloc=2065MB
  [ComfyUI] [worker:ComfyUI-TRELLIS2] [sparse-conv] out=168MB alloc=2065MB
  [ComfyUI] [worker:ComfyUI-TRELLIS2] [sparse-conv] N=172,383 Ci=256 Co=256 feats=168MB cache=39MB (hit) w_dev=cuda:0 alloc=1897MB
  [ComfyUI] [worker:ComfyUI-TRELLIS2] [sparse-conv] N=172,383 Ci=256 Co=256 feats=168MB cache=39MB (hit) w_dev=cuda:0 alloc=1897MB
  [ComfyUI] [worker:ComfyUI-TRELLIS2] [sparse-conv] out=168MB alloc=2065MB
  [ComfyUI] [worker:ComfyUI-TRELLIS2] [sparse-conv] out=168MB alloc=2065MB
  [ComfyUI] [worker:ComfyUI-TRELLIS2] [sparse-conv] N=172,383 Ci=256 Co=256 feats=168MB cache=39MB (hit) w_dev=cuda:0 alloc=1897MB
  [ComfyUI] [worker:ComfyUI-TRELLIS2] [sparse-conv] N=172,383 Ci=256 Co=256 feats=168MB cache=39MB (hit) w_dev=cuda:0 alloc=1897MB
  [ComfyUI] [worker:ComfyUI-TRELLIS2] [sparse-conv] out=168MB alloc=2065MB
  [ComfyUI] [worker:ComfyUI-TRELLIS2] [sparse-conv] out=168MB alloc=2065MB
  [ComfyUI] [worker:ComfyUI-TRELLIS2] [sparse-conv] N=172,383 Ci=256 Co=256 feats=168MB cache=39MB (hit) w_dev=cuda:0 alloc=1897MB
  [ComfyUI] [worker:ComfyUI-TRELLIS2] [sparse-conv] N=172,383 Ci=256 Co=256 feats=168MB cache=39MB (hit) w_dev=cuda:0 alloc=1897MB
  [ComfyUI] [worker:ComfyUI-TRELLIS2] [sparse-conv] out=168MB alloc=2065MB
  [ComfyUI] [worker:ComfyUI-TRELLIS2] [sparse-conv] out=168MB alloc=2065MB
  [ComfyUI] [worker:ComfyUI-TRELLIS2] [sparse-conv] N=172,383 Ci=256 Co=64 feats=168MB cache=39MB (hit) w_dev=cuda:0 alloc=2060MB
  [ComfyUI] [worker:ComfyUI-TRELLIS2] [sparse-conv] N=172,383 Ci=256 Co=64 feats=168MB cache=39MB (hit) w_dev=cuda:0 alloc=2060MB
  [ComfyUI] [worker:ComfyUI-TRELLIS2] [VRAM] -975MB (now 2102MB) reserved=6886MB peak=4633MB
  [ComfyUI] [worker:ComfyUI-TRELLIS2] [VRAM] -975MB (now 2102MB) reserved=6886MB peak=4633MB
  [ComfyUI] [worker:ComfyUI-TRELLIS2] [VRAM] +256MB (now 2358MB) reserved=6886MB peak=4633MB
  [ComfyUI] [worker:ComfyUI-TRELLIS2] [VRAM] +256MB (now 2358MB) reserved=6886MB peak=4633MB
  [ComfyUI] [worker:ComfyUI-TRELLIS2] [sparse-conv] out=42MB alloc=2102MB
  [ComfyUI] [worker:ComfyUI-TRELLIS2] [sparse-conv] out=42MB alloc=2102MB
  [ComfyUI] [worker:ComfyUI-TRELLIS2] [sparse-conv] N=42,764 Ci=512 Co=512 feats=83MB cache=9MB (miss) w_dev=cuda:0 alloc=2348MB
  [ComfyUI] [worker:ComfyUI-TRELLIS2] [sparse-conv] N=42,764 Ci=512 Co=512 feats=83MB cache=9MB (miss) w_dev=cuda:0 alloc=2348MB
  [ComfyUI] [worker:ComfyUI-TRELLIS2] [VRAM] +329MB (now 2687MB) reserved=6890MB peak=4633MB
  [ComfyUI] [worker:ComfyUI-TRELLIS2] [VRAM] +329MB (now 2687MB) reserved=6890MB peak=4633MB
  [capture-loop] iter=400 t=46.5s state={'complete': False, 'error': None, 'executedCount': 0, 'wsState': 1} eval_ms=4 ram=6.9/31.9GB (22%) swap=0.8/12.3GB (7%) cpu=4% browser_rss=0.48GB
  [ComfyUI] [worker:ComfyUI-TRELLIS2] [VRAM] -256MB (now 2431MB) reserved=6890MB peak=4633MB
  [ComfyUI] [worker:ComfyUI-TRELLIS2] [VRAM] -256MB (now 2431MB) reserved=6890MB peak=4633MB
  [ComfyUI] [worker:ComfyUI-TRELLIS2] [VRAM] +256MB (now 2687MB) reserved=6890MB peak=4633MB
  [ComfyUI] [worker:ComfyUI-TRELLIS2] [VRAM] +256MB (now 2687MB) reserved=6890MB peak=4633MB
  [ComfyUI] [worker:ComfyUI-TRELLIS2] [sparse-conv] out=83MB alloc=2431MB
  [ComfyUI] [worker:ComfyUI-TRELLIS2] [sparse-conv] out=83MB alloc=2431MB
  [ComfyUI] [worker:ComfyUI-TRELLIS2] [sparse-conv] N=42,764 Ci=512 Co=512 feats=83MB cache=9MB (hit) w_dev=cuda:0 alloc=1846MB
  [ComfyUI] [worker:ComfyUI-TRELLIS2] [sparse-conv] N=42,764 Ci=512 Co=512 feats=83MB cache=9MB (hit) w_dev=cuda:0 alloc=1846MB
  [ComfyUI] [worker:ComfyUI-TRELLIS2] [sparse-conv] out=83MB alloc=1929MB
  [ComfyUI] [worker:ComfyUI-TRELLIS2] [sparse-conv] out=83MB alloc=1929MB
  [ComfyUI] [worker:ComfyUI-TRELLIS2] [sparse-conv] N=42,764 Ci=512 Co=512 feats=83MB cache=9MB (hit) w_dev=cuda:0 alloc=1846MB
  [ComfyUI] [worker:ComfyUI-TRELLIS2] [sparse-conv] N=42,764 Ci=512 Co=512 feats=83MB cache=9MB (hit) w_dev=cuda:0 alloc=1846MB
  [ComfyUI] [worker:ComfyUI-TRELLIS2] [sparse-conv] out=83MB alloc=1929MB
  [ComfyUI] [worker:ComfyUI-TRELLIS2] [sparse-conv] out=83MB alloc=1929MB
  [ComfyUI] [worker:ComfyUI-TRELLIS2] [sparse-conv] N=42,764 Ci=512 Co=512 feats=83MB cache=9MB (hit) w_dev=cuda:0 alloc=1846MB
  [ComfyUI] [worker:ComfyUI-TRELLIS2] [sparse-conv] N=42,764 Ci=512 Co=512 feats=83MB cache=9MB (hit) w_dev=cuda:0 alloc=1846MB
  [ComfyUI] [worker:ComfyUI-TRELLIS2] [sparse-conv] out=83MB alloc=1929MB
  [ComfyUI] [worker:ComfyUI-TRELLIS2] [sparse-conv] out=83MB alloc=1929MB
  [ComfyUI] [worker:ComfyUI-TRELLIS2] [sparse-conv] N=42,764 Ci=512 Co=512 feats=83MB cache=9MB (hit) w_dev=cuda:0 alloc=1846MB
  [ComfyUI] [worker:ComfyUI-TRELLIS2] [sparse-conv] N=42,764 Ci=512 Co=512 feats=83MB cache=9MB (hit) w_dev=cuda:0 alloc=1846MB
  [ComfyUI] [worker:ComfyUI-TRELLIS2] [sparse-conv] out=83MB alloc=1929MB
  [ComfyUI] [worker:ComfyUI-TRELLIS2] [sparse-conv] out=83MB alloc=1929MB
  [ComfyUI] [worker:ComfyUI-TRELLIS2] [sparse-conv] N=42,764 Ci=512 Co=512 feats=83MB cache=9MB (hit) w_dev=cuda:0 alloc=1846MB
  [ComfyUI] [worker:ComfyUI-TRELLIS2] [sparse-conv] N=42,764 Ci=512 Co=512 feats=83MB cache=9MB (hit) w_dev=cuda:0 alloc=1846MB
  [ComfyUI] [worker:ComfyUI-TRELLIS2] [sparse-conv] out=83MB alloc=1929MB
  [ComfyUI] [worker:ComfyUI-TRELLIS2] [sparse-conv] out=83MB alloc=1929MB
  [ComfyUI] [worker:ComfyUI-TRELLIS2] [sparse-conv] N=42,764 Ci=512 Co=512 feats=83MB cache=9MB (hit) w_dev=cuda:0 alloc=1846MB
  [ComfyUI] [worker:ComfyUI-TRELLIS2] [sparse-conv] N=42,764 Ci=512 Co=512 feats=83MB cache=9MB (hit) w_dev=cuda:0 alloc=1846MB
  [ComfyUI] [worker:ComfyUI-TRELLIS2] [sparse-conv] out=83MB alloc=1929MB
  [ComfyUI] [worker:ComfyUI-TRELLIS2] [sparse-conv] out=83MB alloc=1929MB
  [ComfyUI] [worker:ComfyUI-TRELLIS2] [sparse-conv] N=42,764 Ci=512 Co=512 feats=83MB cache=9MB (hit) w_dev=cuda:0 alloc=1846MB
  [ComfyUI] [worker:ComfyUI-TRELLIS2] [sparse-conv] N=42,764 Ci=512 Co=512 feats=83MB cache=9MB (hit) w_dev=cuda:0 alloc=1846MB
  [ComfyUI] [worker:ComfyUI-TRELLIS2] [sparse-conv] out=83MB alloc=1929MB
  [ComfyUI] [worker:ComfyUI-TRELLIS2] [sparse-conv] out=83MB alloc=1929MB
  [ComfyUI] [worker:ComfyUI-TRELLIS2] [sparse-conv] N=42,764 Ci=512 Co=512 feats=83MB cache=9MB (hit) w_dev=cuda:0 alloc=1846MB
  [ComfyUI] [worker:ComfyUI-TRELLIS2] [sparse-conv] N=42,764 Ci=512 Co=512 feats=83MB cache=9MB (hit) w_dev=cuda:0 alloc=1846MB
  [ComfyUI] [worker:ComfyUI-TRELLIS2] [VRAM] -759MB (now 1929MB) reserved=6890MB peak=4633MB
  [ComfyUI] [worker:ComfyUI-TRELLIS2] [VRAM] -759MB (now 1929MB) reserved=6890MB peak=4633MB
  [ComfyUI] [worker:ComfyUI-TRELLIS2] [sparse-conv] out=83MB alloc=1929MB
  [ComfyUI] [worker:ComfyUI-TRELLIS2] [sparse-conv] out=83MB alloc=1929MB
  [ComfyUI] [worker:ComfyUI-TRELLIS2] [sparse-conv] N=42,764 Ci=512 Co=512 feats=83MB cache=9MB (hit) w_dev=cuda:0 alloc=1846MB
  [ComfyUI] [worker:ComfyUI-TRELLIS2] [sparse-conv] N=42,764 Ci=512 Co=512 feats=83MB cache=9MB (hit) w_dev=cuda:0 alloc=1846MB
  [ComfyUI] [worker:ComfyUI-TRELLIS2] [sparse-conv] out=83MB alloc=1929MB
  [ComfyUI] [worker:ComfyUI-TRELLIS2] [sparse-conv] out=83MB alloc=1929MB
  [ComfyUI] [worker:ComfyUI-TRELLIS2] [sparse-conv] N=42,764 Ci=512 Co=512 feats=83MB cache=9MB (hit) w_dev=cuda:0 alloc=1846MB
  [ComfyUI] [worker:ComfyUI-TRELLIS2] [sparse-conv] N=42,764 Ci=512 Co=512 feats=83MB cache=9MB (hit) w_dev=cuda:0 alloc=1846MB
  [ComfyUI] [worker:ComfyUI-TRELLIS2] [sparse-conv] out=83MB alloc=1929MB
  [ComfyUI] [worker:ComfyUI-TRELLIS2] [sparse-conv] out=83MB alloc=1929MB
  [ComfyUI] [worker:ComfyUI-TRELLIS2] [sparse-conv] N=42,764 Ci=512 Co=512 feats=83MB cache=9MB (hit) w_dev=cuda:0 alloc=1846MB
  [ComfyUI] [worker:ComfyUI-TRELLIS2] [sparse-conv] N=42,764 Ci=512 Co=512 feats=83MB cache=9MB (hit) w_dev=cuda:0 alloc=1846MB
  [ComfyUI] [worker:ComfyUI-TRELLIS2] [sparse-conv] out=83MB alloc=1929MB
  [ComfyUI] [worker:ComfyUI-TRELLIS2] [sparse-conv] out=83MB alloc=1929MB
  [ComfyUI] [worker:ComfyUI-TRELLIS2] [sparse-conv] N=42,764 Ci=512 Co=512 feats=83MB cache=9MB (hit) w_dev=cuda:0 alloc=1846MB
  [ComfyUI] [worker:ComfyUI-TRELLIS2] [sparse-conv] N=42,764 Ci=512 Co=512 feats=83MB cache=9MB (hit) w_dev=cuda:0 alloc=1846MB
  [ComfyUI] [worker:ComfyUI-TRELLIS2] [sparse-conv] out=83MB alloc=1929MB
  [ComfyUI] [worker:ComfyUI-TRELLIS2] [sparse-conv] out=83MB alloc=1929MB
  [ComfyUI] [worker:ComfyUI-TRELLIS2] [sparse-conv] N=42,764 Ci=512 Co=512 feats=83MB cache=9MB (hit) w_dev=cuda:0 alloc=1846MB
  [ComfyUI] [worker:ComfyUI-TRELLIS2] [sparse-conv] N=42,764 Ci=512 Co=512 feats=83MB cache=9MB (hit) w_dev=cuda:0 alloc=1846MB
  [ComfyUI] [worker:ComfyUI-TRELLIS2] [sparse-conv] out=83MB alloc=1929MB
  [ComfyUI] [worker:ComfyUI-TRELLIS2] [sparse-conv] out=83MB alloc=1929MB
  [ComfyUI] [worker:ComfyUI-TRELLIS2] [sparse-conv] N=42,764 Ci=512 Co=512 feats=83MB cache=9MB (hit) w_dev=cuda:0 alloc=1846MB
  [ComfyUI] [worker:ComfyUI-TRELLIS2] [sparse-conv] N=42,764 Ci=512 Co=512 feats=83MB cache=9MB (hit) w_dev=cuda:0 alloc=1846MB
  [ComfyUI] [worker:ComfyUI-TRELLIS2] [sparse-conv] out=83MB alloc=1929MB
  [ComfyUI] [worker:ComfyUI-TRELLIS2] [sparse-conv] out=83MB alloc=1929MB
  [ComfyUI] [worker:ComfyUI-TRELLIS2] [sparse-conv] N=42,764 Ci=512 Co=512 feats=83MB cache=9MB (hit) w_dev=cuda:0 alloc=1846MB
  [ComfyUI] [worker:ComfyUI-TRELLIS2] [sparse-conv] N=42,764 Ci=512 Co=512 feats=83MB cache=9MB (hit) w_dev=cuda:0 alloc=1846MB
  [ComfyUI] [worker:ComfyUI-TRELLIS2] [sparse-conv] out=83MB alloc=1929MB
  [ComfyUI] [worker:ComfyUI-TRELLIS2] [sparse-conv] out=83MB alloc=1929MB
  [ComfyUI] [worker:ComfyUI-TRELLIS2] [sparse-conv] N=42,764 Ci=512 Co=512 feats=83MB cache=9MB (hit) w_dev=cuda:0 alloc=1846MB
  [ComfyUI] [worker:ComfyUI-TRELLIS2] [sparse-conv] N=42,764 Ci=512 Co=512 feats=83MB cache=9MB (hit) w_dev=cuda:0 alloc=1846MB
  [ComfyUI] [worker:ComfyUI-TRELLIS2] [sparse-conv] out=83MB alloc=1929MB
  [ComfyUI] [worker:ComfyUI-TRELLIS2] [sparse-conv] out=83MB alloc=1929MB
  [ComfyUI] [worker:ComfyUI-TRELLIS2] [sparse-conv] N=42,764 Ci=512 Co=128 feats=83MB cache=9MB (hit) w_dev=cuda:0 alloc=1909MB
  [ComfyUI] [worker:ComfyUI-TRELLIS2] [sparse-conv] N=42,764 Ci=512 Co=128 feats=83MB cache=9MB (hit) w_dev=cuda:0 alloc=1909MB
  [ComfyUI] [worker:ComfyUI-TRELLIS2] [VRAM] +256MB (now 2186MB) reserved=6890MB peak=4633MB
  [ComfyUI] [worker:ComfyUI-TRELLIS2] [VRAM] +256MB (now 2186MB) reserved=6890MB peak=4633MB
  [capture-loop] iter=450 t=52.1s state={'complete': False, 'error': None, 'executedCount': 0, 'wsState': 1} eval_ms=3 ram=6.9/31.9GB (22%) swap=0.8/12.3GB (7%) cpu=4% browser_rss=0.48GB
  [ComfyUI] [worker:ComfyUI-TRELLIS2] [VRAM] -256MB (now 1930MB) reserved=6890MB peak=4633MB
  [ComfyUI] [worker:ComfyUI-TRELLIS2] [VRAM] -256MB (now 1930MB) reserved=6890MB peak=4633MB
  [ComfyUI] [worker:ComfyUI-TRELLIS2] [VRAM] +276MB (now 2207MB) reserved=6890MB peak=4633MB
  [ComfyUI] [worker:ComfyUI-TRELLIS2] [VRAM] +276MB (now 2207MB) reserved=6890MB peak=4633MB
  [ComfyUI] [worker:ComfyUI-TRELLIS2] [VRAM] -256MB (now 1951MB) reserved=6890MB peak=4633MB
  [ComfyUI] [worker:ComfyUI-TRELLIS2] [VRAM] -256MB (now 1951MB) reserved=6890MB peak=4633MB
  [capture-loop] iter=500 t=57.9s state={'complete': False, 'error': None, 'executedCount': 0, 'wsState': 1} eval_ms=4 ram=7.0/31.9GB (22%) swap=0.8/12.3GB (7%) cpu=4% browser_rss=0.48GB
  [ComfyUI] [worker:ComfyUI-TRELLIS2] [VRAM] +256MB (now 2207MB) reserved=6890MB peak=4633MB
  [ComfyUI] [worker:ComfyUI-TRELLIS2] [VRAM] +256MB (now 2207MB) reserved=6890MB peak=4633MB
  [ComfyUI] [worker:ComfyUI-TRELLIS2] [VRAM] -256MB (now 1951MB) reserved=6890MB peak=4633MB
  [ComfyUI] [worker:ComfyUI-TRELLIS2] [VRAM] -256MB (now 1951MB) reserved=6890MB peak=4633MB
  [ComfyUI] [worker:ComfyUI-TRELLIS2] [VRAM] +256MB (now 2207MB) reserved=6890MB peak=4633MB
  [ComfyUI] [worker:ComfyUI-TRELLIS2] [VRAM] +256MB (now 2207MB) reserved=6890MB peak=4633MB
  [ComfyUI] [worker:ComfyUI-TRELLIS2]
  [ComfyUI] [worker:ComfyUI-TRELLIS2]
  [ComfyUI] === WATCHDOG TICK 1 ===
  [ComfyUI] === WATCHDOG TICK 1 ===
  [ComfyUI] [worker:ComfyUI-TRELLIS2] Thread 0x00003ab0 (most recent call first):
  [ComfyUI] [worker:ComfyUI-TRELLIS2] Thread 0x00003ab0 (most recent call first):
  [ComfyUI]   File "C:\Users\ContainerAdministrator\AppData\Local\Temp\comfyui_pvenv_3g3nrpe9\persistent_worker.py", line 106 in _vram_poller
  [ComfyUI]   File "C:\Users\ContainerAdministrator\AppData\Local\Temp\comfyui_pvenv_3g3nrpe9\persistent_worker.py", line 106 in _vram_poller
  [ComfyUI]   File "C:\workspaces\TRELLIS2-0556\portable-comfyui\ComfyUI_windows_portable\ComfyUI\.ce\.pixi\envs\trellis2-nodes\Lib\threading.py", line 995 in run
  [ComfyUI]   File "C:\workspaces\TRELLIS2-0556\portable-comfyui\ComfyUI_windows_portable\ComfyUI\.ce\.pixi\envs\trellis2-nodes\Lib\threading.py", line 995 in run
  [ComfyUI]   File "C:\workspaces\TRELLIS2-0556\portable-comfyui\ComfyUI_windows_portable\ComfyUI\.ce\.pixi\envs\trellis2-nodes\Lib\threading.py", line 1044 in _bootstrap_inner
  [ComfyUI]   File "C:\workspaces\TRELLIS2-0556\portable-comfyui\ComfyUI_windows_portable\ComfyUI\.ce\.pixi\envs\trellis2-nodes\Lib\threading.py", line 1044 in _bootstrap_inner
  [ComfyUI]   File "C:\workspaces\TRELLIS2-0556\portable-comfyui\ComfyUI_windows_portable\ComfyUI\.ce\.pixi\envs\trellis2-nodes\Lib\threading.py", line 1015 in _bootstrap
  [ComfyUI]   File "C:\workspaces\TRELLIS2-0556\portable-comfyui\ComfyUI_windows_portable\ComfyUI\.ce\.pixi\envs\trellis2-nodes\Lib\threading.py", line 1015 in _bootstrap
  [ComfyUI] 
  [ComfyUI] 
  [ComfyUI] Current thread 0x00004f80 (most recent call first):
  [ComfyUI] Current thread 0x00004f80 (most recent call first):
  [ComfyUI]   File "C:\Users\ContainerAdministrator\AppData\Local\Temp\comfyui_pvenv_3g3nrpe9\persistent_worker.py", line 52 in _watchdog
  [ComfyUI]   File "C:\Users\ContainerAdministrator\AppData\Local\Temp\comfyui_pvenv_3g3nrpe9\persistent_worker.py", line 52 in _watchdog
  [ComfyUI]   File "C:\workspaces\TRELLIS2-0556\portable-comfyui\ComfyUI_windows_portable\ComfyUI\.ce\.pixi\envs\trellis2-nodes\Lib\threading.py", line 995 in run
  [ComfyUI]   File "C:\workspaces\TRELLIS2-0556\portable-comfyui\ComfyUI_windows_portable\ComfyUI\.ce\.pixi\envs\trellis2-nodes\Lib\threading.py", line 995 in run
  [ComfyUI]   File "C:\workspaces\TRELLIS2-0556\portable-comfyui\ComfyUI_windows_portable\ComfyUI\.ce\.pixi\envs\trellis2-nodes\Lib\threading.py", line 1044 in _bootstrap_inner
  [ComfyUI]   File "C:\workspaces\TRELLIS2-0556\portable-comfyui\ComfyUI_windows_portable\ComfyUI\.ce\.pixi\envs\trellis2-nodes\Lib\threading.py", line 1044 in _bootstrap_inner
  [ComfyUI]   File "C:\workspaces\TRELLIS2-0556\portable-comfyui\ComfyUI_windows_portable\ComfyUI\.ce\.pixi\envs\trellis2-nodes\Lib\threading.py", line 1015 in _bootstrap
  [ComfyUI]   File "C:\workspaces\TRELLIS2-0556\portable-comfyui\ComfyUI_windows_portable\ComfyUI\.ce\.pixi\envs\trellis2-nodes\Lib\threading.py", line 1015 in _bootstrap
  [ComfyUI] 
  [ComfyUI] 
  [ComfyUI] Thread 0x00004df4 (most recent call first):
  [ComfyUI] Thread 0x00004df4 (most recent call first):
  [ComfyUI]   File "C:\workspaces\TRELLIS2-0556\portable-comfyui\ComfyUI_windows_portable\ComfyUI\.ce\.pixi\envs\trellis2-nodes\Lib\site-packages\torch\cuda\streams.py", line 209 in record
  [ComfyUI]   File "C:\workspaces\TRELLIS2-0556\portable-comfyui\ComfyUI_windows_portable\ComfyUI\.ce\.pixi\envs\trellis2-nodes\Lib\site-packages\torch\cuda\streams.py", line 209 in record
  [ComfyUI]   File "C:\workspaces\TRELLIS2-0556\portable-comfyui\ComfyUI_windows_portable\ComfyUI\.ce\.pixi\envs\trellis2-nodes\Lib\site-packages\triton\testing.py", line 186 in do_bench
  [ComfyUI]   File "C:\workspaces\TRELLIS2-0556\portable-comfyui\ComfyUI_windows_portable\ComfyUI\.ce\.pixi\envs\trellis2-nodes\Lib\site-packages\triton\testing.py", line 186 in do_bench
  [ComfyUI]   File "C:\workspaces\TRELLIS2-0556\portable-comfyui\ComfyUI_windows_portable\ComfyUI\.ce\.pixi\envs\trellis2-nodes\Lib\site-packages\triton\runtime\autotuner.py", line 164 in _bench
  [ComfyUI]   File "C:\workspaces\TRELLIS2-0556\portable-comfyui\ComfyUI_windows_portable\ComfyUI\.ce\.pixi\envs\trellis2-nodes\Lib\site-packages\triton\runtime\autotuner.py", line 164 in _bench
  [ComfyUI]   File "C:\workspaces\TRELLIS2-0556\portable-comfyui\ComfyUI_windows_portable\ComfyUI\.ce\.pixi\envs\trellis2-nodes\Lib\site-packages\flex_gemm_ap\utils\autotuner.py", line 67 in run
  [ComfyUI]   File "C:\workspaces\TRELLIS2-0556\portable-comfyui\ComfyUI_windows_portable\ComfyUI\.ce\.pixi\envs\trellis2-nodes\Lib\site-packages\flex_gemm_ap\utils\autotuner.py", line 67 in run
  [ComfyUI]   File "C:\workspaces\TRELLIS2-0556\portable-comfyui\ComfyUI_windows_portable\ComfyUI\.ce\.pixi\envs\trellis2-nodes\Lib\site-packages\triton\runtime\jit.py", line 370 in <lambda>
  [ComfyUI]   File "C:\workspaces\TRELLIS2-0556\portable-comfyui\ComfyUI_windows_portable\ComfyUI\.ce\.pixi\envs\trellis2-nodes\Lib\site-packages\triton\runtime\jit.py", line 370 in <lambda>
  [ComfyUI]   File "C:\workspaces\TRELLIS2-0556\portable-comfyui\ComfyUI_windows_portable\ComfyUI\.ce\.pixi\envs\trellis2-nodes\Lib\site-packages\flex_gemm_ap\kernels\triton\spconv\sparse_submanifold_conv_fwd_masked_implicit_gemm_splitk.py", line 164 in sparse_submanifold_conv_fwd_masked_implicit_gemm_splitk
  [ComfyUI]   File "C:\workspaces\TRELLIS2-0556\portable-comfyui\ComfyUI_windows_portable\ComfyUI\.ce\.pixi\envs\trellis2-nodes\Lib\site-packages\flex_gemm_ap\kernels\triton\spconv\sparse_submanifold_conv_fwd_masked_implicit_gemm_splitk.py", line 164 in sparse_submanifold_conv_fwd_masked_implicit_gemm_splitk
  [ComfyUI]   File "C:\workspaces\TRELLIS2-0556\portable-comfyui\ComfyUI_windows_portable\ComfyUI\.ce\.pixi\envs\trellis2-nodes\Lib\site-packages\flex_gemm_ap\utils\autotuner.py", line 277 in _benchmark
  [ComfyUI]   File "C:\workspaces\TRELLIS2-0556\portable-comfyui\ComfyUI_windows_portable\ComfyUI\.ce\.pixi\envs\trellis2-nodes\Lib\site-packages\flex_gemm_ap\utils\autotuner.py", line 277 in _benchmark
  [ComfyUI]   File "C:\workspaces\TRELLIS2-0556\portable-comfyui\ComfyUI_windows_portable\ComfyUI\.ce\.pixi\envs\trellis2-nodes\Lib\site-packages\flex_gemm_ap\utils\autotuner.py", line 256 in __call__
  [ComfyUI]   File "C:\workspaces\TRELLIS2-0556\portable-comfyui\ComfyUI_windows_portable\ComfyUI\.ce\.pixi\envs\trellis2-nodes\Lib\site-packages\flex_gemm_ap\utils\autotuner.py", line 256 in __call__
  [ComfyUI]   File "C:\workspaces\TRELLIS2-0556\portable-comfyui\ComfyUI_windows_portable\ComfyUI\.ce\.pixi\envs\trellis2-nodes\Lib\site-packages\flex_gemm_ap\ops\spconv\submanifold_conv3d.py", line 336 in _sparse_submanifold_conv_forward
  [ComfyUI]   File "C:\workspaces\TRELLIS2-0556\portable-comfyui\ComfyUI_windows_portable\ComfyUI\.ce\.pixi\envs\trellis2-nodes\Lib\site-packages\flex_gemm_ap\ops\spconv\submanifold_conv3d.py", line 336 in _sparse_submanifold_conv_forward
  [ComfyUI]   File "C:\workspaces\TRELLIS2-0556\portable-comfyui\ComfyUI_windows_portable\ComfyUI\comfy\ops_sparse.py", line 267 in _flex_gemm_conv3d_forward
  [ComfyUI]   File "C:\workspaces\TRELLIS2-0556\portable-comfyui\ComfyUI_windows_portable\ComfyUI\comfy\ops_sparse.py", line 267 in _flex_gemm_conv3d_forward
  [ComfyUI]   File "C:\workspaces\TRELLIS2-0556\portable-comfyui\ComfyUI_windows_portable\ComfyUI\comfy\ops_sparse.py", line 545 in _forward
  [ComfyUI]   File "C:\workspaces\TRELLIS2-0556\portable-comfyui\ComfyUI_windows_portable\ComfyUI\comfy\ops_sparse.py", line 545 in _forward
  [ComfyUI]   File "C:\workspaces\TRELLIS2-0556\portable-comfyui\ComfyUI_windows_portable\ComfyUI\comfy\ops_sparse.py", line 560 in forward_comfy_cast_weights
  [ComfyUI]   File "C:\workspaces\TRELLIS2-0556\portable-comfyui\ComfyUI_windows_portable\ComfyUI\comfy\ops_sparse.py", line 560 in forward_comfy_cast_weights
  [ComfyUI]   File "C:\workspaces\TRELLIS2-0556\portable-comfyui\ComfyUI_windows_portable\ComfyUI\comfy\ops_sparse.py", line 571 in forward
  [ComfyUI]   File "C:\workspaces\TRELLIS2-0556\portable-comfyui\ComfyUI_windows_portable\ComfyUI\comfy\ops_sparse.py", line 571 in forward
  [ComfyUI]   File "C:\workspaces\TRELLIS2-0556\portable-comfyui\ComfyUI_windows_portable\ComfyUI\.ce\.pixi\envs\trellis2-nodes\Lib\site-packages\torch\nn\modules\module.py", line 1790 in _call_impl
  [ComfyUI]   File "C:\workspaces\TRELLIS2-0556\portable-comfyui\ComfyUI_windows_portable\ComfyUI\.ce\.pixi\envs\trellis2-nodes\Lib\site-packages\torch\nn\modules\module.py", line 1790 in _call_impl
  [ComfyUI]   File "C:\workspaces\TRELLIS2-0556\portable-comfyui\ComfyUI_windows_portable\ComfyUI\.ce\.pixi\envs\trellis2-nodes\Lib\site-packages\torch\nn\modules\module.py", line 1779 in _wrapped_call_impl
  [ComfyUI]   File "C:\workspaces\TRELLIS2-0556\portable-comfyui\ComfyUI_windows_portable\ComfyUI\.ce\.pixi\envs\trellis2-nodes\Lib\site-packages\torch\nn\modules\module.py", line 1779 in _wrapped_call_impl
  [ComfyUI]   File "C:\workspaces\TRELLIS2-0556\portable-comfyui\ComfyUI_windows_portable\ComfyUI\custom_nodes\ComfyUI-TRELLIS2\nodes\trellis2\vae.py", line 487 in _forward
  [ComfyUI]   File "C:\workspaces\TRELLIS2-0556\portable-comfyui\ComfyUI_windows_portable\ComfyUI\custom_nodes\ComfyUI-TRELLIS2\nodes\trellis2\vae.py", line 487 in _forward
  [ComfyUI]   File "C:\workspaces\TRELLIS2-0556\portable-comfyui\ComfyUI_windows_portable\ComfyUI\custom_nodes\ComfyUI-TRELLIS2\nodes\trellis2\vae.py", line 500 in forward
  [ComfyUI]   File "C:\workspaces\TRELLIS2-0556\portable-comfyui\ComfyUI_windows_portable\ComfyUI\custom_nodes\ComfyUI-TRELLIS2\nodes\trellis2\vae.py", line 500 in forward
  [ComfyUI]   File "C:\workspaces\TRELLIS2-0556\portable-comfyui\ComfyUI_windows_portable\ComfyUI\.ce\.pixi\envs\trellis2-nodes\Lib\site-packages\torch\nn\modules\module.py", line 1790 in _call_impl
  [ComfyUI]   File "C:\workspaces\TRELLIS2-0556\portable-comfyui\ComfyUI_windows_portable\ComfyUI\.ce\.pixi\envs\trellis2-nodes\Lib\site-packages\torch\nn\modules\module.py", line 1790 in _call_impl
  [ComfyUI]   File "C:\workspaces\TRELLIS2-0556\portable-comfyui\ComfyUI_windows_portable\ComfyUI\.ce\.pixi\envs\trellis2-nodes\Lib\site-packages\torch\nn\modules\module.py", line 1779 in _wrapped_call_impl
  [ComfyUI]   File "C:\workspaces\TRELLIS2-0556\portable-comfyui\ComfyUI_windows_portable\ComfyUI\.ce\.pixi\envs\trellis2-nodes\Lib\site-packages\torch\nn\modules\module.py", line 1779 in _wrapped_call_impl
  [ComfyUI]   File "C:\workspaces\TRELLIS2-0556\portable-comfyui\ComfyUI_windows_portable\ComfyUI\custom_nodes\ComfyUI-TRELLIS2\nodes\trellis2\vae.py", line 933 in forward
  [ComfyUI]   File "C:\workspaces\TRELLIS2-0556\portable-comfyui\ComfyUI_windows_portable\ComfyUI\custom_nodes\ComfyUI-TRELLIS2\nodes\trellis2\vae.py", line 933 in forward
  [ComfyUI]   File "C:\workspaces\TRELLIS2-0556\portable-comfyui\ComfyUI_windows_portable\ComfyUI\custom_nodes\ComfyUI-TRELLIS2\nodes\trellis2\vae.py", line 1293 in forward
  [ComfyUI]   File "C:\workspaces\TRELLIS2-0556\portable-comfyui\ComfyUI_windows_portable\ComfyUI\custom_nodes\ComfyUI-TRELLIS2\nodes\trellis2\vae.py", line 1293 in forward
  [ComfyUI]   File "C:\workspaces\TRELLIS2-0556\portable-comfyui\ComfyUI_windows_portable\ComfyUI\.ce\.pixi\envs\trellis2-nodes\Lib\site-packages\torch\nn\modules\module.py", line 1790 in _call_impl
  [ComfyUI]   File "C:\workspaces\TRELLIS2-0556\portable-comfyui\ComfyUI_windows_portable\ComfyUI\.ce\.pixi\envs\trellis2-nodes\Lib\site-packages\torch\nn\modules\module.py", line 1790 in _call_impl
  [ComfyUI]   File "C:\workspaces\TRELLIS2-0556\portable-comfyui\ComfyUI_windows_portable\ComfyUI\.ce\.pixi\envs\trellis2-nodes\Lib\site-packages\torch\nn\modules\module.py", line 1779 in _wrapped_call_impl
  [ComfyUI]   File "C:\workspaces\TRELLIS2-0556\portable-comfyui\ComfyUI_windows_portable\ComfyUI\.ce\.pixi\envs\trellis2-nodes\Lib\site-packages\torch\nn\modules\module.py", line 1779 in _wrapped_call_impl
  [ComfyUI]   File "C:\workspaces\TRELLIS2-0556\portable-comfyui\ComfyUI_windows_portable\ComfyUI\custom_nodes\ComfyUI-TRELLIS2\nodes\stages.py", line 121 in _encode_mesh_to_shape_slat
  [ComfyUI]   File "C:\workspaces\TRELLIS2-0556\portable-comfyui\ComfyUI_windows_portable\ComfyUI\custom_nodes\ComfyUI-TRELLIS2\nodes\stages.py", line 121 in _encode_mesh_to_shape_slat
  [ComfyUI]   File "C:\workspaces\TRELLIS2-0556\portable-comfyui\ComfyUI_windows_portable\ComfyUI\custom_nodes\ComfyUI-TRELLIS2\nodes\stages.py", line 1473 in run_encode_mesh
  [ComfyUI]   File "C:\workspaces\TRELLIS2-0556\portable-comfyui\ComfyUI_windows_portable\ComfyUI\custom_nodes\ComfyUI-TRELLIS2\nodes\stages.py", line 1473 in run_encode_mesh
  [ComfyUI]   File "C:\workspaces\TRELLIS2-0556\portable-comfyui\ComfyUI_windows_portable\ComfyUI\custom_nodes\ComfyUI-TRELLIS2\nodes\nodes_inference.py", line 414 in execute
  [ComfyUI]   File "C:\workspaces\TRELLIS2-0556\portable-comfyui\ComfyUI_windows_portable\ComfyUI\custom_nodes\ComfyUI-TRELLIS2\nodes\nodes_inference.py", line 414 in execute
  [ComfyUI]   File "C:\workspaces\TRELLIS2-0556\portable-comfyui\ComfyUI_windows_portable\ComfyUI\comfy_api\latest\_io.py", line 1826 in EXECUTE_NORMALIZED
  [ComfyUI]   File "C:\workspaces\TRELLIS2-0556\portable-comfyui\ComfyUI_windows_portable\ComfyUI\comfy_api\latest\_io.py", line 1826 in EXECUTE_NORMALIZED
  [ComfyUI]   File "C:\Users\ContainerAdministrator\AppData\Local\Temp\comfyui_pvenv_3g3nrpe9\persistent_worker.py", line 1749 in main
  [ComfyUI]   File "C:\Users\ContainerAdministrator\AppData\Local\Temp\comfyui_pvenv_3g3nrpe9\persistent_worker.py", line 1749 in main
  [ComfyUI]   File "C:\Users\ContainerAdministrator\AppData\Local\Temp\comfyui_pvenv_3g3nrpe9\persistent_worker.py", line 1794 in <module>
  [ComfyUI]   File "C:\Users\ContainerAdministrator\AppData\Local\Temp\comfyui_pvenv_3g3nrpe9\persistent_worker.py", line 1794 in <module>
  [ComfyUI] 
  [ComfyUI] 
  [ComfyUI] [worker:ComfyUI-TRELLIS2] === END ===
  [ComfyUI] [worker:ComfyUI-TRELLIS2] === END ===
  [ComfyUI] 
  [ComfyUI] 
  [ComfyUI] [worker:ComfyUI-TRELLIS2] [VRAM] -256MB (now 1951MB) reserved=6890MB peak=4633MB
  [ComfyUI] [worker:ComfyUI-TRELLIS2] [VRAM] -256MB (now 1951MB) reserved=6890MB peak=4633MB
  [ComfyUI] [worker:ComfyUI-TRELLIS2] [sparse-conv] out=20MB alloc=1930MB
  [ComfyUI] [worker:ComfyUI-TRELLIS2] [sparse-conv] out=20MB alloc=1930MB
  [ComfyUI] [worker:ComfyUI-TRELLIS2] [sparse-conv] N=10,576 Ci=1024 Co=1024 feats=41MB cache=2MB (miss) w_dev=cuda:0 alloc=2136MB
  [ComfyUI] [worker:ComfyUI-TRELLIS2] [sparse-conv] N=10,576 Ci=1024 Co=1024 feats=41MB cache=2MB (miss) w_dev=cuda:0 alloc=2136MB
  [ComfyUI] [worker:ComfyUI-TRELLIS2] [VRAM] +483MB (now 2434MB) reserved=6890MB peak=4633MB
  [ComfyUI] [worker:ComfyUI-TRELLIS2] [VRAM] +483MB (now 2434MB) reserved=6890MB peak=4633MB
  [capture-loop] iter=550 t=63.7s state={'complete': False, 'error': None, 'executedCount': 0, 'wsState': 1} eval_ms=3 ram=7.0/31.9GB (22%) swap=0.8/12.3GB (7%) cpu=4% browser_rss=0.48GB
  [ComfyUI] [worker:ComfyUI-TRELLIS2] [VRAM] -256MB (now 2178MB) reserved=6890MB peak=4633MB
  [ComfyUI] [worker:ComfyUI-TRELLIS2] [VRAM] -256MB (now 2178MB) reserved=6890MB peak=4633MB
  [ComfyUI] [worker:ComfyUI-TRELLIS2] [VRAM] +256MB (now 2434MB) reserved=6890MB peak=4633MB
  [ComfyUI] [worker:ComfyUI-TRELLIS2] [VRAM] +256MB (now 2434MB) reserved=6890MB peak=4633MB
  [ComfyUI] [worker:ComfyUI-TRELLIS2] [VRAM] -256MB (now 2178MB) reserved=6890MB peak=4633MB
  [ComfyUI] [worker:ComfyUI-TRELLIS2] [VRAM] -256MB (now 2178MB) reserved=6890MB peak=4633MB
  [ComfyUI] [worker:ComfyUI-TRELLIS2] [sparse-conv] out=41MB alloc=2178MB
  [ComfyUI] [worker:ComfyUI-TRELLIS2] [sparse-conv] out=41MB alloc=2178MB
  [ComfyUI] [worker:ComfyUI-TRELLIS2] [sparse-conv] N=10,576 Ci=1024 Co=1024 feats=41MB cache=2MB (hit) w_dev=cuda:0 alloc=1887MB
  [ComfyUI] [worker:ComfyUI-TRELLIS2] [sparse-conv] N=10,576 Ci=1024 Co=1024 feats=41MB cache=2MB (hit) w_dev=cuda:0 alloc=1887MB
  [ComfyUI] [worker:ComfyUI-TRELLIS2] [sparse-conv] out=41MB alloc=1929MB
  [ComfyUI] [worker:ComfyUI-TRELLIS2] [sparse-conv] out=41MB alloc=1929MB
  [ComfyUI] [worker:ComfyUI-TRELLIS2] [sparse-conv] N=10,576 Ci=1024 Co=1024 feats=41MB cache=2MB (hit) w_dev=cuda:0 alloc=1887MB
  [ComfyUI] [worker:ComfyUI-TRELLIS2] [sparse-conv] N=10,576 Ci=1024 Co=1024 feats=41MB cache=2MB (hit) w_dev=cuda:0 alloc=1887MB
  [ComfyUI] [worker:ComfyUI-TRELLIS2] [sparse-conv] out=41MB alloc=1929MB
  [ComfyUI] [worker:ComfyUI-TRELLIS2] [sparse-conv] out=41MB alloc=1929MB
  [ComfyUI] [worker:ComfyUI-TRELLIS2] [sparse-conv] N=10,576 Ci=1024 Co=1024 feats=41MB cache=2MB (hit) w_dev=cuda:0 alloc=1887MB
  [ComfyUI] [worker:ComfyUI-TRELLIS2] [sparse-conv] N=10,576 Ci=1024 Co=1024 feats=41MB cache=2MB (hit) w_dev=cuda:0 alloc=1887MB
  [ComfyUI] [worker:ComfyUI-TRELLIS2] [sparse-conv] out=41MB alloc=1929MB
  [ComfyUI] [worker:ComfyUI-TRELLIS2] [sparse-conv] out=41MB alloc=1929MB
  [ComfyUI] [worker:ComfyUI-TRELLIS2] [sparse-conv] N=10,576 Ci=1024 Co=1024 feats=41MB cache=2MB (hit) w_dev=cuda:0 alloc=1887MB
  [ComfyUI] [worker:ComfyUI-TRELLIS2] [sparse-conv] N=10,576 Ci=1024 Co=1024 feats=41MB cache=2MB (hit) w_dev=cuda:0 alloc=1887MB
  [ComfyUI] [worker:ComfyUI-TRELLIS2] [sparse-conv] out=41MB alloc=1929MB
  [ComfyUI] [worker:ComfyUI-TRELLIS2] [sparse-conv] out=41MB alloc=1929MB
  [ComfyUI] [worker:ComfyUI-TRELLIS2] [VRAM] -534MB (now 1645MB) reserved=6890MB peak=4633MB
  [ComfyUI] [worker:ComfyUI-TRELLIS2] [VRAM] -534MB (now 1645MB) reserved=6890MB peak=4633MB
  [ComfyUI] [SubprocessWorker] callback 'report_progress' from call_id=61
  [ComfyUI] [SubprocessWorker] callback 'report_progress' from call_id=61
  [ComfyUI] [SubprocessWorker] got response: ok
  [ComfyUI] [SubprocessWorker] got response: ok
  [ComfyUI] [comfy-env] Created 1 model patchers: ['FlexiDualGridVaeEncoder_1']
  [ComfyUI] [comfy-env] Created 1 model patchers: ['FlexiDualGridVaeEncoder_1']
  [ComfyUI] [comfy-env] Trellis2EncodeMesh done (60.96s): result: NodeOutput
  [ComfyUI] [comfy-env] Trellis2EncodeMesh done (60.96s): result: NodeOutput
  [ComfyUI] [VRAM] After Trellis2EncodeMesh: 1042 / 12287 MB
  [ComfyUI] [VRAM] After Trellis2EncodeMesh: 1042 / 12287 MB
  [ComfyUI] [VRAM] Loaded: SubprocessModel (0 MB)
  [ComfyUI] [VRAM] Loaded: SubprocessModel (0 MB)
  [ComfyUI] [comfy-env] Running Trellis2GetConditioning: background_color: 'black', model_config: dict, image: torch.float32 [1,1038,1038,3] cpu, mask: torch.float32 [1,1038,1038] cpu
  [ComfyUI] [comfy-env] Running Trellis2GetConditioning: background_color: 'black', model_config: dict, image: torch.float32 [1,1038,1038,3] cpu, mask: torch.float32 [1,1038,1038] cpu
  [ComfyUI] [VRAM] Before Trellis2GetConditioning: 1042 / 12287 MB
  [ComfyUI] [VRAM] Before Trellis2GetConditioning: 1042 / 12287 MB
  [ComfyUI] [VRAM] Loaded: SubprocessModel (0 MB)
  [ComfyUI] [VRAM] Loaded: SubprocessModel (0 MB)
  [ComfyUI] [SubprocessWorker] call_method: nodes.nodes_inference.Trellis2GetConditioning.EXECUTE_NORMALIZED
  [ComfyUI] [SubprocessWorker] call_method: nodes.nodes_inference.Trellis2GetConditioning.EXECUTE_NORMALIZED
  [ComfyUI] [SubprocessWorker] acquired lock, ensuring started...
  [ComfyUI] [SubprocessWorker] acquired lock, ensuring started...
  [ComfyUI] [ComfyUI-TRELLIS2] Health check: ping (timeout=5.0s)...
  [ComfyUI] [ComfyUI-TRELLIS2] Health check: ping (timeout=5.0s)...
  [ComfyUI] [ComfyUI-TRELLIS2] Health check: ok
  [ComfyUI] [ComfyUI-TRELLIS2] Health check: ok
  [ComfyUI] [SubprocessWorker] worker started/confirmed
  [ComfyUI] [SubprocessWorker] worker started/confirmed
  [ComfyUI] [comfy-env] PRE-SERIALIZE 'image' shape: torch.Size([1, 1038, 1038, 3])
  [ComfyUI] [comfy-env] PRE-SERIALIZE 'image' shape: torch.Size([1, 1038, 1038, 3])
  [ComfyUI] [comfy-env] PRE-SERIALIZE 'mask' shape: torch.Size([1, 1038, 1038])
  [ComfyUI] [comfy-env] PRE-SERIALIZE 'mask' shape: torch.Size([1, 1038, 1038])
  [ComfyUI] [SubprocessWorker] serializing kwargs to shm...
  [ComfyUI] [SubprocessWorker] serializing kwargs to shm...
  [ComfyUI] [SubprocessWorker] created 0 shm blocks
  [ComfyUI] [SubprocessWorker] created 0 shm blocks
  [ComfyUI] [SubprocessWorker] sending request via socket...
  [ComfyUI] [SubprocessWorker] sending request via socket...
  [ComfyUI] [SubprocessWorker] call_id=62 sending call_method
  [ComfyUI] [SubprocessWorker] call_id=62 sending call_method
  [ComfyUI] [worker:ComfyUI-TRELLIS2] [comfy-env] _from_shm got dict with keys: ['__type__', 'strategy', 'manager_path', 'storage_key', 'storage_size']
  [ComfyUI] [worker:ComfyUI-TRELLIS2] [comfy-env] _from_shm got dict with keys: ['__type__', 'strategy', 'manager_path', 'storage_key', 'storage_size']
  [ComfyUI] [worker:ComfyUI-TRELLIS2] [comfy-env] DESERIALIZE TensorRef: tensor_size=[1, 1038, 1038, 3]
  [ComfyUI] [worker:ComfyUI-TRELLIS2] [comfy-env] DESERIALIZE TensorRef: tensor_size=[1, 1038, 1038, 3]
  [ComfyUI] [worker:ComfyUI-TRELLIS2] [comfy-env] DESERIALIZED tensor shape: torch.Size([1, 1038, 1038, 3])
  [ComfyUI] [worker:ComfyUI-TRELLIS2] [comfy-env] DESERIALIZED tensor shape: torch.Size([1, 1038, 1038, 3])
  [ComfyUI] [worker:ComfyUI-TRELLIS2] [comfy-env] _from_shm got dict with keys: ['__type__', 'strategy', 'manager_path', 'storage_key', 'storage_size']
  [ComfyUI] [worker:ComfyUI-TRELLIS2] [comfy-env] _from_shm got dict with keys: ['__type__', 'strategy', 'manager_path', 'storage_key', 'storage_size']
  [ComfyUI] [worker:ComfyUI-TRELLIS2] [comfy-env] DESERIALIZE TensorRef: tensor_size=[1, 1038, 1038]
  [ComfyUI] [worker:ComfyUI-TRELLIS2] [comfy-env] DESERIALIZE TensorRef: tensor_size=[1, 1038, 1038]
  [ComfyUI] [worker:ComfyUI-TRELLIS2] [comfy-env] DESERIALIZED tensor shape: torch.Size([1, 1038, 1038])
  [ComfyUI] [worker:ComfyUI-TRELLIS2] [comfy-env] DESERIALIZED tensor shape: torch.Size([1, 1038, 1038])
  [ComfyUI] [worker:ComfyUI-TRELLIS2] [VRAM] -1637MB (now 9MB) reserved=22MB peak=4633MB
  [ComfyUI] [worker:ComfyUI-TRELLIS2] [VRAM] -1637MB (now 9MB) reserved=22MB peak=4633MB
  Frame 8 saved (frame_007.jpg, t=67.9s)
  [capture-periodic] freeze=2ms shot=143ms unfreeze=5ms saved=True
  [ComfyUI] [SubprocessWorker] callback 'request_vram_budget' from call_id=62
  [ComfyUI] [SubprocessWorker] callback 'request_vram_budget' from call_id=62
  [ComfyUI] [comfy-env] VRAM request: 1.21GB, free before eviction: 11.79GB
  [ComfyUI] [comfy-env] VRAM request: 1.21GB, free before eviction: 11.79GB
  [ComfyUI] [comfy-env] VRAM after eviction: 11.79GB
  [ComfyUI] [comfy-env] VRAM after eviction: 11.79GB
  [ComfyUI] [worker:ComfyUI-TRELLIS2] [TRELLIS2] DinoV3 conditioning: dtype=torch.bfloat16
  [ComfyUI] [worker:ComfyUI-TRELLIS2] [TRELLIS2] DinoV3 conditioning: dtype=torch.bfloat16
  [ComfyUI] [worker:ComfyUI-TRELLIS2] [VRAM] +1167MB (now 1176MB) reserved=1192MB peak=4633MB
  [ComfyUI] [worker:ComfyUI-TRELLIS2] [VRAM] +1167MB (now 1176MB) reserved=1192MB peak=4633MB
  [ComfyUI] [worker:ComfyUI-TRELLIS2] [comfy.attention_sparse] Dense attention: attention_sage
  [ComfyUI] [worker:ComfyUI-TRELLIS2] [comfy.attention_sparse] Dense attention: attention_sage
  [ComfyUI] [SubprocessWorker] callback 'report_progress' from call_id=62
  [ComfyUI] [SubprocessWorker] callback 'report_progress' from call_id=62
  [ComfyUI] [SubprocessWorker] callback 'report_progress' from call_id=62
  [ComfyUI] [SubprocessWorker] callback 'report_progress' from call_id=62
  [ComfyUI] [SubprocessWorker] callback 'report_progress' from call_id=62
  [ComfyUI] [SubprocessWorker] callback 'report_progress' from call_id=62
  [capture-loop] iter=600 t=69.6s state={'complete': False, 'error': None, 'executedCount': 0, 'wsState': 1} eval_ms=4 ram=8.4/31.9GB (26%) swap=0.8/12.3GB (7%) cpu=13% browser_rss=0.49GB
  [ComfyUI] [SubprocessWorker] callback 'report_progress' from call_id=62
  [ComfyUI] [SubprocessWorker] callback 'report_progress' from call_id=62
  [ComfyUI] [SubprocessWorker] got response: ok
  [ComfyUI] [SubprocessWorker] got response: ok
  [ComfyUI] [comfy-env] Created 1 model patchers: ['DINOv3ViT_2']
  [ComfyUI] [comfy-env] Created 1 model patchers: ['DINOv3ViT_2']
  [ComfyUI] [comfy-env] Trellis2GetConditioning done (2.16s): result: NodeOutput
  [ComfyUI] [comfy-env] Trellis2GetConditioning done (2.16s): result: NodeOutput
  [ComfyUI] [VRAM] After Trellis2GetConditioning: 1042 / 12287 MB
  [ComfyUI] [VRAM] After Trellis2GetConditioning: 1042 / 12287 MB
  [ComfyUI] [VRAM] Loaded: SubprocessModel (0 MB), SubprocessModel (0 MB)
  [ComfyUI] [VRAM] Loaded: SubprocessModel (0 MB), SubprocessModel (0 MB)
  [ComfyUI] [comfy-env] Running Trellis2RefineMesh: seed: 559812319, shape_guidance_strength: 6.5, shape_guidance_rescale: 0.05, shape_sampling_steps: 12, max_tokens: 49152, model_config: dict, conditioning: dict, shape_latent: dict
  [ComfyUI] [comfy-env] Running Trellis2RefineMesh: seed: 559812319, shape_guidance_strength: 6.5, shape_guidance_rescale: 0.05, shape_sampling_steps: 12, max_tokens: 49152, model_config: dict, conditioning: dict, shape_latent: dict
  [ComfyUI] [VRAM] Before Trellis2RefineMesh: 1042 / 12287 MB
  [ComfyUI] [VRAM] Before Trellis2RefineMesh: 1042 / 12287 MB
  [ComfyUI] [VRAM] Loaded: SubprocessModel (0 MB), SubprocessModel (0 MB)
  [ComfyUI] [VRAM] Loaded: SubprocessModel (0 MB), SubprocessModel (0 MB)
  [ComfyUI] [SubprocessWorker] call_method: nodes.nodes_inference.Trellis2RefineMesh.EXECUTE_NORMALIZED
  [ComfyUI] [SubprocessWorker] call_method: nodes.nodes_inference.Trellis2RefineMesh.EXECUTE_NORMALIZED
  [ComfyUI] [SubprocessWorker] acquired lock, ensuring started...
  [ComfyUI] [SubprocessWorker] acquired lock, ensuring started...
  [ComfyUI] [ComfyUI-TRELLIS2] Health check: ping (timeout=5.0s)...
  [ComfyUI] [ComfyUI-TRELLIS2] Health check: ping (timeout=5.0s)...
  [ComfyUI] [ComfyUI-TRELLIS2] Health check: ok
  [ComfyUI] [ComfyUI-TRELLIS2] Health check: ok
  [ComfyUI] [SubprocessWorker] worker started/confirmed
  [ComfyUI] [SubprocessWorker] worker started/confirmed
  [ComfyUI] [SubprocessWorker] serializing kwargs to shm...
  [ComfyUI] [SubprocessWorker] serializing kwargs to shm...
  [ComfyUI] [SubprocessWorker] created 0 shm blocks
  [ComfyUI] [SubprocessWorker] created 0 shm blocks
  [ComfyUI] [SubprocessWorker] sending request via socket...
  [ComfyUI] [SubprocessWorker] sending request via socket...
  [ComfyUI] [SubprocessWorker] call_id=63 sending call_method
  [ComfyUI] [SubprocessWorker] call_id=63 sending call_method
  [ComfyUI] [worker:ComfyUI-TRELLIS2] [comfy-env] _from_shm got dict with keys: ['__type__', 'strategy', 'manager_path', 'storage_key', 'storage_size']
  [ComfyUI] [worker:ComfyUI-TRELLIS2] [comfy-env] _from_shm got dict with keys: ['__type__', 'strategy', 'manager_path', 'storage_key', 'storage_size']
  [ComfyUI] [worker:ComfyUI-TRELLIS2] [comfy-env] DESERIALIZE TensorRef: tensor_size=[1, 1029, 1024]
  [ComfyUI] [worker:ComfyUI-TRELLIS2] [comfy-env] DESERIALIZE TensorRef: tensor_size=[1, 1029, 1024]
  [ComfyUI] [worker:ComfyUI-TRELLIS2] [comfy-env] DESERIALIZED tensor shape: torch.Size([1, 1029, 1024])
  [ComfyUI] [worker:ComfyUI-TRELLIS2] [comfy-env] DESERIALIZED tensor shape: torch.Size([1, 1029, 1024])
  [ComfyUI] [worker:ComfyUI-TRELLIS2] [comfy-env] _from_shm got dict with keys: ['__type__', 'strategy', 'manager_path', 'storage_key', 'storage_size']
  [ComfyUI] [worker:ComfyUI-TRELLIS2] [comfy-env] _from_shm got dict with keys: ['__type__', 'strategy', 'manager_path', 'storage_key', 'storage_size']
  [ComfyUI] [worker:ComfyUI-TRELLIS2] [comfy-env] DESERIALIZE TensorRef: tensor_size=[1, 1029, 1024]
  [ComfyUI] [worker:ComfyUI-TRELLIS2] [comfy-env] DESERIALIZE TensorRef: tensor_size=[1, 1029, 1024]
  [ComfyUI] [worker:ComfyUI-TRELLIS2] [comfy-env] DESERIALIZED tensor shape: torch.Size([1, 1029, 1024])
  [ComfyUI] [worker:ComfyUI-TRELLIS2] [comfy-env] DESERIALIZED tensor shape: torch.Size([1, 1029, 1024])
  [ComfyUI] [worker:ComfyUI-TRELLIS2] [comfy-env] _from_shm got dict with keys: ['__type__', 'strategy', 'manager_path', 'storage_key', 'storage_size']
  [ComfyUI] [worker:ComfyUI-TRELLIS2] [comfy-env] _from_shm got dict with keys: ['__type__', 'strategy', 'manager_path', 'storage_key', 'storage_size']
  [ComfyUI] [worker:ComfyUI-TRELLIS2] [comfy-env] DESERIALIZE TensorRef: tensor_size=[10576, 32]
  [ComfyUI] [worker:ComfyUI-TRELLIS2] [comfy-env] DESERIALIZE TensorRef: tensor_size=[10576, 32]
  [ComfyUI] [worker:ComfyUI-TRELLIS2] [comfy-env] DESERIALIZED tensor shape: torch.Size([10576, 32])
  [ComfyUI] [worker:ComfyUI-TRELLIS2] [comfy-env] DESERIALIZED tensor shape: torch.Size([10576, 32])
  [ComfyUI] [worker:ComfyUI-TRELLIS2] [comfy-env] _from_shm got dict with keys: ['__type__', 'strategy', 'manager_path', 'storage_key', 'storage_size']
  [ComfyUI] [worker:ComfyUI-TRELLIS2] [comfy-env] _from_shm got dict with keys: ['__type__', 'strategy', 'manager_path', 'storage_key', 'storage_size']
  [ComfyUI] [worker:ComfyUI-TRELLIS2] [comfy-env] DESERIALIZE TensorRef: tensor_size=[10576, 4]
  [ComfyUI] [worker:ComfyUI-TRELLIS2] [comfy-env] DESERIALIZE TensorRef: tensor_size=[10576, 4]
  [ComfyUI] [worker:ComfyUI-TRELLIS2] [comfy-env] DESERIALIZED tensor shape: torch.Size([10576, 4])
  [ComfyUI] [worker:ComfyUI-TRELLIS2] [comfy-env] DESERIALIZED tensor shape: torch.Size([10576, 4])
  [ComfyUI] [worker:ComfyUI-TRELLIS2] [comfy-env] _from_shm got dict with keys: ['__type__', 'strategy', 'manager_path', 'storage_key', 'storage_size']
  [ComfyUI] [worker:ComfyUI-TRELLIS2] [comfy-env] _from_shm got dict with keys: ['__type__', 'strategy', 'manager_path', 'storage_key', 'storage_size']
  [ComfyUI] [worker:ComfyUI-TRELLIS2] [comfy-env] DESERIALIZE TensorRef: tensor_size=[1851, 3]
  [ComfyUI] [worker:ComfyUI-TRELLIS2] [comfy-env] DESERIALIZE TensorRef: tensor_size=[1851, 3]
  [ComfyUI] [worker:ComfyUI-TRELLIS2] [comfy-env] DESERIALIZED tensor shape: torch.Size([1851, 3])
  [ComfyUI] [worker:ComfyUI-TRELLIS2] [comfy-env] DESERIALIZED tensor shape: torch.Size([1851, 3])
  [ComfyUI] [worker:ComfyUI-TRELLIS2] [comfy-env] _from_shm got dict with keys: ['__type__', 'strategy', 'manager_path', 'storage_key', 'storage_size']
  [ComfyUI] [worker:ComfyUI-TRELLIS2] [comfy-env] _from_shm got dict with keys: ['__type__', 'strategy', 'manager_path', 'storage_key', 'storage_size']
  [ComfyUI] [worker:ComfyUI-TRELLIS2] [comfy-env] DESERIALIZE TensorRef: tensor_size=[3698, 3]
  [ComfyUI] [worker:ComfyUI-TRELLIS2] [comfy-env] DESERIALIZE TensorRef: tensor_size=[3698, 3]
  [ComfyUI] [worker:ComfyUI-TRELLIS2] [comfy-env] DESERIALIZED tensor shape: torch.Size([3698, 3])
  [ComfyUI] [worker:ComfyUI-TRELLIS2] [comfy-env] DESERIALIZED tensor shape: torch.Size([3698, 3])
  [ComfyUI] [SubprocessWorker] callback 'report_progress' from call_id=63
  [ComfyUI] [SubprocessWorker] callback 'report_progress' from call_id=63
  [ComfyUI] [SubprocessWorker] callback 'report_progress' from call_id=63
  [ComfyUI] [SubprocessWorker] callback 'report_progress' from call_id=63
  [ComfyUI] [worker:ComfyUI-TRELLIS2] [VRAM] -1158MB (now 19MB) reserved=44MB peak=4633MB
  [ComfyUI] [worker:ComfyUI-TRELLIS2] [VRAM] -1158MB (now 19MB) reserved=44MB peak=4633MB
  Frame 9 saved (frame_008.jpg, t=70.1s)
  [capture-periodic] freeze=5ms shot=150ms unfreeze=5ms saved=True
  [ComfyUI] [SubprocessWorker] callback 'report_progress' from call_id=63
  [ComfyUI] [SubprocessWorker] callback 'report_progress' from call_id=63
  [ComfyUI] [SubprocessWorker] callback 'report_progress' from call_id=63
  [ComfyUI] [SubprocessWorker] callback 'report_progress' from call_id=63
  [ComfyUI] [worker:ComfyUI-TRELLIS2] [TRELLIS2] Built FlexiDualGridVaeDecoder on CPU: dtype=torch.bfloat16, 4.0s
  [ComfyUI] [worker:ComfyUI-TRELLIS2] [TRELLIS2] Built FlexiDualGridVaeDecoder on CPU: dtype=torch.bfloat16, 4.0s
  [ComfyUI] [SubprocessWorker] callback 'request_vram_budget' from call_id=63
  [ComfyUI] [SubprocessWorker] callback 'request_vram_budget' from call_id=63
  [ComfyUI] [comfy-env] VRAM request: 0.95GB, free before eviction: 11.79GB
  [ComfyUI] [comfy-env] VRAM request: 0.95GB, free before eviction: 11.79GB
  [ComfyUI] [comfy-env] VRAM after eviction: 11.79GB
  [ComfyUI] [comfy-env] VRAM after eviction: 11.79GB
  [ComfyUI] [worker:ComfyUI-TRELLIS2] [VRAM] +216MB (now 235MB) reserved=240MB peak=4633MB
  [ComfyUI] [worker:ComfyUI-TRELLIS2] [VRAM] +216MB (now 235MB) reserved=240MB peak=4633MB
  [ComfyUI] [worker:ComfyUI-TRELLIS2] [TRELLIS2] shape_slat_decoder -> GPU: 0.7s
  [ComfyUI] [worker:ComfyUI-TRELLIS2] [TRELLIS2] shape_slat_decoder -> GPU: 0.7s
  [ComfyUI] [worker:ComfyUI-TRELLIS2] [vae] set max_voxels_per_tile=1000000 on 40 SparseConv3d modules
  [ComfyUI] [worker:ComfyUI-TRELLIS2] [vae] set max_voxels_per_tile=1000000 on 40 SparseConv3d modules
  [ComfyUI] [worker:ComfyUI-TRELLIS2] [sparse-conv] N=10,576 Ci=1024 Co=1024 feats=20MB cache=2MB (miss) w_dev=cuda:0 alloc=959MB
  [ComfyUI] [worker:ComfyUI-TRELLIS2] [sparse-conv] N=10,576 Ci=1024 Co=1024 feats=20MB cache=2MB (miss) w_dev=cuda:0 alloc=959MB
  Frame 10 saved (frame_009.jpg, t=74.5s)
  [capture-periodic] freeze=3ms shot=101ms unfreeze=3ms saved=True
  [ComfyUI] [worker:ComfyUI-TRELLIS2] [VRAM] +745MB (now 980MB) reserved=1000MB peak=4633MB
  [ComfyUI] [worker:ComfyUI-TRELLIS2] [VRAM] +745MB (now 980MB) reserved=1000MB peak=4633MB
  [capture-loop] iter=650 t=75.7s state={'complete': False, 'error': None, 'executedCount': 0, 'wsState': 1} eval_ms=3 ram=9.0/31.9GB (28%) swap=0.8/12.3GB (7%) cpu=32% browser_rss=0.48GB
  [ComfyUI] [worker:ComfyUI-TRELLIS2] [VRAM] +256MB (now 1236MB) reserved=1256MB peak=4633MB
  [ComfyUI] [worker:ComfyUI-TRELLIS2] [VRAM] +256MB (now 1236MB) reserved=1256MB peak=4633MB
  [ComfyUI] [worker:ComfyUI-TRELLIS2] [VRAM] -256MB (now 980MB) reserved=1256MB peak=4633MB
  [ComfyUI] [worker:ComfyUI-TRELLIS2] [VRAM] -256MB (now 980MB) reserved=1256MB peak=4633MB
  [ComfyUI] [worker:ComfyUI-TRELLIS2] [VRAM] +256MB (now 1236MB) reserved=1256MB peak=4633MB
  [ComfyUI] [worker:ComfyUI-TRELLIS2] [VRAM] +256MB (now 1236MB) reserved=1256MB peak=4633MB
  [ComfyUI] [worker:ComfyUI-TRELLIS2] [VRAM] -256MB (now 980MB) reserved=1256MB peak=4633MB
  [ComfyUI] [worker:ComfyUI-TRELLIS2] [VRAM] -256MB (now 980MB) reserved=1256MB peak=4633MB
  [ComfyUI] [worker:ComfyUI-TRELLIS2] [sparse-conv] out=20MB alloc=980MB
  [ComfyUI] [worker:ComfyUI-TRELLIS2] [sparse-conv] out=20MB alloc=980MB
  [ComfyUI] [worker:ComfyUI-TRELLIS2] [sparse-conv] N=10,576 Ci=1024 Co=1024 feats=20MB cache=2MB (miss) w_dev=cuda:0 alloc=962MB
  [ComfyUI] [worker:ComfyUI-TRELLIS2] [sparse-conv] N=10,576 Ci=1024 Co=1024 feats=20MB cache=2MB (miss) w_dev=cuda:0 alloc=962MB
  [ComfyUI] [worker:ComfyUI-TRELLIS2] [sparse-conv] out=20MB alloc=983MB
  [ComfyUI] [worker:ComfyUI-TRELLIS2] [sparse-conv] out=20MB alloc=983MB
  [ComfyUI] [worker:ComfyUI-TRELLIS2] [sparse-conv] N=10,576 Ci=1024 Co=1024 feats=20MB cache=2MB (miss) w_dev=cuda:0 alloc=962MB
  [ComfyUI] [worker:ComfyUI-TRELLIS2] [sparse-conv] N=10,576 Ci=1024 Co=1024 feats=20MB cache=2MB (miss) w_dev=cuda:0 alloc=962MB
  [ComfyUI] [worker:ComfyUI-TRELLIS2] [sparse-conv] out=20MB alloc=983MB
  [ComfyUI] [worker:ComfyUI-TRELLIS2] [sparse-conv] out=20MB alloc=983MB
  [ComfyUI] [worker:ComfyUI-TRELLIS2] [sparse-conv] N=10,576 Ci=1024 Co=1024 feats=20MB cache=2MB (miss) w_dev=cuda:0 alloc=962MB
  [ComfyUI] [worker:ComfyUI-TRELLIS2] [sparse-conv] N=10,576 Ci=1024 Co=1024 feats=20MB cache=2MB (miss) w_dev=cuda:0 alloc=962MB
  [ComfyUI] [worker:ComfyUI-TRELLIS2] [sparse-conv] out=20MB alloc=983MB
  [ComfyUI] [worker:ComfyUI-TRELLIS2] [sparse-conv] out=20MB alloc=983MB
  [ComfyUI] [worker:ComfyUI-TRELLIS2] [C2S3d] after subdiv: alloc=959MB
  [ComfyUI] [worker:ComfyUI-TRELLIS2] [C2S3d] after subdiv: alloc=959MB
  [ComfyUI] [worker:ComfyUI-TRELLIS2] [C2S3d] after norm1: alloc=980MB
  [ComfyUI] [worker:ComfyUI-TRELLIS2] [C2S3d] after norm1: alloc=980MB
  [ComfyUI] [worker:ComfyUI-TRELLIS2] [C2S3d] pre-conv1: N=10,576 Ci=1024 Co=4096 alloc=980MB
  [ComfyUI] [worker:ComfyUI-TRELLIS2] [C2S3d] pre-conv1: N=10,576 Ci=1024 Co=4096 alloc=980MB
  [ComfyUI] [worker:ComfyUI-TRELLIS2] [C2S3d] x.feats offloaded before conv1: alloc=980MB
  [ComfyUI] [worker:ComfyUI-TRELLIS2] [C2S3d] x.feats offloaded before conv1: alloc=980MB
  [ComfyUI] [worker:ComfyUI-TRELLIS2] [sparse-conv] N=10,576 Ci=1024 Co=4096 feats=20MB cache=2MB (miss) w_dev=cuda:0 alloc=983MB
  [ComfyUI] [worker:ComfyUI-TRELLIS2] [sparse-conv] N=10,576 Ci=1024 Co=4096 feats=20MB cache=2MB (miss) w_dev=cuda:0 alloc=983MB
  [ComfyUI] [worker:ComfyUI-TRELLIS2] [VRAM] +341MB (now 1321MB) reserved=1492MB peak=4633MB
  [ComfyUI] [worker:ComfyUI-TRELLIS2] [VRAM] +341MB (now 1321MB) reserved=1492MB peak=4633MB
  [capture-loop] iter=700 t=81.5s state={'complete': False, 'error': None, 'executedCount': 0, 'wsState': 1} eval_ms=3 ram=9.0/31.9GB (28%) swap=0.8/12.3GB (7%) cpu=4% browser_rss=0.48GB
  [ComfyUI] [worker:ComfyUI-TRELLIS2] [VRAM] -256MB (now 1065MB) reserved=1492MB peak=4633MB
  [ComfyUI] [worker:ComfyUI-TRELLIS2] [VRAM] -256MB (now 1065MB) reserved=1492MB peak=4633MB
  [ComfyUI] [worker:ComfyUI-TRELLIS2] [VRAM] +256MB (now 1321MB) reserved=1492MB peak=4633MB
  [ComfyUI] [worker:ComfyUI-TRELLIS2] [VRAM] +256MB (now 1321MB) reserved=1492MB peak=4633MB
  [ComfyUI] [worker:ComfyUI-TRELLIS2] [VRAM] -256MB (now 1065MB) reserved=1492MB peak=4633MB
  [ComfyUI] [worker:ComfyUI-TRELLIS2] [VRAM] -256MB (now 1065MB) reserved=1492MB peak=4633MB
  [ComfyUI] [worker:ComfyUI-TRELLIS2] [VRAM] +256MB (now 1321MB) reserved=1492MB peak=4633MB
  [ComfyUI] [worker:ComfyUI-TRELLIS2] [VRAM] +256MB (now 1321MB) reserved=1492MB peak=4633MB
  [capture-loop] iter=750 t=87.1s state={'complete': False, 'error': None, 'executedCount': 0, 'wsState': 1} eval_ms=3 ram=9.0/31.9GB (28%) swap=0.8/12.3GB (7%) cpu=4% browser_rss=0.48GB
  [ComfyUI] [worker:ComfyUI-TRELLIS2] [VRAM] -256MB (now 1065MB) reserved=1492MB peak=4633MB
  [ComfyUI] [worker:ComfyUI-TRELLIS2] [VRAM] -256MB (now 1065MB) reserved=1492MB peak=4633MB
  [ComfyUI] [worker:ComfyUI-TRELLIS2] [VRAM] +256MB (now 1321MB) reserved=1492MB peak=4633MB
  [ComfyUI] [worker:ComfyUI-TRELLIS2] [VRAM] +256MB (now 1321MB) reserved=1492MB peak=4633MB
  [ComfyUI] [worker:ComfyUI-TRELLIS2] [VRAM] -256MB (now 1065MB) reserved=1492MB peak=4633MB
  [ComfyUI] [worker:ComfyUI-TRELLIS2] [VRAM] -256MB (now 1065MB) reserved=1492MB peak=4633MB
  [ComfyUI] [worker:ComfyUI-TRELLIS2] [VRAM] +256MB (now 1321MB) reserved=1492MB peak=4633MB
  [ComfyUI] [worker:ComfyUI-TRELLIS2] [VRAM] +256MB (now 1321MB) reserved=1492MB peak=4633MB
  [ComfyUI] [worker:ComfyUI-TRELLIS2] [sparse-conv] out=82MB alloc=1065MB
  [ComfyUI] [worker:ComfyUI-TRELLIS2] [sparse-conv] out=82MB alloc=1065MB
  [ComfyUI] [worker:ComfyUI-TRELLIS2] [C2S3d] post-conv1: h=torch.Size([10576, 4096]) alloc=1045MB
  [ComfyUI] [worker:ComfyUI-TRELLIS2] [C2S3d] post-conv1: h=torch.Size([10576, 4096]) alloc=1045MB
  [ComfyUI] [worker:ComfyUI-TRELLIS2] [VRAM] -256MB (now 1065MB) reserved=1492MB peak=4633MB
  [ComfyUI] [worker:ComfyUI-TRELLIS2] [VRAM] -256MB (now 1065MB) reserved=1492MB peak=4633MB
  [ComfyUI] [worker:ComfyUI-TRELLIS2] [C2S3d] x.feats restored from CPU: alloc=1065MB
  [ComfyUI] [worker:ComfyUI-TRELLIS2] [C2S3d] x.feats restored from CPU: alloc=1065MB
  [ComfyUI] [worker:ComfyUI-TRELLIS2] [C2S3d] pre-C2S(h): alloc=1065MB
  [ComfyUI] [worker:ComfyUI-TRELLIS2] [C2S3d] pre-C2S(h): alloc=1065MB
  [ComfyUI] [worker:ComfyUI-TRELLIS2] [C2S] scatter: 10,576�4096 -> 42,764�512 in=82MB out=41MB alloc=1067MB
  [ComfyUI] [worker:ComfyUI-TRELLIS2] [C2S] scatter: 10,576�4096 -> 42,764�512 in=82MB out=41MB alloc=1067MB
  [ComfyUI] [worker:ComfyUI-TRELLIS2] [C2S] scatter done: alloc=1109MB
  [ComfyUI] [worker:ComfyUI-TRELLIS2] [C2S] scatter done: alloc=1109MB
  [ComfyUI] [worker:ComfyUI-TRELLIS2] [C2S3d] post-C2S(h): h=torch.Size([42764, 512]) alloc=1025MB
  [ComfyUI] [worker:ComfyUI-TRELLIS2] [C2S3d] post-C2S(h): h=torch.Size([42764, 512]) alloc=1025MB
  [ComfyUI] [worker:ComfyUI-TRELLIS2] [C2S] scatter: 10,576�1024 -> 42,764�128 in=20MB out=10MB alloc=1027MB
  [ComfyUI] [worker:ComfyUI-TRELLIS2] [C2S] scatter: 10,576�1024 -> 42,764�128 in=20MB out=10MB alloc=1027MB
  [ComfyUI] [worker:ComfyUI-TRELLIS2] [C2S] scatter done: alloc=1037MB
  [ComfyUI] [worker:ComfyUI-TRELLIS2] [C2S] scatter done: alloc=1037MB
  [ComfyUI] [worker:ComfyUI-TRELLIS2] [C2S3d] post-C2S(x): x=torch.Size([42764, 128]) alloc=1016MB
  [ComfyUI] [worker:ComfyUI-TRELLIS2] [C2S3d] post-C2S(x): x=torch.Size([42764, 128]) alloc=1016MB
  [ComfyUI] [worker:ComfyUI-TRELLIS2] [C2S3d] post-C2S: N=42,764 h=512ch x=128ch alloc=1016MB
  [ComfyUI] [worker:ComfyUI-TRELLIS2] [C2S3d] post-C2S: N=42,764 h=512ch x=128ch alloc=1016MB
  [ComfyUI] [worker:ComfyUI-TRELLIS2] [C2S3d] x offloaded to CPU, pre-conv2: alloc=1004MB
  [ComfyUI] [worker:ComfyUI-TRELLIS2] [C2S3d] x offloaded to CPU, pre-conv2: alloc=1004MB
  [ComfyUI] [worker:ComfyUI-TRELLIS2] [C2S3d] after norm2: alloc=1004MB
  [ComfyUI] [worker:ComfyUI-TRELLIS2] [C2S3d] after norm2: alloc=1004MB
  [ComfyUI] [worker:ComfyUI-TRELLIS2] [C2S3d] after silu: alloc=1004MB
  [ComfyUI] [worker:ComfyUI-TRELLIS2] [C2S3d] after silu: alloc=1004MB
  [ComfyUI] [worker:ComfyUI-TRELLIS2] [sparse-conv] N=42,764 Ci=512 Co=512 feats=41MB cache=9MB (miss) w_dev=cuda:0 alloc=1014MB
  [ComfyUI] [worker:ComfyUI-TRELLIS2] [sparse-conv] N=42,764 Ci=512 Co=512 feats=41MB cache=9MB (miss) w_dev=cuda:0 alloc=1014MB
  [capture-loop] iter=800 t=92.9s state={'complete': False, 'error': None, 'executedCount': 0, 'wsState': 1} eval_ms=3 ram=9.1/31.9GB (28%) swap=0.8/12.3GB (7%) cpu=4% browser_rss=0.48GB
  [ComfyUI] [worker:ComfyUI-TRELLIS2] [VRAM] +246MB (now 1312MB) reserved=1494MB peak=4633MB
  [ComfyUI] [worker:ComfyUI-TRELLIS2] [VRAM] +246MB (now 1312MB) reserved=1494MB peak=4633MB
  [ComfyUI] [worker:ComfyUI-TRELLIS2] [VRAM] -256MB (now 1056MB) reserved=1494MB peak=4633MB
  [ComfyUI] [worker:ComfyUI-TRELLIS2] [VRAM] -256MB (now 1056MB) reserved=1494MB peak=4633MB
  [ComfyUI] [worker:ComfyUI-TRELLIS2] [sparse-conv] out=41MB alloc=1056MB
  [ComfyUI] [worker:ComfyUI-TRELLIS2] [sparse-conv] out=41MB alloc=1056MB
  [ComfyUI] [worker:ComfyUI-TRELLIS2] [C2S3d] post-conv2: alloc=1014MB
  [ComfyUI] [worker:ComfyUI-TRELLIS2] [C2S3d] post-conv2: alloc=1014MB
  [ComfyUI] [worker:ComfyUI-TRELLIS2] [C2S3d] post-conv2 (cache cleared): alloc=1004MB
  [ComfyUI] [worker:ComfyUI-TRELLIS2] [C2S3d] post-conv2 (cache cleared): alloc=1004MB
  [ComfyUI] [worker:ComfyUI-TRELLIS2] [C2S3d] after skip expand: alloc=1046MB
  [ComfyUI] [worker:ComfyUI-TRELLIS2] [C2S3d] after skip expand: alloc=1046MB
  [ComfyUI] [worker:ComfyUI-TRELLIS2] [C2S3d] post-skip: alloc=1004MB
  [ComfyUI] [worker:ComfyUI-TRELLIS2] [C2S3d] post-skip: alloc=1004MB
  [ComfyUI] [worker:ComfyUI-TRELLIS2] [sparse-conv] N=42,764 Ci=512 Co=512 feats=41MB cache=9MB (miss) w_dev=cuda:0 alloc=994MB
  [ComfyUI] [worker:ComfyUI-TRELLIS2] [sparse-conv] N=42,764 Ci=512 Co=512 feats=41MB cache=9MB (miss) w_dev=cuda:0 alloc=994MB
  [ComfyUI] [worker:ComfyUI-TRELLIS2] [sparse-conv] out=41MB alloc=1035MB
  [ComfyUI] [worker:ComfyUI-TRELLIS2] [sparse-conv] out=41MB alloc=1035MB
  [ComfyUI] [worker:ComfyUI-TRELLIS2] [sparse-conv] N=42,764 Ci=512 Co=512 feats=41MB cache=9MB (miss) w_dev=cuda:0 alloc=994MB
  [ComfyUI] [worker:ComfyUI-TRELLIS2] [sparse-conv] N=42,764 Ci=512 Co=512 feats=41MB cache=9MB (miss) w_dev=cuda:0 alloc=994MB
  [ComfyUI] [worker:ComfyUI-TRELLIS2] [sparse-conv] out=41MB alloc=1035MB
  [ComfyUI] [worker:ComfyUI-TRELLIS2] [sparse-conv] out=41MB alloc=1035MB
  [ComfyUI] [worker:ComfyUI-TRELLIS2] [sparse-conv] N=42,764 Ci=512 Co=512 feats=41MB cache=9MB (miss) w_dev=cuda:0 alloc=994MB
  [ComfyUI] [worker:ComfyUI-TRELLIS2] [sparse-conv] N=42,764 Ci=512 Co=512 feats=41MB cache=9MB (miss) w_dev=cuda:0 alloc=994MB
  [ComfyUI] [worker:ComfyUI-TRELLIS2] [sparse-conv] out=41MB alloc=1035MB
  [ComfyUI] [worker:ComfyUI-TRELLIS2] [sparse-conv] out=41MB alloc=1035MB
  [ComfyUI] [worker:ComfyUI-TRELLIS2] [sparse-conv] N=42,764 Ci=512 Co=512 feats=41MB cache=9MB (miss) w_dev=cuda:0 alloc=994MB
  [ComfyUI] [worker:ComfyUI-TRELLIS2] [sparse-conv] N=42,764 Ci=512 Co=512 feats=41MB cache=9MB (miss) w_dev=cuda:0 alloc=994MB
  [ComfyUI] [worker:ComfyUI-TRELLIS2] [sparse-conv] out=41MB alloc=1035MB
  [ComfyUI] [worker:ComfyUI-TRELLIS2] [sparse-conv] out=41MB alloc=1035MB
  [ComfyUI] [worker:ComfyUI-TRELLIS2] [sparse-conv] N=42,764 Ci=512 Co=512 feats=41MB cache=9MB (miss) w_dev=cuda:0 alloc=994MB
  [ComfyUI] [worker:ComfyUI-TRELLIS2] [sparse-conv] N=42,764 Ci=512 Co=512 feats=41MB cache=9MB (miss) w_dev=cuda:0 alloc=994MB
  [ComfyUI] [worker:ComfyUI-TRELLIS2] [sparse-conv] out=41MB alloc=1035MB
  [ComfyUI] [worker:ComfyUI-TRELLIS2] [sparse-conv] out=41MB alloc=1035MB
  [ComfyUI] [worker:ComfyUI-TRELLIS2] [sparse-conv] N=42,764 Ci=512 Co=512 feats=41MB cache=9MB (miss) w_dev=cuda:0 alloc=994MB
  [ComfyUI] [worker:ComfyUI-TRELLIS2] [sparse-conv] N=42,764 Ci=512 Co=512 feats=41MB cache=9MB (miss) w_dev=cuda:0 alloc=994MB
  [ComfyUI] [worker:ComfyUI-TRELLIS2] [sparse-conv] out=41MB alloc=1035MB
  [ComfyUI] [worker:ComfyUI-TRELLIS2] [sparse-conv] out=41MB alloc=1035MB
  [ComfyUI] [worker:ComfyUI-TRELLIS2] [sparse-conv] N=42,764 Ci=512 Co=512 feats=41MB cache=9MB (miss) w_dev=cuda:0 alloc=994MB
  [ComfyUI] [worker:ComfyUI-TRELLIS2] [sparse-conv] N=42,764 Ci=512 Co=512 feats=41MB cache=9MB (miss) w_dev=cuda:0 alloc=994MB
  [ComfyUI] [worker:ComfyUI-TRELLIS2] [sparse-conv] out=41MB alloc=1035MB
  [ComfyUI] [worker:ComfyUI-TRELLIS2] [sparse-conv] out=41MB alloc=1035MB
  [ComfyUI] [worker:ComfyUI-TRELLIS2] [sparse-conv] N=42,764 Ci=512 Co=512 feats=41MB cache=9MB (miss) w_dev=cuda:0 alloc=994MB
  [ComfyUI] [worker:ComfyUI-TRELLIS2] [sparse-conv] N=42,764 Ci=512 Co=512 feats=41MB cache=9MB (miss) w_dev=cuda:0 alloc=994MB
  [ComfyUI] [worker:ComfyUI-TRELLIS2] [sparse-conv] out=41MB alloc=1035MB
  [ComfyUI] [worker:ComfyUI-TRELLIS2] [sparse-conv] out=41MB alloc=1035MB
  [ComfyUI] [worker:ComfyUI-TRELLIS2] [sparse-conv] N=42,764 Ci=512 Co=512 feats=41MB cache=9MB (miss) w_dev=cuda:0 alloc=994MB
  [ComfyUI] [worker:ComfyUI-TRELLIS2] [sparse-conv] N=42,764 Ci=512 Co=512 feats=41MB cache=9MB (miss) w_dev=cuda:0 alloc=994MB
  [ComfyUI] [worker:ComfyUI-TRELLIS2] [sparse-conv] out=41MB alloc=1035MB
  [ComfyUI] [worker:ComfyUI-TRELLIS2] [sparse-conv] out=41MB alloc=1035MB
  [ComfyUI] [worker:ComfyUI-TRELLIS2] [sparse-conv] N=42,764 Ci=512 Co=512 feats=41MB cache=9MB (miss) w_dev=cuda:0 alloc=994MB
  [ComfyUI] [worker:ComfyUI-TRELLIS2] [sparse-conv] N=42,764 Ci=512 Co=512 feats=41MB cache=9MB (miss) w_dev=cuda:0 alloc=994MB
  [ComfyUI] [worker:ComfyUI-TRELLIS2] [sparse-conv] out=41MB alloc=1035MB
  [ComfyUI] [worker:ComfyUI-TRELLIS2] [sparse-conv] out=41MB alloc=1035MB
  [ComfyUI] [worker:ComfyUI-TRELLIS2] [sparse-conv] N=42,764 Ci=512 Co=512 feats=41MB cache=9MB (miss) w_dev=cuda:0 alloc=994MB
  [ComfyUI] [worker:ComfyUI-TRELLIS2] [sparse-conv] N=42,764 Ci=512 Co=512 feats=41MB cache=9MB (miss) w_dev=cuda:0 alloc=994MB
  [ComfyUI] [worker:ComfyUI-TRELLIS2] [sparse-conv] out=41MB alloc=1035MB
  [ComfyUI] [worker:ComfyUI-TRELLIS2] [sparse-conv] out=41MB alloc=1035MB
  [ComfyUI] [worker:ComfyUI-TRELLIS2] [sparse-conv] N=42,764 Ci=512 Co=512 feats=41MB cache=9MB (miss) w_dev=cuda:0 alloc=994MB
  [ComfyUI] [worker:ComfyUI-TRELLIS2] [sparse-conv] N=42,764 Ci=512 Co=512 feats=41MB cache=9MB (miss) w_dev=cuda:0 alloc=994MB
  [ComfyUI] [worker:ComfyUI-TRELLIS2] [sparse-conv] out=41MB alloc=1035MB
  [ComfyUI] [worker:ComfyUI-TRELLIS2] [sparse-conv] out=41MB alloc=1035MB
  [ComfyUI] [worker:ComfyUI-TRELLIS2] [sparse-conv] N=42,764 Ci=512 Co=512 feats=41MB cache=9MB (miss) w_dev=cuda:0 alloc=994MB
  [ComfyUI] [worker:ComfyUI-TRELLIS2] [sparse-conv] N=42,764 Ci=512 Co=512 feats=41MB cache=9MB (miss) w_dev=cuda:0 alloc=994MB
  [ComfyUI] [worker:ComfyUI-TRELLIS2] [sparse-conv] out=41MB alloc=1035MB
  [ComfyUI] [worker:ComfyUI-TRELLIS2] [sparse-conv] out=41MB alloc=1035MB
  [ComfyUI] [worker:ComfyUI-TRELLIS2] [sparse-conv] N=42,764 Ci=512 Co=512 feats=41MB cache=9MB (miss) w_dev=cuda:0 alloc=994MB
  [ComfyUI] [worker:ComfyUI-TRELLIS2] [sparse-conv] N=42,764 Ci=512 Co=512 feats=41MB cache=9MB (miss) w_dev=cuda:0 alloc=994MB
  [ComfyUI] [worker:ComfyUI-TRELLIS2] [sparse-conv] out=41MB alloc=1035MB
  [ComfyUI] [worker:ComfyUI-TRELLIS2] [sparse-conv] out=41MB alloc=1035MB
  [ComfyUI] [worker:ComfyUI-TRELLIS2] [sparse-conv] N=42,764 Ci=512 Co=512 feats=41MB cache=9MB (miss) w_dev=cuda:0 alloc=994MB
  [ComfyUI] [worker:ComfyUI-TRELLIS2] [sparse-conv] N=42,764 Ci=512 Co=512 feats=41MB cache=9MB (miss) w_dev=cuda:0 alloc=994MB
  [ComfyUI] [worker:ComfyUI-TRELLIS2] [sparse-conv] out=41MB alloc=1035MB
  [ComfyUI] [worker:ComfyUI-TRELLIS2] [sparse-conv] out=41MB alloc=1035MB
  [ComfyUI] [worker:ComfyUI-TRELLIS2] [sparse-conv] N=42,764 Ci=512 Co=512 feats=41MB cache=9MB (miss) w_dev=cuda:0 alloc=994MB
  [ComfyUI] [worker:ComfyUI-TRELLIS2] [sparse-conv] N=42,764 Ci=512 Co=512 feats=41MB cache=9MB (miss) w_dev=cuda:0 alloc=994MB
  [ComfyUI] [worker:ComfyUI-TRELLIS2] [sparse-conv] out=41MB alloc=1035MB
  [ComfyUI] [worker:ComfyUI-TRELLIS2] [sparse-conv] out=41MB alloc=1035MB
  [ComfyUI] [worker:ComfyUI-TRELLIS2] [C2S3d] after subdiv: alloc=984MB
  [ComfyUI] [worker:ComfyUI-TRELLIS2] [C2S3d] after subdiv: alloc=984MB
  [ComfyUI] [worker:ComfyUI-TRELLIS2] [C2S3d] after norm1: alloc=1026MB
  [ComfyUI] [worker:ComfyUI-TRELLIS2] [C2S3d] after norm1: alloc=1026MB
  [ComfyUI] [worker:ComfyUI-TRELLIS2] [C2S3d] pre-conv1: N=42,764 Ci=512 Co=2048 alloc=1026MB
  [ComfyUI] [worker:ComfyUI-TRELLIS2] [C2S3d] pre-conv1: N=42,764 Ci=512 Co=2048 alloc=1026MB
  [ComfyUI] [worker:ComfyUI-TRELLIS2] [C2S3d] x.feats offloaded before conv1: alloc=1027MB
  [ComfyUI] [worker:ComfyUI-TRELLIS2] [C2S3d] x.feats offloaded before conv1: alloc=1027MB
  [ComfyUI] [worker:ComfyUI-TRELLIS2] [sparse-conv] N=42,764 Ci=512 Co=2048 feats=41MB cache=9MB (miss) w_dev=cuda:0 alloc=1036MB
  [ComfyUI] [worker:ComfyUI-TRELLIS2] [sparse-conv] N=42,764 Ci=512 Co=2048 feats=41MB cache=9MB (miss) w_dev=cuda:0 alloc=1036MB
  [ComfyUI] [worker:ComfyUI-TRELLIS2] [VRAM] +404MB (now 1460MB) reserved=1664MB peak=4633MB
  [ComfyUI] [worker:ComfyUI-TRELLIS2] [VRAM] +404MB (now 1460MB) reserved=1664MB peak=4633MB
  [ComfyUI] [worker:ComfyUI-TRELLIS2] [VRAM] -256MB (now 1204MB) reserved=1664MB peak=4633MB
  [ComfyUI] [worker:ComfyUI-TRELLIS2] [VRAM] -256MB (now 1204MB) reserved=1664MB peak=4633MB
  [capture-loop] iter=850 t=98.6s state={'complete': False, 'error': None, 'executedCount': 0, 'wsState': 1} eval_ms=3 ram=9.1/31.9GB (29%) swap=0.8/12.3GB (7%) cpu=6% browser_rss=0.48GB
  [ComfyUI] [worker:ComfyUI-TRELLIS2] [VRAM] +256MB (now 1460MB) reserved=1664MB peak=4633MB
  [ComfyUI] [worker:ComfyUI-TRELLIS2] [VRAM] +256MB (now 1460MB) reserved=1664MB peak=4633MB
  [ComfyUI] [worker:ComfyUI-TRELLIS2] [VRAM] -256MB (now 1204MB) reserved=1664MB peak=4633MB
  [ComfyUI] [worker:ComfyUI-TRELLIS2] [VRAM] -256MB (now 1204MB) reserved=1664MB peak=4633MB
  [ComfyUI] [worker:ComfyUI-TRELLIS2] [VRAM] +256MB (now 1460MB) reserved=1664MB peak=4633MB
  [ComfyUI] [worker:ComfyUI-TRELLIS2] [VRAM] +256MB (now 1460MB) reserved=1664MB peak=4633MB
  [ComfyUI] [worker:ComfyUI-TRELLIS2] [VRAM] -256MB (now 1204MB) reserved=1664MB peak=4633MB
  [ComfyUI] [worker:ComfyUI-TRELLIS2] [VRAM] -256MB (now 1204MB) reserved=1664MB peak=4633MB
  [capture-loop] iter=900 t=104.4s state={'complete': False, 'error': None, 'executedCount': 0, 'wsState': 1} eval_ms=4 ram=9.1/31.9GB (29%) swap=0.8/12.3GB (7%) cpu=4% browser_rss=0.48GB
  [ComfyUI] [worker:ComfyUI-TRELLIS2] [VRAM] +256MB (now 1460MB) reserved=1664MB peak=4633MB
  [ComfyUI] [worker:ComfyUI-TRELLIS2] [VRAM] +256MB (now 1460MB) reserved=1664MB peak=4633MB
  [ComfyUI] [worker:ComfyUI-TRELLIS2] [VRAM] -256MB (now 1204MB) reserved=1664MB peak=4633MB
  [ComfyUI] [worker:ComfyUI-TRELLIS2] [VRAM] -256MB (now 1204MB) reserved=1664MB peak=4633MB
  [ComfyUI] [worker:ComfyUI-TRELLIS2] [sparse-conv] out=167MB alloc=1204MB
  [ComfyUI] [worker:ComfyUI-TRELLIS2] [sparse-conv] out=167MB alloc=1204MB
  [ComfyUI] [worker:ComfyUI-TRELLIS2] [C2S3d] post-conv1: h=torch.Size([42764, 2048]) alloc=1163MB
  [ComfyUI] [worker:ComfyUI-TRELLIS2] [C2S3d] post-conv1: h=torch.Size([42764, 2048]) alloc=1163MB
  [ComfyUI] [worker:ComfyUI-TRELLIS2] [C2S3d] x.feats restored from CPU: alloc=1204MB
  [ComfyUI] [worker:ComfyUI-TRELLIS2] [C2S3d] x.feats restored from CPU: alloc=1204MB
  [ComfyUI] [worker:ComfyUI-TRELLIS2] [C2S3d] pre-C2S(h): alloc=1204MB
  [ComfyUI] [worker:ComfyUI-TRELLIS2] [C2S3d] pre-C2S(h): alloc=1204MB
  [ComfyUI] [worker:ComfyUI-TRELLIS2] [C2S] scatter: 42,764�2048 -> 172,382�256 in=167MB out=84MB alloc=1212MB
  [ComfyUI] [worker:ComfyUI-TRELLIS2] [C2S] scatter: 42,764�2048 -> 172,382�256 in=167MB out=84MB alloc=1212MB
  [ComfyUI] [worker:ComfyUI-TRELLIS2] [C2S] scatter done: alloc=1296MB
  [ComfyUI] [worker:ComfyUI-TRELLIS2] [C2S] scatter done: alloc=1296MB
  [ComfyUI] [worker:ComfyUI-TRELLIS2] [C2S3d] post-C2S(h): h=torch.Size([172382, 256]) alloc=1123MB
  [ComfyUI] [worker:ComfyUI-TRELLIS2] [C2S3d] post-C2S(h): h=torch.Size([172382, 256]) alloc=1123MB
  [ComfyUI] [worker:ComfyUI-TRELLIS2] [C2S] scatter: 42,764�512 -> 172,382�64 in=41MB out=21MB alloc=1131MB
  [ComfyUI] [worker:ComfyUI-TRELLIS2] [C2S] scatter: 42,764�512 -> 172,382�64 in=41MB out=21MB alloc=1131MB
  [ComfyUI] [worker:ComfyUI-TRELLIS2] [C2S] scatter done: alloc=1152MB
  [ComfyUI] [worker:ComfyUI-TRELLIS2] [C2S] scatter done: alloc=1152MB
  [ComfyUI] [worker:ComfyUI-TRELLIS2] [C2S3d] post-C2S(x): x=torch.Size([172382, 64]) alloc=1105MB
  [ComfyUI] [worker:ComfyUI-TRELLIS2] [C2S3d] post-C2S(x): x=torch.Size([172382, 64]) alloc=1105MB
  [ComfyUI] [worker:ComfyUI-TRELLIS2] [C2S3d] post-C2S: N=172,382 h=256ch x=64ch alloc=1105MB
  [ComfyUI] [worker:ComfyUI-TRELLIS2] [C2S3d] post-C2S: N=172,382 h=256ch x=64ch alloc=1105MB
  [ComfyUI] [worker:ComfyUI-TRELLIS2] [C2S3d] x offloaded to CPU, pre-conv2: alloc=1081MB
  [ComfyUI] [worker:ComfyUI-TRELLIS2] [C2S3d] x offloaded to CPU, pre-conv2: alloc=1081MB
  [ComfyUI] [worker:ComfyUI-TRELLIS2] [C2S3d] after norm2: alloc=1081MB
  [ComfyUI] [worker:ComfyUI-TRELLIS2] [C2S3d] after norm2: alloc=1081MB
  [ComfyUI] [worker:ComfyUI-TRELLIS2] [C2S3d] after silu: alloc=1081MB
  [ComfyUI] [worker:ComfyUI-TRELLIS2] [C2S3d] after silu: alloc=1081MB
  [ComfyUI] [worker:ComfyUI-TRELLIS2] [sparse-conv] N=172,382 Ci=256 Co=256 feats=84MB cache=38MB (miss) w_dev=cuda:0 alloc=1120MB
  [ComfyUI] [worker:ComfyUI-TRELLIS2] [sparse-conv] N=172,382 Ci=256 Co=256 feats=84MB cache=38MB (miss) w_dev=cuda:0 alloc=1120MB
  [ComfyUI] [worker:ComfyUI-TRELLIS2] [VRAM] +256MB (now 1461MB) reserved=1582MB peak=4633MB
  [ComfyUI] [worker:ComfyUI-TRELLIS2] [VRAM] +256MB (now 1461MB) reserved=1582MB peak=4633MB
  [ComfyUI] [worker:ComfyUI-TRELLIS2] [sparse-conv] out=84MB alloc=1205MB
  [ComfyUI] [worker:ComfyUI-TRELLIS2] [sparse-conv] out=84MB alloc=1205MB
  [ComfyUI] [worker:ComfyUI-TRELLIS2] [C2S3d] post-conv2: alloc=1121MB
  [ComfyUI] [worker:ComfyUI-TRELLIS2] [C2S3d] post-conv2: alloc=1121MB
  [ComfyUI] [worker:ComfyUI-TRELLIS2] [C2S3d] post-conv2 (cache cleared): alloc=1081MB
  [ComfyUI] [worker:ComfyUI-TRELLIS2] [C2S3d] post-conv2 (cache cleared): alloc=1081MB
  [ComfyUI] [worker:ComfyUI-TRELLIS2] [VRAM] -296MB (now 1165MB) reserved=1582MB peak=4633MB
  [ComfyUI] [worker:ComfyUI-TRELLIS2] [VRAM] -296MB (now 1165MB) reserved=1582MB peak=4633MB
  [ComfyUI] [worker:ComfyUI-TRELLIS2] [C2S3d] after skip expand: alloc=1165MB
  [ComfyUI] [worker:ComfyUI-TRELLIS2] [C2S3d] after skip expand: alloc=1165MB
  [ComfyUI] [worker:ComfyUI-TRELLIS2] [C2S3d] post-skip: alloc=1081MB
  [ComfyUI] [worker:ComfyUI-TRELLIS2] [C2S3d] post-skip: alloc=1081MB
  [ComfyUI] [worker:ComfyUI-TRELLIS2] [sparse-conv] N=172,382 Ci=256 Co=256 feats=84MB cache=38MB (miss) w_dev=cuda:0 alloc=1076MB
  [ComfyUI] [worker:ComfyUI-TRELLIS2] [sparse-conv] N=172,382 Ci=256 Co=256 feats=84MB cache=38MB (miss) w_dev=cuda:0 alloc=1076MB
  [ComfyUI] [worker:ComfyUI-TRELLIS2] [sparse-conv] out=84MB alloc=1161MB
  [ComfyUI] [worker:ComfyUI-TRELLIS2] [sparse-conv] out=84MB alloc=1161MB
  [ComfyUI] [worker:ComfyUI-TRELLIS2] [sparse-conv] N=172,382 Ci=256 Co=256 feats=84MB cache=38MB (miss) w_dev=cuda:0 alloc=1075MB
  [ComfyUI] [worker:ComfyUI-TRELLIS2] [sparse-conv] N=172,382 Ci=256 Co=256 feats=84MB cache=38MB (miss) w_dev=cuda:0 alloc=1075MB
  [ComfyUI] [worker:ComfyUI-TRELLIS2] [sparse-conv] out=84MB alloc=1160MB
  [ComfyUI] [worker:ComfyUI-TRELLIS2] [sparse-conv] out=84MB alloc=1160MB
  [ComfyUI] [worker:ComfyUI-TRELLIS2] [sparse-conv] N=172,382 Ci=256 Co=256 feats=84MB cache=38MB (miss) w_dev=cuda:0 alloc=1075MB
  [ComfyUI] [worker:ComfyUI-TRELLIS2] [sparse-conv] N=172,382 Ci=256 Co=256 feats=84MB cache=38MB (miss) w_dev=cuda:0 alloc=1075MB
  [ComfyUI] [worker:ComfyUI-TRELLIS2] [sparse-conv] out=84MB alloc=1160MB
  [ComfyUI] [worker:ComfyUI-TRELLIS2] [sparse-conv] out=84MB alloc=1160MB
  [ComfyUI] [worker:ComfyUI-TRELLIS2] [sparse-conv] N=172,382 Ci=256 Co=256 feats=84MB cache=38MB (miss) w_dev=cuda:0 alloc=1075MB
  [ComfyUI] [worker:ComfyUI-TRELLIS2] [sparse-conv] N=172,382 Ci=256 Co=256 feats=84MB cache=38MB (miss) w_dev=cuda:0 alloc=1075MB
  [ComfyUI] [worker:ComfyUI-TRELLIS2] [sparse-conv] out=84MB alloc=1160MB
  [ComfyUI] [worker:ComfyUI-TRELLIS2] [sparse-conv] out=84MB alloc=1160MB
  [ComfyUI] [worker:ComfyUI-TRELLIS2] [sparse-conv] N=172,382 Ci=256 Co=256 feats=84MB cache=38MB (miss) w_dev=cuda:0 alloc=1075MB
  [ComfyUI] [worker:ComfyUI-TRELLIS2] [sparse-conv] N=172,382 Ci=256 Co=256 feats=84MB cache=38MB (miss) w_dev=cuda:0 alloc=1075MB
  [ComfyUI] [worker:ComfyUI-TRELLIS2] [sparse-conv] out=84MB alloc=1160MB
  [ComfyUI] [worker:ComfyUI-TRELLIS2] [sparse-conv] out=84MB alloc=1160MB
  [ComfyUI] [worker:ComfyUI-TRELLIS2] [sparse-conv] N=172,382 Ci=256 Co=256 feats=84MB cache=38MB (miss) w_dev=cuda:0 alloc=1075MB
  [ComfyUI] [worker:ComfyUI-TRELLIS2] [sparse-conv] N=172,382 Ci=256 Co=256 feats=84MB cache=38MB (miss) w_dev=cuda:0 alloc=1075MB
  [ComfyUI] [worker:ComfyUI-TRELLIS2] [sparse-conv] out=84MB alloc=1160MB
  [ComfyUI] [worker:ComfyUI-TRELLIS2] [sparse-conv] out=84MB alloc=1160MB
  [ComfyUI] [worker:ComfyUI-TRELLIS2] [sparse-conv] N=172,382 Ci=256 Co=256 feats=84MB cache=38MB (miss) w_dev=cuda:0 alloc=1075MB
  [ComfyUI] [worker:ComfyUI-TRELLIS2] [sparse-conv] N=172,382 Ci=256 Co=256 feats=84MB cache=38MB (miss) w_dev=cuda:0 alloc=1075MB
  [ComfyUI] [worker:ComfyUI-TRELLIS2] [sparse-conv] out=84MB alloc=1160MB
  [ComfyUI] [worker:ComfyUI-TRELLIS2] [sparse-conv] out=84MB alloc=1160MB
  [ComfyUI] [worker:ComfyUI-TRELLIS2] [sparse-conv] N=172,382 Ci=256 Co=256 feats=84MB cache=38MB (miss) w_dev=cuda:0 alloc=1075MB
  [ComfyUI] [worker:ComfyUI-TRELLIS2] [sparse-conv] N=172,382 Ci=256 Co=256 feats=84MB cache=38MB (miss) w_dev=cuda:0 alloc=1075MB
  [ComfyUI] [worker:ComfyUI-TRELLIS2] [sparse-conv] out=84MB alloc=1160MB
  [ComfyUI] [worker:ComfyUI-TRELLIS2] [sparse-conv] out=84MB alloc=1160MB
  [ComfyUI] [worker:ComfyUI-TRELLIS2] [C2S3d] after subdiv: alloc=1039MB
  [ComfyUI] [worker:ComfyUI-TRELLIS2] [C2S3d] after subdiv: alloc=1039MB
  [ComfyUI] [worker:ComfyUI-TRELLIS2] [C2S3d] after norm1: alloc=1123MB
  [ComfyUI] [worker:ComfyUI-TRELLIS2] [C2S3d] after norm1: alloc=1123MB
  [ComfyUI] [worker:ComfyUI-TRELLIS2] [C2S3d] pre-conv1: N=172,382 Ci=256 Co=1024 alloc=1123MB
  [ComfyUI] [worker:ComfyUI-TRELLIS2] [C2S3d] pre-conv1: N=172,382 Ci=256 Co=1024 alloc=1123MB
  [ComfyUI] [worker:ComfyUI-TRELLIS2] [C2S3d] x.feats offloaded before conv1: alloc=1125MB
  [ComfyUI] [worker:ComfyUI-TRELLIS2] [C2S3d] x.feats offloaded before conv1: alloc=1125MB
  [ComfyUI] [worker:ComfyUI-TRELLIS2] [sparse-conv] N=172,382 Ci=256 Co=1024 feats=84MB cache=38MB (miss) w_dev=cuda:0 alloc=1164MB
  [ComfyUI] [worker:ComfyUI-TRELLIS2] [sparse-conv] N=172,382 Ci=256 Co=1024 feats=84MB cache=38MB (miss) w_dev=cuda:0 alloc=1164MB
  [ComfyUI] [worker:ComfyUI-TRELLIS2] [sparse-conv] out=336MB alloc=1501MB
  [ComfyUI] [worker:ComfyUI-TRELLIS2] [sparse-conv] out=336MB alloc=1501MB
  [ComfyUI] [worker:ComfyUI-TRELLIS2] [C2S3d] post-conv1: h=torch.Size([172382, 1024]) alloc=1417MB
  [ComfyUI] [worker:ComfyUI-TRELLIS2] [C2S3d] post-conv1: h=torch.Size([172382, 1024]) alloc=1417MB
  [ComfyUI] [worker:ComfyUI-TRELLIS2] [C2S3d] x.feats restored from CPU: alloc=1501MB
  [ComfyUI] [worker:ComfyUI-TRELLIS2] [C2S3d] x.feats restored from CPU: alloc=1501MB
  [ComfyUI] [worker:ComfyUI-TRELLIS2] [C2S3d] pre-C2S(h): alloc=1501MB
  [ComfyUI] [worker:ComfyUI-TRELLIS2] [C2S3d] pre-C2S(h): alloc=1501MB
  [ComfyUI] [worker:ComfyUI-TRELLIS2] [C2S] scatter: 172,382�1024 -> 692,236�128 in=336MB out=169MB alloc=1529MB
  [ComfyUI] [worker:ComfyUI-TRELLIS2] [C2S] scatter: 172,382�1024 -> 692,236�128 in=336MB out=169MB alloc=1529MB
  [ComfyUI] [worker:ComfyUI-TRELLIS2] [C2S] offloaded 336MB to CPU, alloc=1192MB
  [ComfyUI] [worker:ComfyUI-TRELLIS2] [C2S] offloaded 336MB to CPU, alloc=1192MB
  [ComfyUI] [worker:ComfyUI-TRELLIS2] [C2S] scatter done: alloc=1362MB
  [ComfyUI] [worker:ComfyUI-TRELLIS2] [C2S] scatter done: alloc=1362MB
  [ComfyUI] [worker:ComfyUI-TRELLIS2] [C2S3d] post-C2S(h): h=torch.Size([692236, 128]) alloc=1345MB
  [ComfyUI] [worker:ComfyUI-TRELLIS2] [C2S3d] post-C2S(h): h=torch.Size([692236, 128]) alloc=1345MB
  [ComfyUI] [worker:ComfyUI-TRELLIS2] [C2S] scatter: 172,382�256 -> 692,236�32 in=84MB out=42MB alloc=1372MB
  [ComfyUI] [worker:ComfyUI-TRELLIS2] [C2S] scatter: 172,382�256 -> 692,236�32 in=84MB out=42MB alloc=1372MB
  [ComfyUI] [worker:ComfyUI-TRELLIS2] [C2S] scatter done: alloc=1415MB
  [ComfyUI] [worker:ComfyUI-TRELLIS2] [C2S] scatter done: alloc=1415MB
  [ComfyUI] [worker:ComfyUI-TRELLIS2] [C2S3d] post-C2S(x): x=torch.Size([692236, 32]) alloc=1313MB
  [ComfyUI] [worker:ComfyUI-TRELLIS2] [C2S3d] post-C2S(x): x=torch.Size([692236, 32]) alloc=1313MB
  [ComfyUI] [worker:ComfyUI-TRELLIS2] [C2S3d] post-C2S: N=692,236 h=128ch x=32ch alloc=1312MB
  [ComfyUI] [worker:ComfyUI-TRELLIS2] [C2S3d] post-C2S: N=692,236 h=128ch x=32ch alloc=1312MB
  [ComfyUI] [worker:ComfyUI-TRELLIS2] [C2S3d] x offloaded to CPU, pre-conv2: alloc=1259MB
  [ComfyUI] [worker:ComfyUI-TRELLIS2] [C2S3d] x offloaded to CPU, pre-conv2: alloc=1259MB
  [ComfyUI] [worker:ComfyUI-TRELLIS2] [C2S3d] after norm2: alloc=1259MB
  [ComfyUI] [worker:ComfyUI-TRELLIS2] [C2S3d] after norm2: alloc=1259MB
  [ComfyUI] [worker:ComfyUI-TRELLIS2] [C2S3d] after silu: alloc=1259MB
  [ComfyUI] [worker:ComfyUI-TRELLIS2] [C2S3d] after silu: alloc=1259MB
  [ComfyUI] [worker:ComfyUI-TRELLIS2] [sparse-conv] N=692,236 Ci=128 Co=128 feats=169MB cache=155MB (miss) w_dev=cuda:0 alloc=1415MB
  [ComfyUI] [worker:ComfyUI-TRELLIS2] [sparse-conv] N=692,236 Ci=128 Co=128 feats=169MB cache=155MB (miss) w_dev=cuda:0 alloc=1415MB
  [ComfyUI] [worker:ComfyUI-TRELLIS2] [sparse-conv] out=169MB alloc=1586MB
  [ComfyUI] [worker:ComfyUI-TRELLIS2] [sparse-conv] out=169MB alloc=1586MB
  [ComfyUI] [worker:ComfyUI-TRELLIS2] [C2S3d] post-conv2: alloc=1416MB
  [ComfyUI] [worker:ComfyUI-TRELLIS2] [C2S3d] post-conv2: alloc=1416MB
  [ComfyUI] [worker:ComfyUI-TRELLIS2] [C2S3d] post-conv2 (cache cleared): alloc=1259MB
  [ComfyUI] [worker:ComfyUI-TRELLIS2] [C2S3d] post-conv2 (cache cleared): alloc=1259MB
  [ComfyUI] [worker:ComfyUI-TRELLIS2] [C2S3d] after skip expand: alloc=1429MB
  [ComfyUI] [worker:ComfyUI-TRELLIS2] [C2S3d] after skip expand: alloc=1429MB
  [ComfyUI] [worker:ComfyUI-TRELLIS2] [C2S3d] post-skip: alloc=1259MB
  [ComfyUI] [worker:ComfyUI-TRELLIS2] [C2S3d] post-skip: alloc=1259MB
  [ComfyUI] [worker:ComfyUI-TRELLIS2] [sparse-conv] N=692,236 Ci=128 Co=128 feats=169MB cache=155MB (miss) w_dev=cuda:0 alloc=1321MB
  [ComfyUI] [worker:ComfyUI-TRELLIS2] [sparse-conv] N=692,236 Ci=128 Co=128 feats=169MB cache=155MB (miss) w_dev=cuda:0 alloc=1321MB
  [ComfyUI] [worker:ComfyUI-TRELLIS2] [sparse-conv] out=169MB alloc=1491MB
  [ComfyUI] [worker:ComfyUI-TRELLIS2] [sparse-conv] out=169MB alloc=1491MB
  [ComfyUI] [worker:ComfyUI-TRELLIS2] [sparse-conv] N=692,236 Ci=128 Co=128 feats=169MB cache=155MB (miss) w_dev=cuda:0 alloc=1321MB
  [ComfyUI] [worker:ComfyUI-TRELLIS2] [sparse-conv] N=692,236 Ci=128 Co=128 feats=169MB cache=155MB (miss) w_dev=cuda:0 alloc=1321MB
  [ComfyUI] [worker:ComfyUI-TRELLIS2] [sparse-conv] out=169MB alloc=1491MB
  [ComfyUI] [worker:ComfyUI-TRELLIS2] [sparse-conv] out=169MB alloc=1491MB
  [ComfyUI] [worker:ComfyUI-TRELLIS2] [sparse-conv] N=692,236 Ci=128 Co=128 feats=169MB cache=155MB (miss) w_dev=cuda:0 alloc=1321MB
  [ComfyUI] [worker:ComfyUI-TRELLIS2] [sparse-conv] N=692,236 Ci=128 Co=128 feats=169MB cache=155MB (miss) w_dev=cuda:0 alloc=1321MB
  [ComfyUI] [worker:ComfyUI-TRELLIS2] [sparse-conv] out=169MB alloc=1491MB
  [ComfyUI] [worker:ComfyUI-TRELLIS2] [sparse-conv] out=169MB alloc=1491MB
  [ComfyUI] [worker:ComfyUI-TRELLIS2] [sparse-conv] N=692,236 Ci=128 Co=128 feats=169MB cache=155MB (miss) w_dev=cuda:0 alloc=1321MB
  [ComfyUI] [worker:ComfyUI-TRELLIS2] [sparse-conv] N=692,236 Ci=128 Co=128 feats=169MB cache=155MB (miss) w_dev=cuda:0 alloc=1321MB
  [ComfyUI] [worker:ComfyUI-TRELLIS2] [sparse-conv] out=169MB alloc=1491MB
  [ComfyUI] [worker:ComfyUI-TRELLIS2] [sparse-conv] out=169MB alloc=1491MB
  [ComfyUI] [worker:ComfyUI-TRELLIS2] [VRAM] +287MB (now 1453MB) reserved=1900MB peak=4633MB
  [ComfyUI] [worker:ComfyUI-TRELLIS2] [VRAM] +287MB (now 1453MB) reserved=1900MB peak=4633MB
  [ComfyUI] [worker:ComfyUI-TRELLIS2] [C2S3d] after subdiv: alloc=1174MB
  [ComfyUI] [worker:ComfyUI-TRELLIS2] [C2S3d] after subdiv: alloc=1174MB
  [ComfyUI] [worker:ComfyUI-TRELLIS2] [C2S3d] after norm1: alloc=1344MB
  [ComfyUI] [worker:ComfyUI-TRELLIS2] [C2S3d] after norm1: alloc=1344MB
  [ComfyUI] [worker:ComfyUI-TRELLIS2] [C2S3d] pre-conv1: N=692,236 Ci=128 Co=512 alloc=1344MB
  [ComfyUI] [worker:ComfyUI-TRELLIS2] [C2S3d] pre-conv1: N=692,236 Ci=128 Co=512 alloc=1344MB
  [ComfyUI] [worker:ComfyUI-TRELLIS2] [C2S3d] x.feats offloaded before conv1: alloc=1349MB
  [ComfyUI] [worker:ComfyUI-TRELLIS2] [C2S3d] x.feats offloaded before conv1: alloc=1349MB
  [ComfyUI] [worker:ComfyUI-TRELLIS2] [sparse-conv] N=692,236 Ci=128 Co=512 feats=169MB cache=155MB (miss) w_dev=cuda:0 alloc=1506MB
  [ComfyUI] [worker:ComfyUI-TRELLIS2] [sparse-conv] N=692,236 Ci=128 Co=512 feats=169MB cache=155MB (miss) w_dev=cuda:0 alloc=1506MB
  [capture-loop] iter=950 t=110.2s state={'complete': False, 'error': None, 'executedCount': 0, 'wsState': 1} eval_ms=3 ram=9.5/31.9GB (30%) swap=0.8/12.3GB (7%) cpu=9% browser_rss=0.48GB
  [ComfyUI] [worker:ComfyUI-TRELLIS2] [VRAM] +985MB (now 2439MB) reserved=2734MB peak=4633MB
  [ComfyUI] [worker:ComfyUI-TRELLIS2] [VRAM] +985MB (now 2439MB) reserved=2734MB peak=4633MB
  [ComfyUI] [worker:ComfyUI-TRELLIS2] [VRAM] -256MB (now 2183MB) reserved=2734MB peak=4633MB
  [ComfyUI] [worker:ComfyUI-TRELLIS2] [VRAM] -256MB (now 2183MB) reserved=2734MB peak=4633MB
  [ComfyUI] [worker:ComfyUI-TRELLIS2] [VRAM] +256MB (now 2439MB) reserved=2734MB peak=4633MB
  [ComfyUI] [worker:ComfyUI-TRELLIS2] [VRAM] +256MB (now 2439MB) reserved=2734MB peak=4633MB
  [ComfyUI] [worker:ComfyUI-TRELLIS2] [sparse-conv] out=676MB alloc=2184MB
  [ComfyUI] [worker:ComfyUI-TRELLIS2] [sparse-conv] out=676MB alloc=2184MB
  [ComfyUI] [worker:ComfyUI-TRELLIS2] [C2S3d] post-conv1: h=torch.Size([692236, 512]) alloc=2014MB
  [ComfyUI] [worker:ComfyUI-TRELLIS2] [C2S3d] post-conv1: h=torch.Size([692236, 512]) alloc=2014MB
  [ComfyUI] [worker:ComfyUI-TRELLIS2] [VRAM] -255MB (now 2184MB) reserved=2734MB peak=4633MB
  [ComfyUI] [worker:ComfyUI-TRELLIS2] [VRAM] -255MB (now 2184MB) reserved=2734MB peak=4633MB
  [ComfyUI] [worker:ComfyUI-TRELLIS2] [C2S3d] x.feats restored from CPU: alloc=2184MB
  [ComfyUI] [worker:ComfyUI-TRELLIS2] [C2S3d] x.feats restored from CPU: alloc=2184MB
  [ComfyUI] [worker:ComfyUI-TRELLIS2] [C2S3d] pre-C2S(h): alloc=2184MB
  [ComfyUI] [worker:ComfyUI-TRELLIS2] [C2S3d] pre-C2S(h): alloc=2184MB
  [ComfyUI] [worker:ComfyUI-TRELLIS2] [C2S] scatter: 692,236�512 -> 2,773,731�64 in=676MB out=338MB alloc=2295MB
  [ComfyUI] [worker:ComfyUI-TRELLIS2] [C2S] scatter: 692,236�512 -> 2,773,731�64 in=676MB out=338MB alloc=2295MB
  [ComfyUI] [worker:ComfyUI-TRELLIS2] [C2S] offloaded 676MB to CPU, alloc=1619MB
  [ComfyUI] [worker:ComfyUI-TRELLIS2] [C2S] offloaded 676MB to CPU, alloc=1619MB
  [ComfyUI] [worker:ComfyUI-TRELLIS2] [C2S] scatter done: alloc=1958MB
  [ComfyUI] [worker:ComfyUI-TRELLIS2] [C2S] scatter done: alloc=1958MB
  [ComfyUI] [worker:ComfyUI-TRELLIS2] [C2S3d] post-C2S(h): h=torch.Size([2773731, 64]) alloc=1889MB
  [ComfyUI] [worker:ComfyUI-TRELLIS2] [C2S3d] post-C2S(h): h=torch.Size([2773731, 64]) alloc=1889MB
  [ComfyUI] [worker:ComfyUI-TRELLIS2] [C2S] scatter: 692,236�128 -> 2,773,731�16 in=169MB out=84MB alloc=2000MB
  [ComfyUI] [worker:ComfyUI-TRELLIS2] [C2S] scatter: 692,236�128 -> 2,773,731�16 in=169MB out=84MB alloc=2000MB
  [ComfyUI] [worker:ComfyUI-TRELLIS2] [C2S] scatter done: alloc=2085MB
  [ComfyUI] [worker:ComfyUI-TRELLIS2] [C2S] scatter done: alloc=2085MB
  [ComfyUI] [worker:ComfyUI-TRELLIS2] [C2S3d] post-C2S(x): x=torch.Size([2773731, 16]) alloc=1846MB
  [ComfyUI] [worker:ComfyUI-TRELLIS2] [C2S3d] post-C2S(x): x=torch.Size([2773731, 16]) alloc=1846MB
  [ComfyUI] [worker:ComfyUI-TRELLIS2] [C2S3d] post-C2S: N=2,773,731 h=64ch x=16ch alloc=1841MB
  [ComfyUI] [worker:ComfyUI-TRELLIS2] [C2S3d] post-C2S: N=2,773,731 h=64ch x=16ch alloc=1841MB
  [ComfyUI] [worker:ComfyUI-TRELLIS2] [C2S3d] x offloaded to CPU, pre-conv2: alloc=1714MB
  [ComfyUI] [worker:ComfyUI-TRELLIS2] [C2S3d] x offloaded to CPU, pre-conv2: alloc=1714MB
  [ComfyUI] [worker:ComfyUI-TRELLIS2] [C2S3d] h.feats offloaded for chunked norm2+silu: alloc=1375MB
  [ComfyUI] [worker:ComfyUI-TRELLIS2] [C2S3d] h.feats offloaded for chunked norm2+silu: alloc=1375MB
  [ComfyUI] [worker:ComfyUI-TRELLIS2] [VRAM] -471MB (now 1714MB) reserved=2270MB peak=4633MB
  [ComfyUI] [worker:ComfyUI-TRELLIS2] [VRAM] -471MB (now 1714MB) reserved=2270MB peak=4633MB
  [ComfyUI] [worker:ComfyUI-TRELLIS2] [C2S3d] after chunked norm2+silu: alloc=1714MB
  [ComfyUI] [worker:ComfyUI-TRELLIS2] [C2S3d] after chunked norm2+silu: alloc=1714MB
  [ComfyUI] [worker:ComfyUI-TRELLIS2] [sparse-conv] TILED: N=2,773,731 max_tile=1,000,000 feats=338MB alloc=1714MB
  [ComfyUI] [worker:ComfyUI-TRELLIS2] [sparse-conv] TILED: N=2,773,731 max_tile=1,000,000 feats=338MB alloc=1714MB
  [ComfyUI] [worker:ComfyUI-TRELLIS2] [sparse-conv] TILED feats offloaded to CPU, alloc=1375MB
  [ComfyUI] [worker:ComfyUI-TRELLIS2] [sparse-conv] TILED feats offloaded to CPU, alloc=1375MB
  [ComfyUI] [worker:ComfyUI-TRELLIS2] [tiled_conv] N=2,773,731 Ci=64 Co=64 K=(3, 3, 3) feats=339MB out=339MB feats_dev=cpu alloc=1375MB
  [ComfyUI] [worker:ComfyUI-TRELLIS2] [tiled_conv] N=2,773,731 Ci=64 Co=64 K=(3, 3, 3) feats=339MB out=339MB feats_dev=cpu alloc=1375MB
  [ComfyUI] [worker:ComfyUI-TRELLIS2] [tiled_conv] 4 tiles, VRAM baseline=1375MB
  [ComfyUI] [worker:ComfyUI-TRELLIS2] [tiled_conv] 4 tiles, VRAM baseline=1375MB
  [ComfyUI] 
  [ComfyUI] 
  [capture-loop] iter=1000 t=115.9s state={'complete': False, 'error': None, 'executedCount': 0, 'wsState': 1} eval_ms=5 ram=10.5/31.9GB (33%) swap=0.8/12.3GB (7%) cpu=10% browser_rss=0.48GB
  [ComfyUI] Tiled Conv3d:   0%|          | 0/4 [00:00<?]
  [ComfyUI] Tiled Conv3d:   0%|          | 0/4 [00:00<?]
  [ComfyUI] Tiled Conv3d:   0%|          | 0/4 [00:00<?]
  [ComfyUI] Tiled Conv3d:   0%|          | 0/4 [00:00<?]
  [ComfyUI] Tiled Conv3d:  25%|██▌       | 1/4 [00:00<00:00]
  [ComfyUI] Tiled Conv3d:  25%|██▌       | 1/4 [00:00<00:00]
  [ComfyUI] Tiled Conv3d:  25%|██▌       | 1/4 [00:00<00:00]
  [ComfyUI] Tiled Conv3d:  25%|██▌       | 1/4 [00:00<00:00]
  [ComfyUI] Tiled Conv3d:  50%|█████     | 2/4 [00:00<00:00]
  [ComfyUI] Tiled Conv3d:  50%|█████     | 2/4 [00:00<00:00]
  [ComfyUI] Tiled Conv3d:  50%|█████     | 2/4 [00:00<00:00]
  [ComfyUI] Tiled Conv3d:  50%|█████     | 2/4 [00:00<00:00]
  [ComfyUI] Tiled Conv3d:  75%|███████▌  | 3/4 [00:00<00:00]
  [ComfyUI] Tiled Conv3d:  75%|███████▌  | 3/4 [00:00<00:00]
  [ComfyUI] Tiled Conv3d:  75%|███████▌  | 3/4 [00:00<00:00]
  [ComfyUI] Tiled Conv3d:  75%|███████▌  | 3/4 [00:00<00:00]
  [ComfyUI] Tiled Conv3d: 100%|██████████| 4/4 [00:00<00:00]
  [ComfyUI] Tiled Conv3d: 100%|██████████| 4/4 [00:00<00:00]
  [ComfyUI] Tiled Conv3d: 100%|██████████| 4/4 [00:00<00:00]
  [ComfyUI] Tiled Conv3d: 100%|██████████| 4/4 [00:00<00:00]
  [ComfyUI] [worker:ComfyUI-TRELLIS2] [tiled_conv] done: 2773731/2773731 voxels, tile_peak=1801MB, final=1714MB
  [ComfyUI] [worker:ComfyUI-TRELLIS2] [tiled_conv] done: 2773731/2773731 voxels, tile_peak=1801MB, final=1714MB
  [ComfyUI] [worker:ComfyUI-TRELLIS2] [sparse-conv] TILED done: out=338MB alloc=1714MB
  [ComfyUI] [worker:ComfyUI-TRELLIS2] [sparse-conv] TILED done: out=338MB alloc=1714MB
  [ComfyUI] [worker:ComfyUI-TRELLIS2] [C2S3d] post-conv2: alloc=1714MB
  [ComfyUI] [worker:ComfyUI-TRELLIS2] [C2S3d] post-conv2: alloc=1714MB
  [ComfyUI] [worker:ComfyUI-TRELLIS2] [C2S3d] post-conv2 (cache cleared): alloc=1714MB
  [ComfyUI] [worker:ComfyUI-TRELLIS2] [C2S3d] post-conv2 (cache cleared): alloc=1714MB
  [ComfyUI] [worker:ComfyUI-TRELLIS2] [C2S3d] after chunked skip: alloc=1714MB
  [ComfyUI] [worker:ComfyUI-TRELLIS2] [C2S3d] after chunked skip: alloc=1714MB
  [ComfyUI] [worker:ComfyUI-TRELLIS2] [VRAM] -1003MB (now 712MB) reserved=2022MB peak=4633MB
  [ComfyUI] [worker:ComfyUI-TRELLIS2] [VRAM] -1003MB (now 712MB) reserved=2022MB peak=4633MB
  [ComfyUI] [SubprocessWorker] callback 'report_progress' from call_id=63
  [ComfyUI] [SubprocessWorker] callback 'report_progress' from call_id=63
  [ComfyUI] [SubprocessWorker] callback 'report_progress' from call_id=63
  [ComfyUI] [SubprocessWorker] callback 'report_progress' from call_id=63
  [ComfyUI] [SubprocessWorker] callback 'report_progress' from call_id=63
  [ComfyUI] [SubprocessWorker] callback 'report_progress' from call_id=63
  [ComfyUI] [SubprocessWorker] callback 'report_progress' from call_id=63
  [ComfyUI] [SubprocessWorker] callback 'report_progress' from call_id=63
  [ComfyUI] [worker:ComfyUI-TRELLIS2] [TRELLIS2] Built SLatFlowModel on CPU: dtype=torch.bfloat16, 0.2s
  [ComfyUI] [worker:ComfyUI-TRELLIS2] [TRELLIS2] Built SLatFlowModel on CPU: dtype=torch.bfloat16, 0.2s
  [ComfyUI] [SubprocessWorker] callback 'request_vram_budget' from call_id=63
  [ComfyUI] [SubprocessWorker] callback 'request_vram_budget' from call_id=63
  [ComfyUI] [comfy-env] VRAM request: 2.58GB, free before eviction: 11.79GB
  [ComfyUI] [comfy-env] VRAM request: 2.58GB, free before eviction: 11.79GB
  [ComfyUI] [comfy-env] VRAM after eviction: 11.79GB
  [ComfyUI] [comfy-env] VRAM after eviction: 11.79GB
  [ComfyUI] [worker:ComfyUI-TRELLIS2] [VRAM] +309MB (now 1021MB) reserved=1036MB peak=4633MB
  [ComfyUI] [worker:ComfyUI-TRELLIS2] [VRAM] +309MB (now 1021MB) reserved=1036MB peak=4633MB
  Frame 11 saved (frame_010.jpg, t=118.3s)
  [capture-periodic] freeze=3ms shot=101ms unfreeze=4ms saved=True
  [ComfyUI] [worker:ComfyUI-TRELLIS2] [VRAM] +1468MB (now 2489MB) reserved=2574MB peak=4633MB
  [ComfyUI] [worker:ComfyUI-TRELLIS2] [VRAM] +1468MB (now 2489MB) reserved=2574MB peak=4633MB
  [ComfyUI] [worker:ComfyUI-TRELLIS2] [TRELLIS2] shape_slat_flow_model_512 -> GPU: 2.1s
  [ComfyUI] [worker:ComfyUI-TRELLIS2] [TRELLIS2] shape_slat_flow_model_512 -> GPU: 2.1s
  [ComfyUI] [worker:ComfyUI-TRELLIS2] [33m[comfy-attn] Varlen attention: sage2[0m
  [ComfyUI] [worker:ComfyUI-TRELLIS2] [33m[comfy-attn] Varlen attention: sage2[0m
  [ComfyUI] [worker:ComfyUI-TRELLIS2] [VRAM] +333MB (now 2823MB) reserved=3442MB peak=4633MB
  [ComfyUI] [worker:ComfyUI-TRELLIS2] [VRAM] +333MB (now 2823MB) reserved=3442MB peak=4633MB
  [ComfyUI] [worker:ComfyUI-TRELLIS2]
  [ComfyUI] [worker:ComfyUI-TRELLIS2]
  [ComfyUI] === WATCHDOG TICK 2 ===
  [ComfyUI] === WATCHDOG TICK 2 ===
  [ComfyUI] [worker:ComfyUI-TRELLIS2] Thread 0x00004d50 (most recent call first):
  [ComfyUI] [worker:ComfyUI-TRELLIS2] Thread 0x00004d50 (most recent call first):
  [ComfyUI]   File "C:\workspaces\TRELLIS2-0556\portable-comfyui\ComfyUI_windows_portable\ComfyUI\.ce\.pixi\envs\trellis2-nodes\Lib\threading.py", line 363 in wait
  [ComfyUI]   File "C:\workspaces\TRELLIS2-0556\portable-comfyui\ComfyUI_windows_portable\ComfyUI\.ce\.pixi\envs\trellis2-nodes\Lib\threading.py", line 363 in wait
  [ComfyUI]   File "C:\workspaces\TRELLIS2-0556\portable-comfyui\ComfyUI_windows_portable\ComfyUI\.ce\.pixi\envs\trellis2-nodes\Lib\threading.py", line 660 in wait
  [ComfyUI]   File "C:\workspaces\TRELLIS2-0556\portable-comfyui\ComfyUI_windows_portable\ComfyUI\.ce\.pixi\envs\trellis2-nodes\Lib\threading.py", line 660 in wait
  [ComfyUI]   File "C:\workspaces\TRELLIS2-0556\portable-comfyui\ComfyUI_windows_portable\ComfyUI\.ce\.pixi\envs\trellis2-nodes\Lib\site-packages\tqdm\_monitor.py", line 60 in run
  [ComfyUI]   File "C:\workspaces\TRELLIS2-0556\portable-comfyui\ComfyUI_windows_portable\ComfyUI\.ce\.pixi\envs\trellis2-nodes\Lib\site-packages\tqdm\_monitor.py", line 60 in run
  [ComfyUI]   File "C:\workspaces\TRELLIS2-0556\portable-comfyui\ComfyUI_windows_portable\ComfyUI\.ce\.pixi\envs\trellis2-nodes\Lib\threading.py", line 1044 in _bootstrap_inner
  [ComfyUI]   File "C:\workspaces\TRELLIS2-0556\portable-comfyui\ComfyUI_windows_portable\ComfyUI\.ce\.pixi\envs\trellis2-nodes\Lib\threading.py", line 1044 in _bootstrap_inner
  [ComfyUI]   File "C:\workspaces\TRELLIS2-0556\portable-comfyui\ComfyUI_windows_portable\ComfyUI\.ce\.pixi\envs\trellis2-nodes\Lib\threading.py", line 1015 in _bootstrap
  [ComfyUI]   File "C:\workspaces\TRELLIS2-0556\portable-comfyui\ComfyUI_windows_portable\ComfyUI\.ce\.pixi\envs\trellis2-nodes\Lib\threading.py", line 1015 in _bootstrap
  [ComfyUI] 
  [ComfyUI] 
  [ComfyUI] Thread 0x00003ab0 (most recent call first):
  [ComfyUI] Thread 0x00003ab0 (most recent call first):
  [ComfyUI]   File "C:\Users\ContainerAdministrator\AppData\Local\Temp\comfyui_pvenv_3g3nrpe9\persistent_worker.py", line 106 in _vram_poller
  [ComfyUI]   File "C:\Users\ContainerAdministrator\AppData\Local\Temp\comfyui_pvenv_3g3nrpe9\persistent_worker.py", line 106 in _vram_poller
  [ComfyUI]   File "C:\workspaces\TRELLIS2-0556\portable-comfyui\ComfyUI_windows_portable\ComfyUI\.ce\.pixi\envs\trellis2-nodes\Lib\threading.py", line 995 in run
  [ComfyUI]   File "C:\workspaces\TRELLIS2-0556\portable-comfyui\ComfyUI_windows_portable\ComfyUI\.ce\.pixi\envs\trellis2-nodes\Lib\threading.py", line 995 in run
  [ComfyUI]   File "C:\workspaces\TRELLIS2-0556\portable-comfyui\ComfyUI_windows_portable\ComfyUI\.ce\.pixi\envs\trellis2-nodes\Lib\threading.py", line 1044 in _bootstrap_inner
  [ComfyUI]   File "C:\workspaces\TRELLIS2-0556\portable-comfyui\ComfyUI_windows_portable\ComfyUI\.ce\.pixi\envs\trellis2-nodes\Lib\threading.py", line 1044 in _bootstrap_inner
  [ComfyUI]   File "C:\workspaces\TRELLIS2-0556\portable-comfyui\ComfyUI_windows_portable\ComfyUI\.ce\.pixi\envs\trellis2-nodes\Lib\threading.py", line 1015 in _bootstrap
  [ComfyUI]   File "C:\workspaces\TRELLIS2-0556\portable-comfyui\ComfyUI_windows_portable\ComfyUI\.ce\.pixi\envs\trellis2-nodes\Lib\threading.py", line 1015 in _bootstrap
  [ComfyUI] 
  [ComfyUI] 
  [ComfyUI] Current thread 0x00004f80 (most recent call first):
  [ComfyUI] Current thread 0x00004f80 (most recent call first):
  [ComfyUI]   File "C:\Users\ContainerAdministrator\AppData\Local\Temp\comfyui_pvenv_3g3nrpe9\persistent_worker.py", line 52 in _watchdog
  [ComfyUI]   File "C:\Users\ContainerAdministrator\AppData\Local\Temp\comfyui_pvenv_3g3nrpe9\persistent_worker.py", line 52 in _watchdog
  [ComfyUI]   File "C:\workspaces\TRELLIS2-0556\portable-comfyui\ComfyUI_windows_portable\ComfyUI\.ce\.pixi\envs\trellis2-nodes\Lib\threading.py", line 995 in run
  [ComfyUI]   File "C:\workspaces\TRELLIS2-0556\portable-comfyui\ComfyUI_windows_portable\ComfyUI\.ce\.pixi\envs\trellis2-nodes\Lib\threading.py", line 995 in run
  [ComfyUI]   File "C:\workspaces\TRELLIS2-0556\portable-comfyui\ComfyUI_windows_portable\ComfyUI\.ce\.pixi\envs\trellis2-nodes\Lib\threading.py", line 1044 in _bootstrap_inner
  [ComfyUI]   File "C:\workspaces\TRELLIS2-0556\portable-comfyui\ComfyUI_windows_portable\ComfyUI\.ce\.pixi\envs\trellis2-nodes\Lib\threading.py", line 1044 in _bootstrap_inner
  [ComfyUI]   File "C:\workspaces\TRELLIS2-0556\portable-comfyui\ComfyUI_windows_portable\ComfyUI\.ce\.pixi\envs\trellis2-nodes\Lib\threading.py", line 1015 in _bootstrap
  [ComfyUI]   File "C:\workspaces\TRELLIS2-0556\portable-comfyui\ComfyUI_windows_portable\ComfyUI\.ce\.pixi\envs\trellis2-nodes\Lib\threading.py", line 1015 in _bootstrap
  [ComfyUI] 
  [ComfyUI] 
  [ComfyUI] Thread 0x00004df4 (most recent call first):
  [ComfyUI] Thread 0x00004df4 (most recent call first):
  [ComfyUI]   File "C:\workspaces\TRELLIS2-0556\portable-comfyui\ComfyUI_windows_portable\ComfyUI\comfy\attention_sparse.py", line 214 in sparse_scaled_dot_product_attention
  [ComfyUI]   File "C:\workspaces\TRELLIS2-0556\portable-comfyui\ComfyUI_windows_portable\ComfyUI\comfy\attention_sparse.py", line 214 in sparse_scaled_dot_product_attention
  [ComfyUI]   File "C:\workspaces\TRELLIS2-0556\portable-comfyui\ComfyUI_windows_portable\ComfyUI\custom_nodes\ComfyUI-TRELLIS2\nodes\trellis2\model.py", line 1040 in forward
  [ComfyUI]   File "C:\workspaces\TRELLIS2-0556\portable-comfyui\ComfyUI_windows_portable\ComfyUI\custom_nodes\ComfyUI-TRELLIS2\nodes\trellis2\model.py", line 1040 in forward
  [ComfyUI]   File "C:\workspaces\TRELLIS2-0556\portable-comfyui\ComfyUI_windows_portable\ComfyUI\.ce\.pixi\envs\trellis2-nodes\Lib\site-packages\torch\nn\modules\module.py", line 1790 in _call_impl
  [ComfyUI]   File "C:\workspaces\TRELLIS2-0556\portable-comfyui\ComfyUI_windows_portable\ComfyUI\.ce\.pixi\envs\trellis2-nodes\Lib\site-packages\torch\nn\modules\module.py", line 1790 in _call_impl
  [ComfyUI]   File "C:\workspaces\TRELLIS2-0556\portable-comfyui\ComfyUI_windows_portable\ComfyUI\.ce\.pixi\envs\trellis2-nodes\Lib\site-packages\torch\nn\modules\module.py", line 1779 in _wrapped_call_impl
  [ComfyUI]   File "C:\workspaces\TRELLIS2-0556\portable-comfyui\ComfyUI_windows_portable\ComfyUI\.ce\.pixi\envs\trellis2-nodes\Lib\site-packages\torch\nn\modules\module.py", line 1779 in _wrapped_call_impl
  [ComfyUI]   File "C:\workspaces\TRELLIS2-0556\portable-comfyui\ComfyUI_windows_portable\ComfyUI\custom_nodes\ComfyUI-TRELLIS2\nodes\trellis2\model.py", line 1417 in _forward
  [ComfyUI]   File "C:\workspaces\TRELLIS2-0556\portable-comfyui\ComfyUI_windows_portable\ComfyUI\custom_nodes\ComfyUI-TRELLIS2\nodes\trellis2\model.py", line 1417 in _forward
  [ComfyUI]   File "C:\workspaces\TRELLIS2-0556\portable-comfyui\ComfyUI_windows_portable\ComfyUI\custom_nodes\ComfyUI-TRELLIS2\nodes\trellis2\model.py", line 1442 in forward
  [ComfyUI]   File "C:\workspaces\TRELLIS2-0556\portable-comfyui\ComfyUI_windows_portable\ComfyUI\custom_nodes\ComfyUI-TRELLIS2\nodes\trellis2\model.py", line 1442 in forward
  [ComfyUI]   File "C:\workspaces\TRELLIS2-0556\portable-comfyui\ComfyUI_windows_portable\ComfyUI\.ce\.pixi\envs\trellis2-nodes\Lib\site-packages\torch\nn\modules\module.py", line 1790 in _call_impl
  [ComfyUI]   File "C:\workspaces\TRELLIS2-0556\portable-comfyui\ComfyUI_windows_portable\ComfyUI\.ce\.pixi\envs\trellis2-nodes\Lib\site-packages\torch\nn\modules\module.py", line 1790 in _call_impl
  [ComfyUI]   File "C:\workspaces\TRELLIS2-0556\portable-comfyui\ComfyUI_windows_portable\ComfyUI\.ce\.pixi\envs\trellis2-nodes\Lib\site-packages\torch\nn\modules\module.py", line 1779 in _wrapped_call_impl
  [ComfyUI]   File "C:\workspaces\TRELLIS2-0556\portable-comfyui\ComfyUI_windows_portable\ComfyUI\.ce\.pixi\envs\trellis2-nodes\Lib\site-packages\torch\nn\modules\module.py", line 1779 in _wrapped_call_impl
  [ComfyUI]   File "C:\workspaces\TRELLIS2-0556\portable-comfyui\ComfyUI_windows_portable\ComfyUI\custom_nodes\ComfyUI-TRELLIS2\nodes\trellis2\model.py", line 1999 in _forward
  [ComfyUI]   File "C:\workspaces\TRELLIS2-0556\portable-comfyui\ComfyUI_windows_portable\ComfyUI\custom_nodes\ComfyUI-TRELLIS2\nodes\trellis2\model.py", line 1999 in _forward
  [ComfyUI]   File "C:\workspaces\TRELLIS2-0556\portable-comfyui\ComfyUI_windows_portable\ComfyUI\comfy\patcher_extension.py", line 112 in execute
  [ComfyUI]   File "C:\workspaces\TRELLIS2-0556\portable-comfyui\ComfyUI_windows_portable\ComfyUI\comfy\patcher_extension.py", line 112 in execute
  [ComfyUI]   File "C:\workspaces\TRELLIS2-0556\portable-comfyui\ComfyUI_windows_portable\ComfyUI\custom_nodes\ComfyUI-TRELLIS2\nodes\trellis2\model.py", line 1948 in forward
  [ComfyUI]   File "C:\workspaces\TRELLIS2-0556\portable-comfyui\ComfyUI_windows_portable\ComfyUI\custom_nodes\ComfyUI-TRELLIS2\nodes\trellis2\model.py", line 1948 in forward
  [ComfyUI]   File "C:\workspaces\TRELLIS2-0556\portable-comfyui\ComfyUI_windows_portable\ComfyUI\.ce\.pixi\envs\trellis2-nodes\Lib\site-packages\torch\nn\modules\module.py", line 1790 in _call_impl
  [ComfyUI]   File "C:\workspaces\TRELLIS2-0556\portable-comfyui\ComfyUI_windows_portable\ComfyUI\.ce\.pixi\envs\trellis2-nodes\Lib\site-packages\torch\nn\modules\module.py", line 1790 in _call_impl
  [ComfyUI]   File "C:\workspaces\TRELLIS2-0556\portable-comfyui\ComfyUI_windows_portable\ComfyUI\.ce\.pixi\envs\trellis2-nodes\Lib\site-packages\torch\nn\modules\module.py", line 1779 in _wrapped_call_impl
  [ComfyUI]   File "C:\workspaces\TRELLIS2-0556\portable-comfyui\ComfyUI_windows_portable\ComfyUI\.ce\.pixi\envs\trellis2-nodes\Lib\site-packages\torch\nn\modules\module.py", line 1779 in _wrapped_call_impl
  [ComfyUI]   File "C:\workspaces\TRELLIS2-0556\portable-comfyui\ComfyUI_windows_portable\ComfyUI\custom_nodes\ComfyUI-TRELLIS2\nodes\trellis2\samplers\flow_euler.py", line 67 in _inference_model
  [ComfyUI]   File "C:\workspaces\TRELLIS2-0556\portable-comfyui\ComfyUI_windows_portable\ComfyUI\custom_nodes\ComfyUI-TRELLIS2\nodes\trellis2\samplers\flow_euler.py", line 67 in _inference_model
  [ComfyUI]   File "C:\workspaces\TRELLIS2-0556\portable-comfyui\ComfyUI_windows_portable\ComfyUI\custom_nodes\ComfyUI-TRELLIS2\nodes\trellis2\samplers\classifier_free_guidance_mixin.py", line 15 in _inference_model
  [ComfyUI]   File "C:\workspaces\TRELLIS2-0556\portable-comfyui\ComfyUI_windows_portable\ComfyUI\custom_nodes\ComfyUI-TRELLIS2\nodes\trellis2\samplers\classifier_free_guidance_mixin.py", line 15 in _inference_model
  [ComfyUI]   File "C:\workspaces\TRELLIS2-0556\portable-comfyui\ComfyUI_windows_portable\ComfyUI\custom_nodes\ComfyUI-TRELLIS2\nodes\trellis2\samplers\guidance_interval_mixin.py", line 11 in _inference_model
  [ComfyUI]   File "C:\workspaces\TRELLIS2-0556\portable-comfyui\ComfyUI_windows_portable\ComfyUI\custom_nodes\ComfyUI-TRELLIS2\nodes\trellis2\samplers\guidance_interval_mixin.py", line 11 in _inference_model
  [ComfyUI]   File "C:\workspaces\TRELLIS2-0556\portable-comfyui\ComfyUI_windows_portable\ComfyUI\custom_nodes\ComfyUI-TRELLIS2\nodes\trellis2\samplers\flow_euler.py", line 75 in _get_model_prediction
  [ComfyUI]   File "C:\workspaces\TRELLIS2-0556\portable-comfyui\ComfyUI_windows_portable\ComfyUI\custom_nodes\ComfyUI-TRELLIS2\nodes\trellis2\samplers\flow_euler.py", line 75 in _get_model_prediction
  [ComfyUI]   File "C:\workspaces\TRELLIS2-0556\portable-comfyui\ComfyUI_windows_portable\ComfyUI\custom_nodes\ComfyUI-TRELLIS2\nodes\trellis2\samplers\flow_euler.py", line 105 in sample_once
  [ComfyUI]   File "C:\workspaces\TRELLIS2-0556\portable-comfyui\ComfyUI_windows_portable\ComfyUI\custom_nodes\ComfyUI-TRELLIS2\nodes\trellis2\samplers\flow_euler.py", line 105 in sample_once
  [ComfyUI]   File "C:\workspaces\TRELLIS2-0556\portable-comfyui\ComfyUI_windows_portable\ComfyUI\.ce\.pixi\envs\trellis2-nodes\Lib\site-packages\torch\utils\_contextlib.py", line 124 in decorate_context
  [ComfyUI]   File "C:\workspaces\TRELLIS2-0556\portable-comfyui\ComfyUI_windows_portable\ComfyUI\.ce\.pixi\envs\trellis2-nodes\Lib\site-packages\torch\utils\_contextlib.py", line 124 in decorate_context
  [ComfyUI]   File "C:\workspaces\TRELLIS2-0556\portable-comfyui\ComfyUI_windows_portable\ComfyUI\custom_nodes\ComfyUI-TRELLIS2\nodes\trellis2\samplers\flow_euler.py", line 150 in sample
  [ComfyUI]   File "C:\workspaces\TRELLIS2-0556\portable-comfyui\ComfyUI_windows_portable\ComfyUI\custom_nodes\ComfyUI-TRELLIS2\nodes\trellis2\samplers\flow_euler.py", line 150 in sample
  [ComfyUI]   File "C:\workspaces\TRELLIS2-0556\portable-comfyui\ComfyUI_windows_portable\ComfyUI\.ce\.pixi\envs\trellis2-nodes\Lib\site-packages\torch\utils\_contextlib.py", line 124 in decorate_context
  [ComfyUI]   File "C:\workspaces\TRELLIS2-0556\portable-comfyui\ComfyUI_windows_portable\ComfyUI\.ce\.pixi\envs\trellis2-nodes\Lib\site-packages\torch\utils\_contextlib.py", line 124 in decorate_context
  [ComfyUI]   File "C:\workspaces\TRELLIS2-0556\portable-comfyui\ComfyUI_windows_portable\ComfyUI\custom_nodes\ComfyUI-TRELLIS2\nodes\trellis2\samplers\flow_euler.py", line 238 in sample
  [ComfyUI]   File "C:\workspaces\TRELLIS2-0556\portable-comfyui\ComfyUI_windows_portable\ComfyUI\custom_nodes\ComfyUI-TRELLIS2\nodes\trellis2\samplers\flow_euler.py", line 238 in sample
  [ComfyUI]   File "C:\workspaces\TRELLIS2-0556\portable-comfyui\ComfyUI_windows_portable\ComfyUI\.ce\.pixi\envs\trellis2-nodes\Lib\site-packages\torch\utils\_contextlib.py", line 124 in decorate_context
  [ComfyUI]   File "C:\workspaces\TRELLIS2-0556\portable-comfyui\ComfyUI_windows_portable\ComfyUI\.ce\.pixi\envs\trellis2-nodes\Lib\site-packages\torch\utils\_contextlib.py", line 124 in decorate_context
  [ComfyUI]   File "C:\workspaces\TRELLIS2-0556\portable-comfyui\ComfyUI_windows_portable\ComfyUI\custom_nodes\ComfyUI-TRELLIS2\nodes\stages.py", line 1728 in run_refine_mesh
  [ComfyUI]   File "C:\workspaces\TRELLIS2-0556\portable-comfyui\ComfyUI_windows_portable\ComfyUI\custom_nodes\ComfyUI-TRELLIS2\nodes\stages.py", line 1728 in run_refine_mesh
  [ComfyUI]   File "C:\workspaces\TRELLIS2-0556\portable-comfyui\ComfyUI_windows_portable\ComfyUI\custom_nodes\ComfyUI-TRELLIS2\nodes\nodes_inference.py", line 572 in execute
  [ComfyUI]   File "C:\workspaces\TRELLIS2-0556\portable-comfyui\ComfyUI_windows_portable\ComfyUI\custom_nodes\ComfyUI-TRELLIS2\nodes\nodes_inference.py", line 572 in execute
  [ComfyUI]   File "C:\workspaces\TRELLIS2-0556\portable-comfyui\ComfyUI_windows_portable\ComfyUI\comfy_api\latest\_io.py", line 1826 in EXECUTE_NORMALIZED
  [ComfyUI]   File "C:\workspaces\TRELLIS2-0556\portable-comfyui\ComfyUI_windows_portable\ComfyUI\comfy_api\latest\_io.py", line 1826 in EXECUTE_NORMALIZED
  [ComfyUI]   File "C:\Users\ContainerAdministrator\AppData\Local\Temp\comfyui_pvenv_3g3nrpe9\persistent_worker.py", line 1749 in main
  [ComfyUI]   File "C:\Users\ContainerAdministrator\AppData\Local\Temp\comfyui_pvenv_3g3nrpe9\persistent_worker.py", line 1749 in main
  [ComfyUI]   File "C:\Users\ContainerAdministrator\AppData\Local\Temp\comfyui_pvenv_3g3nrpe9\persistent_worker.py", line 1794 in <module>
  [ComfyUI]   File "C:\Users\ContainerAdministrator\AppData\Local\Temp\comfyui_pvenv_3g3nrpe9\persistent_worker.py", line 1794 in <module>
  [ComfyUI] 
  [ComfyUI] 
  [ComfyUI] [worker:ComfyUI-TRELLIS2] === END ===
  [ComfyUI] [worker:ComfyUI-TRELLIS2] === END ===
  [ComfyUI] 
  [ComfyUI] 
  [capture-loop] iter=1050 t=121.8s state={'complete': False, 'error': None, 'executedCount': 0, 'wsState': 1} eval_ms=3 ram=11.1/31.9GB (35%) swap=0.8/12.3GB (7%) cpu=12% browser_rss=0.48GB
  [ComfyUI] [worker:ComfyUI-TRELLIS2] [VRAM] -310MB (now 2514MB) reserved=3442MB peak=4633MB
  [ComfyUI] [worker:ComfyUI-TRELLIS2] [VRAM] -310MB (now 2514MB) reserved=3442MB peak=4633MB
  [ComfyUI] [SubprocessWorker] callback 'report_progress' from call_id=63
  [ComfyUI] [SubprocessWorker] callback 'report_progress' from call_id=63
  [ComfyUI] [worker:ComfyUI-TRELLIS2] [VRAM] +307MB (now 2821MB) reserved=3442MB peak=4633MB
  [ComfyUI] [worker:ComfyUI-TRELLIS2] [VRAM] +307MB (now 2821MB) reserved=3442MB peak=4633MB
  Frame 12 saved (frame_011.jpg, t=124.9s)
  [capture-periodic] freeze=5ms shot=105ms unfreeze=4ms saved=True
  [ComfyUI] [SubprocessWorker] callback 'report_progress' from call_id=63
  [ComfyUI] [SubprocessWorker] callback 'report_progress' from call_id=63
  [ComfyUI] [worker:ComfyUI-TRELLIS2] [VRAM] -244MB (now 2577MB) reserved=3442MB peak=4633MB
  [ComfyUI] [worker:ComfyUI-TRELLIS2] [VRAM] -244MB (now 2577MB) reserved=3442MB peak=4633MB
  [capture-loop] iter=1100 t=127.7s state={'complete': False, 'error': None, 'executedCount': 0, 'wsState': 1} eval_ms=3 ram=11.1/31.9GB (35%) swap=0.8/12.3GB (7%) cpu=4% browser_rss=0.48GB
  [ComfyUI] [worker:ComfyUI-TRELLIS2] [VRAM] +340MB (now 2918MB) reserved=3442MB peak=4633MB
  [ComfyUI] [worker:ComfyUI-TRELLIS2] [VRAM] +340MB (now 2918MB) reserved=3442MB peak=4633MB
  Frame 13 saved (frame_012.jpg, t=129.3s)
  [capture-periodic] freeze=3ms shot=99ms unfreeze=4ms saved=True
  [ComfyUI] [worker:ComfyUI-TRELLIS2] [VRAM] -268MB (now 2651MB) reserved=3442MB peak=4633MB
  [ComfyUI] [worker:ComfyUI-TRELLIS2] [VRAM] -268MB (now 2651MB) reserved=3442MB peak=4633MB
  [ComfyUI] [worker:ComfyUI-TRELLIS2] [VRAM] +269MB (now 2920MB) reserved=3442MB peak=4633MB
  [ComfyUI] [worker:ComfyUI-TRELLIS2] [VRAM] +269MB (now 2920MB) reserved=3442MB peak=4633MB
  [ComfyUI] [SubprocessWorker] callback 'report_progress' from call_id=63
  [ComfyUI] [SubprocessWorker] callback 'report_progress' from call_id=63
  [ComfyUI] [worker:ComfyUI-TRELLIS2] [VRAM] -268MB (now 2653MB) reserved=3442MB peak=4633MB
  [ComfyUI] [worker:ComfyUI-TRELLIS2] [VRAM] -268MB (now 2653MB) reserved=3442MB peak=4633MB
  [capture-loop] iter=1150 t=133.4s state={'complete': False, 'error': None, 'executedCount': 0, 'wsState': 1} eval_ms=4 ram=11.1/31.9GB (35%) swap=0.8/12.3GB (7%) cpu=5% browser_rss=0.48GB
  Frame 14 saved (frame_013.jpg, t=133.8s)
  [capture-periodic] freeze=3ms shot=92ms unfreeze=4ms saved=True
  [ComfyUI] [SubprocessWorker] callback 'report_progress' from call_id=63
  [ComfyUI] [SubprocessWorker] callback 'report_progress' from call_id=63
  Frame 15 saved (frame_014.jpg, t=136.0s)
  [capture-periodic] freeze=3ms shot=94ms unfreeze=4ms saved=True
  [ComfyUI] [worker:ComfyUI-TRELLIS2] [VRAM] +242MB (now 2895MB) reserved=3442MB peak=4633MB
  [ComfyUI] [worker:ComfyUI-TRELLIS2] [VRAM] +242MB (now 2895MB) reserved=3442MB peak=4633MB
  [ComfyUI] [worker:ComfyUI-TRELLIS2] [VRAM] -237MB (now 2659MB) reserved=3442MB peak=4633MB
  [ComfyUI] [worker:ComfyUI-TRELLIS2] [VRAM] -237MB (now 2659MB) reserved=3442MB peak=4633MB
  [capture-loop] iter=1200 t=139.3s state={'complete': False, 'error': None, 'executedCount': 0, 'wsState': 1} eval_ms=3 ram=11.1/31.9GB (35%) swap=0.8/12.3GB (7%) cpu=4% browser_rss=0.48GB
  [ComfyUI] [SubprocessWorker] callback 'report_progress' from call_id=63
  [ComfyUI] [SubprocessWorker] callback 'report_progress' from call_id=63
  [ComfyUI] [worker:ComfyUI-TRELLIS2] [VRAM] +271MB (now 2930MB) reserved=3442MB peak=4633MB
  [ComfyUI] [worker:ComfyUI-TRELLIS2] [VRAM] +271MB (now 2930MB) reserved=3442MB peak=4633MB
  Frame 16 saved (frame_015.jpg, t=140.4s)
  [capture-periodic] freeze=3ms shot=99ms unfreeze=3ms saved=True
  [ComfyUI] [worker:ComfyUI-TRELLIS2] [VRAM] -270MB (now 2661MB) reserved=3442MB peak=4633MB
  [ComfyUI] [worker:ComfyUI-TRELLIS2] [VRAM] -270MB (now 2661MB) reserved=3442MB peak=4633MB
  [ComfyUI] [worker:ComfyUI-TRELLIS2] [VRAM] +209MB (now 2870MB) reserved=3442MB peak=4633MB
  [ComfyUI] [worker:ComfyUI-TRELLIS2] [VRAM] +209MB (now 2870MB) reserved=3442MB peak=4633MB
  [ComfyUI] [worker:ComfyUI-TRELLIS2] [VRAM] -208MB (now 2663MB) reserved=3442MB peak=4633MB
  [ComfyUI] [worker:ComfyUI-TRELLIS2] [VRAM] -208MB (now 2663MB) reserved=3442MB peak=4633MB
  [ComfyUI] [SubprocessWorker] callback 'report_progress' from call_id=63
  [ComfyUI] [SubprocessWorker] callback 'report_progress' from call_id=63
  Frame 17 saved (frame_016.jpg, t=144.9s)
  [capture-periodic] freeze=3ms shot=98ms unfreeze=4ms saved=True
  [capture-loop] iter=1250 t=145.2s state={'complete': False, 'error': None, 'executedCount': 0, 'wsState': 1} eval_ms=3 ram=11.1/31.9GB (35%) swap=0.8/12.3GB (7%) cpu=5% browser_rss=0.48GB
  [ComfyUI] [worker:ComfyUI-TRELLIS2] [VRAM] +273MB (now 2936MB) reserved=3442MB peak=4633MB
  [ComfyUI] [worker:ComfyUI-TRELLIS2] [VRAM] +273MB (now 2936MB) reserved=3442MB peak=4633MB
  [ComfyUI] [SubprocessWorker] callback 'report_progress' from call_id=63
  [ComfyUI] [SubprocessWorker] callback 'report_progress' from call_id=63
  [ComfyUI] [worker:ComfyUI-TRELLIS2] [VRAM] -268MB (now 2669MB) reserved=3442MB peak=4633MB
  [ComfyUI] [worker:ComfyUI-TRELLIS2] [VRAM] -268MB (now 2669MB) reserved=3442MB peak=4633MB
  Frame 18 saved (frame_017.jpg, t=149.3s)
  [capture-periodic] freeze=3ms shot=94ms unfreeze=5ms saved=True
  [capture-loop] iter=1300 t=151.0s state={'complete': False, 'error': None, 'executedCount': 0, 'wsState': 1} eval_ms=3 ram=11.1/31.9GB (35%) swap=0.8/12.3GB (7%) cpu=4% browser_rss=0.48GB
  [ComfyUI] [worker:ComfyUI-TRELLIS2] [VRAM] +271MB (now 2940MB) reserved=3442MB peak=4633MB
  [ComfyUI] [worker:ComfyUI-TRELLIS2] [VRAM] +271MB (now 2940MB) reserved=3442MB peak=4633MB
  [ComfyUI] [SubprocessWorker] callback 'report_progress' from call_id=63
  [ComfyUI] [SubprocessWorker] callback 'report_progress' from call_id=63
  [ComfyUI] [worker:ComfyUI-TRELLIS2] [VRAM] -265MB (now 2675MB) reserved=3442MB peak=4633MB
  [ComfyUI] [worker:ComfyUI-TRELLIS2] [VRAM] -265MB (now 2675MB) reserved=3442MB peak=4633MB
  Frame 19 saved (frame_018.jpg, t=153.7s)
  [capture-periodic] freeze=3ms shot=92ms unfreeze=3ms saved=True
  [ComfyUI] [SubprocessWorker] callback 'report_progress' from call_id=63
  [ComfyUI] [SubprocessWorker] callback 'report_progress' from call_id=63
  Frame 20 saved (frame_019.jpg, t=155.9s)
  [capture-periodic] freeze=3ms shot=97ms unfreeze=3ms saved=True
  [capture-loop] iter=1350 t=156.8s state={'complete': False, 'error': None, 'executedCount': 0, 'wsState': 1} eval_ms=3 ram=11.1/31.9GB (35%) swap=0.8/12.3GB (7%) cpu=4% browser_rss=0.48GB
  [ComfyUI] [SubprocessWorker] callback 'report_progress' from call_id=63
  [ComfyUI] [SubprocessWorker] callback 'report_progress' from call_id=63
  Frame 21 saved (frame_020.jpg, t=158.2s)
  [capture-periodic] freeze=3ms shot=98ms unfreeze=4ms saved=True
  [ComfyUI] [worker:ComfyUI-TRELLIS2] [VRAM] +274MB (now 2950MB) reserved=3442MB peak=4633MB
  [ComfyUI] [worker:ComfyUI-TRELLIS2] [VRAM] +274MB (now 2950MB) reserved=3442MB peak=4633MB
  [ComfyUI] [worker:ComfyUI-TRELLIS2] [VRAM] -270MB (now 2681MB) reserved=3442MB peak=4633MB
  [ComfyUI] [worker:ComfyUI-TRELLIS2] [VRAM] -270MB (now 2681MB) reserved=3442MB peak=4633MB
  [ComfyUI] [SubprocessWorker] callback 'report_progress' from call_id=63
  [ComfyUI] [SubprocessWorker] callback 'report_progress' from call_id=63
  Frame 22 saved (frame_021.jpg, t=160.4s)
  [capture-periodic] freeze=3ms shot=105ms unfreeze=3ms saved=True
  [ComfyUI] [SubprocessWorker] callback 'report_progress' from call_id=63
  [ComfyUI] [SubprocessWorker] callback 'report_progress' from call_id=63
  [ComfyUI] [worker:ComfyUI-TRELLIS2] [VRAM] -218MB (now 2463MB) reserved=3442MB peak=4633MB
  [ComfyUI] [worker:ComfyUI-TRELLIS2] [VRAM] -218MB (now 2463MB) reserved=3442MB peak=4633MB
  [ComfyUI] [SubprocessWorker] callback 'report_progress' from call_id=63
  [ComfyUI] [SubprocessWorker] callback 'report_progress' from call_id=63
  [ComfyUI] [SubprocessWorker] callback 'request_vram_budget' from call_id=63
  [ComfyUI] [SubprocessWorker] callback 'request_vram_budget' from call_id=63
  [ComfyUI] [comfy-env] VRAM request: 0.95GB, free before eviction: 11.79GB
  [ComfyUI] [comfy-env] VRAM request: 0.95GB, free before eviction: 11.79GB
  [ComfyUI] [comfy-env] VRAM after eviction: 11.79GB
  [ComfyUI] [comfy-env] VRAM after eviction: 11.79GB
  [capture-loop] iter=1400 t=162.6s state={'complete': False, 'error': None, 'executedCount': 0, 'wsState': 1} eval_ms=4 ram=13.5/31.9GB (42%) swap=0.8/12.3GB (7%) cpu=5% browser_rss=0.48GB
  [ComfyUI] [worker:ComfyUI-TRELLIS2] [VRAM] -2233MB (now 231MB) reserved=262MB peak=4633MB
  [ComfyUI] [worker:ComfyUI-TRELLIS2] [VRAM] -2233MB (now 231MB) reserved=262MB peak=4633MB
  Frame 23 saved (frame_022.jpg, t=162.6s)
  [capture-periodic] freeze=4ms shot=106ms unfreeze=4ms saved=True
  [ComfyUI] [worker:ComfyUI-TRELLIS2] [TRELLIS2] shape_slat_decoder -> GPU: 0.4s
  [ComfyUI] [worker:ComfyUI-TRELLIS2] [TRELLIS2] shape_slat_decoder -> GPU: 0.4s
  [ComfyUI] [worker:ComfyUI-TRELLIS2] [vae] set max_voxels_per_tile=1000000 on 40 SparseConv3d modules
  [ComfyUI] [worker:ComfyUI-TRELLIS2] [vae] set max_voxels_per_tile=1000000 on 40 SparseConv3d modules
  [ComfyUI] [worker:ComfyUI-TRELLIS2] [UNET] level=0 block=0 SparseConvNeXtBlock3d N=10,576 ch=1024 alloc=953MB
  [ComfyUI] [worker:ComfyUI-TRELLIS2] [UNET] level=0 block=0 SparseConvNeXtBlock3d N=10,576 ch=1024 alloc=953MB
  [ComfyUI] [worker:ComfyUI-TRELLIS2] [sparse-conv] N=10,576 Ci=1024 Co=1024 feats=20MB cache=2MB (miss) w_dev=cuda:0 alloc=955MB
  [ComfyUI] [worker:ComfyUI-TRELLIS2] [sparse-conv] N=10,576 Ci=1024 Co=1024 feats=20MB cache=2MB (miss) w_dev=cuda:0 alloc=955MB
  [ComfyUI] [worker:ComfyUI-TRELLIS2] [sparse-conv] out=20MB alloc=976MB
  [ComfyUI] [worker:ComfyUI-TRELLIS2] [sparse-conv] out=20MB alloc=976MB
  [ComfyUI] [SubprocessWorker] callback 'report_progress' from call_id=63
  [ComfyUI] [SubprocessWorker] callback 'report_progress' from call_id=63
  [ComfyUI] [worker:ComfyUI-TRELLIS2] [UNET] level=0 block=1 SparseConvNeXtBlock3d N=10,576 ch=1024 alloc=955MB
  [ComfyUI] [worker:ComfyUI-TRELLIS2] [UNET] level=0 block=1 SparseConvNeXtBlock3d N=10,576 ch=1024 alloc=955MB
  [ComfyUI] [worker:ComfyUI-TRELLIS2] [sparse-conv] N=10,576 Ci=1024 Co=1024 feats=20MB cache=2MB (miss) w_dev=cuda:0 alloc=958MB
  [ComfyUI] [worker:ComfyUI-TRELLIS2] [sparse-conv] N=10,576 Ci=1024 Co=1024 feats=20MB cache=2MB (miss) w_dev=cuda:0 alloc=958MB
  [ComfyUI] [worker:ComfyUI-TRELLIS2] [sparse-conv] out=20MB alloc=979MB
  [ComfyUI] [worker:ComfyUI-TRELLIS2] [sparse-conv] out=20MB alloc=979MB
  [ComfyUI] [worker:ComfyUI-TRELLIS2] [UNET] level=0 block=2 SparseConvNeXtBlock3d N=10,576 ch=1024 alloc=955MB
  [ComfyUI] [worker:ComfyUI-TRELLIS2] [UNET] level=0 block=2 SparseConvNeXtBlock3d N=10,576 ch=1024 alloc=955MB
  [ComfyUI] [worker:ComfyUI-TRELLIS2] [sparse-conv] N=10,576 Ci=1024 Co=1024 feats=20MB cache=2MB (miss) w_dev=cuda:0 alloc=958MB
  [ComfyUI] [worker:ComfyUI-TRELLIS2] [sparse-conv] N=10,576 Ci=1024 Co=1024 feats=20MB cache=2MB (miss) w_dev=cuda:0 alloc=958MB
  [ComfyUI] [worker:ComfyUI-TRELLIS2] [sparse-conv] out=20MB alloc=979MB
  [ComfyUI] [worker:ComfyUI-TRELLIS2] [sparse-conv] out=20MB alloc=979MB
  [ComfyUI] [worker:ComfyUI-TRELLIS2] [UNET] level=0 block=3 SparseConvNeXtBlock3d N=10,576 ch=1024 alloc=955MB
  [ComfyUI] [worker:ComfyUI-TRELLIS2] [UNET] level=0 block=3 SparseConvNeXtBlock3d N=10,576 ch=1024 alloc=955MB
  [ComfyUI] [worker:ComfyUI-TRELLIS2] [sparse-conv] N=10,576 Ci=1024 Co=1024 feats=20MB cache=2MB (miss) w_dev=cuda:0 alloc=958MB
  [ComfyUI] [worker:ComfyUI-TRELLIS2] [sparse-conv] N=10,576 Ci=1024 Co=1024 feats=20MB cache=2MB (miss) w_dev=cuda:0 alloc=958MB
  [ComfyUI] [worker:ComfyUI-TRELLIS2] [sparse-conv] out=20MB alloc=979MB
  [ComfyUI] [worker:ComfyUI-TRELLIS2] [sparse-conv] out=20MB alloc=979MB
  [ComfyUI] [SubprocessWorker] callback 'report_progress' from call_id=63
  [ComfyUI] [SubprocessWorker] callback 'report_progress' from call_id=63
  [ComfyUI] [worker:ComfyUI-TRELLIS2] [UNET] level=0 block=4 SparseResBlockC2S3d N=10,576 ch=1024 alloc=955MB
  [ComfyUI] [worker:ComfyUI-TRELLIS2] [UNET] level=0 block=4 SparseResBlockC2S3d N=10,576 ch=1024 alloc=955MB
  [ComfyUI] [worker:ComfyUI-TRELLIS2] [C2S3d] after subdiv: alloc=956MB
  [ComfyUI] [worker:ComfyUI-TRELLIS2] [C2S3d] after subdiv: alloc=956MB
  [ComfyUI] [worker:ComfyUI-TRELLIS2] [C2S3d] after norm1: alloc=976MB
  [ComfyUI] [worker:ComfyUI-TRELLIS2] [C2S3d] after norm1: alloc=976MB
  [ComfyUI] [worker:ComfyUI-TRELLIS2] [C2S3d] pre-conv1: N=10,576 Ci=1024 Co=4096 alloc=976MB
  [ComfyUI] [worker:ComfyUI-TRELLIS2] [C2S3d] pre-conv1: N=10,576 Ci=1024 Co=4096 alloc=976MB
  [ComfyUI] [worker:ComfyUI-TRELLIS2] [C2S3d] x.feats offloaded before conv1: alloc=976MB
  [ComfyUI] [worker:ComfyUI-TRELLIS2] [C2S3d] x.feats offloaded before conv1: alloc=976MB
  [ComfyUI] [worker:ComfyUI-TRELLIS2] [sparse-conv] N=10,576 Ci=1024 Co=4096 feats=20MB cache=2MB (miss) w_dev=cuda:0 alloc=979MB
  [ComfyUI] [worker:ComfyUI-TRELLIS2] [sparse-conv] N=10,576 Ci=1024 Co=4096 feats=20MB cache=2MB (miss) w_dev=cuda:0 alloc=979MB
  [ComfyUI] [worker:ComfyUI-TRELLIS2] [sparse-conv] out=82MB alloc=1062MB
  [ComfyUI] [worker:ComfyUI-TRELLIS2] [sparse-conv] out=82MB alloc=1062MB
  [ComfyUI] [worker:ComfyUI-TRELLIS2] [C2S3d] post-conv1: h=torch.Size([10576, 4096]) alloc=1041MB
  [ComfyUI] [worker:ComfyUI-TRELLIS2] [C2S3d] post-conv1: h=torch.Size([10576, 4096]) alloc=1041MB
  [ComfyUI] [worker:ComfyUI-TRELLIS2] [C2S3d] x.feats restored from CPU: alloc=1062MB
  [ComfyUI] [worker:ComfyUI-TRELLIS2] [C2S3d] x.feats restored from CPU: alloc=1062MB
  [ComfyUI] [worker:ComfyUI-TRELLIS2] [C2S3d] pre-C2S(h): alloc=1062MB
  [ComfyUI] [worker:ComfyUI-TRELLIS2] [C2S3d] pre-C2S(h): alloc=1062MB
  [ComfyUI] [worker:ComfyUI-TRELLIS2] [C2S] scatter: 10,576�4096 -> 43,645�512 in=82MB out=42MB alloc=1063MB
  [ComfyUI] [worker:ComfyUI-TRELLIS2] [C2S] scatter: 10,576�4096 -> 43,645�512 in=82MB out=42MB alloc=1063MB
  [ComfyUI] [worker:ComfyUI-TRELLIS2] [C2S] scatter done: alloc=1106MB
  [ComfyUI] [worker:ComfyUI-TRELLIS2] [C2S] scatter done: alloc=1106MB
  [ComfyUI] [worker:ComfyUI-TRELLIS2] [C2S3d] post-C2S(h): h=torch.Size([43645, 512]) alloc=1022MB
  [ComfyUI] [worker:ComfyUI-TRELLIS2] [C2S3d] post-C2S(h): h=torch.Size([43645, 512]) alloc=1022MB
  [ComfyUI] [worker:ComfyUI-TRELLIS2] [C2S] scatter: 10,576�1024 -> 43,645�128 in=20MB out=10MB alloc=1024MB
  [ComfyUI] [worker:ComfyUI-TRELLIS2] [C2S] scatter: 10,576�1024 -> 43,645�128 in=20MB out=10MB alloc=1024MB
  [ComfyUI] [worker:ComfyUI-TRELLIS2] [C2S] scatter done: alloc=1035MB
  [ComfyUI] [worker:ComfyUI-TRELLIS2] [C2S] scatter done: alloc=1035MB
  [ComfyUI] [worker:ComfyUI-TRELLIS2] [C2S3d] post-C2S(x): x=torch.Size([43645, 128]) alloc=1013MB
  [ComfyUI] [worker:ComfyUI-TRELLIS2] [C2S3d] post-C2S(x): x=torch.Size([43645, 128]) alloc=1013MB
  [ComfyUI] [worker:ComfyUI-TRELLIS2] [C2S3d] post-C2S: N=43,645 h=512ch x=128ch alloc=1013MB
  [ComfyUI] [worker:ComfyUI-TRELLIS2] [C2S3d] post-C2S: N=43,645 h=512ch x=128ch alloc=1013MB
  [ComfyUI] [worker:ComfyUI-TRELLIS2] [C2S3d] x offloaded to CPU, pre-conv2: alloc=1002MB
  [ComfyUI] [worker:ComfyUI-TRELLIS2] [C2S3d] x offloaded to CPU, pre-conv2: alloc=1002MB
  [ComfyUI] [worker:ComfyUI-TRELLIS2] [C2S3d] after norm2: alloc=1002MB
  [ComfyUI] [worker:ComfyUI-TRELLIS2] [C2S3d] after norm2: alloc=1002MB
  [ComfyUI] [worker:ComfyUI-TRELLIS2] [C2S3d] after silu: alloc=1002MB
  [ComfyUI] [worker:ComfyUI-TRELLIS2] [C2S3d] after silu: alloc=1002MB
  [ComfyUI] [worker:ComfyUI-TRELLIS2] [sparse-conv] N=43,645 Ci=512 Co=512 feats=42MB cache=9MB (miss) w_dev=cuda:0 alloc=1011MB
  [ComfyUI] [worker:ComfyUI-TRELLIS2] [sparse-conv] N=43,645 Ci=512 Co=512 feats=42MB cache=9MB (miss) w_dev=cuda:0 alloc=1011MB
  [ComfyUI] [worker:ComfyUI-TRELLIS2] [sparse-conv] out=42MB alloc=1054MB
  [ComfyUI] [worker:ComfyUI-TRELLIS2] [sparse-conv] out=42MB alloc=1054MB
  [ComfyUI] [worker:ComfyUI-TRELLIS2] [C2S3d] post-conv2: alloc=1011MB
  [ComfyUI] [worker:ComfyUI-TRELLIS2] [C2S3d] post-conv2: alloc=1011MB
  [ComfyUI] [worker:ComfyUI-TRELLIS2] [C2S3d] post-conv2 (cache cleared): alloc=1002MB
  [ComfyUI] [worker:ComfyUI-TRELLIS2] [C2S3d] post-conv2 (cache cleared): alloc=1002MB
  [ComfyUI] [worker:ComfyUI-TRELLIS2] [C2S3d] after skip expand: alloc=1044MB
  [ComfyUI] [worker:ComfyUI-TRELLIS2] [C2S3d] after skip expand: alloc=1044MB
  [ComfyUI] [worker:ComfyUI-TRELLIS2] [C2S3d] post-skip: alloc=1002MB
  [ComfyUI] [worker:ComfyUI-TRELLIS2] [C2S3d] post-skip: alloc=1002MB
  [ComfyUI] [SubprocessWorker] callback 'report_progress' from call_id=63
  [ComfyUI] [SubprocessWorker] callback 'report_progress' from call_id=63
  [ComfyUI] [worker:ComfyUI-TRELLIS2] [UNET] level=1 block=0 SparseConvNeXtBlock3d N=43,645 ch=512 alloc=981MB
  [ComfyUI] [worker:ComfyUI-TRELLIS2] [UNET] level=1 block=0 SparseConvNeXtBlock3d N=43,645 ch=512 alloc=981MB
  [ComfyUI] [worker:ComfyUI-TRELLIS2] [sparse-conv] N=43,645 Ci=512 Co=512 feats=42MB cache=9MB (miss) w_dev=cuda:0 alloc=991MB
  [ComfyUI] [worker:ComfyUI-TRELLIS2] [sparse-conv] N=43,645 Ci=512 Co=512 feats=42MB cache=9MB (miss) w_dev=cuda:0 alloc=991MB
  [ComfyUI] [worker:ComfyUI-TRELLIS2] [sparse-conv] out=42MB alloc=1033MB
  [ComfyUI] [worker:ComfyUI-TRELLIS2] [sparse-conv] out=42MB alloc=1033MB
  [ComfyUI] [worker:ComfyUI-TRELLIS2] [UNET] level=1 block=1 SparseConvNeXtBlock3d N=43,645 ch=512 alloc=981MB
  [ComfyUI] [worker:ComfyUI-TRELLIS2] [UNET] level=1 block=1 SparseConvNeXtBlock3d N=43,645 ch=512 alloc=981MB
  [ComfyUI] [worker:ComfyUI-TRELLIS2] [sparse-conv] N=43,645 Ci=512 Co=512 feats=42MB cache=9MB (miss) w_dev=cuda:0 alloc=991MB
  [ComfyUI] [worker:ComfyUI-TRELLIS2] [sparse-conv] N=43,645 Ci=512 Co=512 feats=42MB cache=9MB (miss) w_dev=cuda:0 alloc=991MB
  [ComfyUI] [worker:ComfyUI-TRELLIS2] [sparse-conv] out=42MB alloc=1033MB
  [ComfyUI] [worker:ComfyUI-TRELLIS2] [sparse-conv] out=42MB alloc=1033MB
  [ComfyUI] [worker:ComfyUI-TRELLIS2] [UNET] level=1 block=2 SparseConvNeXtBlock3d N=43,645 ch=512 alloc=981MB
  [ComfyUI] [worker:ComfyUI-TRELLIS2] [UNET] level=1 block=2 SparseConvNeXtBlock3d N=43,645 ch=512 alloc=981MB
  [ComfyUI] [worker:ComfyUI-TRELLIS2] [sparse-conv] N=43,645 Ci=512 Co=512 feats=42MB cache=9MB (miss) w_dev=cuda:0 alloc=991MB
  [ComfyUI] [worker:ComfyUI-TRELLIS2] [sparse-conv] N=43,645 Ci=512 Co=512 feats=42MB cache=9MB (miss) w_dev=cuda:0 alloc=991MB
  [ComfyUI] [worker:ComfyUI-TRELLIS2] [sparse-conv] out=42MB alloc=1033MB
  [ComfyUI] [worker:ComfyUI-TRELLIS2] [sparse-conv] out=42MB alloc=1033MB
  [ComfyUI] [worker:ComfyUI-TRELLIS2] [UNET] level=1 block=3 SparseConvNeXtBlock3d N=43,645 ch=512 alloc=981MB
  [ComfyUI] [worker:ComfyUI-TRELLIS2] [UNET] level=1 block=3 SparseConvNeXtBlock3d N=43,645 ch=512 alloc=981MB
  [ComfyUI] [worker:ComfyUI-TRELLIS2] [sparse-conv] N=43,645 Ci=512 Co=512 feats=42MB cache=9MB (miss) w_dev=cuda:0 alloc=991MB
  [ComfyUI] [worker:ComfyUI-TRELLIS2] [sparse-conv] N=43,645 Ci=512 Co=512 feats=42MB cache=9MB (miss) w_dev=cuda:0 alloc=991MB
  [ComfyUI] [worker:ComfyUI-TRELLIS2] [sparse-conv] out=42MB alloc=1033MB
  [ComfyUI] [worker:ComfyUI-TRELLIS2] [sparse-conv] out=42MB alloc=1033MB
  [ComfyUI] [SubprocessWorker] callback 'report_progress' from call_id=63
  [ComfyUI] [SubprocessWorker] callback 'report_progress' from call_id=63
  [ComfyUI] [worker:ComfyUI-TRELLIS2] [UNET] level=1 block=4 SparseConvNeXtBlock3d N=43,645 ch=512 alloc=981MB
  [ComfyUI] [worker:ComfyUI-TRELLIS2] [UNET] level=1 block=4 SparseConvNeXtBlock3d N=43,645 ch=512 alloc=981MB
  [ComfyUI] [worker:ComfyUI-TRELLIS2] [sparse-conv] N=43,645 Ci=512 Co=512 feats=42MB cache=9MB (miss) w_dev=cuda:0 alloc=991MB
  [ComfyUI] [worker:ComfyUI-TRELLIS2] [sparse-conv] N=43,645 Ci=512 Co=512 feats=42MB cache=9MB (miss) w_dev=cuda:0 alloc=991MB
  [ComfyUI] [worker:ComfyUI-TRELLIS2] [sparse-conv] out=42MB alloc=1033MB
  [ComfyUI] [worker:ComfyUI-TRELLIS2] [sparse-conv] out=42MB alloc=1033MB
  [ComfyUI] [worker:ComfyUI-TRELLIS2] [UNET] level=1 block=5 SparseConvNeXtBlock3d N=43,645 ch=512 alloc=981MB
  [ComfyUI] [worker:ComfyUI-TRELLIS2] [UNET] level=1 block=5 SparseConvNeXtBlock3d N=43,645 ch=512 alloc=981MB
  [ComfyUI] [worker:ComfyUI-TRELLIS2] [sparse-conv] N=43,645 Ci=512 Co=512 feats=42MB cache=9MB (miss) w_dev=cuda:0 alloc=991MB
  [ComfyUI] [worker:ComfyUI-TRELLIS2] [sparse-conv] N=43,645 Ci=512 Co=512 feats=42MB cache=9MB (miss) w_dev=cuda:0 alloc=991MB
  [ComfyUI] [worker:ComfyUI-TRELLIS2] [sparse-conv] out=42MB alloc=1033MB
  [ComfyUI] [worker:ComfyUI-TRELLIS2] [sparse-conv] out=42MB alloc=1033MB
  [ComfyUI] [worker:ComfyUI-TRELLIS2] [UNET] level=1 block=6 SparseConvNeXtBlock3d N=43,645 ch=512 alloc=981MB
  [ComfyUI] [worker:ComfyUI-TRELLIS2] [UNET] level=1 block=6 SparseConvNeXtBlock3d N=43,645 ch=512 alloc=981MB
  [ComfyUI] [worker:ComfyUI-TRELLIS2] [sparse-conv] N=43,645 Ci=512 Co=512 feats=42MB cache=9MB (miss) w_dev=cuda:0 alloc=991MB
  [ComfyUI] [worker:ComfyUI-TRELLIS2] [sparse-conv] N=43,645 Ci=512 Co=512 feats=42MB cache=9MB (miss) w_dev=cuda:0 alloc=991MB
  [ComfyUI] [worker:ComfyUI-TRELLIS2] [sparse-conv] out=42MB alloc=1033MB
  [ComfyUI] [worker:ComfyUI-TRELLIS2] [sparse-conv] out=42MB alloc=1033MB
  [ComfyUI] [SubprocessWorker] callback 'report_progress' from call_id=63
  [ComfyUI] [SubprocessWorker] callback 'report_progress' from call_id=63
  [ComfyUI] [worker:ComfyUI-TRELLIS2] [UNET] level=1 block=7 SparseConvNeXtBlock3d N=43,645 ch=512 alloc=981MB
  [ComfyUI] [worker:ComfyUI-TRELLIS2] [UNET] level=1 block=7 SparseConvNeXtBlock3d N=43,645 ch=512 alloc=981MB
  [ComfyUI] [worker:ComfyUI-TRELLIS2] [sparse-conv] N=43,645 Ci=512 Co=512 feats=42MB cache=9MB (miss) w_dev=cuda:0 alloc=991MB
  [ComfyUI] [worker:ComfyUI-TRELLIS2] [sparse-conv] N=43,645 Ci=512 Co=512 feats=42MB cache=9MB (miss) w_dev=cuda:0 alloc=991MB
  [ComfyUI] [worker:ComfyUI-TRELLIS2] [sparse-conv] out=42MB alloc=1033MB
  [ComfyUI] [worker:ComfyUI-TRELLIS2] [sparse-conv] out=42MB alloc=1033MB
  [ComfyUI] [worker:ComfyUI-TRELLIS2] [UNET] level=1 block=8 SparseConvNeXtBlock3d N=43,645 ch=512 alloc=981MB
  [ComfyUI] [worker:ComfyUI-TRELLIS2] [UNET] level=1 block=8 SparseConvNeXtBlock3d N=43,645 ch=512 alloc=981MB
  [ComfyUI] [worker:ComfyUI-TRELLIS2] [sparse-conv] N=43,645 Ci=512 Co=512 feats=42MB cache=9MB (miss) w_dev=cuda:0 alloc=991MB
  [ComfyUI] [worker:ComfyUI-TRELLIS2] [sparse-conv] N=43,645 Ci=512 Co=512 feats=42MB cache=9MB (miss) w_dev=cuda:0 alloc=991MB
  [ComfyUI] [worker:ComfyUI-TRELLIS2] [sparse-conv] out=42MB alloc=1033MB
  [ComfyUI] [worker:ComfyUI-TRELLIS2] [sparse-conv] out=42MB alloc=1033MB
  [ComfyUI] [worker:ComfyUI-TRELLIS2] [UNET] level=1 block=9 SparseConvNeXtBlock3d N=43,645 ch=512 alloc=981MB
  [ComfyUI] [worker:ComfyUI-TRELLIS2] [UNET] level=1 block=9 SparseConvNeXtBlock3d N=43,645 ch=512 alloc=981MB
  [ComfyUI] [worker:ComfyUI-TRELLIS2] [VRAM] +749MB (now 981MB) reserved=1190MB peak=4633MB
  [ComfyUI] [worker:ComfyUI-TRELLIS2] [VRAM] +749MB (now 981MB) reserved=1190MB peak=4633MB
  [ComfyUI] [worker:ComfyUI-TRELLIS2] [sparse-conv] N=43,645 Ci=512 Co=512 feats=42MB cache=9MB (miss) w_dev=cuda:0 alloc=991MB
  [ComfyUI] [worker:ComfyUI-TRELLIS2] [sparse-conv] N=43,645 Ci=512 Co=512 feats=42MB cache=9MB (miss) w_dev=cuda:0 alloc=991MB
  [ComfyUI] [worker:ComfyUI-TRELLIS2] [sparse-conv] out=42MB alloc=1033MB
  [ComfyUI] [worker:ComfyUI-TRELLIS2] [sparse-conv] out=42MB alloc=1033MB
  [ComfyUI] [SubprocessWorker] callback 'report_progress' from call_id=63
  [ComfyUI] [SubprocessWorker] callback 'report_progress' from call_id=63
  [ComfyUI] [worker:ComfyUI-TRELLIS2] [UNET] level=1 block=10 SparseConvNeXtBlock3d N=43,645 ch=512 alloc=981MB
  [ComfyUI] [worker:ComfyUI-TRELLIS2] [UNET] level=1 block=10 SparseConvNeXtBlock3d N=43,645 ch=512 alloc=981MB
  [ComfyUI] [worker:ComfyUI-TRELLIS2] [sparse-conv] N=43,645 Ci=512 Co=512 feats=42MB cache=9MB (miss) w_dev=cuda:0 alloc=991MB
  [ComfyUI] [worker:ComfyUI-TRELLIS2] [sparse-conv] N=43,645 Ci=512 Co=512 feats=42MB cache=9MB (miss) w_dev=cuda:0 alloc=991MB
  [ComfyUI] [worker:ComfyUI-TRELLIS2] [sparse-conv] out=42MB alloc=1033MB
  [ComfyUI] [worker:ComfyUI-TRELLIS2] [sparse-conv] out=42MB alloc=1033MB
  [ComfyUI] [worker:ComfyUI-TRELLIS2] [UNET] level=1 block=11 SparseConvNeXtBlock3d N=43,645 ch=512 alloc=981MB
  [ComfyUI] [worker:ComfyUI-TRELLIS2] [UNET] level=1 block=11 SparseConvNeXtBlock3d N=43,645 ch=512 alloc=981MB
  [ComfyUI] [worker:ComfyUI-TRELLIS2] [sparse-conv] N=43,645 Ci=512 Co=512 feats=42MB cache=9MB (miss) w_dev=cuda:0 alloc=991MB
  [ComfyUI] [worker:ComfyUI-TRELLIS2] [sparse-conv] N=43,645 Ci=512 Co=512 feats=42MB cache=9MB (miss) w_dev=cuda:0 alloc=991MB
  [ComfyUI] [worker:ComfyUI-TRELLIS2] [sparse-conv] out=42MB alloc=1033MB
  [ComfyUI] [worker:ComfyUI-TRELLIS2] [sparse-conv] out=42MB alloc=1033MB
  [ComfyUI] [worker:ComfyUI-TRELLIS2] [UNET] level=1 block=12 SparseConvNeXtBlock3d N=43,645 ch=512 alloc=981MB
  [ComfyUI] [worker:ComfyUI-TRELLIS2] [UNET] level=1 block=12 SparseConvNeXtBlock3d N=43,645 ch=512 alloc=981MB
  [ComfyUI] [worker:ComfyUI-TRELLIS2] [sparse-conv] N=43,645 Ci=512 Co=512 feats=42MB cache=9MB (miss) w_dev=cuda:0 alloc=991MB
  [ComfyUI] [worker:ComfyUI-TRELLIS2] [sparse-conv] N=43,645 Ci=512 Co=512 feats=42MB cache=9MB (miss) w_dev=cuda:0 alloc=991MB
  [ComfyUI] [worker:ComfyUI-TRELLIS2] [sparse-conv] out=42MB alloc=1033MB
  [ComfyUI] [worker:ComfyUI-TRELLIS2] [sparse-conv] out=42MB alloc=1033MB
  [ComfyUI] [SubprocessWorker] callback 'report_progress' from call_id=63
  [ComfyUI] [SubprocessWorker] callback 'report_progress' from call_id=63
  [ComfyUI] [worker:ComfyUI-TRELLIS2] [UNET] level=1 block=13 SparseConvNeXtBlock3d N=43,645 ch=512 alloc=981MB
  [ComfyUI] [worker:ComfyUI-TRELLIS2] [UNET] level=1 block=13 SparseConvNeXtBlock3d N=43,645 ch=512 alloc=981MB
  [ComfyUI] [worker:ComfyUI-TRELLIS2] [sparse-conv] N=43,645 Ci=512 Co=512 feats=42MB cache=9MB (miss) w_dev=cuda:0 alloc=991MB
  [ComfyUI] [worker:ComfyUI-TRELLIS2] [sparse-conv] N=43,645 Ci=512 Co=512 feats=42MB cache=9MB (miss) w_dev=cuda:0 alloc=991MB
  [ComfyUI] [worker:ComfyUI-TRELLIS2] [sparse-conv] out=42MB alloc=1033MB
  [ComfyUI] [worker:ComfyUI-TRELLIS2] [sparse-conv] out=42MB alloc=1033MB
  [ComfyUI] [worker:ComfyUI-TRELLIS2] [UNET] level=1 block=14 SparseConvNeXtBlock3d N=43,645 ch=512 alloc=981MB
  [ComfyUI] [worker:ComfyUI-TRELLIS2] [UNET] level=1 block=14 SparseConvNeXtBlock3d N=43,645 ch=512 alloc=981MB
  [ComfyUI] [worker:ComfyUI-TRELLIS2] [sparse-conv] N=43,645 Ci=512 Co=512 feats=42MB cache=9MB (miss) w_dev=cuda:0 alloc=991MB
  [ComfyUI] [worker:ComfyUI-TRELLIS2] [sparse-conv] N=43,645 Ci=512 Co=512 feats=42MB cache=9MB (miss) w_dev=cuda:0 alloc=991MB
  [ComfyUI] [worker:ComfyUI-TRELLIS2] [sparse-conv] out=42MB alloc=1033MB
  [ComfyUI] [worker:ComfyUI-TRELLIS2] [sparse-conv] out=42MB alloc=1033MB
  [ComfyUI] [worker:ComfyUI-TRELLIS2] [UNET] level=1 block=15 SparseConvNeXtBlock3d N=43,645 ch=512 alloc=981MB
  [ComfyUI] [worker:ComfyUI-TRELLIS2] [UNET] level=1 block=15 SparseConvNeXtBlock3d N=43,645 ch=512 alloc=981MB
  [ComfyUI] [worker:ComfyUI-TRELLIS2] [sparse-conv] N=43,645 Ci=512 Co=512 feats=42MB cache=9MB (miss) w_dev=cuda:0 alloc=991MB
  [ComfyUI] [worker:ComfyUI-TRELLIS2] [sparse-conv] N=43,645 Ci=512 Co=512 feats=42MB cache=9MB (miss) w_dev=cuda:0 alloc=991MB
  [ComfyUI] [worker:ComfyUI-TRELLIS2] [sparse-conv] out=42MB alloc=1033MB
  [ComfyUI] [worker:ComfyUI-TRELLIS2] [sparse-conv] out=42MB alloc=1033MB
  [ComfyUI] [SubprocessWorker] callback 'report_progress' from call_id=63
  [ComfyUI] [SubprocessWorker] callback 'report_progress' from call_id=63
  [ComfyUI] [worker:ComfyUI-TRELLIS2] [UNET] level=1 block=16 SparseResBlockC2S3d N=43,645 ch=512 alloc=981MB
  [ComfyUI] [worker:ComfyUI-TRELLIS2] [UNET] level=1 block=16 SparseResBlockC2S3d N=43,645 ch=512 alloc=981MB
  [ComfyUI] [worker:ComfyUI-TRELLIS2] [C2S3d] after subdiv: alloc=982MB
  [ComfyUI] [worker:ComfyUI-TRELLIS2] [C2S3d] after subdiv: alloc=982MB
  [ComfyUI] [worker:ComfyUI-TRELLIS2] [C2S3d] after norm1: alloc=1024MB
  [ComfyUI] [worker:ComfyUI-TRELLIS2] [C2S3d] after norm1: alloc=1024MB
  [ComfyUI] [worker:ComfyUI-TRELLIS2] [C2S3d] pre-conv1: N=43,645 Ci=512 Co=2048 alloc=1024MB
  [ComfyUI] [worker:ComfyUI-TRELLIS2] [C2S3d] pre-conv1: N=43,645 Ci=512 Co=2048 alloc=1024MB
  [ComfyUI] [worker:ComfyUI-TRELLIS2] [C2S3d] x.feats offloaded before conv1: alloc=1024MB
  [ComfyUI] [worker:ComfyUI-TRELLIS2] [C2S3d] x.feats offloaded before conv1: alloc=1024MB
  [ComfyUI] [worker:ComfyUI-TRELLIS2] [sparse-conv] N=43,645 Ci=512 Co=2048 feats=42MB cache=9MB (miss) w_dev=cuda:0 alloc=1034MB
  [ComfyUI] [worker:ComfyUI-TRELLIS2] [sparse-conv] N=43,645 Ci=512 Co=2048 feats=42MB cache=9MB (miss) w_dev=cuda:0 alloc=1034MB
  [ComfyUI] [worker:ComfyUI-TRELLIS2] [sparse-conv] out=170MB alloc=1205MB
  [ComfyUI] [worker:ComfyUI-TRELLIS2] [sparse-conv] out=170MB alloc=1205MB
  [ComfyUI] [worker:ComfyUI-TRELLIS2] [C2S3d] post-conv1: h=torch.Size([43645, 2048]) alloc=1162MB
  [ComfyUI] [worker:ComfyUI-TRELLIS2] [C2S3d] post-conv1: h=torch.Size([43645, 2048]) alloc=1162MB
  [ComfyUI] [worker:ComfyUI-TRELLIS2] [C2S3d] x.feats restored from CPU: alloc=1205MB
  [ComfyUI] [worker:ComfyUI-TRELLIS2] [C2S3d] x.feats restored from CPU: alloc=1205MB
  [ComfyUI] [worker:ComfyUI-TRELLIS2] [C2S3d] pre-C2S(h): alloc=1205MB
  [ComfyUI] [worker:ComfyUI-TRELLIS2] [C2S3d] pre-C2S(h): alloc=1205MB
  [ComfyUI] [worker:ComfyUI-TRELLIS2] [C2S] scatter: 43,645�2048 -> 177,047�256 in=170MB out=86MB alloc=1212MB
  [ComfyUI] [worker:ComfyUI-TRELLIS2] [C2S] scatter: 43,645�2048 -> 177,047�256 in=170MB out=86MB alloc=1212MB
  [ComfyUI] [worker:ComfyUI-TRELLIS2] [C2S] scatter done: alloc=1299MB
  [ComfyUI] [worker:ComfyUI-TRELLIS2] [C2S] scatter done: alloc=1299MB
  [ComfyUI] [worker:ComfyUI-TRELLIS2] [C2S3d] post-C2S(h): h=torch.Size([177047, 256]) alloc=1124MB
  [ComfyUI] [worker:ComfyUI-TRELLIS2] [C2S3d] post-C2S(h): h=torch.Size([177047, 256]) alloc=1124MB
  [ComfyUI] [worker:ComfyUI-TRELLIS2] [C2S] scatter: 43,645�512 -> 177,047�64 in=42MB out=21MB alloc=1131MB
  [ComfyUI] [worker:ComfyUI-TRELLIS2] [C2S] scatter: 43,645�512 -> 177,047�64 in=42MB out=21MB alloc=1131MB
  [ComfyUI] [worker:ComfyUI-TRELLIS2] [C2S] scatter done: alloc=1152MB
  [ComfyUI] [worker:ComfyUI-TRELLIS2] [C2S] scatter done: alloc=1152MB
  [ComfyUI] [worker:ComfyUI-TRELLIS2] [C2S3d] post-C2S(x): x=torch.Size([177047, 64]) alloc=1105MB
  [ComfyUI] [worker:ComfyUI-TRELLIS2] [C2S3d] post-C2S(x): x=torch.Size([177047, 64]) alloc=1105MB
  [ComfyUI] [worker:ComfyUI-TRELLIS2] [C2S3d] post-C2S: N=177,047 h=256ch x=64ch alloc=1105MB
  [ComfyUI] [worker:ComfyUI-TRELLIS2] [C2S3d] post-C2S: N=177,047 h=256ch x=64ch alloc=1105MB
  [ComfyUI] [worker:ComfyUI-TRELLIS2] [C2S3d] x offloaded to CPU, pre-conv2: alloc=1081MB
  [ComfyUI] [worker:ComfyUI-TRELLIS2] [C2S3d] x offloaded to CPU, pre-conv2: alloc=1081MB
  [ComfyUI] [worker:ComfyUI-TRELLIS2] [C2S3d] after norm2: alloc=1081MB
  [ComfyUI] [worker:ComfyUI-TRELLIS2] [C2S3d] after norm2: alloc=1081MB
  [ComfyUI] [worker:ComfyUI-TRELLIS2] [C2S3d] after silu: alloc=1081MB
  [ComfyUI] [worker:ComfyUI-TRELLIS2] [C2S3d] after silu: alloc=1081MB
  [ComfyUI] [worker:ComfyUI-TRELLIS2] [sparse-conv] N=177,047 Ci=256 Co=256 feats=86MB cache=40MB (miss) w_dev=cuda:0 alloc=1122MB
  [ComfyUI] [worker:ComfyUI-TRELLIS2] [sparse-conv] N=177,047 Ci=256 Co=256 feats=86MB cache=40MB (miss) w_dev=cuda:0 alloc=1122MB
  [ComfyUI] [worker:ComfyUI-TRELLIS2] [sparse-conv] out=86MB alloc=1209MB
  [ComfyUI] [worker:ComfyUI-TRELLIS2] [sparse-conv] out=86MB alloc=1209MB
  [ComfyUI] [worker:ComfyUI-TRELLIS2] [C2S3d] post-conv2: alloc=1122MB
  [ComfyUI] [worker:ComfyUI-TRELLIS2] [C2S3d] post-conv2: alloc=1122MB
  [ComfyUI] [worker:ComfyUI-TRELLIS2] [C2S3d] post-conv2 (cache cleared): alloc=1081MB
  [ComfyUI] [worker:ComfyUI-TRELLIS2] [C2S3d] post-conv2 (cache cleared): alloc=1081MB
  [ComfyUI] [worker:ComfyUI-TRELLIS2] [C2S3d] after skip expand: alloc=1167MB
  [ComfyUI] [worker:ComfyUI-TRELLIS2] [C2S3d] after skip expand: alloc=1167MB
  [ComfyUI] [worker:ComfyUI-TRELLIS2] [C2S3d] post-skip: alloc=1081MB
  [ComfyUI] [worker:ComfyUI-TRELLIS2] [C2S3d] post-skip: alloc=1081MB
  [ComfyUI] [SubprocessWorker] callback 'report_progress' from call_id=63
  [ComfyUI] [SubprocessWorker] callback 'report_progress' from call_id=63
  [ComfyUI] [worker:ComfyUI-TRELLIS2] [UNET] level=2 block=0 SparseConvNeXtBlock3d N=177,047 ch=256 alloc=1038MB
  [ComfyUI] [worker:ComfyUI-TRELLIS2] [UNET] level=2 block=0 SparseConvNeXtBlock3d N=177,047 ch=256 alloc=1038MB
  [ComfyUI] [worker:ComfyUI-TRELLIS2] [sparse-conv] N=177,047 Ci=256 Co=256 feats=86MB cache=40MB (miss) w_dev=cuda:0 alloc=1079MB
  [ComfyUI] [worker:ComfyUI-TRELLIS2] [sparse-conv] N=177,047 Ci=256 Co=256 feats=86MB cache=40MB (miss) w_dev=cuda:0 alloc=1079MB
  [ComfyUI] [worker:ComfyUI-TRELLIS2] [sparse-conv] out=86MB alloc=1165MB
  [ComfyUI] [worker:ComfyUI-TRELLIS2] [sparse-conv] out=86MB alloc=1165MB
  [ComfyUI] [worker:ComfyUI-TRELLIS2] [UNET] level=2 block=1 SparseConvNeXtBlock3d N=177,047 ch=256 alloc=1038MB
  [ComfyUI] [worker:ComfyUI-TRELLIS2] [UNET] level=2 block=1 SparseConvNeXtBlock3d N=177,047 ch=256 alloc=1038MB
  [ComfyUI] [worker:ComfyUI-TRELLIS2] [sparse-conv] N=177,047 Ci=256 Co=256 feats=86MB cache=40MB (miss) w_dev=cuda:0 alloc=1079MB
  [ComfyUI] [worker:ComfyUI-TRELLIS2] [sparse-conv] N=177,047 Ci=256 Co=256 feats=86MB cache=40MB (miss) w_dev=cuda:0 alloc=1079MB
  [ComfyUI] [worker:ComfyUI-TRELLIS2] [sparse-conv] out=86MB alloc=1165MB
  [ComfyUI] [worker:ComfyUI-TRELLIS2] [sparse-conv] out=86MB alloc=1165MB
  [ComfyUI] [worker:ComfyUI-TRELLIS2] [UNET] level=2 block=2 SparseConvNeXtBlock3d N=177,047 ch=256 alloc=1038MB
  [ComfyUI] [worker:ComfyUI-TRELLIS2] [UNET] level=2 block=2 SparseConvNeXtBlock3d N=177,047 ch=256 alloc=1038MB
  [ComfyUI] [worker:ComfyUI-TRELLIS2] [sparse-conv] N=177,047 Ci=256 Co=256 feats=86MB cache=40MB (miss) w_dev=cuda:0 alloc=1079MB
  [ComfyUI] [worker:ComfyUI-TRELLIS2] [sparse-conv] N=177,047 Ci=256 Co=256 feats=86MB cache=40MB (miss) w_dev=cuda:0 alloc=1079MB
  [ComfyUI] [worker:ComfyUI-TRELLIS2] [sparse-conv] out=86MB alloc=1165MB
  [ComfyUI] [worker:ComfyUI-TRELLIS2] [sparse-conv] out=86MB alloc=1165MB
  [ComfyUI] [worker:ComfyUI-TRELLIS2] [UNET] level=2 block=3 SparseConvNeXtBlock3d N=177,047 ch=256 alloc=1038MB
  [ComfyUI] [worker:ComfyUI-TRELLIS2] [UNET] level=2 block=3 SparseConvNeXtBlock3d N=177,047 ch=256 alloc=1038MB
  [ComfyUI] [worker:ComfyUI-TRELLIS2] [sparse-conv] N=177,047 Ci=256 Co=256 feats=86MB cache=40MB (miss) w_dev=cuda:0 alloc=1079MB
  [ComfyUI] [worker:ComfyUI-TRELLIS2] [sparse-conv] N=177,047 Ci=256 Co=256 feats=86MB cache=40MB (miss) w_dev=cuda:0 alloc=1079MB
  [ComfyUI] [worker:ComfyUI-TRELLIS2] [sparse-conv] out=86MB alloc=1165MB
  [ComfyUI] [worker:ComfyUI-TRELLIS2] [sparse-conv] out=86MB alloc=1165MB
  [ComfyUI] [SubprocessWorker] callback 'report_progress' from call_id=63
  [ComfyUI] [SubprocessWorker] callback 'report_progress' from call_id=63
  [ComfyUI] [worker:ComfyUI-TRELLIS2] [UNET] level=2 block=4 SparseConvNeXtBlock3d N=177,047 ch=256 alloc=1038MB
  [ComfyUI] [worker:ComfyUI-TRELLIS2] [UNET] level=2 block=4 SparseConvNeXtBlock3d N=177,047 ch=256 alloc=1038MB
  [ComfyUI] [worker:ComfyUI-TRELLIS2] [sparse-conv] N=177,047 Ci=256 Co=256 feats=86MB cache=40MB (miss) w_dev=cuda:0 alloc=1079MB
  [ComfyUI] [worker:ComfyUI-TRELLIS2] [sparse-conv] N=177,047 Ci=256 Co=256 feats=86MB cache=40MB (miss) w_dev=cuda:0 alloc=1079MB
  [ComfyUI] [worker:ComfyUI-TRELLIS2] [sparse-conv] out=86MB alloc=1165MB
  [ComfyUI] [worker:ComfyUI-TRELLIS2] [sparse-conv] out=86MB alloc=1165MB
  [ComfyUI] [worker:ComfyUI-TRELLIS2] [UNET] level=2 block=5 SparseConvNeXtBlock3d N=177,047 ch=256 alloc=1038MB
  [ComfyUI] [worker:ComfyUI-TRELLIS2] [UNET] level=2 block=5 SparseConvNeXtBlock3d N=177,047 ch=256 alloc=1038MB
  [ComfyUI] [worker:ComfyUI-TRELLIS2] [sparse-conv] N=177,047 Ci=256 Co=256 feats=86MB cache=40MB (miss) w_dev=cuda:0 alloc=1079MB
  [ComfyUI] [worker:ComfyUI-TRELLIS2] [sparse-conv] N=177,047 Ci=256 Co=256 feats=86MB cache=40MB (miss) w_dev=cuda:0 alloc=1079MB
  [ComfyUI] [worker:ComfyUI-TRELLIS2] [sparse-conv] out=86MB alloc=1165MB
  [ComfyUI] [worker:ComfyUI-TRELLIS2] [sparse-conv] out=86MB alloc=1165MB
  [ComfyUI] [worker:ComfyUI-TRELLIS2] [UNET] level=2 block=6 SparseConvNeXtBlock3d N=177,047 ch=256 alloc=1038MB
  [ComfyUI] [worker:ComfyUI-TRELLIS2] [UNET] level=2 block=6 SparseConvNeXtBlock3d N=177,047 ch=256 alloc=1038MB
  [ComfyUI] [worker:ComfyUI-TRELLIS2] [sparse-conv] N=177,047 Ci=256 Co=256 feats=86MB cache=40MB (miss) w_dev=cuda:0 alloc=1079MB
  [ComfyUI] [worker:ComfyUI-TRELLIS2] [sparse-conv] N=177,047 Ci=256 Co=256 feats=86MB cache=40MB (miss) w_dev=cuda:0 alloc=1079MB
  [ComfyUI] [worker:ComfyUI-TRELLIS2] [sparse-conv] out=86MB alloc=1165MB
  [ComfyUI] [worker:ComfyUI-TRELLIS2] [sparse-conv] out=86MB alloc=1165MB
  [ComfyUI] [SubprocessWorker] callback 'report_progress' from call_id=63
  [ComfyUI] [SubprocessWorker] callback 'report_progress' from call_id=63
  [ComfyUI] [worker:ComfyUI-TRELLIS2] [UNET] level=2 block=7 SparseConvNeXtBlock3d N=177,047 ch=256 alloc=1038MB
  [ComfyUI] [worker:ComfyUI-TRELLIS2] [UNET] level=2 block=7 SparseConvNeXtBlock3d N=177,047 ch=256 alloc=1038MB
  [ComfyUI] [worker:ComfyUI-TRELLIS2] [sparse-conv] N=177,047 Ci=256 Co=256 feats=86MB cache=40MB (miss) w_dev=cuda:0 alloc=1079MB
  [ComfyUI] [worker:ComfyUI-TRELLIS2] [sparse-conv] N=177,047 Ci=256 Co=256 feats=86MB cache=40MB (miss) w_dev=cuda:0 alloc=1079MB
  [ComfyUI] [worker:ComfyUI-TRELLIS2] [sparse-conv] out=86MB alloc=1165MB
  [ComfyUI] [worker:ComfyUI-TRELLIS2] [sparse-conv] out=86MB alloc=1165MB
  [ComfyUI] [worker:ComfyUI-TRELLIS2] [UNET] level=2 block=8 SparseResBlockC2S3d N=177,047 ch=256 alloc=1038MB
  [ComfyUI] [worker:ComfyUI-TRELLIS2] [UNET] level=2 block=8 SparseResBlockC2S3d N=177,047 ch=256 alloc=1038MB
  [ComfyUI] [worker:ComfyUI-TRELLIS2] [C2S3d] after subdiv: alloc=1041MB
  [ComfyUI] [worker:ComfyUI-TRELLIS2] [C2S3d] after subdiv: alloc=1041MB
  [ComfyUI] [worker:ComfyUI-TRELLIS2] [C2S3d] after norm1: alloc=1127MB
  [ComfyUI] [worker:ComfyUI-TRELLIS2] [C2S3d] after norm1: alloc=1127MB
  [ComfyUI] [worker:ComfyUI-TRELLIS2] [C2S3d] pre-conv1: N=177,047 Ci=256 Co=1024 alloc=1127MB
  [ComfyUI] [worker:ComfyUI-TRELLIS2] [C2S3d] pre-conv1: N=177,047 Ci=256 Co=1024 alloc=1127MB
  [ComfyUI] [worker:ComfyUI-TRELLIS2] [C2S3d] x.feats offloaded before conv1: alloc=1129MB
  [ComfyUI] [worker:ComfyUI-TRELLIS2] [C2S3d] x.feats offloaded before conv1: alloc=1129MB
  [ComfyUI] [worker:ComfyUI-TRELLIS2] [sparse-conv] N=177,047 Ci=256 Co=1024 feats=86MB cache=40MB (miss) w_dev=cuda:0 alloc=1170MB
  [ComfyUI] [worker:ComfyUI-TRELLIS2] [sparse-conv] N=177,047 Ci=256 Co=1024 feats=86MB cache=40MB (miss) w_dev=cuda:0 alloc=1170MB
  [ComfyUI] [worker:ComfyUI-TRELLIS2] [sparse-conv] out=345MB alloc=1516MB
  [ComfyUI] [worker:ComfyUI-TRELLIS2] [sparse-conv] out=345MB alloc=1516MB
  [ComfyUI] [worker:ComfyUI-TRELLIS2] [C2S3d] post-conv1: h=torch.Size([177047, 1024]) alloc=1430MB
  [ComfyUI] [worker:ComfyUI-TRELLIS2] [C2S3d] post-conv1: h=torch.Size([177047, 1024]) alloc=1430MB
  [ComfyUI] [worker:ComfyUI-TRELLIS2] [C2S3d] x.feats restored from CPU: alloc=1516MB
  [ComfyUI] [worker:ComfyUI-TRELLIS2] [C2S3d] x.feats restored from CPU: alloc=1516MB
  [ComfyUI] [worker:ComfyUI-TRELLIS2] [C2S3d] pre-C2S(h): alloc=1516MB
  [ComfyUI] [worker:ComfyUI-TRELLIS2] [C2S3d] pre-C2S(h): alloc=1516MB
  [ComfyUI] [worker:ComfyUI-TRELLIS2] [C2S] scatter: 177,047�1024 -> 713,935�128 in=345MB out=174MB alloc=1545MB
  [ComfyUI] [worker:ComfyUI-TRELLIS2] [C2S] scatter: 177,047�1024 -> 713,935�128 in=345MB out=174MB alloc=1545MB
  [ComfyUI] [worker:ComfyUI-TRELLIS2] [VRAM] +563MB (now 1545MB) reserved=1604MB peak=4633MB
  [ComfyUI] [worker:ComfyUI-TRELLIS2] [VRAM] +563MB (now 1545MB) reserved=1604MB peak=4633MB
  [ComfyUI] [worker:ComfyUI-TRELLIS2] [C2S] offloaded 345MB to CPU, alloc=1199MB
  [ComfyUI] [worker:ComfyUI-TRELLIS2] [C2S] offloaded 345MB to CPU, alloc=1199MB
  [ComfyUI] [worker:ComfyUI-TRELLIS2] [C2S] scatter done: alloc=1373MB
  [ComfyUI] [worker:ComfyUI-TRELLIS2] [C2S] scatter done: alloc=1373MB
  [ComfyUI] [worker:ComfyUI-TRELLIS2] [C2S3d] post-C2S(h): h=torch.Size([713935, 128]) alloc=1355MB
  [ComfyUI] [worker:ComfyUI-TRELLIS2] [C2S3d] post-C2S(h): h=torch.Size([713935, 128]) alloc=1355MB
  [ComfyUI] [worker:ComfyUI-TRELLIS2] [C2S] scatter: 177,047�256 -> 713,935�32 in=86MB out=43MB alloc=1384MB
  [ComfyUI] [worker:ComfyUI-TRELLIS2] [C2S] scatter: 177,047�256 -> 713,935�32 in=86MB out=43MB alloc=1384MB
  [ComfyUI] [worker:ComfyUI-TRELLIS2] [C2S] scatter done: alloc=1428MB
  [ComfyUI] [worker:ComfyUI-TRELLIS2] [C2S] scatter done: alloc=1428MB
  [ComfyUI] [worker:ComfyUI-TRELLIS2] [C2S3d] post-C2S(x): x=torch.Size([713935, 32]) alloc=1324MB
  [ComfyUI] [worker:ComfyUI-TRELLIS2] [C2S3d] post-C2S(x): x=torch.Size([713935, 32]) alloc=1324MB
  [ComfyUI] [worker:ComfyUI-TRELLIS2] [C2S3d] post-C2S: N=713,935 h=128ch x=32ch alloc=1322MB
  [ComfyUI] [worker:ComfyUI-TRELLIS2] [C2S3d] post-C2S: N=713,935 h=128ch x=32ch alloc=1322MB
  [ComfyUI] [worker:ComfyUI-TRELLIS2] [C2S3d] x offloaded to CPU, pre-conv2: alloc=1267MB
  [ComfyUI] [worker:ComfyUI-TRELLIS2] [C2S3d] x offloaded to CPU, pre-conv2: alloc=1267MB
  [ComfyUI] [worker:ComfyUI-TRELLIS2] [C2S3d] after norm2: alloc=1267MB
  [ComfyUI] [worker:ComfyUI-TRELLIS2] [C2S3d] after norm2: alloc=1267MB
  [ComfyUI] [worker:ComfyUI-TRELLIS2] [C2S3d] after silu: alloc=1267MB
  [ComfyUI] [worker:ComfyUI-TRELLIS2] [C2S3d] after silu: alloc=1267MB
  [ComfyUI] [worker:ComfyUI-TRELLIS2] [sparse-conv] N=713,935 Ci=128 Co=128 feats=174MB cache=161MB (miss) w_dev=cuda:0 alloc=1430MB
  [ComfyUI] [worker:ComfyUI-TRELLIS2] [sparse-conv] N=713,935 Ci=128 Co=128 feats=174MB cache=161MB (miss) w_dev=cuda:0 alloc=1430MB
  [ComfyUI] [worker:ComfyUI-TRELLIS2] [sparse-conv] out=174MB alloc=1605MB
  [ComfyUI] [worker:ComfyUI-TRELLIS2] [sparse-conv] out=174MB alloc=1605MB
  [ComfyUI] [worker:ComfyUI-TRELLIS2] [C2S3d] post-conv2: alloc=1431MB
  [ComfyUI] [worker:ComfyUI-TRELLIS2] [C2S3d] post-conv2: alloc=1431MB
  [ComfyUI] [worker:ComfyUI-TRELLIS2] [C2S3d] post-conv2 (cache cleared): alloc=1267MB
  [ComfyUI] [worker:ComfyUI-TRELLIS2] [C2S3d] post-conv2 (cache cleared): alloc=1267MB
  [ComfyUI] [worker:ComfyUI-TRELLIS2] [C2S3d] after skip expand: alloc=1442MB
  [ComfyUI] [worker:ComfyUI-TRELLIS2] [C2S3d] after skip expand: alloc=1442MB
  [ComfyUI] [worker:ComfyUI-TRELLIS2] [C2S3d] post-skip: alloc=1267MB
  [ComfyUI] [worker:ComfyUI-TRELLIS2] [C2S3d] post-skip: alloc=1267MB
  [ComfyUI] [SubprocessWorker] callback 'report_progress' from call_id=63
  [ComfyUI] [SubprocessWorker] callback 'report_progress' from call_id=63
  [ComfyUI] [worker:ComfyUI-TRELLIS2] [UNET] level=3 block=0 SparseConvNeXtBlock3d N=713,935 ch=128 alloc=1181MB
  [ComfyUI] [worker:ComfyUI-TRELLIS2] [UNET] level=3 block=0 SparseConvNeXtBlock3d N=713,935 ch=128 alloc=1181MB
  [ComfyUI] [worker:ComfyUI-TRELLIS2] [sparse-conv] N=713,935 Ci=128 Co=128 feats=174MB cache=161MB (miss) w_dev=cuda:0 alloc=1344MB
  [ComfyUI] [worker:ComfyUI-TRELLIS2] [sparse-conv] N=713,935 Ci=128 Co=128 feats=174MB cache=161MB (miss) w_dev=cuda:0 alloc=1344MB
  Frame 24 saved (frame_023.jpg, t=164.9s)
  [ComfyUI] [worker:ComfyUI-TRELLIS2] [sparse-conv] out=174MB alloc=1519MB
  [ComfyUI] [worker:ComfyUI-TRELLIS2] [sparse-conv] out=174MB alloc=1519MB
  [capture-periodic] freeze=4ms shot=98ms unfreeze=4ms saved=True
  [ComfyUI] [worker:ComfyUI-TRELLIS2] [UNET] level=3 block=1 SparseConvNeXtBlock3d N=713,935 ch=128 alloc=1181MB
  [ComfyUI] [worker:ComfyUI-TRELLIS2] [UNET] level=3 block=1 SparseConvNeXtBlock3d N=713,935 ch=128 alloc=1181MB
  [ComfyUI] [worker:ComfyUI-TRELLIS2] [sparse-conv] N=713,935 Ci=128 Co=128 feats=174MB cache=161MB (miss) w_dev=cuda:0 alloc=1344MB
  [ComfyUI] [worker:ComfyUI-TRELLIS2] [sparse-conv] N=713,935 Ci=128 Co=128 feats=174MB cache=161MB (miss) w_dev=cuda:0 alloc=1344MB
  [ComfyUI] [worker:ComfyUI-TRELLIS2] [sparse-conv] out=174MB alloc=1519MB
  [ComfyUI] [worker:ComfyUI-TRELLIS2] [sparse-conv] out=174MB alloc=1519MB
  [ComfyUI] [worker:ComfyUI-TRELLIS2] [UNET] level=3 block=2 SparseConvNeXtBlock3d N=713,935 ch=128 alloc=1181MB
  [ComfyUI] [worker:ComfyUI-TRELLIS2] [UNET] level=3 block=2 SparseConvNeXtBlock3d N=713,935 ch=128 alloc=1181MB
  [ComfyUI] [worker:ComfyUI-TRELLIS2] [sparse-conv] N=713,935 Ci=128 Co=128 feats=174MB cache=161MB (miss) w_dev=cuda:0 alloc=1344MB
  [ComfyUI] [worker:ComfyUI-TRELLIS2] [sparse-conv] N=713,935 Ci=128 Co=128 feats=174MB cache=161MB (miss) w_dev=cuda:0 alloc=1344MB
  [ComfyUI] [worker:ComfyUI-TRELLIS2] [sparse-conv] out=174MB alloc=1519MB
  [ComfyUI] [worker:ComfyUI-TRELLIS2] [sparse-conv] out=174MB alloc=1519MB
  [ComfyUI] [SubprocessWorker] callback 'report_progress' from call_id=63
  [ComfyUI] [SubprocessWorker] callback 'report_progress' from call_id=63
  [ComfyUI] [worker:ComfyUI-TRELLIS2] [UNET] level=3 block=3 SparseConvNeXtBlock3d N=713,935 ch=128 alloc=1181MB
  [ComfyUI] [worker:ComfyUI-TRELLIS2] [UNET] level=3 block=3 SparseConvNeXtBlock3d N=713,935 ch=128 alloc=1181MB
  [ComfyUI] [worker:ComfyUI-TRELLIS2] [sparse-conv] N=713,935 Ci=128 Co=128 feats=174MB cache=161MB (miss) w_dev=cuda:0 alloc=1344MB
  [ComfyUI] [worker:ComfyUI-TRELLIS2] [sparse-conv] N=713,935 Ci=128 Co=128 feats=174MB cache=161MB (miss) w_dev=cuda:0 alloc=1344MB
  [ComfyUI] [worker:ComfyUI-TRELLIS2] [sparse-conv] out=174MB alloc=1519MB
  [ComfyUI] [worker:ComfyUI-TRELLIS2] [sparse-conv] out=174MB alloc=1519MB
  [ComfyUI] [worker:ComfyUI-TRELLIS2] [UNET] level=3 block=4 SparseResBlockC2S3d N=713,935 ch=128 alloc=1181MB
  [ComfyUI] [worker:ComfyUI-TRELLIS2] [UNET] level=3 block=4 SparseResBlockC2S3d N=713,935 ch=128 alloc=1181MB
  [ComfyUI] [worker:ComfyUI-TRELLIS2] [C2S3d] after subdiv: alloc=1192MB
  [ComfyUI] [worker:ComfyUI-TRELLIS2] [C2S3d] after subdiv: alloc=1192MB
  [ComfyUI] [worker:ComfyUI-TRELLIS2] [C2S3d] after norm1: alloc=1366MB
  [ComfyUI] [worker:ComfyUI-TRELLIS2] [C2S3d] after norm1: alloc=1366MB
  [ComfyUI] [worker:ComfyUI-TRELLIS2] [C2S3d] pre-conv1: N=713,935 Ci=128 Co=512 alloc=1366MB
  [ComfyUI] [worker:ComfyUI-TRELLIS2] [C2S3d] pre-conv1: N=713,935 Ci=128 Co=512 alloc=1366MB
  [ComfyUI] [worker:ComfyUI-TRELLIS2] [C2S3d] x.feats offloaded before conv1: alloc=1371MB
  [ComfyUI] [worker:ComfyUI-TRELLIS2] [C2S3d] x.feats offloaded before conv1: alloc=1371MB
  [ComfyUI] [worker:ComfyUI-TRELLIS2] [sparse-conv] N=713,935 Ci=128 Co=512 feats=174MB cache=161MB (miss) w_dev=cuda:0 alloc=1535MB
  [ComfyUI] [worker:ComfyUI-TRELLIS2] [sparse-conv] N=713,935 Ci=128 Co=512 feats=174MB cache=161MB (miss) w_dev=cuda:0 alloc=1535MB
  [ComfyUI] [worker:ComfyUI-TRELLIS2] [sparse-conv] out=697MB alloc=2233MB
  [ComfyUI] [worker:ComfyUI-TRELLIS2] [sparse-conv] out=697MB alloc=2233MB
  [ComfyUI] [worker:ComfyUI-TRELLIS2] [C2S3d] post-conv1: h=torch.Size([713935, 512]) alloc=2059MB
  [ComfyUI] [worker:ComfyUI-TRELLIS2] [C2S3d] post-conv1: h=torch.Size([713935, 512]) alloc=2059MB
  [ComfyUI] [worker:ComfyUI-TRELLIS2] [C2S3d] x.feats restored from CPU: alloc=2233MB
  [ComfyUI] [worker:ComfyUI-TRELLIS2] [C2S3d] x.feats restored from CPU: alloc=2233MB
  [ComfyUI] [worker:ComfyUI-TRELLIS2] [C2S3d] pre-C2S(h): alloc=2233MB
  [ComfyUI] [worker:ComfyUI-TRELLIS2] [C2S3d] pre-C2S(h): alloc=2233MB
  [ComfyUI] [worker:ComfyUI-TRELLIS2] [C2S] scatter: 713,935�512 -> 2,876,735�64 in=697MB out=351MB alloc=2349MB
  [ComfyUI] [worker:ComfyUI-TRELLIS2] [C2S] scatter: 713,935�512 -> 2,876,735�64 in=697MB out=351MB alloc=2349MB
  [ComfyUI] [worker:ComfyUI-TRELLIS2] [C2S] offloaded 697MB to CPU, alloc=1651MB
  [ComfyUI] [worker:ComfyUI-TRELLIS2] [C2S] offloaded 697MB to CPU, alloc=1651MB
  [ComfyUI] [worker:ComfyUI-TRELLIS2] [VRAM] +458MB (now 2003MB) reserved=2094MB peak=4633MB
  [ComfyUI] [worker:ComfyUI-TRELLIS2] [VRAM] +458MB (now 2003MB) reserved=2094MB peak=4633MB
  [ComfyUI] [worker:ComfyUI-TRELLIS2] [C2S] scatter done: alloc=2003MB
  [ComfyUI] [worker:ComfyUI-TRELLIS2] [C2S] scatter done: alloc=2003MB
  [ComfyUI] [worker:ComfyUI-TRELLIS2] [C2S3d] post-C2S(h): h=torch.Size([2876735, 64]) alloc=1931MB
  [ComfyUI] [worker:ComfyUI-TRELLIS2] [C2S3d] post-C2S(h): h=torch.Size([2876735, 64]) alloc=1931MB
  [ComfyUI] [worker:ComfyUI-TRELLIS2] [C2S] scatter: 713,935�128 -> 2,876,735�16 in=174MB out=87MB alloc=2047MB
  [ComfyUI] [worker:ComfyUI-TRELLIS2] [C2S] scatter: 713,935�128 -> 2,876,735�16 in=174MB out=87MB alloc=2047MB
  [ComfyUI] [worker:ComfyUI-TRELLIS2] [C2S] scatter done: alloc=2135MB
  [ComfyUI] [worker:ComfyUI-TRELLIS2] [C2S] scatter done: alloc=2135MB
  [ComfyUI] [worker:ComfyUI-TRELLIS2] [C2S3d] post-C2S(x): x=torch.Size([2876735, 16]) alloc=1889MB
  [ComfyUI] [worker:ComfyUI-TRELLIS2] [C2S3d] post-C2S(x): x=torch.Size([2876735, 16]) alloc=1889MB
  [ComfyUI] [worker:ComfyUI-TRELLIS2] [C2S3d] post-C2S: N=2,876,735 h=64ch x=16ch alloc=1883MB
  [ComfyUI] [worker:ComfyUI-TRELLIS2] [C2S3d] post-C2S: N=2,876,735 h=64ch x=16ch alloc=1883MB
  [ComfyUI] [worker:ComfyUI-TRELLIS2] [C2S3d] x offloaded to CPU, pre-conv2: alloc=1751MB
  [ComfyUI] [worker:ComfyUI-TRELLIS2] [C2S3d] x offloaded to CPU, pre-conv2: alloc=1751MB
  [ComfyUI] [worker:ComfyUI-TRELLIS2] [C2S3d] h.feats offloaded for chunked norm2+silu: alloc=1399MB
  [ComfyUI] [worker:ComfyUI-TRELLIS2] [C2S3d] h.feats offloaded for chunked norm2+silu: alloc=1399MB
  [ComfyUI] [worker:ComfyUI-TRELLIS2] [C2S3d] after chunked norm2+silu: alloc=1751MB
  [ComfyUI] [worker:ComfyUI-TRELLIS2] [C2S3d] after chunked norm2+silu: alloc=1751MB
  [ComfyUI] [worker:ComfyUI-TRELLIS2] [sparse-conv] TILED: N=2,876,735 max_tile=1,000,000 feats=351MB alloc=1751MB
  [ComfyUI] [worker:ComfyUI-TRELLIS2] [sparse-conv] TILED: N=2,876,735 max_tile=1,000,000 feats=351MB alloc=1751MB
  [ComfyUI] [worker:ComfyUI-TRELLIS2] [sparse-conv] TILED feats offloaded to CPU, alloc=1399MB
  [ComfyUI] [worker:ComfyUI-TRELLIS2] [sparse-conv] TILED feats offloaded to CPU, alloc=1399MB
  [ComfyUI] [worker:ComfyUI-TRELLIS2] [tiled_conv] N=2,876,735 Ci=64 Co=64 K=(3, 3, 3) feats=351MB out=351MB feats_dev=cpu alloc=1399MB
  [ComfyUI] [worker:ComfyUI-TRELLIS2] [tiled_conv] N=2,876,735 Ci=64 Co=64 K=(3, 3, 3) feats=351MB out=351MB feats_dev=cpu alloc=1399MB
  [ComfyUI] [worker:ComfyUI-TRELLIS2] [tiled_conv] 4 tiles, VRAM baseline=1399MB
  [ComfyUI] [worker:ComfyUI-TRELLIS2] [tiled_conv] 4 tiles, VRAM baseline=1399MB
  [ComfyUI] 
  [ComfyUI] 
  [ComfyUI] Tiled Conv3d:   0%|          | 0/4 [00:00<?]
  [ComfyUI] Tiled Conv3d:   0%|          | 0/4 [00:00<?]
  [ComfyUI] Tiled Conv3d:   0%|          | 0/4 [00:00<?]
  [ComfyUI] Tiled Conv3d:   0%|          | 0/4 [00:00<?]
  [ComfyUI] Tiled Conv3d:  25%|██▌       | 1/4 [00:00<00:00][worker:ComfyUI-TRELLIS2] [VRAM] -605MB (now 1399MB) reserved=2302MB peak=4633MB
  [ComfyUI] Tiled Conv3d:  25%|██▌       | 1/4 [00:00<00:00][worker:ComfyUI-TRELLIS2] [VRAM] -605MB (now 1399MB) reserved=2302MB peak=4633MB
  [ComfyUI] 
  [ComfyUI] 
  [ComfyUI] Tiled Conv3d:  25%|██▌       | 1/4 [00:00<00:00]
  [ComfyUI] Tiled Conv3d:  25%|██▌       | 1/4 [00:00<00:00]
  [ComfyUI] Tiled Conv3d:  50%|█████     | 2/4 [00:00<00:00]
  [ComfyUI] Tiled Conv3d:  50%|█████     | 2/4 [00:00<00:00]
  [ComfyUI] Tiled Conv3d:  50%|█████     | 2/4 [00:00<00:00]
  [ComfyUI] Tiled Conv3d:  50%|█████     | 2/4 [00:00<00:00]
  [ComfyUI] Tiled Conv3d:  75%|███████▌  | 3/4 [00:00<00:00]
  [ComfyUI] Tiled Conv3d:  75%|███████▌  | 3/4 [00:00<00:00]
  [ComfyUI] Tiled Conv3d:  75%|███████▌  | 3/4 [00:00<00:00]
  [ComfyUI] Tiled Conv3d:  75%|███████▌  | 3/4 [00:00<00:00]
  [ComfyUI] Tiled Conv3d: 100%|██████████| 4/4 [00:00<00:00]
  [ComfyUI] Tiled Conv3d: 100%|██████████| 4/4 [00:00<00:00]
  [ComfyUI] Tiled Conv3d: 100%|██████████| 4/4 [00:00<00:00]
  [ComfyUI] Tiled Conv3d: 100%|██████████| 4/4 [00:00<00:00]
  [ComfyUI] [worker:ComfyUI-TRELLIS2] [tiled_conv] done: 2876735/2876735 voxels, tile_peak=1847MB, final=1751MB
  [ComfyUI] [worker:ComfyUI-TRELLIS2] [tiled_conv] done: 2876735/2876735 voxels, tile_peak=1847MB, final=1751MB
  [ComfyUI] [worker:ComfyUI-TRELLIS2] [sparse-conv] TILED done: out=351MB alloc=1751MB
  [ComfyUI] [worker:ComfyUI-TRELLIS2] [sparse-conv] TILED done: out=351MB alloc=1751MB
  [ComfyUI] [worker:ComfyUI-TRELLIS2] [C2S3d] post-conv2: alloc=1751MB
  [ComfyUI] [worker:ComfyUI-TRELLIS2] [C2S3d] post-conv2: alloc=1751MB
  [ComfyUI] [worker:ComfyUI-TRELLIS2] [C2S3d] post-conv2 (cache cleared): alloc=1751MB
  [ComfyUI] [worker:ComfyUI-TRELLIS2] [C2S3d] post-conv2 (cache cleared): alloc=1751MB
  [ComfyUI] [worker:ComfyUI-TRELLIS2] [C2S3d] after chunked skip: alloc=1751MB
  [ComfyUI] [worker:ComfyUI-TRELLIS2] [C2S3d] after chunked skip: alloc=1751MB
  [ComfyUI] [SubprocessWorker] callback 'report_progress' from call_id=63
  [ComfyUI] [SubprocessWorker] callback 'report_progress' from call_id=63
  Frame 25 saved (frame_024.jpg, t=167.1s)
  [capture-periodic] freeze=4ms shot=163ms unfreeze=5ms saved=True
  [ComfyUI] [SubprocessWorker] callback 'report_progress' from call_id=63
  [ComfyUI] [SubprocessWorker] callback 'report_progress' from call_id=63
  [ComfyUI] [worker:ComfyUI-TRELLIS2] [FlexiDecoder] pre-cleanup: alloc=1078MB
  [ComfyUI] [worker:ComfyUI-TRELLIS2] [FlexiDecoder] pre-cleanup: alloc=1078MB
  [ComfyUI] [worker:ComfyUI-TRELLIS2] [VRAM] -392MB (now 1008MB) reserved=1240MB peak=4633MB
  [ComfyUI] [worker:ComfyUI-TRELLIS2] [VRAM] -392MB (now 1008MB) reserved=1240MB peak=4633MB
  [ComfyUI] [worker:ComfyUI-TRELLIS2] [FlexiDecoder] model to CPU: alloc=161MB
  [ComfyUI] [worker:ComfyUI-TRELLIS2] [FlexiDecoder] model to CPU: alloc=161MB
  [ComfyUI] [worker:ComfyUI-TRELLIS2] [FlexiDecoder] extra[0][0] feats=torch.Size([10576, 8]) on cuda:0, 0MB
  [ComfyUI] [worker:ComfyUI-TRELLIS2] [FlexiDecoder] extra[0][0] feats=torch.Size([10576, 8]) on cuda:0, 0MB
  [ComfyUI] [worker:ComfyUI-TRELLIS2] [FlexiDecoder] extra[0][1] feats=torch.Size([43645, 8]) on cuda:0, 0MB
  [ComfyUI] [worker:ComfyUI-TRELLIS2] [FlexiDecoder] extra[0][1] feats=torch.Size([43645, 8]) on cuda:0, 0MB
  [ComfyUI] [worker:ComfyUI-TRELLIS2] [FlexiDecoder] extra[0][2] feats=torch.Size([177047, 8]) on cuda:0, 2MB
  [ComfyUI] [worker:ComfyUI-TRELLIS2] [FlexiDecoder] extra[0][2] feats=torch.Size([177047, 8]) on cuda:0, 2MB
  [ComfyUI] [worker:ComfyUI-TRELLIS2] [FlexiDecoder] extra[0][3] feats=torch.Size([713935, 8]) on cuda:0, 10MB
  [ComfyUI] [worker:ComfyUI-TRELLIS2] [FlexiDecoder] extra[0][3] feats=torch.Size([713935, 8]) on cuda:0, 10MB
  [ComfyUI] [worker:ComfyUI-TRELLIS2] [FlexiDecoder] subs to CPU: alloc=158MB
  [ComfyUI] [worker:ComfyUI-TRELLIS2] [FlexiDecoder] subs to CPU: alloc=158MB
  [ComfyUI] [worker:ComfyUI-TRELLIS2] [FlexiDecoder] coords: torch.Size([2876735, 3]) cuda:0 32MB
  [ComfyUI] [worker:ComfyUI-TRELLIS2] [FlexiDecoder] coords: torch.Size([2876735, 3]) cuda:0 32MB
  [ComfyUI] [worker:ComfyUI-TRELLIS2] [FlexiDecoder] vertices.feats: torch.Size([2876735, 3]) cuda:0 16MB
  [ComfyUI] [worker:ComfyUI-TRELLIS2] [FlexiDecoder] vertices.feats: torch.Size([2876735, 3]) cuda:0 16MB
  [ComfyUI] [worker:ComfyUI-TRELLIS2] [FlexiDecoder] intersected.feats: torch.Size([2876735, 3]) cuda:0 8MB
  [ComfyUI] [worker:ComfyUI-TRELLIS2] [FlexiDecoder] intersected.feats: torch.Size([2876735, 3]) cuda:0 8MB
  [ComfyUI] [worker:ComfyUI-TRELLIS2] [FlexiDecoder] quad_lerp.feats: torch.Size([2876735, 1]) cuda:0 5MB
  [ComfyUI] [worker:ComfyUI-TRELLIS2] [FlexiDecoder] quad_lerp.feats: torch.Size([2876735, 1]) cuda:0 5MB
  [ComfyUI] [worker:ComfyUI-TRELLIS2] [FlexiDecoder] post-cleanup: alloc=158MB, starting mesh extraction
  [ComfyUI] [worker:ComfyUI-TRELLIS2] [FlexiDecoder] post-cleanup: alloc=158MB, starting mesh extraction
  [ComfyUI] 
  [ComfyUI] 
  [ComfyUI] Fast Tiled Decoding:   0%|          | 0/240 [00:00<?, ?it/s]
  [ComfyUI] Fast Tiled Decoding:   0%|          | 0/240 [00:00<?, ?it/s]
  [ComfyUI] Fast Tiled Decoding:  14%|█▍        | 33/240 [00:00<00:00, 318.43it/s]
  [ComfyUI] Fast Tiled Decoding:  14%|█▍        | 33/240 [00:00<00:00, 318.43it/s]
  [ComfyUI] Fast Tiled Decoding:  27%|██▋       | 65/240 [00:00<00:00, 309.32it/s]
  [ComfyUI] Fast Tiled Decoding:  27%|██▋       | 65/240 [00:00<00:00, 309.32it/s]
  [ComfyUI] Fast Tiled Decoding:  40%|████      | 96/240 [00:00<00:00, 266.58it/s]
  [ComfyUI] Fast Tiled Decoding:  40%|████      | 96/240 [00:00<00:00, 266.58it/s]
  [ComfyUI] Fast Tiled Decoding:  52%|█████▏    | 124/240 [00:00<00:00, 253.56it/s]
  [ComfyUI] Fast Tiled Decoding:  52%|█████▏    | 124/240 [00:00<00:00, 253.56it/s]
  [ComfyUI] Fast Tiled Decoding:  64%|██████▍   | 154/240 [00:00<00:00, 264.70it/s]
  [ComfyUI] Fast Tiled Decoding:  64%|██████▍   | 154/240 [00:00<00:00, 264.70it/s]
  [ComfyUI] Fast Tiled Decoding:  80%|████████  | 192/240 [00:00<00:00, 300.16it/s][worker:ComfyUI-TRELLIS2] [VRAM] -577MB (now 431MB) reserved=582MB peak=4633MB
  [ComfyUI] Fast Tiled Decoding:  80%|████████  | 192/240 [00:00<00:00, 300.16it/s][worker:ComfyUI-TRELLIS2] [VRAM] -577MB (now 431MB) reserved=582MB peak=4633MB
  [ComfyUI] 
  [ComfyUI] 
  [capture-loop] iter=1450 t=168.8s state={'complete': False, 'error': None, 'executedCount': 0, 'wsState': 1} eval_ms=4 ram=13.6/31.9GB (43%) swap=0.8/12.3GB (7%) cpu=25% browser_rss=0.49GB
  [ComfyUI] Fast Tiled Decoding: 100%|██████████| 240/240 [00:00<00:00, 314.92it/s]
  [ComfyUI] Fast Tiled Decoding: 100%|██████████| 240/240 [00:00<00:00, 314.92it/s]
  [ComfyUI] [SubprocessWorker] callback 'report_progress' from call_id=63
  [ComfyUI] [SubprocessWorker] callback 'report_progress' from call_id=63
  Frame 26 saved (frame_025.jpg, t=169.3s)
  [capture-periodic] freeze=3ms shot=90ms unfreeze=5ms saved=True
  [ComfyUI] [SubprocessWorker] got response: ok
  [ComfyUI] [SubprocessWorker] got response: ok
  [ComfyUI] [comfy-env] Created 2 model patchers: ['FlexiDualGridVaeDecoder_3', 'SLatFlowModel_4']
  [ComfyUI] [comfy-env] Created 2 model patchers: ['FlexiDualGridVaeDecoder_3', 'SLatFlowModel_4']
  [ComfyUI] [comfy-env] Trellis2RefineMesh done (99.96s): result: NodeOutput
  [ComfyUI] [comfy-env] Trellis2RefineMesh done (99.96s): result: NodeOutput
  [ComfyUI] [VRAM] After Trellis2RefineMesh: 1042 / 12287 MB
  [ComfyUI] [VRAM] After Trellis2RefineMesh: 1042 / 12287 MB
  [ComfyUI] [VRAM] Loaded: SubprocessModel (0 MB), SubprocessModel (0 MB), SubprocessModel (0 MB), SubprocessModel (0 MB)
  [ComfyUI] [VRAM] Loaded: SubprocessModel (0 MB), SubprocessModel (0 MB), SubprocessModel (0 MB), SubprocessModel (0 MB)
  [ComfyUI] [comfy-env] Running GeomPackPreviewMeshDual: layout: 'side_by_side', mode: 'fields', opacity_1: 1.0, opacity_2: 1.0, mesh_1: Trimesh, mesh_2: Trimesh
  [ComfyUI] [comfy-env] Running GeomPackPreviewMeshDual: layout: 'side_by_side', mode: 'fields', opacity_1: 1.0, opacity_2: 1.0, mesh_1: Trimesh, mesh_2: Trimesh
  [ComfyUI] [VRAM] Before GeomPackPreviewMeshDual: 1042 / 12287 MB
  [ComfyUI] [VRAM] Before GeomPackPreviewMeshDual: 1042 / 12287 MB
  [ComfyUI] [VRAM] Loaded: SubprocessModel (0 MB), SubprocessModel (0 MB), SubprocessModel (0 MB), SubprocessModel (0 MB)
  [ComfyUI] [VRAM] Loaded: SubprocessModel (0 MB), SubprocessModel (0 MB), SubprocessModel (0 MB), SubprocessModel (0 MB)
  [ComfyUI] [SubprocessWorker] call_method: nodes.main.visualization.preview_mesh_dual.PreviewMeshDualNode.EXECUTE_NORMALIZED
  [ComfyUI] [SubprocessWorker] call_method: nodes.main.visualization.preview_mesh_dual.PreviewMeshDualNode.EXECUTE_NORMALIZED
  [ComfyUI] [SubprocessWorker] acquired lock, ensuring started...
  [ComfyUI] [SubprocessWorker] acquired lock, ensuring started...
  [ComfyUI] [ComfyUI-GeometryPack] python: C:\workspaces\TRELLIS2-0556\portable-comfyui\ComfyUI_windows_portable\ComfyUI\.ce\.pixi\envs\geometrypack-main\python.exe
  [ComfyUI] [ComfyUI-GeometryPack] python: C:\workspaces\TRELLIS2-0556\portable-comfyui\ComfyUI_windows_portable\ComfyUI\.ce\.pixi\envs\geometrypack-main\python.exe
  [ComfyUI] [ComfyUI-GeometryPack] Health check: ping (timeout=5.0s)...
  [ComfyUI] [ComfyUI-GeometryPack] Health check: ping (timeout=5.0s)...
  [ComfyUI] [ComfyUI-GeometryPack] sys_path sent to worker: ['C:\\workspaces\\TRELLIS2-0556\\portable-comfyui\\ComfyUI_windows_portable\\ComfyUI', 'C:\\workspaces\\TRELLIS2-0556\\portable-comfyui\\ComfyUI_windows_portable\\ComfyUI\\custom_nodes\\ComfyUI-GeometryPack', 'C:\\workspaces\\TRELLIS2-0556\\portable-comfyui\\ComfyUI_windows_portable\\ComfyUI\\.ce\\.pixi\\envs\\geometrypack-main\\Lib\\site-packages', 'C:\\workspaces\\TRELLIS2-0556\\portable-comfyui\\ComfyUI_windows_portable\\ComfyUI\\custom_nodes\\ComfyUI-GeometryPack']
  [ComfyUI] [ComfyUI-GeometryPack] sys_path sent to worker: ['C:\\workspaces\\TRELLIS2-0556\\portable-comfyui\\ComfyUI_windows_portable\\ComfyUI', 'C:\\workspaces\\TRELLIS2-0556\\portable-comfyui\\ComfyUI_windows_portable\\ComfyUI\\custom_nodes\\ComfyUI-GeometryPack', 'C:\\workspaces\\TRELLIS2-0556\\portable-comfyui\\ComfyUI_windows_portable\\ComfyUI\\.ce\\.pixi\\envs\\geometrypack-main\\Lib\\site-packages', 'C:\\workspaces\\TRELLIS2-0556\\portable-comfyui\\ComfyUI_windows_portable\\ComfyUI\\custom_nodes\\ComfyUI-GeometryPack']
  [ComfyUI] [ComfyUI-GeometryPack] Health check: failed
  [ComfyUI] [ComfyUI-GeometryPack] Health check: failed
  [ComfyUI] [SubprocessWorker] is_pixi=True, python=C:\workspaces\TRELLIS2-0556\portable-comfyui\ComfyUI_windows_portable\ComfyUI\.ce\.pixi\envs\geometrypack-main\python.exe
  [ComfyUI] [SubprocessWorker] is_pixi=True, python=C:\workspaces\TRELLIS2-0556\portable-comfyui\ComfyUI_windows_portable\ComfyUI\.ce\.pixi\envs\geometrypack-main\python.exe
  [ComfyUI] [ComfyUI-GeometryPack] Socket unhealthy, restarting worker...
  [ComfyUI] [ComfyUI-GeometryPack] Socket unhealthy, restarting worker...
  [ComfyUI] [SubprocessWorker] launching cmd=['C:\\Users\\ContainerAdministrator\\.pixi\\bin\\pixi.exe', 'run', '--as-is', '--manifest-path', 'C:\\workspaces\\TRELLIS2-0556\\portable-comfyui\\ComfyUI_windows_portable\\ComfyUI\\.ce\\pixi.toml', '-e', 'geometrypack-main', 'python', 'C:\\Users\\ContainerAdministrator\\AppData\\Local\\Temp\\comfyui_pvenv_shwzzv02\\persistent_worker.py', 'tcp://127.0.0.1:54104']...
  [ComfyUI] [SubprocessWorker] launching cmd=['C:\\Users\\ContainerAdministrator\\.pixi\\bin\\pixi.exe', 'run', '--as-is', '--manifest-path', 'C:\\workspaces\\TRELLIS2-0556\\portable-comfyui\\ComfyUI_windows_portable\\ComfyUI\\.ce\\pixi.toml', '-e', 'geometrypack-main', 'python', 'C:\\Users\\ContainerAdministrator\\AppData\\Local\\Temp\\comfyui_pvenv_shwzzv02\\persistent_worker.py', 'tcp://127.0.0.1:54104']...
  [ComfyUI] [comfy-env] geometrypack-main: Library/bin has 610 DLLs
  [ComfyUI] [comfy-env] geometrypack-main: Library/bin has 610 DLLs
  Frame 27 saved (frame_026.jpg, t=171.6s)
  [capture-periodic] freeze=3ms shot=97ms unfreeze=3ms saved=True
  [ComfyUI] [SubprocessWorker] worker started/confirmed
  [ComfyUI] [SubprocessWorker] worker started/confirmed
  [ComfyUI] [SubprocessWorker] serializing kwargs to shm...
  [ComfyUI] [SubprocessWorker] serializing kwargs to shm...
  [capture-loop] iter=1500 t=174.6s state={'complete': False, 'error': None, 'executedCount': 0, 'wsState': 1} eval_ms=4 ram=14.2/31.9GB (44%) swap=0.8/12.3GB (7%) cpu=6% browser_rss=0.48GB
  [ComfyUI] [SubprocessWorker] created 2 shm blocks
  [ComfyUI] [SubprocessWorker] created 2 shm blocks
  [ComfyUI] [SubprocessWorker] sending request via socket...
  [ComfyUI] [SubprocessWorker] sending request via socket...
  [ComfyUI] [SubprocessWorker] call_id=7 sending call_method
  [ComfyUI] [SubprocessWorker] call_id=7 sending call_method
  [ComfyUI] [worker:ComfyUI-GeometryPack] INFO: Layout: side_by_side, Mode: fields
  [ComfyUI] [worker:ComfyUI-GeometryPack] INFO: Layout: side_by_side, Mode: fields
  [ComfyUI] [worker:ComfyUI-GeometryPack] INFO: Mesh 1: Mesh - 1851 vertices, 3698 faces
  [ComfyUI] [worker:ComfyUI-GeometryPack] INFO: Mesh 1: Mesh - 1851 vertices, 3698 faces
  [ComfyUI] [worker:ComfyUI-GeometryPack] INFO: Mesh 2: Mesh - 2883176 vertices, 6007368 faces
  [ComfyUI] [worker:ComfyUI-GeometryPack] INFO: Mesh 2: Mesh - 2883176 vertices, 6007368 faces
  [ComfyUI] [worker:ComfyUI-GeometryPack] INFO: Mesh 1 fields: ['face.stl']
  [ComfyUI] [worker:ComfyUI-GeometryPack] INFO: Mesh 1 fields: ['face.stl']
  [ComfyUI] [worker:ComfyUI-GeometryPack] INFO: Mesh 2 fields: []
  [ComfyUI] [worker:ComfyUI-GeometryPack] INFO: Mesh 2 fields: []
  [ComfyUI] [worker:ComfyUI-GeometryPack] INFO: Common fields: []
  [ComfyUI] [worker:ComfyUI-GeometryPack] INFO: Common fields: []
  [ComfyUI] [worker:ComfyUI-GeometryPack] INFO: Mesh 1 visual: kind=None, texture=False, vertex_colors=False
  [ComfyUI] [worker:ComfyUI-GeometryPack] INFO: Mesh 1 visual: kind=None, texture=False, vertex_colors=False
  [ComfyUI] [worker:ComfyUI-GeometryPack] INFO: Mesh 2 visual: kind=None, texture=False, vertex_colors=False
  [ComfyUI] [worker:ComfyUI-GeometryPack] INFO: Mesh 2 visual: kind=None, texture=False, vertex_colors=False
  [ComfyUI] [worker:ComfyUI-GeometryPack] INFO: Exporting mesh to VTP: C:\workspaces\TRELLIS2-0556\portable-comfyui\ComfyUI_windows_portable\ComfyUI\output\preview_dual_1_93a465bc.vtp
  [ComfyUI] [worker:ComfyUI-GeometryPack] INFO: Exporting mesh to VTP: C:\workspaces\TRELLIS2-0556\portable-comfyui\ComfyUI_windows_portable\ComfyUI\output\preview_dual_1_93a465bc.vtp
  [ComfyUI] [worker:ComfyUI-GeometryPack] INFO: Adding normals field (1851 vertices)
  [ComfyUI] [worker:ComfyUI-GeometryPack] INFO: Adding normals field (1851 vertices)
  [ComfyUI] [worker:ComfyUI-GeometryPack] INFO: Adding face field: stl
  [ComfyUI] [worker:ComfyUI-GeometryPack] INFO: Adding face field: stl
  [ComfyUI] [worker:ComfyUI-GeometryPack] INFO: Export complete: 1851 vertices, 3698 faces
  [ComfyUI] [worker:ComfyUI-GeometryPack] INFO: Export complete: 1851 vertices, 3698 faces
  [ComfyUI] [worker:ComfyUI-GeometryPack] INFO: Exported VTP with fields: C:\workspaces\TRELLIS2-0556\portable-comfyui\ComfyUI_windows_portable\ComfyUI\output\preview_dual_1_93a465bc.vtp
  [ComfyUI] [worker:ComfyUI-GeometryPack] INFO: Exported VTP with fields: C:\workspaces\TRELLIS2-0556\portable-comfyui\ComfyUI_windows_portable\ComfyUI\output\preview_dual_1_93a465bc.vtp
  [ComfyUI] [worker:ComfyUI-GeometryPack] INFO: Exported STL: C:\workspaces\TRELLIS2-0556\portable-comfyui\ComfyUI_windows_portable\ComfyUI\output\preview_dual_2_93a465bc.stl
  [ComfyUI] [worker:ComfyUI-GeometryPack] INFO: Exported STL: C:\workspaces\TRELLIS2-0556\portable-comfyui\ComfyUI_windows_portable\ComfyUI\output\preview_dual_2_93a465bc.stl
  [capture-loop] iter=1550 t=180.4s state={'complete': False, 'error': None, 'executedCount': 0, 'wsState': 1} eval_ms=4 ram=15.9/31.9GB (50%) swap=0.8/12.3GB (7%) cpu=7% browser_rss=0.48GB
  [ComfyUI] [worker:ComfyUI-GeometryPack] INFO: Preview ready
  [ComfyUI] [worker:ComfyUI-GeometryPack] INFO: Preview ready
  [ComfyUI] [SubprocessWorker] got response: ok
  [ComfyUI] [SubprocessWorker] got response: ok
  [ComfyUI] [comfy-env] GeomPackPreviewMeshDual done (14.63s): result: NodeOutput
  [ComfyUI] [comfy-env] GeomPackPreviewMeshDual done (14.63s): result: NodeOutput
  [ComfyUI] [VRAM] After GeomPackPreviewMeshDual: 1042 / 12287 MB
  [ComfyUI] [VRAM] After GeomPackPreviewMeshDual: 1042 / 12287 MB
  [ComfyUI] [VRAM] Loaded: SubprocessModel (0 MB), SubprocessModel (0 MB), SubprocessModel (0 MB), SubprocessModel (0 MB)
  [ComfyUI] [VRAM] Loaded: SubprocessModel (0 MB), SubprocessModel (0 MB), SubprocessModel (0 MB), SubprocessModel (0 MB)
  [ComfyUI] Prompt executed in 184.22 seconds
  [ComfyUI] Prompt executed in 184.22 seconds
  Node executed (1 total), capturing...
  Frame 28 saved (frame_027.jpg, t=184.6s)
  [capture-node] freeze=4ms shot=93ms unfreeze=0ms saved=True
  Execution complete (t=184.6s)
  Captured 28 unique frames over 184.72s
  [debug] iframes: 1
  [debug]   iframe[0]: src=http://127.0.0.1:41891/extensions/ComfyUI-GeometryPack/viewer_dual.html?v=177821, canvas=0x0, rafFrozen=False
  [timing] trigger_3d_previews: 0.0s
  Saved high-quality screenshot: refinement_executed.png
  [timing] final_screenshot: 2.7s
    Captured 29 video frames