  [ComfyUI] [comfy-env] [VRAM] Before offload 'SLatFlowModel_4' (2464 MB) -> cpu: 1042 / 12287 MB
  [ComfyUI] [comfy-env] [VRAM] Before offload 'SLatFlowModel_4' (2464 MB) -> cpu: 1042 / 12287 MB
Capturing execution frames: remove_background.json
  [ComfyUI] [ComfyUI-TRELLIS2] Health check: ping (timeout=5.0s)...
  [ComfyUI] [ComfyUI-TRELLIS2] Health check: ping (timeout=5.0s)...
  [ComfyUI] [ComfyUI-TRELLIS2] Health check: failed
  [ComfyUI] [ComfyUI-TRELLIS2] Health check: failed
  [ComfyUI] [ComfyUI-TRELLIS2] Socket unhealthy, restarting worker...
  [ComfyUI] [ComfyUI-TRELLIS2] Socket unhealthy, restarting worker...
  [ComfyUI] [comfy-env] Invalidated 4 stale model patchers (will be cleaned up during next unload)
  [ComfyUI] [comfy-env] Invalidated 4 stale model patchers (will be cleaned up during next unload)
  [ComfyUI] [ComfyUI-TRELLIS2] python: C:\workspaces\TRELLIS2-0556\portable-comfyui\ComfyUI_windows_portable\ComfyUI\.ce\.pixi\envs\trellis2-nodes\python.exe
  [ComfyUI] [ComfyUI-TRELLIS2] python: C:\workspaces\TRELLIS2-0556\portable-comfyui\ComfyUI_windows_portable\ComfyUI\.ce\.pixi\envs\trellis2-nodes\python.exe
  [ComfyUI] [comfy-env] trellis2-nodes: Library/bin has 235 DLLs
  [ComfyUI] [comfy-env] trellis2-nodes: Library/bin has 235 DLLs
  [ComfyUI] [ComfyUI-TRELLIS2] sys_path sent to worker: ['C:\\workspaces\\TRELLIS2-0556\\portable-comfyui\\ComfyUI_windows_portable\\ComfyUI', 'C:\\workspaces\\TRELLIS2-0556\\portable-comfyui\\ComfyUI_windows_portable\\ComfyUI\\custom_nodes\\ComfyUI-TRELLIS2', 'C:\\workspaces\\TRELLIS2-0556\\portable-comfyui\\ComfyUI_windows_portable\\ComfyUI\\.ce\\.pixi\\envs\\trellis2-nodes\\Lib\\site-packages', 'C:\\workspaces\\TRELLIS2-0556\\portable-comfyui\\ComfyUI_windows_portable\\ComfyUI\\custom_nodes\\ComfyUI-TRELLIS2']
  [ComfyUI] [ComfyUI-TRELLIS2] sys_path sent to worker: ['C:\\workspaces\\TRELLIS2-0556\\portable-comfyui\\ComfyUI_windows_portable\\ComfyUI', 'C:\\workspaces\\TRELLIS2-0556\\portable-comfyui\\ComfyUI_windows_portable\\ComfyUI\\custom_nodes\\ComfyUI-TRELLIS2', 'C:\\workspaces\\TRELLIS2-0556\\portable-comfyui\\ComfyUI_windows_portable\\ComfyUI\\.ce\\.pixi\\envs\\trellis2-nodes\\Lib\\site-packages', 'C:\\workspaces\\TRELLIS2-0556\\portable-comfyui\\ComfyUI_windows_portable\\ComfyUI\\custom_nodes\\ComfyUI-TRELLIS2']
  [ComfyUI] [SubprocessWorker] is_pixi=True, python=C:\workspaces\TRELLIS2-0556\portable-comfyui\ComfyUI_windows_portable\ComfyUI\.ce\.pixi\envs\trellis2-nodes\python.exe
  [ComfyUI] [SubprocessWorker] is_pixi=True, python=C:\workspaces\TRELLIS2-0556\portable-comfyui\ComfyUI_windows_portable\ComfyUI\.ce\.pixi\envs\trellis2-nodes\python.exe
  [ComfyUI] [SubprocessWorker] launching cmd=['C:\\Users\\ContainerAdministrator\\.pixi\\bin\\pixi.exe', 'run', '--as-is', '--manifest-path', 'C:\\workspaces\\TRELLIS2-0556\\portable-comfyui\\ComfyUI_windows_portable\\ComfyUI\\.ce\\pixi.toml', '-e', 'trellis2-nodes', 'python', 'C:\\Users\\ContainerAdministrator\\AppData\\Local\\Temp\\comfyui_pvenv_3g3nrpe9\\persistent_worker.py', 'tcp://127.0.0.1:54107']...
  [ComfyUI] [SubprocessWorker] launching cmd=['C:\\Users\\ContainerAdministrator\\.pixi\\bin\\pixi.exe', 'run', '--as-is', '--manifest-path', 'C:\\workspaces\\TRELLIS2-0556\\portable-comfyui\\ComfyUI_windows_portable\\ComfyUI\\.ce\\pixi.toml', '-e', 'trellis2-nodes', 'python', 'C:\\Users\\ContainerAdministrator\\AppData\\Local\\Temp\\comfyui_pvenv_3g3nrpe9\\persistent_worker.py', 'tcp://127.0.0.1:54107']...
  [ComfyUI] [SubprocessWorker] call_id=64 sending model_to_device
  [ComfyUI] [SubprocessWorker] call_id=64 sending model_to_device
  [ComfyUI] Model 'SLatFlowModel_4' gone from worker (restarted?), treating as offloaded
  [ComfyUI] Model 'SLatFlowModel_4' gone from worker (restarted?), treating as offloaded
  [ComfyUI] [comfy-env] [VRAM] After offload 'SLatFlowModel_4' (2464 MB): 1042 / 12287 MB
  [ComfyUI] [comfy-env] [VRAM] After offload 'SLatFlowModel_4' (2464 MB): 1042 / 12287 MB
  [ComfyUI] [comfy-env] [VRAM] Before offload 'DINOv3ViT_2' (1156 MB) -> cpu: 1042 / 12287 MB
  [ComfyUI] [comfy-env] [VRAM] Before offload 'DINOv3ViT_2' (1156 MB) -> cpu: 1042 / 12287 MB
  [ComfyUI] [ComfyUI-TRELLIS2] Health check: ping (timeout=5.0s)...
  [ComfyUI] [ComfyUI-TRELLIS2] Health check: ping (timeout=5.0s)...
  [ComfyUI] [ComfyUI-TRELLIS2] Health check: ok
  [ComfyUI] [ComfyUI-TRELLIS2] Health check: ok
  [ComfyUI] [SubprocessWorker] call_id=65 sending model_to_device
  [ComfyUI] [SubprocessWorker] call_id=65 sending model_to_device
  [ComfyUI] Model 'DINOv3ViT_2' gone from worker (restarted?), treating as offloaded
  [ComfyUI] Model 'DINOv3ViT_2' gone from worker (restarted?), treating as offloaded
  [ComfyUI] [comfy-env] [VRAM] After offload 'DINOv3ViT_2' (1156 MB): 1042 / 12287 MB
  [ComfyUI] [comfy-env] [VRAM] After offload 'DINOv3ViT_2' (1156 MB): 1042 / 12287 MB
  [ComfyUI] [comfy-env] [VRAM] Before offload 'FlexiDualGridVaeDecoder_3' (904 MB) -> cpu: 1042 / 12287 MB
  [ComfyUI] [comfy-env] [VRAM] Before offload 'FlexiDualGridVaeDecoder_3' (904 MB) -> cpu: 1042 / 12287 MB
  [ComfyUI] [ComfyUI-TRELLIS2] Health check: ping (timeout=5.0s)...
  [ComfyUI] [ComfyUI-TRELLIS2] Health check: ping (timeout=5.0s)...
  [ComfyUI] [ComfyUI-TRELLIS2] Health check: ok
  [ComfyUI] [ComfyUI-TRELLIS2] Health check: ok
  [ComfyUI] [SubprocessWorker] call_id=66 sending model_to_device
  [ComfyUI] [SubprocessWorker] call_id=66 sending model_to_device
  [ComfyUI] Model 'FlexiDualGridVaeDecoder_3' gone from worker (restarted?), treating as offloaded
  [ComfyUI] Model 'FlexiDualGridVaeDecoder_3' gone from worker (restarted?), treating as offloaded
  [ComfyUI] [comfy-env] [VRAM] After offload 'FlexiDualGridVaeDecoder_3' (904 MB): 1042 / 12287 MB
  [ComfyUI] [comfy-env] [VRAM] After offload 'FlexiDualGridVaeDecoder_3' (904 MB): 1042 / 12287 MB
  [ComfyUI] [comfy-env] [VRAM] Before offload 'FlexiDualGridVaeEncoder_1' (675 MB) -> cpu: 1042 / 12287 MB
  [ComfyUI] [comfy-env] [VRAM] Before offload 'FlexiDualGridVaeEncoder_1' (675 MB) -> cpu: 1042 / 12287 MB
  [ComfyUI] [ComfyUI-TRELLIS2] Health check: ping (timeout=5.0s)...
  [ComfyUI] [ComfyUI-TRELLIS2] Health check: ping (timeout=5.0s)...
  [ComfyUI] [ComfyUI-TRELLIS2] Health check: ok
  [ComfyUI] [ComfyUI-TRELLIS2] Health check: ok
  [ComfyUI] [SubprocessWorker] call_id=67 sending model_to_device
  [ComfyUI] [SubprocessWorker] call_id=67 sending model_to_device
  [ComfyUI] Model 'FlexiDualGridVaeEncoder_1' gone from worker (restarted?), treating as offloaded
  [ComfyUI] Model 'FlexiDualGridVaeEncoder_1' gone from worker (restarted?), treating as offloaded
  [ComfyUI] [comfy-env] [VRAM] After offload 'FlexiDualGridVaeEncoder_1' (675 MB): 1042 / 12287 MB
  [ComfyUI] [comfy-env] [VRAM] After offload 'FlexiDualGridVaeEncoder_1' (675 MB): 1042 / 12287 MB
  Frame 1 saved (frame_000.jpg, t=0.0s)
  Validating workflow...
  [ComfyUI] === /validate endpoint called ===
  [ComfyUI] === /validate endpoint called ===
  Queuing workflow for execution...
  [ComfyUI] Received JSON with keys: ['prompt']
  [ComfyUI] Received JSON with keys: ['prompt']
  [ComfyUI] Prompt has 10 nodes
  [ComfyUI] Prompt has 10 nodes
  [ComfyUI]   Node 1: LoadImage
  [ComfyUI]   Node 1: LoadImage
  [ComfyUI]     Inputs: {"image": "bike.webp"}
  [ComfyUI]     Inputs: {"image": "bike.webp"}
  [ComfyUI]   Node 10: MaskPreview
  [ComfyUI]   Node 10: MaskPreview
  [ComfyUI]     Inputs: {"mask": ["81", 1]}
  [ComfyUI]     Inputs: {"mask": ["81", 1]}
  [ComfyUI]   Node 69: Trellis2RemoveBackground
  [ComfyUI]   Node 69: Trellis2RemoveBackground
  [ComfyUI]     Inputs: {"low_vram": true, "image": ["1", 0]}
  [ComfyUI]     Inputs: {"low_vram": true, "image": ["1", 0]}
  [ComfyUI]   Node 76: LoadTrellis2Models
  [ComfyUI]   Node 76: LoadTrellis2Models
  [ComfyUI]     Inputs: {"resolution": "512", "precision": "auto", "attn_backend": "auto"}
  [ComfyUI]     Inputs: {"resolution": "512", "precision": "auto", "attn_backend": "auto"}
  [ComfyUI]   Node 77: Trellis2GetConditioning
  [ComfyUI]   Node 77: Trellis2GetConditioning
  [ComfyUI]     Inputs: {"background_color": "black", "model_config": ["76", 0], "image": ["81", 0], "mask": ["81", 1]}
  [ComfyUI]     Inputs: {"background_color": "black", "model_config": ["76", 0], "image": ["81", 0], "mask": ["81", 1]}
  [ComfyUI]   Node 81: Trellis2RemoveBackground
  [ComfyUI]   Node 81: Trellis2RemoveBackground
  [ComfyUI]     Inputs: {"low_vram": true, "image": ["1", 0]}
  [ComfyUI]     Inputs: {"low_vram": true, "image": ["1", 0]}
  [ComfyUI]   Node 91: Trellis2ImageToShape
  [ComfyUI]   Node 91: Trellis2ImageToShape
  [ComfyUI]     Inputs: {"seed": 613541713, "ss_guidance_strength": 6.5, "ss_guidance_rescale": 0.05, "ss_sampling_steps": 12, "shape_guidance_strength": 6.5, "shape_guidance_rescale": 0.05, "shape_sampling_steps": 12, "max_
  [ComfyUI]     Inputs: {"seed": 613541713, "ss_guidance_strength": 6.5, "ss_guidance_rescale": 0.05, "ss_sampling_steps": 12, "shape_guidance_strength": 6.5, "shape_guidance_rescale": 0.05, "shape_sampling_steps": 12, "max_
  [ComfyUI]   Node 94: GeomPackPreviewMeshVTK
  [ComfyUI]   Node 94: GeomPackPreviewMeshVTK
  [ComfyUI]     Inputs: {"mode": "fields", "preview_vtk": "{\"show_edges\":false,\"camera_state\":\"\",\"selected_field\":\"\",\"selected_channel\":\"magnitude\",\"selected_colormap\":\"erdc_rainbow_bright\"}", "trimesh": ["
  [ComfyUI]     Inputs: {"mode": "fields", "preview_vtk": "{\"show_edges\":false,\"camera_state\":\"\",\"selected_field\":\"\",\"selected_channel\":\"magnitude\",\"selected_colormap\":\"erdc_rainbow_bright\"}", "trimesh": ["
  [ComfyUI]   Node 96: Trellis2ShapeToTexturedMesh
  [ComfyUI]   Node 96: Trellis2ShapeToTexturedMesh
  [ComfyUI]     Inputs: {"seed": 1478027007, "tex_guidance_strength": 3, "tex_guidance_rescale": 0.2, "tex_sampling_steps": 12, "model_config": ["76", 0], "conditioning": ["77", 0], "shape_slat": ["91", 1], "subs": ["91", 2]
  [ComfyUI]     Inputs: {"seed": 1478027007, "tex_guidance_strength": 3, "tex_guidance_rescale": 0.2, "tex_sampling_steps": 12, "model_config": ["76", 0], "conditioning": ["77", 0], "shape_slat": ["91", 1], "subs": ["91", 2]
  [ComfyUI]   Node 97: Trellis2ProcessMesh
  [ComfyUI]   Node 97: Trellis2ProcessMesh
  [ComfyUI]     Inputs: {"remesh": "on", "remesh.remesh_band": 1, "remesh.remove_inner_faces": true, "target_face_count": 500000, "floater_threshold": 0.001, "weld_vertices": true, "weld_digits": 4, "chart_cone_angle": 90, "
  [ComfyUI]     Inputs: {"remesh": "on", "remesh.remesh_band": 1, "remesh.remove_inner_faces": true, "target_face_count": 500000, "floater_threshold": 0.001, "weld_vertices": true, "weld_digits": 4, "chart_cone_angle": 90, "
  [ComfyUI] Generated prompt_id: 1402da02-2413-4292-8730-2338875edba1
  [ComfyUI] Generated prompt_id: 1402da02-2413-4292-8730-2338875edba1
  [ComfyUI] Calling execution.validate_prompt()...
  [ComfyUI] Calling execution.validate_prompt()...
  [ComfyUI] Validation result: valid=True
  [ComfyUI] Validation result: valid=True
  [ComfyUI] === Validation PASSED ===
  [ComfyUI] === Validation PASSED ===
  [ComfyUI] got prompt
  [ComfyUI] got prompt
  [ComfyUI] [comfy-env] Running Trellis2RemoveBackground: low_vram: True, image: torch.float32 [1,2560,3840,3] cpu
  [ComfyUI] [comfy-env] Running Trellis2RemoveBackground: low_vram: True, image: torch.float32 [1,2560,3840,3] cpu
  [ComfyUI] [VRAM] Before Trellis2RemoveBackground: 1042 / 12287 MB
  [ComfyUI] [VRAM] Before Trellis2RemoveBackground: 1042 / 12287 MB
  [ComfyUI] [SubprocessWorker] call_method: nodes.nodes_inference.Trellis2RemoveBackground.EXECUTE_NORMALIZED
  [ComfyUI] [SubprocessWorker] call_method: nodes.nodes_inference.Trellis2RemoveBackground.EXECUTE_NORMALIZED
  [ComfyUI] [SubprocessWorker] acquired lock, ensuring started...
  [ComfyUI] [SubprocessWorker] acquired lock, ensuring started...
  [ComfyUI] [ComfyUI-TRELLIS2] Health check: ping (timeout=5.0s)...
  [ComfyUI] [ComfyUI-TRELLIS2] Health check: ping (timeout=5.0s)...
  [ComfyUI] [ComfyUI-TRELLIS2] Health check: ok
  [ComfyUI] [ComfyUI-TRELLIS2] Health check: ok
  [ComfyUI] [SubprocessWorker] worker started/confirmed
  [ComfyUI] [SubprocessWorker] worker started/confirmed
  [ComfyUI] [comfy-env] PRE-SERIALIZE 'image' shape: torch.Size([1, 2560, 3840, 3])
  [ComfyUI] [comfy-env] PRE-SERIALIZE 'image' shape: torch.Size([1, 2560, 3840, 3])
  [ComfyUI] [SubprocessWorker] serializing kwargs to shm...
  [ComfyUI] [SubprocessWorker] serializing kwargs to shm...
  [ComfyUI] [SubprocessWorker] created 0 shm blocks
  [ComfyUI] [SubprocessWorker] created 0 shm blocks
  [ComfyUI] [SubprocessWorker] sending request via socket...
  [ComfyUI] [SubprocessWorker] sending request via socket...
  [ComfyUI] [SubprocessWorker] call_id=68 sending call_method
  [ComfyUI] [SubprocessWorker] call_id=68 sending call_method
  [ComfyUI] [worker:ComfyUI-TRELLIS2] [comfy-env] _from_shm got dict with keys: ['__type__', 'strategy', 'manager_path', 'storage_key', 'storage_size']
  [ComfyUI] [worker:ComfyUI-TRELLIS2] [comfy-env] _from_shm got dict with keys: ['__type__', 'strategy', 'manager_path', 'storage_key', 'storage_size']
  [ComfyUI] [worker:ComfyUI-TRELLIS2] [comfy-env] DESERIALIZE TensorRef: tensor_size=[1, 2560, 3840, 3]
  [ComfyUI] [worker:ComfyUI-TRELLIS2] [comfy-env] DESERIALIZE TensorRef: tensor_size=[1, 2560, 3840, 3]
  [ComfyUI] [worker:ComfyUI-TRELLIS2] [comfy-env] DESERIALIZED tensor shape: torch.Size([1, 2560, 3840, 3])
  [ComfyUI] [worker:ComfyUI-TRELLIS2] [comfy-env] DESERIALIZED tensor shape: torch.Size([1, 2560, 3840, 3])
  Frame 2 saved (frame_001.jpg, t=2.3s)
  [capture-periodic] freeze=3ms shot=95ms unfreeze=4ms saved=True
  Frame 3 saved (frame_002.jpg, t=4.5s)
  [capture-periodic] freeze=3ms shot=94ms unfreeze=3ms saved=True
  [capture-loop] iter=50 t=6.0s state={'complete': False, 'error': None, 'executedCount': 0, 'wsState': 1} eval_ms=4 ram=8.4/31.9GB (26%) swap=0.8/12.3GB (7%) cpu=6% browser_rss=0.91GB
  [ComfyUI] A new version of the following files was downloaded from https://huggingface.co/ZhengPeng7/BiRefNet:
  [ComfyUI] A new version of the following files was downloaded from https://huggingface.co/ZhengPeng7/BiRefNet:
  [ComfyUI] - BiRefNet_config.py
  [ComfyUI] - BiRefNet_config.py
  [ComfyUI] . Make sure to double-check they do not contain any added malicious code. To avoid downloading new versions of the code file, you can pin a revision.
  [ComfyUI] . Make sure to double-check they do not contain any added malicious code. To avoid downloading new versions of the code file, you can pin a revision.
  [ComfyUI] A new version of the following files was downloaded from https://huggingface.co/ZhengPeng7/BiRefNet:
  [ComfyUI] A new version of the following files was downloaded from https://huggingface.co/ZhengPeng7/BiRefNet:
  [ComfyUI] - birefnet.py
  [ComfyUI] - birefnet.py
  [ComfyUI] . Make sure to double-check they do not contain any added malicious code. To avoid downloading new versions of the code file, you can pin a revision.
  [ComfyUI] . Make sure to double-check they do not contain any added malicious code. To avoid downloading new versions of the code file, you can pin a revision.
  [capture-loop] iter=100 t=11.8s state={'complete': False, 'error': None, 'executedCount': 0, 'wsState': 1} eval_ms=4 ram=8.5/31.9GB (27%) swap=0.8/12.3GB (6%) cpu=4% browser_rss=0.90GB
  [ComfyUI] C:\workspaces\TRELLIS2-0556\portable-comfyui\ComfyUI_windows_portable\ComfyUI\.ce\.pixi\envs\trellis2-nodes\Lib\site-packages\torch\nn\modules\module.py:1370: UserWarning: expandable_segments not supported on this platform (Triggered internally at C:\actions-runner\_work\pytorch\pytorch\pytorch\c10/cuda/CUDAAllocatorConfig.h:39.)
  [ComfyUI] C:\workspaces\TRELLIS2-0556\portable-comfyui\ComfyUI_windows_portable\ComfyUI\.ce\.pixi\envs\trellis2-nodes\Lib\site-packages\torch\nn\modules\module.py:1370: UserWarning: expandable_segments not supported on this platform (Triggered internally at C:\actions-runner\_work\pytorch\pytorch\pytorch\c10/cuda/CUDAAllocatorConfig.h:39.)
  [ComfyUI]   return t.to(
  [ComfyUI]   return t.to(
  [ComfyUI] [worker:ComfyUI-TRELLIS2] [VRAM] +286MB (now 286MB) reserved=328MB peak=286MB
  [ComfyUI] [worker:ComfyUI-TRELLIS2] [VRAM] +286MB (now 286MB) reserved=328MB peak=286MB
  [capture-loop] iter=150 t=17.5s state={'complete': False, 'error': None, 'executedCount': 0, 'wsState': 1} eval_ms=5 ram=8.7/31.9GB (27%) swap=0.8/12.3GB (6%) cpu=21% browser_rss=0.90GB
  [ComfyUI] [worker:ComfyUI-TRELLIS2] [VRAM] +1308MB (now 1595MB) reserved=1972MB peak=1595MB
  [ComfyUI] [worker:ComfyUI-TRELLIS2] [VRAM] +1308MB (now 1595MB) reserved=1972MB peak=1595MB
  [ComfyUI] [worker:ComfyUI-TRELLIS2] [VRAM] -886MB (now 710MB) reserved=4634MB peak=2241MB
  [ComfyUI] [worker:ComfyUI-TRELLIS2] [VRAM] -886MB (now 710MB) reserved=4634MB peak=2241MB
  [ComfyUI] [SubprocessWorker] got response: ok
  [ComfyUI] [SubprocessWorker] got response: ok
  [ComfyUI] [comfy-env] [VRAM] Before offload 'SLatFlowModel_4' (2464 MB) -> cpu: 1042 / 12287 MB
  [ComfyUI] [comfy-env] [VRAM] Before offload 'SLatFlowModel_4' (2464 MB) -> cpu: 1042 / 12287 MB
  [ComfyUI] [ComfyUI-TRELLIS2] Health check: ping (timeout=5.0s)...
  [ComfyUI] [ComfyUI-TRELLIS2] Health check: ping (timeout=5.0s)...
  [ComfyUI] [ComfyUI-TRELLIS2] Health check: ok
  [ComfyUI] [ComfyUI-TRELLIS2] Health check: ok
  [ComfyUI] [SubprocessWorker] call_id=69 sending model_to_device
  [ComfyUI] [SubprocessWorker] call_id=69 sending model_to_device
  [ComfyUI] Model 'SLatFlowModel_4' gone from worker (restarted?), treating as offloaded
  [ComfyUI] Model 'SLatFlowModel_4' gone from worker (restarted?), treating as offloaded
  [ComfyUI] [comfy-env] [VRAM] After offload 'SLatFlowModel_4' (2464 MB): 1042 / 12287 MB
  [ComfyUI] [comfy-env] [VRAM] After offload 'SLatFlowModel_4' (2464 MB): 1042 / 12287 MB
  [ComfyUI] [comfy-env] [VRAM] Before offload 'FlexiDualGridVaeDecoder_3' (904 MB) -> cpu: 1042 / 12287 MB
  [ComfyUI] [comfy-env] [VRAM] Before offload 'FlexiDualGridVaeDecoder_3' (904 MB) -> cpu: 1042 / 12287 MB
  [ComfyUI] [ComfyUI-TRELLIS2] Health check: ping (timeout=5.0s)...
  [ComfyUI] [ComfyUI-TRELLIS2] Health check: ping (timeout=5.0s)...
  [ComfyUI] [ComfyUI-TRELLIS2] Health check: ok
  [ComfyUI] [ComfyUI-TRELLIS2] Health check: ok
  [ComfyUI] [SubprocessWorker] call_id=70 sending model_to_device
  [ComfyUI] [SubprocessWorker] call_id=70 sending model_to_device
  [ComfyUI] Model 'FlexiDualGridVaeDecoder_3' gone from worker (restarted?), treating as offloaded
  [ComfyUI] Model 'FlexiDualGridVaeDecoder_3' gone from worker (restarted?), treating as offloaded
  [ComfyUI] [comfy-env] [VRAM] After offload 'FlexiDualGridVaeDecoder_3' (904 MB): 1042 / 12287 MB
  [ComfyUI] [comfy-env] [VRAM] After offload 'FlexiDualGridVaeDecoder_3' (904 MB): 1042 / 12287 MB
  [ComfyUI] [comfy-env] [VRAM] Before offload 'DINOv3ViT_2' (1156 MB) -> cpu: 1042 / 12287 MB
  [ComfyUI] [comfy-env] [VRAM] Before offload 'DINOv3ViT_2' (1156 MB) -> cpu: 1042 / 12287 MB
  [ComfyUI] [ComfyUI-TRELLIS2] Health check: ping (timeout=5.0s)...
  [ComfyUI] [ComfyUI-TRELLIS2] Health check: ping (timeout=5.0s)...
  [ComfyUI] [ComfyUI-TRELLIS2] Health check: ok
  [ComfyUI] [ComfyUI-TRELLIS2] Health check: ok
  [ComfyUI] [SubprocessWorker] call_id=71 sending model_to_device
  [ComfyUI] [SubprocessWorker] call_id=71 sending model_to_device
  [ComfyUI] Model 'DINOv3ViT_2' gone from worker (restarted?), treating as offloaded
  [ComfyUI] Model 'DINOv3ViT_2' gone from worker (restarted?), treating as offloaded
  [ComfyUI] [comfy-env] [VRAM] After offload 'DINOv3ViT_2' (1156 MB): 1042 / 12287 MB
  [ComfyUI] [comfy-env] [VRAM] After offload 'DINOv3ViT_2' (1156 MB): 1042 / 12287 MB
  [ComfyUI] [comfy-env] [VRAM] Before offload 'FlexiDualGridVaeEncoder_1' (675 MB) -> cpu: 1042 / 12287 MB
  [ComfyUI] [comfy-env] [VRAM] Before offload 'FlexiDualGridVaeEncoder_1' (675 MB) -> cpu: 1042 / 12287 MB
  [ComfyUI] [ComfyUI-TRELLIS2] Health check: ping (timeout=5.0s)...
  [ComfyUI] [ComfyUI-TRELLIS2] Health check: ping (timeout=5.0s)...
  [ComfyUI] [ComfyUI-TRELLIS2] Health check: ok
  [ComfyUI] [ComfyUI-TRELLIS2] Health check: ok
  [ComfyUI] [SubprocessWorker] call_id=72 sending model_to_device
  [ComfyUI] [SubprocessWorker] call_id=72 sending model_to_device
  [ComfyUI] Model 'FlexiDualGridVaeEncoder_1' gone from worker (restarted?), treating as offloaded
  [ComfyUI] Model 'FlexiDualGridVaeEncoder_1' gone from worker (restarted?), treating as offloaded
  [ComfyUI] [comfy-env] [VRAM] After offload 'FlexiDualGridVaeEncoder_1' (675 MB): 1042 / 12287 MB
  [ComfyUI] [comfy-env] [VRAM] After offload 'FlexiDualGridVaeEncoder_1' (675 MB): 1042 / 12287 MB
  [ComfyUI] [comfy-env] Created 1 model patchers: ['BiRefNet_1']
  [ComfyUI] [comfy-env] Created 1 model patchers: ['BiRefNet_1']
  [ComfyUI] [comfy-env] Trellis2RemoveBackground done (19.01s): result: NodeOutput
  [ComfyUI] [comfy-env] Trellis2RemoveBackground done (19.01s): result: NodeOutput
  [ComfyUI] [VRAM] After Trellis2RemoveBackground: 1042 / 12287 MB
  [ComfyUI] [VRAM] After Trellis2RemoveBackground: 1042 / 12287 MB
  [ComfyUI] [VRAM] Loaded: SubprocessModel (0 MB)
  [ComfyUI] [VRAM] Loaded: SubprocessModel (0 MB)
  Frame 4 saved (frame_003.jpg, t=20.0s)
  [capture-periodic] freeze=3ms shot=98ms unfreeze=3ms saved=True
  [ComfyUI] [comfy-env] Running LoadTrellis2Models: resolution: '512', precision: 'auto', attn_backend: 'auto'
  [ComfyUI] [comfy-env] Running LoadTrellis2Models: resolution: '512', precision: 'auto', attn_backend: 'auto'
  [ComfyUI] [VRAM] Before LoadTrellis2Models: 1042 / 12287 MB
  [ComfyUI] [VRAM] Before LoadTrellis2Models: 1042 / 12287 MB
  [ComfyUI] [VRAM] Loaded: SubprocessModel (0 MB)
  [ComfyUI] [VRAM] Loaded: SubprocessModel (0 MB)
  [ComfyUI] [SubprocessWorker] call_method: nodes.nodes_loader.LoadTrellis2Models.EXECUTE_NORMALIZED
  [ComfyUI] [SubprocessWorker] call_method: nodes.nodes_loader.LoadTrellis2Models.EXECUTE_NORMALIZED
  [ComfyUI] [SubprocessWorker] acquired lock, ensuring started...
  [ComfyUI] [SubprocessWorker] acquired lock, ensuring started...
  [ComfyUI] [ComfyUI-TRELLIS2] Health check: ping (timeout=5.0s)...
  [ComfyUI] [ComfyUI-TRELLIS2] Health check: ping (timeout=5.0s)...
  [ComfyUI] [ComfyUI-TRELLIS2] python: C:\workspaces\TRELLIS2-0556\portable-comfyui\ComfyUI_windows_portable\ComfyUI\.ce\.pixi\envs\trellis2-nodes\python.exe
  [ComfyUI] [ComfyUI-TRELLIS2] python: C:\workspaces\TRELLIS2-0556\portable-comfyui\ComfyUI_windows_portable\ComfyUI\.ce\.pixi\envs\trellis2-nodes\python.exe
  [ComfyUI] [ComfyUI-TRELLIS2] Health check: failed
  [ComfyUI] [ComfyUI-TRELLIS2] Health check: failed
  [ComfyUI] [ComfyUI-TRELLIS2] sys_path sent to worker: ['C:\\workspaces\\TRELLIS2-0556\\portable-comfyui\\ComfyUI_windows_portable\\ComfyUI', 'C:\\workspaces\\TRELLIS2-0556\\portable-comfyui\\ComfyUI_windows_portable\\ComfyUI\\custom_nodes\\ComfyUI-TRELLIS2', 'C:\\workspaces\\TRELLIS2-0556\\portable-comfyui\\ComfyUI_windows_portable\\ComfyUI\\.ce\\.pixi\\envs\\trellis2-nodes\\Lib\\site-packages', 'C:\\workspaces\\TRELLIS2-0556\\portable-comfyui\\ComfyUI_windows_portable\\ComfyUI\\custom_nodes\\ComfyUI-TRELLIS2']
  [ComfyUI] [ComfyUI-TRELLIS2] sys_path sent to worker: ['C:\\workspaces\\TRELLIS2-0556\\portable-comfyui\\ComfyUI_windows_portable\\ComfyUI', 'C:\\workspaces\\TRELLIS2-0556\\portable-comfyui\\ComfyUI_windows_portable\\ComfyUI\\custom_nodes\\ComfyUI-TRELLIS2', 'C:\\workspaces\\TRELLIS2-0556\\portable-comfyui\\ComfyUI_windows_portable\\ComfyUI\\.ce\\.pixi\\envs\\trellis2-nodes\\Lib\\site-packages', 'C:\\workspaces\\TRELLIS2-0556\\portable-comfyui\\ComfyUI_windows_portable\\ComfyUI\\custom_nodes\\ComfyUI-TRELLIS2']
  [ComfyUI] [ComfyUI-TRELLIS2] Socket unhealthy, restarting worker...
  [ComfyUI] [ComfyUI-TRELLIS2] Socket unhealthy, restarting worker...
  [ComfyUI] [SubprocessWorker] is_pixi=True, python=C:\workspaces\TRELLIS2-0556\portable-comfyui\ComfyUI_windows_portable\ComfyUI\.ce\.pixi\envs\trellis2-nodes\python.exe
  [ComfyUI] [SubprocessWorker] is_pixi=True, python=C:\workspaces\TRELLIS2-0556\portable-comfyui\ComfyUI_windows_portable\ComfyUI\.ce\.pixi\envs\trellis2-nodes\python.exe
  [ComfyUI] [comfy-env] Invalidated 1 stale model patchers (will be cleaned up during next unload)
  [ComfyUI] [comfy-env] Invalidated 1 stale model patchers (will be cleaned up during next unload)
  [ComfyUI] [SubprocessWorker] launching cmd=['C:\\Users\\ContainerAdministrator\\.pixi\\bin\\pixi.exe', 'run', '--as-is', '--manifest-path', 'C:\\workspaces\\TRELLIS2-0556\\portable-comfyui\\ComfyUI_windows_portable\\ComfyUI\\.ce\\pixi.toml', '-e', 'trellis2-nodes', 'python', 'C:\\Users\\ContainerAdministrator\\AppData\\Local\\Temp\\comfyui_pvenv_3g3nrpe9\\persistent_worker.py', 'tcp://127.0.0.1:51657']...
  [ComfyUI] [SubprocessWorker] launching cmd=['C:\\Users\\ContainerAdministrator\\.pixi\\bin\\pixi.exe', 'run', '--as-is', '--manifest-path', 'C:\\workspaces\\TRELLIS2-0556\\portable-comfyui\\ComfyUI_windows_portable\\ComfyUI\\.ce\\pixi.toml', '-e', 'trellis2-nodes', 'python', 'C:\\Users\\ContainerAdministrator\\AppData\\Local\\Temp\\comfyui_pvenv_3g3nrpe9\\persistent_worker.py', 'tcp://127.0.0.1:51657']...
  [ComfyUI] [comfy-env] trellis2-nodes: Library/bin has 235 DLLs
  [ComfyUI] [comfy-env] trellis2-nodes: Library/bin has 235 DLLs
  Node executed (1 total), capturing...
  Frame 5 saved (frame_004.jpg, t=20.4s)
  [capture-node] freeze=4ms shot=102ms unfreeze=4ms saved=True
  [capture-loop] iter=200 t=23.7s state={'complete': False, 'error': None, 'executedCount': 1, 'wsState': 1} eval_ms=4 ram=8.4/31.9GB (26%) swap=0.8/12.3GB (6%) cpu=8% browser_rss=0.91GB
  [ComfyUI] [SubprocessWorker] worker started/confirmed
  [ComfyUI] [SubprocessWorker] worker started/confirmed
  [ComfyUI] [SubprocessWorker] serializing kwargs to shm...
  [ComfyUI] [SubprocessWorker] serializing kwargs to shm...
  [ComfyUI] [SubprocessWorker] created 0 shm blocks
  [ComfyUI] [SubprocessWorker] created 0 shm blocks
  [ComfyUI] [SubprocessWorker] sending request via socket...
  [ComfyUI] [SubprocessWorker] sending request via socket...
  [ComfyUI] [SubprocessWorker] call_id=73 sending call_method
  [ComfyUI] [SubprocessWorker] call_id=73 sending call_method
  [ComfyUI] [SubprocessWorker] callback 'report_progress' from call_id=73
  [ComfyUI] [SubprocessWorker] callback 'report_progress' from call_id=73
  [ComfyUI] [SubprocessWorker] callback 'report_progress' from call_id=73
  [ComfyUI] [SubprocessWorker] callback 'report_progress' from call_id=73
  [ComfyUI] [worker:ComfyUI-TRELLIS2] [TRELLIS2] Config loaded: 9 models registered
  [ComfyUI] [worker:ComfyUI-TRELLIS2] [TRELLIS2] Config loaded: 9 models registered
  [ComfyUI] [SubprocessWorker] got response: ok
  [ComfyUI] [SubprocessWorker] got response: ok
  [ComfyUI] [comfy-env] [VRAM] Before offload 'BiRefNet_1' (843 MB) -> cpu: 1042 / 12287 MB
  [ComfyUI] [comfy-env] [VRAM] Before offload 'BiRefNet_1' (843 MB) -> cpu: 1042 / 12287 MB
  [ComfyUI] [ComfyUI-TRELLIS2] Health check: ping (timeout=5.0s)...
  [ComfyUI] [ComfyUI-TRELLIS2] Health check: ping (timeout=5.0s)...
  [ComfyUI] [ComfyUI-TRELLIS2] Health check: ok
  [ComfyUI] [ComfyUI-TRELLIS2] Health check: ok
  [ComfyUI] [SubprocessWorker] call_id=74 sending model_to_device
  [ComfyUI] [SubprocessWorker] call_id=74 sending model_to_device
  [ComfyUI] Model 'BiRefNet_1' gone from worker (restarted?), treating as offloaded
  [ComfyUI] Model 'BiRefNet_1' gone from worker (restarted?), treating as offloaded
  [ComfyUI] [comfy-env] [VRAM] After offload 'BiRefNet_1' (843 MB): 1042 / 12287 MB
  [ComfyUI] [comfy-env] [VRAM] After offload 'BiRefNet_1' (843 MB): 1042 / 12287 MB
  [ComfyUI] [comfy-env] LoadTrellis2Models done (6.05s): result: NodeOutput
  [ComfyUI] [comfy-env] LoadTrellis2Models done (6.05s): result: NodeOutput
  [ComfyUI] [VRAM] After LoadTrellis2Models: 1042 / 12287 MB
  [ComfyUI] [VRAM] After LoadTrellis2Models: 1042 / 12287 MB
  [ComfyUI] [comfy-env] Running Trellis2GetConditioning: background_color: 'black', model_config: dict, image: torch.float32 [1,2560,3840,3] cpu, mask: torch.float32 [1,2560,3840] cpu
  [ComfyUI] [comfy-env] Running Trellis2GetConditioning: background_color: 'black', model_config: dict, image: torch.float32 [1,2560,3840,3] cpu, mask: torch.float32 [1,2560,3840] cpu
  [ComfyUI] [VRAM] Before Trellis2GetConditioning: 1042 / 12287 MB
  [ComfyUI] [VRAM] Before Trellis2GetConditioning: 1042 / 12287 MB
  [ComfyUI] [SubprocessWorker] call_method: nodes.nodes_inference.Trellis2GetConditioning.EXECUTE_NORMALIZED
  [ComfyUI] [SubprocessWorker] call_method: nodes.nodes_inference.Trellis2GetConditioning.EXECUTE_NORMALIZED
  [ComfyUI] [SubprocessWorker] acquired lock, ensuring started...
  [ComfyUI] [SubprocessWorker] acquired lock, ensuring started...
  [ComfyUI] [ComfyUI-TRELLIS2] Health check: ping (timeout=5.0s)...
  [ComfyUI] [ComfyUI-TRELLIS2] Health check: ping (timeout=5.0s)...
  [ComfyUI] [ComfyUI-TRELLIS2] Health check: ok
  [ComfyUI] [ComfyUI-TRELLIS2] Health check: ok
  [ComfyUI] [SubprocessWorker] worker started/confirmed
  [ComfyUI] [SubprocessWorker] worker started/confirmed
  [ComfyUI] [comfy-env] PRE-SERIALIZE 'image' shape: torch.Size([1, 2560, 3840, 3])
  [ComfyUI] [comfy-env] PRE-SERIALIZE 'image' shape: torch.Size([1, 2560, 3840, 3])
  [ComfyUI] [comfy-env] PRE-SERIALIZE 'mask' shape: torch.Size([1, 2560, 3840])
  [ComfyUI] [comfy-env] PRE-SERIALIZE 'mask' shape: torch.Size([1, 2560, 3840])
  [ComfyUI] [SubprocessWorker] serializing kwargs to shm...
  [ComfyUI] [SubprocessWorker] serializing kwargs to shm...
  [ComfyUI] [SubprocessWorker] created 0 shm blocks
  [ComfyUI] [SubprocessWorker] created 0 shm blocks
  [ComfyUI] [SubprocessWorker] sending request via socket...
  [ComfyUI] [SubprocessWorker] sending request via socket...
  [ComfyUI] [SubprocessWorker] call_id=75 sending call_method
  [ComfyUI] [SubprocessWorker] call_id=75 sending call_method
  [ComfyUI] [worker:ComfyUI-TRELLIS2] [comfy-env] _from_shm got dict with keys: ['__type__', 'strategy', 'manager_path', 'storage_key', 'storage_size']
  [ComfyUI] [worker:ComfyUI-TRELLIS2] [comfy-env] _from_shm got dict with keys: ['__type__', 'strategy', 'manager_path', 'storage_key', 'storage_size']
  [ComfyUI] [worker:ComfyUI-TRELLIS2] [comfy-env] DESERIALIZE TensorRef: tensor_size=[1, 2560, 3840, 3]
  [ComfyUI] [worker:ComfyUI-TRELLIS2] [comfy-env] DESERIALIZE TensorRef: tensor_size=[1, 2560, 3840, 3]
  [ComfyUI] [worker:ComfyUI-TRELLIS2] [comfy-env] DESERIALIZED tensor shape: torch.Size([1, 2560, 3840, 3])
  [ComfyUI] [worker:ComfyUI-TRELLIS2] [comfy-env] DESERIALIZED tensor shape: torch.Size([1, 2560, 3840, 3])
  [ComfyUI] [worker:ComfyUI-TRELLIS2] [comfy-env] _from_shm got dict with keys: ['__type__', 'strategy', 'manager_path', 'storage_key', 'storage_size']
  [ComfyUI] [worker:ComfyUI-TRELLIS2] [comfy-env] _from_shm got dict with keys: ['__type__', 'strategy', 'manager_path', 'storage_key', 'storage_size']
  [ComfyUI] [worker:ComfyUI-TRELLIS2] [comfy-env] DESERIALIZE TensorRef: tensor_size=[1, 2560, 3840]
  [ComfyUI] [worker:ComfyUI-TRELLIS2] [comfy-env] DESERIALIZE TensorRef: tensor_size=[1, 2560, 3840]
  [ComfyUI] [worker:ComfyUI-TRELLIS2] [comfy-env] DESERIALIZED tensor shape: torch.Size([1, 2560, 3840])
  [ComfyUI] [worker:ComfyUI-TRELLIS2] [comfy-env] DESERIALIZED tensor shape: torch.Size([1, 2560, 3840])
  Frame 6 saved (frame_005.jpg, t=27.0s)
  [capture-periodic] freeze=3ms shot=99ms unfreeze=3ms saved=True
  [ComfyUI] [SubprocessWorker] callback 'request_vram_budget' from call_id=75
  [ComfyUI] [SubprocessWorker] callback 'request_vram_budget' from call_id=75
  [ComfyUI] [comfy-env] VRAM request: 1.21GB, free before eviction: 11.79GB
  [ComfyUI] [comfy-env] VRAM request: 1.21GB, free before eviction: 11.79GB
  [ComfyUI] [comfy-env] VRAM after eviction: 11.79GB
  [ComfyUI] [comfy-env] VRAM after eviction: 11.79GB
  [ComfyUI] C:\workspaces\TRELLIS2-0556\portable-comfyui\ComfyUI_windows_portable\ComfyUI\.ce\.pixi\envs\trellis2-nodes\Lib\site-packages\torch\nn\modules\module.py:1370: UserWarning: expandable_segments not supported on this platform (Triggered internally at C:\actions-runner\_work\pytorch\pytorch\pytorch\c10/cuda/CUDAAllocatorConfig.h:39.)
  [ComfyUI] C:\workspaces\TRELLIS2-0556\portable-comfyui\ComfyUI_windows_portable\ComfyUI\.ce\.pixi\envs\trellis2-nodes\Lib\site-packages\torch\nn\modules\module.py:1370: UserWarning: expandable_segments not supported on this platform (Triggered internally at C:\actions-runner\_work\pytorch\pytorch\pytorch\c10/cuda/CUDAAllocatorConfig.h:39.)
  [ComfyUI]   return t.to(
  [ComfyUI]   return t.to(
  [ComfyUI] [worker:ComfyUI-TRELLIS2] [VRAM] +432MB (now 432MB) reserved=434MB peak=432MB
  [ComfyUI] [worker:ComfyUI-TRELLIS2] [VRAM] +432MB (now 432MB) reserved=434MB peak=432MB
  [ComfyUI] [worker:ComfyUI-TRELLIS2] [TRELLIS2] DinoV3 conditioning: dtype=torch.bfloat16
  [ComfyUI] [worker:ComfyUI-TRELLIS2] [TRELLIS2] DinoV3 conditioning: dtype=torch.bfloat16
  [ComfyUI] [worker:ComfyUI-TRELLIS2] [comfy.attention_sparse] Dense attention: attention_sage
  [ComfyUI] [worker:ComfyUI-TRELLIS2] [comfy.attention_sparse] Dense attention: attention_sage
  [ComfyUI] [worker:ComfyUI-TRELLIS2] [VRAM] +756MB (now 1188MB) reserved=1226MB peak=1188MB
  [ComfyUI] [worker:ComfyUI-TRELLIS2] [VRAM] +756MB (now 1188MB) reserved=1226MB peak=1188MB
  [ComfyUI] [SubprocessWorker] callback 'report_progress' from call_id=75
  [ComfyUI] [SubprocessWorker] callback 'report_progress' from call_id=75
  [ComfyUI] [SubprocessWorker] callback 'report_progress' from call_id=75
  [ComfyUI] [SubprocessWorker] callback 'report_progress' from call_id=75
  [ComfyUI] [SubprocessWorker] callback 'report_progress' from call_id=75
  [ComfyUI] [SubprocessWorker] callback 'report_progress' from call_id=75
  [capture-loop] iter=250 t=29.6s state={'complete': False, 'error': None, 'executedCount': 1, 'wsState': 1} eval_ms=3 ram=9.4/31.9GB (29%) swap=0.8/12.3GB (6%) cpu=11% browser_rss=0.91GB
  [ComfyUI] [SubprocessWorker] callback 'report_progress' from call_id=75
  [ComfyUI] [SubprocessWorker] callback 'report_progress' from call_id=75
  [ComfyUI] [SubprocessWorker] got response: ok
  [ComfyUI] [SubprocessWorker] got response: ok
  [ComfyUI] [comfy-env] Created 1 model patchers: ['DINOv3ViT_1']
  [ComfyUI] [comfy-env] Created 1 model patchers: ['DINOv3ViT_1']
  [ComfyUI] [comfy-env] Trellis2GetConditioning done (3.84s): result: NodeOutput
  [ComfyUI] [comfy-env] Trellis2GetConditioning done (3.84s): result: NodeOutput
  [ComfyUI] [VRAM] After Trellis2GetConditioning: 1042 / 12287 MB
  [ComfyUI] [VRAM] After Trellis2GetConditioning: 1042 / 12287 MB
  [ComfyUI] [VRAM] Loaded: SubprocessModel (0 MB)
  [ComfyUI] [VRAM] Loaded: SubprocessModel (0 MB)
  [ComfyUI] [comfy-env] Running Trellis2ImageToShape: seed: 613541713, ss_guidance_strength: 6.5, ss_guidance_rescale: 0.05, ss_sampling_steps: 12, shape_guidance_strength: 6.5, shape_guidance_rescale: 0.05, shape_sampling_steps: 12, max_tokens: 49152, model_config: dict, conditioning: dict
  [ComfyUI] [comfy-env] Running Trellis2ImageToShape: seed: 613541713, ss_guidance_strength: 6.5, ss_guidance_rescale: 0.05, ss_sampling_steps: 12, shape_guidance_strength: 6.5, shape_guidance_rescale: 0.05, shape_sampling_steps: 12, max_tokens: 49152, model_config: dict, conditioning: dict
  [ComfyUI] [VRAM] Before Trellis2ImageToShape: 1042 / 12287 MB
  [ComfyUI] [VRAM] Before Trellis2ImageToShape: 1042 / 12287 MB
  [ComfyUI] [VRAM] Loaded: SubprocessModel (0 MB)
  [ComfyUI] [VRAM] Loaded: SubprocessModel (0 MB)
  [ComfyUI] [SubprocessWorker] call_method: nodes.nodes_inference.Trellis2ImageToShape.EXECUTE_NORMALIZED
  [ComfyUI] [SubprocessWorker] call_method: nodes.nodes_inference.Trellis2ImageToShape.EXECUTE_NORMALIZED
  [ComfyUI] [SubprocessWorker] acquired lock, ensuring started...
  [ComfyUI] [SubprocessWorker] acquired lock, ensuring started...
  [ComfyUI] [ComfyUI-TRELLIS2] Health check: ping (timeout=5.0s)...
  [ComfyUI] [ComfyUI-TRELLIS2] Health check: ping (timeout=5.0s)...
  [ComfyUI] [ComfyUI-TRELLIS2] Health check: ok
  [ComfyUI] [ComfyUI-TRELLIS2] Health check: ok
  [ComfyUI] [SubprocessWorker] worker started/confirmed
  [ComfyUI] [SubprocessWorker] worker started/confirmed
  [ComfyUI] [SubprocessWorker] serializing kwargs to shm...
  [ComfyUI] [SubprocessWorker] serializing kwargs to shm...
  [ComfyUI] [SubprocessWorker] created 0 shm blocks
  [ComfyUI] [SubprocessWorker] created 0 shm blocks
  [ComfyUI] [SubprocessWorker] sending request via socket...
  [ComfyUI] [SubprocessWorker] sending request via socket...
  [ComfyUI] [SubprocessWorker] call_id=76 sending call_method
  [ComfyUI] [SubprocessWorker] call_id=76 sending call_method
  [ComfyUI] [worker:ComfyUI-TRELLIS2] [comfy-env] _from_shm got dict with keys: ['__type__', 'strategy', 'manager_path', 'storage_key', 'storage_size']
  [ComfyUI] [worker:ComfyUI-TRELLIS2] [comfy-env] _from_shm got dict with keys: ['__type__', 'strategy', 'manager_path', 'storage_key', 'storage_size']
  [ComfyUI] [worker:ComfyUI-TRELLIS2] [comfy-env] DESERIALIZE TensorRef: tensor_size=[1, 1029, 1024]
  [ComfyUI] [worker:ComfyUI-TRELLIS2] [comfy-env] DESERIALIZE TensorRef: tensor_size=[1, 1029, 1024]
  [ComfyUI] [worker:ComfyUI-TRELLIS2] [comfy-env] DESERIALIZED tensor shape: torch.Size([1, 1029, 1024])
  [ComfyUI] [worker:ComfyUI-TRELLIS2] [comfy-env] DESERIALIZED tensor shape: torch.Size([1, 1029, 1024])
  [ComfyUI] [worker:ComfyUI-TRELLIS2] [comfy-env] _from_shm got dict with keys: ['__type__', 'strategy', 'manager_path', 'storage_key', 'storage_size']
  [ComfyUI] [worker:ComfyUI-TRELLIS2] [comfy-env] _from_shm got dict with keys: ['__type__', 'strategy', 'manager_path', 'storage_key', 'storage_size']
  [ComfyUI] [worker:ComfyUI-TRELLIS2] [comfy-env] DESERIALIZE TensorRef: tensor_size=[1, 1029, 1024]
  [ComfyUI] [worker:ComfyUI-TRELLIS2] [comfy-env] DESERIALIZE TensorRef: tensor_size=[1, 1029, 1024]
  [ComfyUI] [worker:ComfyUI-TRELLIS2] [comfy-env] DESERIALIZED tensor shape: torch.Size([1, 1029, 1024])
  [ComfyUI] [worker:ComfyUI-TRELLIS2] [comfy-env] DESERIALIZED tensor shape: torch.Size([1, 1029, 1024])
  [ComfyUI] [worker:ComfyUI-TRELLIS2] [VRAM] -1180MB (now 9MB) reserved=36MB peak=1188MB
  [ComfyUI] [worker:ComfyUI-TRELLIS2] [VRAM] -1180MB (now 9MB) reserved=36MB peak=1188MB
  [ComfyUI] [SubprocessWorker] callback 'report_progress' from call_id=76
  [ComfyUI] [SubprocessWorker] callback 'report_progress' from call_id=76
  [ComfyUI] [SubprocessWorker] callback 'report_progress' from call_id=76
  [ComfyUI] [SubprocessWorker] callback 'report_progress' from call_id=76
  [ComfyUI] [SubprocessWorker] callback 'report_progress' from call_id=76
  [ComfyUI] [SubprocessWorker] callback 'report_progress' from call_id=76
  [ComfyUI] [worker:ComfyUI-TRELLIS2] [TRELLIS2] Built SparseStructureFlowModel on CPU: dtype=torch.bfloat16, 0.2s
  [ComfyUI] [worker:ComfyUI-TRELLIS2] [TRELLIS2] Built SparseStructureFlowModel on CPU: dtype=torch.bfloat16, 0.2s
  [ComfyUI] [SubprocessWorker] callback 'request_vram_budget' from call_id=76
  [ComfyUI] [SubprocessWorker] callback 'request_vram_budget' from call_id=76
  [ComfyUI] [comfy-env] VRAM request: 2.59GB, free before eviction: 11.79GB
  [ComfyUI] [comfy-env] VRAM request: 2.59GB, free before eviction: 11.79GB
  [ComfyUI] [comfy-env] VRAM after eviction: 11.79GB
  [ComfyUI] [comfy-env] VRAM after eviction: 11.79GB
  [ComfyUI] [worker:ComfyUI-TRELLIS2] [VRAM] +204MB (now 213MB) reserved=232MB peak=1188MB
  [ComfyUI] [worker:ComfyUI-TRELLIS2] [VRAM] +204MB (now 213MB) reserved=232MB peak=1188MB
  Frame 7 saved (frame_006.jpg, t=31.3s)
  [capture-periodic] freeze=3ms shot=100ms unfreeze=4ms saved=True
  [ComfyUI] [worker:ComfyUI-TRELLIS2] [VRAM] +1800MB (now 2014MB) reserved=2044MB peak=2014MB
  [ComfyUI] [worker:ComfyUI-TRELLIS2] [VRAM] +1800MB (now 2014MB) reserved=2044MB peak=2014MB
  [ComfyUI] [worker:ComfyUI-TRELLIS2] [TRELLIS2] sparse_structure_flow_model -> GPU: 2.0s
  [ComfyUI] [worker:ComfyUI-TRELLIS2] [TRELLIS2] sparse_structure_flow_model -> GPU: 2.0s
  [ComfyUI] [worker:ComfyUI-TRELLIS2] [VRAM] +558MB (now 2572MB) reserved=2848MB peak=2622MB
  [ComfyUI] [worker:ComfyUI-TRELLIS2] [VRAM] +558MB (now 2572MB) reserved=2848MB peak=2622MB
  [ComfyUI] [SubprocessWorker] callback 'report_progress' from call_id=76
  [ComfyUI] [SubprocessWorker] callback 'report_progress' from call_id=76
  [capture-loop] iter=300 t=35.4s state={'complete': False, 'error': None, 'executedCount': 1, 'wsState': 1} eval_ms=3 ram=10.3/31.9GB (32%) swap=0.8/12.3GB (6%) cpu=8% browser_rss=0.91GB
  [ComfyUI] [SubprocessWorker] callback 'report_progress' from call_id=76
  [ComfyUI] [SubprocessWorker] callback 'report_progress' from call_id=76
  Frame 8 saved (frame_007.jpg, t=35.7s)
  [capture-periodic] freeze=4ms shot=104ms unfreeze=4ms saved=True
  [ComfyUI] [SubprocessWorker] callback 'report_progress' from call_id=76
  [ComfyUI] [SubprocessWorker] callback 'report_progress' from call_id=76
  [ComfyUI] [SubprocessWorker] callback 'report_progress' from call_id=76
  [ComfyUI] [SubprocessWorker] callback 'report_progress' from call_id=76
  Frame 9 saved (frame_008.jpg, t=38.0s)
  [capture-periodic] freeze=3ms shot=102ms unfreeze=4ms saved=True
  [ComfyUI] [SubprocessWorker] callback 'report_progress' from call_id=76
  [ComfyUI] [SubprocessWorker] callback 'report_progress' from call_id=76
  Frame 10 saved (frame_009.jpg, t=40.2s)
  [capture-periodic] freeze=3ms shot=113ms unfreeze=5ms saved=True
  [ComfyUI] [SubprocessWorker] callback 'report_progress' from call_id=76
  [ComfyUI] [SubprocessWorker] callback 'report_progress' from call_id=76
  [capture-loop] iter=350 t=41.4s state={'complete': False, 'error': None, 'executedCount': 1, 'wsState': 1} eval_ms=3 ram=10.3/31.9GB (32%) swap=0.8/12.3GB (6%) cpu=4% browser_rss=0.91GB
  [ComfyUI] [SubprocessWorker] callback 'report_progress' from call_id=76
  [ComfyUI] [SubprocessWorker] callback 'report_progress' from call_id=76
  Frame 11 saved (frame_010.jpg, t=42.5s)
  [capture-periodic] freeze=4ms shot=105ms unfreeze=4ms saved=True
  [ComfyUI] [SubprocessWorker] callback 'report_progress' from call_id=76
  [ComfyUI] [SubprocessWorker] callback 'report_progress' from call_id=76
  [ComfyUI] [SubprocessWorker] callback 'report_progress' from call_id=76
  [ComfyUI] [SubprocessWorker] callback 'report_progress' from call_id=76
  Frame 12 saved (frame_011.jpg, t=44.7s)
  [capture-periodic] freeze=4ms shot=98ms unfreeze=5ms saved=True
  [ComfyUI] [SubprocessWorker] callback 'report_progress' from call_id=76
  [ComfyUI] [SubprocessWorker] callback 'report_progress' from call_id=76
  [ComfyUI] [SubprocessWorker] callback 'report_progress' from call_id=76
  [ComfyUI] [SubprocessWorker] callback 'report_progress' from call_id=76
  [ComfyUI] [SubprocessWorker] callback 'report_progress' from call_id=76
  [ComfyUI] [SubprocessWorker] callback 'report_progress' from call_id=76
  Frame 13 saved (frame_012.jpg, t=46.9s)
  [capture-periodic] freeze=4ms shot=97ms unfreeze=3ms saved=True
  [capture-loop] iter=400 t=47.3s state={'complete': False, 'error': None, 'executedCount': 1, 'wsState': 1} eval_ms=3 ram=10.5/31.9GB (33%) swap=0.8/12.3GB (6%) cpu=4% browser_rss=0.91GB
  [ComfyUI] [worker:ComfyUI-TRELLIS2] [VRAM] -408MB (now 2164MB) reserved=2848MB peak=2624MB
  [ComfyUI] [worker:ComfyUI-TRELLIS2] [VRAM] -408MB (now 2164MB) reserved=2848MB peak=2624MB
  [ComfyUI] [SubprocessWorker] callback 'report_progress' from call_id=76
  [ComfyUI] [SubprocessWorker] callback 'report_progress' from call_id=76
  [ComfyUI] [SubprocessWorker] callback 'report_progress' from call_id=76
  [ComfyUI] [SubprocessWorker] callback 'report_progress' from call_id=76
  [ComfyUI] [worker:ComfyUI-TRELLIS2] [TRELLIS2] Built SparseStructureDecoder on CPU: dtype=torch.bfloat16, 0.1s
  [ComfyUI] [worker:ComfyUI-TRELLIS2] [TRELLIS2] Built SparseStructureDecoder on CPU: dtype=torch.bfloat16, 0.1s
  [ComfyUI] [SubprocessWorker] callback 'request_vram_budget' from call_id=76
  [ComfyUI] [SubprocessWorker] callback 'request_vram_budget' from call_id=76
  [ComfyUI] [comfy-env] VRAM request: 0.15GB, free before eviction: 11.79GB
  [ComfyUI] [comfy-env] VRAM request: 0.15GB, free before eviction: 11.79GB
  [ComfyUI] [comfy-env] VRAM after eviction: 11.79GB
  [ComfyUI] [comfy-env] VRAM after eviction: 11.79GB
  [ComfyUI] [worker:ComfyUI-TRELLIS2] [TRELLIS2] sparse_structure_decoder -> GPU: 0.1s
  [ComfyUI] [worker:ComfyUI-TRELLIS2] [TRELLIS2] sparse_structure_decoder -> GPU: 0.1s
  [ComfyUI] [worker:ComfyUI-TRELLIS2] [VRAM] -1961MB (now 203MB) reserved=350MB peak=2624MB
  [ComfyUI] [worker:ComfyUI-TRELLIS2] [VRAM] -1961MB (now 203MB) reserved=350MB peak=2624MB
  [ComfyUI] [SubprocessWorker] callback 'report_progress' from call_id=76
  [ComfyUI] [SubprocessWorker] callback 'report_progress' from call_id=76
  [ComfyUI] [SubprocessWorker] callback 'report_progress' from call_id=76
  [ComfyUI] [SubprocessWorker] callback 'report_progress' from call_id=76
  [ComfyUI] [SubprocessWorker] callback 'report_progress' from call_id=76
  [ComfyUI] [SubprocessWorker] callback 'report_progress' from call_id=76
  [ComfyUI] [SubprocessWorker] callback 'report_progress' from call_id=76
  [ComfyUI] [SubprocessWorker] callback 'report_progress' from call_id=76
  [ComfyUI] [worker:ComfyUI-TRELLIS2] [TRELLIS2] Built SLatFlowModel on CPU: dtype=torch.bfloat16, 0.2s
  [ComfyUI] [worker:ComfyUI-TRELLIS2] [TRELLIS2] Built SLatFlowModel on CPU: dtype=torch.bfloat16, 0.2s
  [ComfyUI] [SubprocessWorker] callback 'request_vram_budget' from call_id=76
  [ComfyUI] [SubprocessWorker] callback 'request_vram_budget' from call_id=76
  [ComfyUI] [comfy-env] VRAM request: 2.58GB, free before eviction: 11.79GB
  [ComfyUI] [comfy-env] VRAM request: 2.58GB, free before eviction: 11.79GB
  [ComfyUI] [comfy-env] VRAM after eviction: 11.79GB
  [ComfyUI] [comfy-env] VRAM after eviction: 11.79GB
  [ComfyUI] [worker:ComfyUI-TRELLIS2] [VRAM] +657MB (now 861MB) reserved=880MB peak=2624MB
  [ComfyUI] [worker:ComfyUI-TRELLIS2] [VRAM] +657MB (now 861MB) reserved=880MB peak=2624MB
  [ComfyUI] [worker:ComfyUI-TRELLIS2] [VRAM] +1636MB (now 2497MB) reserved=2586MB peak=2624MB
  [ComfyUI] [worker:ComfyUI-TRELLIS2] [VRAM] +1636MB (now 2497MB) reserved=2586MB peak=2624MB
  [ComfyUI] [worker:ComfyUI-TRELLIS2] [TRELLIS2] shape_slat_flow_model_512 -> GPU: 2.0s
  [ComfyUI] [worker:ComfyUI-TRELLIS2] [TRELLIS2] shape_slat_flow_model_512 -> GPU: 2.0s
  [ComfyUI] [worker:ComfyUI-TRELLIS2] [33m[comfy-attn] Varlen attention: sage2[0m
  [ComfyUI] [worker:ComfyUI-TRELLIS2] [33m[comfy-attn] Varlen attention: sage2[0m
  [ComfyUI] [SubprocessWorker] callback 'report_progress' from call_id=76
  [ComfyUI] [SubprocessWorker] callback 'report_progress' from call_id=76
  [ComfyUI] [SubprocessWorker] callback 'report_progress' from call_id=76
  [ComfyUI] [SubprocessWorker] callback 'report_progress' from call_id=76
  [capture-loop] iter=450 t=53.1s state={'complete': False, 'error': None, 'executedCount': 1, 'wsState': 1} eval_ms=3 ram=13.1/31.9GB (41%) swap=0.8/12.3GB (6%) cpu=7% browser_rss=0.90GB
  [ComfyUI] [SubprocessWorker] callback 'report_progress' from call_id=76
  [ComfyUI] [SubprocessWorker] callback 'report_progress' from call_id=76
  Frame 14 saved (frame_013.jpg, t=53.5s)
  [capture-periodic] freeze=3ms shot=126ms unfreeze=5ms saved=True
  [ComfyUI] [SubprocessWorker] callback 'report_progress' from call_id=76
  [ComfyUI] [SubprocessWorker] callback 'report_progress' from call_id=76
  [ComfyUI] [SubprocessWorker] callback 'report_progress' from call_id=76
  [ComfyUI] [SubprocessWorker] callback 'report_progress' from call_id=76
  [ComfyUI] [SubprocessWorker] callback 'report_progress' from call_id=76
  [ComfyUI] [SubprocessWorker] callback 'report_progress' from call_id=76
  [ComfyUI] [SubprocessWorker] callback 'report_progress' from call_id=76
  [ComfyUI] [SubprocessWorker] callback 'report_progress' from call_id=76
  Frame 15 saved (frame_014.jpg, t=55.8s)
  [capture-periodic] freeze=3ms shot=138ms unfreeze=4ms saved=True
  [ComfyUI] [SubprocessWorker] callback 'report_progress' from call_id=76
  [ComfyUI] [SubprocessWorker] callback 'report_progress' from call_id=76
  [ComfyUI] [SubprocessWorker] callback 'report_progress' from call_id=76
  [ComfyUI] [SubprocessWorker] callback 'report_progress' from call_id=76
  [ComfyUI] [SubprocessWorker] callback 'report_progress' from call_id=76
  [ComfyUI] [SubprocessWorker] callback 'report_progress' from call_id=76
  [ComfyUI] [SubprocessWorker] callback 'report_progress' from call_id=76
  [ComfyUI] [SubprocessWorker] callback 'report_progress' from call_id=76
  [ComfyUI] [SubprocessWorker] callback 'report_progress' from call_id=76
  [ComfyUI] [SubprocessWorker] callback 'report_progress' from call_id=76
  Frame 16 saved (frame_015.jpg, t=58.1s)
  [capture-periodic] freeze=3ms shot=122ms unfreeze=4ms saved=True
  [ComfyUI] [worker:ComfyUI-TRELLIS2] [VRAM] -523MB (now 1975MB) reserved=2648MB peak=2624MB
  [ComfyUI] [worker:ComfyUI-TRELLIS2] [VRAM] -523MB (now 1975MB) reserved=2648MB peak=2624MB
  [ComfyUI] [SubprocessWorker] callback 'report_progress' from call_id=76
  [ComfyUI] [SubprocessWorker] callback 'report_progress' from call_id=76
  [capture-loop] iter=500 t=59.1s state={'complete': False, 'error': None, 'executedCount': 1, 'wsState': 1} eval_ms=5 ram=15.9/31.9GB (50%) swap=0.8/12.3GB (6%) cpu=6% browser_rss=0.90GB
  [ComfyUI] [worker:ComfyUI-TRELLIS2] [VRAM] -1958MB (now 17MB) reserved=38MB peak=2624MB
  [ComfyUI] [worker:ComfyUI-TRELLIS2] [VRAM] -1958MB (now 17MB) reserved=38MB peak=2624MB
  Frame 17 saved (frame_016.jpg, t=60.4s)
  [capture-periodic] freeze=4ms shot=141ms unfreeze=5ms saved=True
  [ComfyUI] [SubprocessWorker] callback 'report_progress' from call_id=76
  [ComfyUI] [SubprocessWorker] callback 'report_progress' from call_id=76
  [ComfyUI] [SubprocessWorker] callback 'report_progress' from call_id=76
  [ComfyUI] [SubprocessWorker] callback 'report_progress' from call_id=76
  [ComfyUI] [worker:ComfyUI-TRELLIS2] [TRELLIS2] Built FlexiDualGridVaeDecoder on CPU: dtype=torch.bfloat16, 4.0s
  [ComfyUI] [worker:ComfyUI-TRELLIS2] [TRELLIS2] Built FlexiDualGridVaeDecoder on CPU: dtype=torch.bfloat16, 4.0s
  [ComfyUI] [SubprocessWorker] callback 'request_vram_budget' from call_id=76
  [ComfyUI] [SubprocessWorker] callback 'request_vram_budget' from call_id=76
  [ComfyUI] [comfy-env] VRAM request: 0.95GB, free before eviction: 11.79GB
  [ComfyUI] [comfy-env] VRAM request: 0.95GB, free before eviction: 11.79GB
  [ComfyUI] [comfy-env] VRAM after eviction: 11.79GB
  [ComfyUI] [comfy-env] VRAM after eviction: 11.79GB
  [ComfyUI] [worker:ComfyUI-TRELLIS2] [VRAM] +216MB (now 233MB) reserved=254MB peak=2624MB
  [ComfyUI] [worker:ComfyUI-TRELLIS2] [VRAM] +216MB (now 233MB) reserved=254MB peak=2624MB
  [ComfyUI] [worker:ComfyUI-TRELLIS2] [TRELLIS2] shape_slat_decoder -> GPU: 0.6s
  [ComfyUI] [worker:ComfyUI-TRELLIS2] [TRELLIS2] shape_slat_decoder -> GPU: 0.6s
  [ComfyUI] [worker:ComfyUI-TRELLIS2] [vae] set max_voxels_per_tile=1000000 on 40 SparseConv3d modules
  [ComfyUI] [worker:ComfyUI-TRELLIS2] [vae] set max_voxels_per_tile=1000000 on 40 SparseConv3d modules
  [ComfyUI] [worker:ComfyUI-TRELLIS2] [UNET] level=0 block=0 SparseConvNeXtBlock3d N=1,121 ch=1024 alloc=936MB
  [ComfyUI] [worker:ComfyUI-TRELLIS2] [UNET] level=0 block=0 SparseConvNeXtBlock3d N=1,121 ch=1024 alloc=936MB
  [ComfyUI] [worker:ComfyUI-TRELLIS2] [sparse-conv] N=1,121 Ci=1024 Co=1024 feats=2MB cache=0MB (miss) w_dev=cuda:0 alloc=936MB
  [ComfyUI] [worker:ComfyUI-TRELLIS2] [sparse-conv] N=1,121 Ci=1024 Co=1024 feats=2MB cache=0MB (miss) w_dev=cuda:0 alloc=936MB
  [ComfyUI] [worker:ComfyUI-TRELLIS2] [VRAM] +960MB (now 1194MB) reserved=1204MB peak=2624MB
  [ComfyUI] [worker:ComfyUI-TRELLIS2] [VRAM] +960MB (now 1194MB) reserved=1204MB peak=2624MB
  Frame 18 saved (frame_017.jpg, t=64.8s)
  [capture-periodic] freeze=3ms shot=105ms unfreeze=4ms saved=True
  [capture-loop] iter=550 t=65.2s state={'complete': False, 'error': None, 'executedCount': 1, 'wsState': 1} eval_ms=3 ram=15.5/31.9GB (49%) swap=0.8/12.3GB (6%) cpu=30% browser_rss=0.90GB
  [ComfyUI] [worker:ComfyUI-TRELLIS2] [VRAM] -243MB (now 951MB) reserved=1460MB peak=2624MB
  [ComfyUI] [worker:ComfyUI-TRELLIS2] [VRAM] -243MB (now 951MB) reserved=1460MB peak=2624MB
  [ComfyUI] [worker:ComfyUI-TRELLIS2] [VRAM] +258MB (now 1209MB) reserved=1460MB peak=2624MB
  [ComfyUI] [worker:ComfyUI-TRELLIS2] [VRAM] +258MB (now 1209MB) reserved=1460MB peak=2624MB
  [ComfyUI] [worker:ComfyUI-TRELLIS2] [VRAM] -256MB (now 953MB) reserved=1460MB peak=2624MB
  [ComfyUI] [worker:ComfyUI-TRELLIS2] [VRAM] -256MB (now 953MB) reserved=1460MB peak=2624MB
  [ComfyUI] [worker:ComfyUI-TRELLIS2] [VRAM] +256MB (now 1209MB) reserved=1460MB peak=2624MB
  [ComfyUI] [worker:ComfyUI-TRELLIS2] [VRAM] +256MB (now 1209MB) reserved=1460MB peak=2624MB
  [capture-loop] iter=600 t=70.9s state={'complete': False, 'error': None, 'executedCount': 1, 'wsState': 1} eval_ms=3 ram=15.6/31.9GB (49%) swap=0.8/12.3GB (6%) cpu=4% browser_rss=0.90GB
  [ComfyUI] [worker:ComfyUI-TRELLIS2] [VRAM] -256MB (now 953MB) reserved=1460MB peak=2624MB
  [ComfyUI] [worker:ComfyUI-TRELLIS2] [VRAM] -256MB (now 953MB) reserved=1460MB peak=2624MB
  [ComfyUI] [worker:ComfyUI-TRELLIS2] [VRAM] +256MB (now 1209MB) reserved=1460MB peak=2624MB
  [ComfyUI] [worker:ComfyUI-TRELLIS2] [VRAM] +256MB (now 1209MB) reserved=1460MB peak=2624MB
  [ComfyUI] [worker:ComfyUI-TRELLIS2] [VRAM] -256MB (now 953MB) reserved=1460MB peak=2624MB
  [ComfyUI] [worker:ComfyUI-TRELLIS2] [VRAM] -256MB (now 953MB) reserved=1460MB peak=2624MB
  [ComfyUI] [worker:ComfyUI-TRELLIS2] [VRAM] +273MB (now 1227MB) reserved=1460MB peak=2624MB
  [ComfyUI] [worker:ComfyUI-TRELLIS2] [VRAM] +273MB (now 1227MB) reserved=1460MB peak=2624MB
  [capture-loop] iter=650 t=76.7s state={'complete': False, 'error': None, 'executedCount': 1, 'wsState': 1} eval_ms=3 ram=15.6/31.9GB (49%) swap=0.8/12.3GB (6%) cpu=4% browser_rss=0.90GB
  [ComfyUI] [worker:ComfyUI-TRELLIS2] [VRAM] -256MB (now 971MB) reserved=1460MB peak=2624MB
  [ComfyUI] [worker:ComfyUI-TRELLIS2] [VRAM] -256MB (now 971MB) reserved=1460MB peak=2624MB
  [ComfyUI] [worker:ComfyUI-TRELLIS2] [VRAM] +256MB (now 1227MB) reserved=1460MB peak=2624MB
  [ComfyUI] [worker:ComfyUI-TRELLIS2] [VRAM] +256MB (now 1227MB) reserved=1460MB peak=2624MB
  [ComfyUI] [worker:ComfyUI-TRELLIS2] [VRAM] -256MB (now 971MB) reserved=1460MB peak=2624MB
  [ComfyUI] [worker:ComfyUI-TRELLIS2] [VRAM] -256MB (now 971MB) reserved=1460MB peak=2624MB
  [ComfyUI] [worker:ComfyUI-TRELLIS2]
  [ComfyUI] [worker:ComfyUI-TRELLIS2]
  [ComfyUI] === WATCHDOG TICK 1 ===
  [ComfyUI] === WATCHDOG TICK 1 ===
  [ComfyUI] [worker:ComfyUI-TRELLIS2] Thread 0x00003a44 (most recent call first):
  [ComfyUI] [worker:ComfyUI-TRELLIS2] Thread 0x00003a44 (most recent call first):
  [ComfyUI]   File "C:\Users\ContainerAdministrator\AppData\Local\Temp\comfyui_pvenv_3g3nrpe9\persistent_worker.py", line 106 in _vram_poller
  [ComfyUI]   File "C:\Users\ContainerAdministrator\AppData\Local\Temp\comfyui_pvenv_3g3nrpe9\persistent_worker.py", line 106 in _vram_poller
  [ComfyUI]   File "C:\workspaces\TRELLIS2-0556\portable-comfyui\ComfyUI_windows_portable\ComfyUI\.ce\.pixi\envs\trellis2-nodes\Lib\threading.py", line 995 in run
  [ComfyUI]   File "C:\workspaces\TRELLIS2-0556\portable-comfyui\ComfyUI_windows_portable\ComfyUI\.ce\.pixi\envs\trellis2-nodes\Lib\threading.py", line 995 in run
  [ComfyUI]   File "C:\workspaces\TRELLIS2-0556\portable-comfyui\ComfyUI_windows_portable\ComfyUI\.ce\.pixi\envs\trellis2-nodes\Lib\threading.py", line 1044 in _bootstrap_inner
  [ComfyUI]   File "C:\workspaces\TRELLIS2-0556\portable-comfyui\ComfyUI_windows_portable\ComfyUI\.ce\.pixi\envs\trellis2-nodes\Lib\threading.py", line 1044 in _bootstrap_inner
  [ComfyUI]   File "C:\workspaces\TRELLIS2-0556\portable-comfyui\ComfyUI_windows_portable\ComfyUI\.ce\.pixi\envs\trellis2-nodes\Lib\threading.py", line 1015 in _bootstrap
  [ComfyUI]   File "C:\workspaces\TRELLIS2-0556\portable-comfyui\ComfyUI_windows_portable\ComfyUI\.ce\.pixi\envs\trellis2-nodes\Lib\threading.py", line 1015 in _bootstrap
  [ComfyUI] 
  [ComfyUI] 
  [ComfyUI] Current thread 0x000009d8 (most recent call first):
  [ComfyUI] Current thread 0x000009d8 (most recent call first):
  [ComfyUI]   File "C:\Users\ContainerAdministrator\AppData\Local\Temp\comfyui_pvenv_3g3nrpe9\persistent_worker.py", line 52 in _watchdog
  [ComfyUI]   File "C:\Users\ContainerAdministrator\AppData\Local\Temp\comfyui_pvenv_3g3nrpe9\persistent_worker.py", line 52 in _watchdog
  [ComfyUI]   File "C:\workspaces\TRELLIS2-0556\portable-comfyui\ComfyUI_windows_portable\ComfyUI\.ce\.pixi\envs\trellis2-nodes\Lib\threading.py", line 995 in run
  [ComfyUI]   File "C:\workspaces\TRELLIS2-0556\portable-comfyui\ComfyUI_windows_portable\ComfyUI\.ce\.pixi\envs\trellis2-nodes\Lib\threading.py", line 995 in run
  [ComfyUI]   File "C:\workspaces\TRELLIS2-0556\portable-comfyui\ComfyUI_windows_portable\ComfyUI\.ce\.pixi\envs\trellis2-nodes\Lib\threading.py", line 1044 in _bootstrap_inner
  [ComfyUI]   File "C:\workspaces\TRELLIS2-0556\portable-comfyui\ComfyUI_windows_portable\ComfyUI\.ce\.pixi\envs\trellis2-nodes\Lib\threading.py", line 1044 in _bootstrap_inner
  [ComfyUI]   File "C:\workspaces\TRELLIS2-0556\portable-comfyui\ComfyUI_windows_portable\ComfyUI\.ce\.pixi\envs\trellis2-nodes\Lib\threading.py", line 1015 in _bootstrap
  [ComfyUI]   File "C:\workspaces\TRELLIS2-0556\portable-comfyui\ComfyUI_windows_portable\ComfyUI\.ce\.pixi\envs\trellis2-nodes\Lib\threading.py", line 1015 in _bootstrap
  [ComfyUI] 
  [ComfyUI] 
  [ComfyUI] Thread 0x00004418 (most recent call first):
  [ComfyUI] Thread 0x00004418 (most recent call first):
  [ComfyUI]   File "C:\workspaces\TRELLIS2-0556\portable-comfyui\ComfyUI_windows_portable\ComfyUI\.ce\.pixi\envs\trellis2-nodes\Lib\subprocess.py", line 1554 in _execute_child
  [ComfyUI]   File "C:\workspaces\TRELLIS2-0556\portable-comfyui\ComfyUI_windows_portable\ComfyUI\.ce\.pixi\envs\trellis2-nodes\Lib\subprocess.py", line 1554 in _execute_child
  [ComfyUI]   File "C:\workspaces\TRELLIS2-0556\portable-comfyui\ComfyUI_windows_portable\ComfyUI\.ce\.pixi\envs\trellis2-nodes\Lib\subprocess.py", line 1039 in __init__
  [ComfyUI]   File "C:\workspaces\TRELLIS2-0556\portable-comfyui\ComfyUI_windows_portable\ComfyUI\.ce\.pixi\envs\trellis2-nodes\Lib\subprocess.py", line 1039 in __init__
  [ComfyUI]   File "C:\workspaces\TRELLIS2-0556\portable-comfyui\ComfyUI_windows_portable\ComfyUI\.ce\.pixi\envs\trellis2-nodes\Lib\subprocess.py", line 554 in run
  [ComfyUI]   File "C:\workspaces\TRELLIS2-0556\portable-comfyui\ComfyUI_windows_portable\ComfyUI\.ce\.pixi\envs\trellis2-nodes\Lib\subprocess.py", line 554 in run
  [ComfyUI]   File "C:\workspaces\TRELLIS2-0556\portable-comfyui\ComfyUI_windows_portable\ComfyUI\.ce\.pixi\envs\trellis2-nodes\Lib\site-packages\triton\backends\nvidia\compiler.py", line 505 in make_cubin
  [ComfyUI]   File "C:\workspaces\TRELLIS2-0556\portable-comfyui\ComfyUI_windows_portable\ComfyUI\.ce\.pixi\envs\trellis2-nodes\Lib\site-packages\triton\backends\nvidia\compiler.py", line 505 in make_cubin
  [ComfyUI]   File "C:\workspaces\TRELLIS2-0556\portable-comfyui\ComfyUI_windows_portable\ComfyUI\.ce\.pixi\envs\trellis2-nodes\Lib\site-packages\triton\backends\nvidia\compiler.py", line 555 in <lambda>
  [ComfyUI]   File "C:\workspaces\TRELLIS2-0556\portable-comfyui\ComfyUI_windows_portable\ComfyUI\.ce\.pixi\envs\trellis2-nodes\Lib\site-packages\triton\backends\nvidia\compiler.py", line 555 in <lambda>
  [ComfyUI]   File "C:\workspaces\TRELLIS2-0556\portable-comfyui\ComfyUI_windows_portable\ComfyUI\.ce\.pixi\envs\trellis2-nodes\Lib\site-packages\triton\compiler\compiler.py", line 324 in compile
  [ComfyUI]   File "C:\workspaces\TRELLIS2-0556\portable-comfyui\ComfyUI_windows_portable\ComfyUI\.ce\.pixi\envs\trellis2-nodes\Lib\site-packages\triton\compiler\compiler.py", line 324 in compile
  [ComfyUI]   File "C:\workspaces\TRELLIS2-0556\portable-comfyui\ComfyUI_windows_portable\ComfyUI\.ce\.pixi\envs\trellis2-nodes\Lib\site-packages\triton\runtime\jit.py", line 849 in _do_compile
  [ComfyUI]   File "C:\workspaces\TRELLIS2-0556\portable-comfyui\ComfyUI_windows_portable\ComfyUI\.ce\.pixi\envs\trellis2-nodes\Lib\site-packages\triton\runtime\jit.py", line 849 in _do_compile
  [ComfyUI]   File "C:\workspaces\TRELLIS2-0556\portable-comfyui\ComfyUI_windows_portable\ComfyUI\.ce\.pixi\envs\trellis2-nodes\Lib\site-packages\triton\runtime\jit.py", line 720 in run
  [ComfyUI]   File "C:\workspaces\TRELLIS2-0556\portable-comfyui\ComfyUI_windows_portable\ComfyUI\.ce\.pixi\envs\trellis2-nodes\Lib\site-packages\triton\runtime\jit.py", line 720 in run
  [ComfyUI]   File "C:\workspaces\TRELLIS2-0556\portable-comfyui\ComfyUI_windows_portable\ComfyUI\.ce\.pixi\envs\trellis2-nodes\Lib\site-packages\triton\runtime\autotuner.py", line 459 in run
  [ComfyUI]   File "C:\workspaces\TRELLIS2-0556\portable-comfyui\ComfyUI_windows_portable\ComfyUI\.ce\.pixi\envs\trellis2-nodes\Lib\site-packages\triton\runtime\autotuner.py", line 459 in run
  [ComfyUI]   File "C:\workspaces\TRELLIS2-0556\portable-comfyui\ComfyUI_windows_portable\ComfyUI\.ce\.pixi\envs\trellis2-nodes\Lib\site-packages\triton\runtime\autotuner.py", line 150 in kernel_call
  [ComfyUI]   File "C:\workspaces\TRELLIS2-0556\portable-comfyui\ComfyUI_windows_portable\ComfyUI\.ce\.pixi\envs\trellis2-nodes\Lib\site-packages\triton\runtime\autotuner.py", line 150 in kernel_call
  [ComfyUI]   File "C:\workspaces\TRELLIS2-0556\portable-comfyui\ComfyUI_windows_portable\ComfyUI\.ce\.pixi\envs\trellis2-nodes\Lib\site-packages\triton\testing.py", line 149 in do_bench
  [ComfyUI]   File "C:\workspaces\TRELLIS2-0556\portable-comfyui\ComfyUI_windows_portable\ComfyUI\.ce\.pixi\envs\trellis2-nodes\Lib\site-packages\triton\testing.py", line 149 in do_bench
  [ComfyUI]   File "C:\workspaces\TRELLIS2-0556\portable-comfyui\ComfyUI_windows_portable\ComfyUI\.ce\.pixi\envs\trellis2-nodes\Lib\site-packages\triton\runtime\autotuner.py", line 164 in _bench
  [ComfyUI]   File "C:\workspaces\TRELLIS2-0556\portable-comfyui\ComfyUI_windows_portable\ComfyUI\.ce\.pixi\envs\trellis2-nodes\Lib\site-packages\triton\runtime\autotuner.py", line 164 in _bench
  [ComfyUI]   File "C:\workspaces\TRELLIS2-0556\portable-comfyui\ComfyUI_windows_portable\ComfyUI\.ce\.pixi\envs\trellis2-nodes\Lib\site-packages\flex_gemm_ap\utils\autotuner.py", line 67 in run
  [ComfyUI]   File "C:\workspaces\TRELLIS2-0556\portable-comfyui\ComfyUI_windows_portable\ComfyUI\.ce\.pixi\envs\trellis2-nodes\Lib\site-packages\flex_gemm_ap\utils\autotuner.py", line 67 in run
  [ComfyUI]   File "C:\workspaces\TRELLIS2-0556\portable-comfyui\ComfyUI_windows_portable\ComfyUI\.ce\.pixi\envs\trellis2-nodes\Lib\site-packages\triton\runtime\jit.py", line 370 in <lambda>
  [ComfyUI]   File "C:\workspaces\TRELLIS2-0556\portable-comfyui\ComfyUI_windows_portable\ComfyUI\.ce\.pixi\envs\trellis2-nodes\Lib\site-packages\triton\runtime\jit.py", line 370 in <lambda>
  [ComfyUI]   File "C:\workspaces\TRELLIS2-0556\portable-comfyui\ComfyUI_windows_portable\ComfyUI\.ce\.pixi\envs\trellis2-nodes\Lib\site-packages\flex_gemm_ap\kernels\triton\spconv\sparse_submanifold_conv_fwd_masked_implicit_gemm_splitk.py", line 164 in sparse_submanifold_conv_fwd_masked_implicit_gemm_splitk
  [ComfyUI]   File "C:\workspaces\TRELLIS2-0556\portable-comfyui\ComfyUI_windows_portable\ComfyUI\.ce\.pixi\envs\trellis2-nodes\Lib\site-packages\flex_gemm_ap\kernels\triton\spconv\sparse_submanifold_conv_fwd_masked_implicit_gemm_splitk.py", line 164 in sparse_submanifold_conv_fwd_masked_implicit_gemm_splitk
  [ComfyUI]   File "C:\workspaces\TRELLIS2-0556\portable-comfyui\ComfyUI_windows_portable\ComfyUI\.ce\.pixi\envs\trellis2-nodes\Lib\site-packages\flex_gemm_ap\utils\autotuner.py", line 277 in _benchmark
  [ComfyUI]   File "C:\workspaces\TRELLIS2-0556\portable-comfyui\ComfyUI_windows_portable\ComfyUI\.ce\.pixi\envs\trellis2-nodes\Lib\site-packages\flex_gemm_ap\utils\autotuner.py", line 277 in _benchmark
  [ComfyUI]   File "C:\workspaces\TRELLIS2-0556\portable-comfyui\ComfyUI_windows_portable\ComfyUI\.ce\.pixi\envs\trellis2-nodes\Lib\site-packages\flex_gemm_ap\utils\autotuner.py", line 256 in __call__
  [ComfyUI]   File "C:\workspaces\TRELLIS2-0556\portable-comfyui\ComfyUI_windows_portable\ComfyUI\.ce\.pixi\envs\trellis2-nodes\Lib\site-packages\flex_gemm_ap\utils\autotuner.py", line 256 in __call__
  [ComfyUI]   File "C:\workspaces\TRELLIS2-0556\portable-comfyui\ComfyUI_windows_portable\ComfyUI\.ce\.pixi\envs\trellis2-nodes\Lib\site-packages\flex_gemm_ap\ops\spconv\submanifold_conv3d.py", line 336 in _sparse_submanifold_conv_forward
  [ComfyUI]   File "C:\workspaces\TRELLIS2-0556\portable-comfyui\ComfyUI_windows_portable\ComfyUI\.ce\.pixi\envs\trellis2-nodes\Lib\site-packages\flex_gemm_ap\ops\spconv\submanifold_conv3d.py", line 336 in _sparse_submanifold_conv_forward
  [ComfyUI]   File "C:\workspaces\TRELLIS2-0556\portable-comfyui\ComfyUI_windows_portable\ComfyUI\comfy\ops_sparse.py", line 267 in _flex_gemm_conv3d_forward
  [ComfyUI]   File "C:\workspaces\TRELLIS2-0556\portable-comfyui\ComfyUI_windows_portable\ComfyUI\comfy\ops_sparse.py", line 267 in _flex_gemm_conv3d_forward
  [ComfyUI]   File "C:\workspaces\TRELLIS2-0556\portable-comfyui\ComfyUI_windows_portable\ComfyUI\comfy\ops_sparse.py", line 545 in _forward
  [ComfyUI]   File "C:\workspaces\TRELLIS2-0556\portable-comfyui\ComfyUI_windows_portable\ComfyUI\comfy\ops_sparse.py", line 545 in _forward
  [ComfyUI]   File "C:\workspaces\TRELLIS2-0556\portable-comfyui\ComfyUI_windows_portable\ComfyUI\comfy\ops_sparse.py", line 560 in forward_comfy_cast_weights
  [ComfyUI]   File "C:\workspaces\TRELLIS2-0556\portable-comfyui\ComfyUI_windows_portable\ComfyUI\comfy\ops_sparse.py", line 560 in forward_comfy_cast_weights
  [ComfyUI]   File "C:\workspaces\TRELLIS2-0556\portable-comfyui\ComfyUI_windows_portable\ComfyUI\comfy\ops_sparse.py", line 571 in forward
  [ComfyUI]   File "C:\workspaces\TRELLIS2-0556\portable-comfyui\ComfyUI_windows_portable\ComfyUI\comfy\ops_sparse.py", line 571 in forward
  [ComfyUI]   File "C:\workspaces\TRELLIS2-0556\portable-comfyui\ComfyUI_windows_portable\ComfyUI\.ce\.pixi\envs\trellis2-nodes\Lib\site-packages\torch\nn\modules\module.py", line 1790 in _call_impl
  [ComfyUI]   File "C:\workspaces\TRELLIS2-0556\portable-comfyui\ComfyUI_windows_portable\ComfyUI\.ce\.pixi\envs\trellis2-nodes\Lib\site-packages\torch\nn\modules\module.py", line 1790 in _call_impl
  [ComfyUI]   File "C:\workspaces\TRELLIS2-0556\portable-comfyui\ComfyUI_windows_portable\ComfyUI\.ce\.pixi\envs\trellis2-nodes\Lib\site-packages\torch\nn\modules\module.py", line 1779 in _wrapped_call_impl
  [ComfyUI]   File "C:\workspaces\TRELLIS2-0556\portable-comfyui\ComfyUI_windows_portable\ComfyUI\.ce\.pixi\envs\trellis2-nodes\Lib\site-packages\torch\nn\modules\module.py", line 1779 in _wrapped_call_impl
  [ComfyUI]   File "C:\workspaces\TRELLIS2-0556\portable-comfyui\ComfyUI_windows_portable\ComfyUI\custom_nodes\ComfyUI-TRELLIS2\nodes\trellis2\vae.py", line 793 in _forward
  [ComfyUI]   File "C:\workspaces\TRELLIS2-0556\portable-comfyui\ComfyUI_windows_portable\ComfyUI\custom_nodes\ComfyUI-TRELLIS2\nodes\trellis2\vae.py", line 793 in _forward
  [ComfyUI]   File "C:\workspaces\TRELLIS2-0556\portable-comfyui\ComfyUI_windows_portable\ComfyUI\custom_nodes\ComfyUI-TRELLIS2\nodes\trellis2\vae.py", line 852 in forward
  [ComfyUI]   File "C:\workspaces\TRELLIS2-0556\portable-comfyui\ComfyUI_windows_portable\ComfyUI\custom_nodes\ComfyUI-TRELLIS2\nodes\trellis2\vae.py", line 852 in forward
  [ComfyUI]   File "C:\workspaces\TRELLIS2-0556\portable-comfyui\ComfyUI_windows_portable\ComfyUI\.ce\.pixi\envs\trellis2-nodes\Lib\site-packages\torch\nn\modules\module.py", line 1790 in _call_impl
  [ComfyUI]   File "C:\workspaces\TRELLIS2-0556\portable-comfyui\ComfyUI_windows_portable\ComfyUI\.ce\.pixi\envs\trellis2-nodes\Lib\site-packages\torch\nn\modules\module.py", line 1790 in _call_impl
  [ComfyUI]   File "C:\workspaces\TRELLIS2-0556\portable-comfyui\ComfyUI_windows_portable\ComfyUI\.ce\.pixi\envs\trellis2-nodes\Lib\site-packages\torch\nn\modules\module.py", line 1779 in _wrapped_call_impl
  [ComfyUI]   File "C:\workspaces\TRELLIS2-0556\portable-comfyui\ComfyUI_windows_portable\ComfyUI\.ce\.pixi\envs\trellis2-nodes\Lib\site-packages\torch\nn\modules\module.py", line 1779 in _wrapped_call_impl
  [ComfyUI]   File "C:\workspaces\TRELLIS2-0556\portable-comfyui\ComfyUI_windows_portable\ComfyUI\custom_nodes\ComfyUI-TRELLIS2\nodes\trellis2\vae.py", line 1080 in forward
  [ComfyUI]   File "C:\workspaces\TRELLIS2-0556\portable-comfyui\ComfyUI_windows_portable\ComfyUI\custom_nodes\ComfyUI-TRELLIS2\nodes\trellis2\vae.py", line 1080 in forward
  [ComfyUI]   File "C:\workspaces\TRELLIS2-0556\portable-comfyui\ComfyUI_windows_portable\ComfyUI\custom_nodes\ComfyUI-TRELLIS2\nodes\trellis2\vae.py", line 1335 in forward
  [ComfyUI]   File "C:\workspaces\TRELLIS2-0556\portable-comfyui\ComfyUI_windows_portable\ComfyUI\custom_nodes\ComfyUI-TRELLIS2\nodes\trellis2\vae.py", line 1335 in forward
  [ComfyUI]   File "C:\workspaces\TRELLIS2-0556\portable-comfyui\ComfyUI_windows_portable\ComfyUI\.ce\.pixi\envs\trellis2-nodes\Lib\site-packages\torch\nn\modules\module.py", line 1790 in _call_impl
  [ComfyUI]   File "C:\workspaces\TRELLIS2-0556\portable-comfyui\ComfyUI_windows_portable\ComfyUI\.ce\.pixi\envs\trellis2-nodes\Lib\site-packages\torch\nn\modules\module.py", line 1790 in _call_impl
  [ComfyUI]   File "C:\workspaces\TRELLIS2-0556\portable-comfyui\ComfyUI_windows_portable\ComfyUI\.ce\.pixi\envs\trellis2-nodes\Lib\site-packages\torch\nn\modules\module.py", line 1779 in _wrapped_call_impl
  [ComfyUI]   File "C:\workspaces\TRELLIS2-0556\portable-comfyui\ComfyUI_windows_portable\ComfyUI\.ce\.pixi\envs\trellis2-nodes\Lib\site-packages\torch\nn\modules\module.py", line 1779 in _wrapped_call_impl
  [ComfyUI]   File "C:\workspaces\TRELLIS2-0556\portable-comfyui\ComfyUI_windows_portable\ComfyUI\custom_nodes\ComfyUI-TRELLIS2\nodes\stages.py", line 632 in _decode_shape_slat
  [ComfyUI]   File "C:\workspaces\TRELLIS2-0556\portable-comfyui\ComfyUI_windows_portable\ComfyUI\custom_nodes\ComfyUI-TRELLIS2\nodes\stages.py", line 632 in _decode_shape_slat
  [ComfyUI]   File "C:\workspaces\TRELLIS2-0556\portable-comfyui\ComfyUI_windows_portable\ComfyUI\custom_nodes\ComfyUI-TRELLIS2\nodes\stages.py", line 948 in run_shape_generation
  [ComfyUI]   File "C:\workspaces\TRELLIS2-0556\portable-comfyui\ComfyUI_windows_portable\ComfyUI\custom_nodes\ComfyUI-TRELLIS2\nodes\stages.py", line 948 in run_shape_generation
  [ComfyUI]   File "C:\workspaces\TRELLIS2-0556\portable-comfyui\ComfyUI_windows_portable\ComfyUI\custom_nodes\ComfyUI-TRELLIS2\nodes\nodes_inference.py", line 132 in execute
  [ComfyUI]   File "C:\workspaces\TRELLIS2-0556\portable-comfyui\ComfyUI_windows_portable\ComfyUI\custom_nodes\ComfyUI-TRELLIS2\nodes\nodes_inference.py", line 132 in execute
  [ComfyUI]   File "C:\workspaces\TRELLIS2-0556\portable-comfyui\ComfyUI_windows_portable\ComfyUI\comfy_api\latest\_io.py", line 1826 in EXECUTE_NORMALIZED
  [ComfyUI]   File "C:\workspaces\TRELLIS2-0556\portable-comfyui\ComfyUI_windows_portable\ComfyUI\comfy_api\latest\_io.py", line 1826 in EXECUTE_NORMALIZED
  [ComfyUI]   File "C:\Users\ContainerAdministrator\AppData\Local\Temp\comfyui_pvenv_3g3nrpe9\persistent_worker.py", line 1749 in main
  [ComfyUI]   File "C:\Users\ContainerAdministrator\AppData\Local\Temp\comfyui_pvenv_3g3nrpe9\persistent_worker.py", line 1749 in main
  [ComfyUI]   File "C:\Users\ContainerAdministrator\AppData\Local\Temp\comfyui_pvenv_3g3nrpe9\persistent_worker.py", line 1794 in <module>
  [ComfyUI]   File "C:\Users\ContainerAdministrator\AppData\Local\Temp\comfyui_pvenv_3g3nrpe9\persistent_worker.py", line 1794 in <module>
  [ComfyUI] 
  [ComfyUI] 
  [ComfyUI] [worker:ComfyUI-TRELLIS2] === END ===
  [ComfyUI] [worker:ComfyUI-TRELLIS2] === END ===
  [ComfyUI] 
  [ComfyUI] 
  [ComfyUI] [worker:ComfyUI-TRELLIS2] [VRAM] +256MB (now 1227MB) reserved=1460MB peak=2624MB
  [ComfyUI] [worker:ComfyUI-TRELLIS2] [VRAM] +256MB (now 1227MB) reserved=1460MB peak=2624MB
  [ComfyUI] [worker:ComfyUI-TRELLIS2] [VRAM] -256MB (now 971MB) reserved=1460MB peak=2624MB
  [ComfyUI] [worker:ComfyUI-TRELLIS2] [VRAM] -256MB (now 971MB) reserved=1460MB peak=2624MB
  [ComfyUI] [worker:ComfyUI-TRELLIS2] [sparse-conv] out=2MB alloc=938MB
  [ComfyUI] [worker:ComfyUI-TRELLIS2] [sparse-conv] out=2MB alloc=938MB
  [ComfyUI] [SubprocessWorker] callback 'report_progress' from call_id=76
  [ComfyUI] [SubprocessWorker] callback 'report_progress' from call_id=76
  [ComfyUI] [worker:ComfyUI-TRELLIS2] [UNET] level=0 block=1 SparseConvNeXtBlock3d N=1,121 ch=1024 alloc=936MB
  [ComfyUI] [worker:ComfyUI-TRELLIS2] [UNET] level=0 block=1 SparseConvNeXtBlock3d N=1,121 ch=1024 alloc=936MB
  [ComfyUI] [worker:ComfyUI-TRELLIS2] [sparse-conv] N=1,121 Ci=1024 Co=1024 feats=2MB cache=0MB (miss) w_dev=cuda:0 alloc=936MB
  [ComfyUI] [worker:ComfyUI-TRELLIS2] [sparse-conv] N=1,121 Ci=1024 Co=1024 feats=2MB cache=0MB (miss) w_dev=cuda:0 alloc=936MB
  [ComfyUI] [worker:ComfyUI-TRELLIS2] [sparse-conv] out=2MB alloc=938MB
  [ComfyUI] [worker:ComfyUI-TRELLIS2] [sparse-conv] out=2MB alloc=938MB
  [ComfyUI] [worker:ComfyUI-TRELLIS2] [UNET] level=0 block=2 SparseConvNeXtBlock3d N=1,121 ch=1024 alloc=936MB
  [ComfyUI] [worker:ComfyUI-TRELLIS2] [UNET] level=0 block=2 SparseConvNeXtBlock3d N=1,121 ch=1024 alloc=936MB
  [ComfyUI] [worker:ComfyUI-TRELLIS2] [sparse-conv] N=1,121 Ci=1024 Co=1024 feats=2MB cache=0MB (miss) w_dev=cuda:0 alloc=936MB
  [ComfyUI] [worker:ComfyUI-TRELLIS2] [sparse-conv] N=1,121 Ci=1024 Co=1024 feats=2MB cache=0MB (miss) w_dev=cuda:0 alloc=936MB
  [ComfyUI] [worker:ComfyUI-TRELLIS2] [sparse-conv] out=2MB alloc=938MB
  [ComfyUI] [worker:ComfyUI-TRELLIS2] [sparse-conv] out=2MB alloc=938MB
  [ComfyUI] [worker:ComfyUI-TRELLIS2] [UNET] level=0 block=3 SparseConvNeXtBlock3d N=1,121 ch=1024 alloc=936MB
  [ComfyUI] [worker:ComfyUI-TRELLIS2] [UNET] level=0 block=3 SparseConvNeXtBlock3d N=1,121 ch=1024 alloc=936MB
  [ComfyUI] [worker:ComfyUI-TRELLIS2] [sparse-conv] N=1,121 Ci=1024 Co=1024 feats=2MB cache=0MB (miss) w_dev=cuda:0 alloc=936MB
  [ComfyUI] [worker:ComfyUI-TRELLIS2] [sparse-conv] N=1,121 Ci=1024 Co=1024 feats=2MB cache=0MB (miss) w_dev=cuda:0 alloc=936MB
  [ComfyUI] [worker:ComfyUI-TRELLIS2] [sparse-conv] out=2MB alloc=938MB
  [ComfyUI] [worker:ComfyUI-TRELLIS2] [sparse-conv] out=2MB alloc=938MB
  [ComfyUI] [worker:ComfyUI-TRELLIS2] [UNET] level=0 block=4 SparseResBlockC2S3d N=1,121 ch=1024 alloc=936MB
  [ComfyUI] [worker:ComfyUI-TRELLIS2] [UNET] level=0 block=4 SparseResBlockC2S3d N=1,121 ch=1024 alloc=936MB
  [ComfyUI] [worker:ComfyUI-TRELLIS2] [C2S3d] after subdiv: alloc=936MB
  [ComfyUI] [worker:ComfyUI-TRELLIS2] [C2S3d] after subdiv: alloc=936MB
  [ComfyUI] [worker:ComfyUI-TRELLIS2] [C2S3d] after norm1: alloc=938MB
  [ComfyUI] [worker:ComfyUI-TRELLIS2] [C2S3d] after norm1: alloc=938MB
  [ComfyUI] [worker:ComfyUI-TRELLIS2] [C2S3d] pre-conv1: N=1,121 Ci=1024 Co=4096 alloc=938MB
  [ComfyUI] [worker:ComfyUI-TRELLIS2] [C2S3d] pre-conv1: N=1,121 Ci=1024 Co=4096 alloc=938MB
  [ComfyUI] [worker:ComfyUI-TRELLIS2] [C2S3d] x.feats offloaded before conv1: alloc=938MB
  [ComfyUI] [worker:ComfyUI-TRELLIS2] [C2S3d] x.feats offloaded before conv1: alloc=938MB
  [ComfyUI] [worker:ComfyUI-TRELLIS2] [sparse-conv] N=1,121 Ci=1024 Co=4096 feats=2MB cache=0MB (miss) w_dev=cuda:0 alloc=938MB
  [ComfyUI] [worker:ComfyUI-TRELLIS2] [sparse-conv] N=1,121 Ci=1024 Co=4096 feats=2MB cache=0MB (miss) w_dev=cuda:0 alloc=938MB
  [capture-loop] iter=700 t=82.4s state={'complete': False, 'error': None, 'executedCount': 1, 'wsState': 1} eval_ms=3 ram=15.6/31.9GB (49%) swap=0.8/12.3GB (6%) cpu=4% browser_rss=0.90GB
  Frame 19 saved (frame_018.jpg, t=82.4s)
  [capture-periodic] freeze=3ms shot=98ms unfreeze=3ms saved=True
  [ComfyUI] [worker:ComfyUI-TRELLIS2] [VRAM] +232MB (now 1203MB) reserved=1460MB peak=2624MB
  [ComfyUI] [worker:ComfyUI-TRELLIS2] [VRAM] +232MB (now 1203MB) reserved=1460MB peak=2624MB
  [ComfyUI] [worker:ComfyUI-TRELLIS2] [VRAM] -265MB (now 938MB) reserved=1460MB peak=2624MB
  [ComfyUI] [worker:ComfyUI-TRELLIS2] [VRAM] -265MB (now 938MB) reserved=1460MB peak=2624MB
  [ComfyUI] [worker:ComfyUI-TRELLIS2] [VRAM] +291MB (now 1229MB) reserved=1460MB peak=2624MB
  [ComfyUI] [worker:ComfyUI-TRELLIS2] [VRAM] +291MB (now 1229MB) reserved=1460MB peak=2624MB
  [ComfyUI] [worker:ComfyUI-TRELLIS2] [VRAM] -292MB (now 938MB) reserved=1460MB peak=2624MB
  [ComfyUI] [worker:ComfyUI-TRELLIS2] [VRAM] -292MB (now 938MB) reserved=1460MB peak=2624MB
  [ComfyUI] [worker:ComfyUI-TRELLIS2] [sparse-conv] out=8MB alloc=947MB
  [ComfyUI] [worker:ComfyUI-TRELLIS2] [sparse-conv] out=8MB alloc=947MB
  [ComfyUI] [worker:ComfyUI-TRELLIS2] [C2S3d] post-conv1: h=torch.Size([1121, 4096]) alloc=945MB
  [ComfyUI] [worker:ComfyUI-TRELLIS2] [C2S3d] post-conv1: h=torch.Size([1121, 4096]) alloc=945MB
  [ComfyUI] [worker:ComfyUI-TRELLIS2] [C2S3d] x.feats restored from CPU: alloc=947MB
  [ComfyUI] [worker:ComfyUI-TRELLIS2] [C2S3d] x.feats restored from CPU: alloc=947MB
  [ComfyUI] [worker:ComfyUI-TRELLIS2] [C2S3d] pre-C2S(h): alloc=947MB
  [ComfyUI] [worker:ComfyUI-TRELLIS2] [C2S3d] pre-C2S(h): alloc=947MB
  [ComfyUI] [worker:ComfyUI-TRELLIS2] [C2S] scatter: 1,121�4096 -> 4,738�512 in=8MB out=4MB alloc=947MB
  [ComfyUI] [worker:ComfyUI-TRELLIS2] [C2S] scatter: 1,121�4096 -> 4,738�512 in=8MB out=4MB alloc=947MB
  [ComfyUI] [worker:ComfyUI-TRELLIS2] [C2S] scatter done: alloc=952MB
  [ComfyUI] [worker:ComfyUI-TRELLIS2] [C2S] scatter done: alloc=952MB
  [ComfyUI] [worker:ComfyUI-TRELLIS2] [C2S3d] post-C2S(h): h=torch.Size([4738, 512]) alloc=943MB
  [ComfyUI] [worker:ComfyUI-TRELLIS2] [C2S3d] post-C2S(h): h=torch.Size([4738, 512]) alloc=943MB
  [ComfyUI] [worker:ComfyUI-TRELLIS2] [C2S] scatter: 1,121�1024 -> 4,738�128 in=2MB out=1MB alloc=943MB
  [ComfyUI] [worker:ComfyUI-TRELLIS2] [C2S] scatter: 1,121�1024 -> 4,738�128 in=2MB out=1MB alloc=943MB
  [ComfyUI] [worker:ComfyUI-TRELLIS2] [C2S] scatter done: alloc=945MB
  [ComfyUI] [worker:ComfyUI-TRELLIS2] [C2S] scatter done: alloc=945MB
  [ComfyUI] [worker:ComfyUI-TRELLIS2] [C2S3d] post-C2S(x): x=torch.Size([4738, 128]) alloc=943MB
  [ComfyUI] [worker:ComfyUI-TRELLIS2] [C2S3d] post-C2S(x): x=torch.Size([4738, 128]) alloc=943MB
  [ComfyUI] [worker:ComfyUI-TRELLIS2] [C2S3d] post-C2S: N=4,738 h=512ch x=128ch alloc=943MB
  [ComfyUI] [worker:ComfyUI-TRELLIS2] [C2S3d] post-C2S: N=4,738 h=512ch x=128ch alloc=943MB
  [ComfyUI] [worker:ComfyUI-TRELLIS2] [C2S3d] x offloaded to CPU, pre-conv2: alloc=941MB
  [ComfyUI] [worker:ComfyUI-TRELLIS2] [C2S3d] x offloaded to CPU, pre-conv2: alloc=941MB
  [ComfyUI] [worker:ComfyUI-TRELLIS2] [C2S3d] after norm2: alloc=941MB
  [ComfyUI] [worker:ComfyUI-TRELLIS2] [C2S3d] after norm2: alloc=941MB
  [ComfyUI] [worker:ComfyUI-TRELLIS2] [C2S3d] after silu: alloc=941MB
  [ComfyUI] [worker:ComfyUI-TRELLIS2] [C2S3d] after silu: alloc=941MB
  [ComfyUI] [worker:ComfyUI-TRELLIS2] [sparse-conv] N=4,738 Ci=512 Co=512 feats=4MB cache=1MB (miss) w_dev=cuda:0 alloc=942MB
  [ComfyUI] [worker:ComfyUI-TRELLIS2] [sparse-conv] N=4,738 Ci=512 Co=512 feats=4MB cache=1MB (miss) w_dev=cuda:0 alloc=942MB
  [ComfyUI] [worker:ComfyUI-TRELLIS2] [VRAM] +264MB (now 1203MB) reserved=1462MB peak=2624MB
  [ComfyUI] [worker:ComfyUI-TRELLIS2] [VRAM] +264MB (now 1203MB) reserved=1462MB peak=2624MB
  [capture-loop] iter=750 t=88.2s state={'complete': False, 'error': None, 'executedCount': 1, 'wsState': 1} eval_ms=3 ram=15.7/31.9GB (49%) swap=0.8/12.3GB (6%) cpu=4% browser_rss=0.90GB
  [ComfyUI] [worker:ComfyUI-TRELLIS2] [VRAM] -261MB (now 942MB) reserved=1462MB peak=2624MB
  [ComfyUI] [worker:ComfyUI-TRELLIS2] [VRAM] -261MB (now 942MB) reserved=1462MB peak=2624MB
  [ComfyUI] [worker:ComfyUI-TRELLIS2] [VRAM] +293MB (now 1235MB) reserved=1462MB peak=2624MB
  [ComfyUI] [worker:ComfyUI-TRELLIS2] [VRAM] +293MB (now 1235MB) reserved=1462MB peak=2624MB
  [ComfyUI] [worker:ComfyUI-TRELLIS2] [sparse-conv] out=4MB alloc=947MB
  [ComfyUI] [worker:ComfyUI-TRELLIS2] [sparse-conv] out=4MB alloc=947MB
  [ComfyUI] [worker:ComfyUI-TRELLIS2] [C2S3d] post-conv2: alloc=942MB
  [ComfyUI] [worker:ComfyUI-TRELLIS2] [C2S3d] post-conv2: alloc=942MB
  [ComfyUI] [worker:ComfyUI-TRELLIS2] [C2S3d] post-conv2 (cache cleared): alloc=941MB
  [ComfyUI] [worker:ComfyUI-TRELLIS2] [C2S3d] post-conv2 (cache cleared): alloc=941MB
  [ComfyUI] [worker:ComfyUI-TRELLIS2] [C2S3d] after skip expand: alloc=946MB
  [ComfyUI] [worker:ComfyUI-TRELLIS2] [C2S3d] after skip expand: alloc=946MB
  [ComfyUI] [worker:ComfyUI-TRELLIS2] [C2S3d] post-skip: alloc=941MB
  [ComfyUI] [worker:ComfyUI-TRELLIS2] [C2S3d] post-skip: alloc=941MB
  [ComfyUI] [SubprocessWorker] callback 'report_progress' from call_id=76
  [ComfyUI] [SubprocessWorker] callback 'report_progress' from call_id=76
  [ComfyUI] [worker:ComfyUI-TRELLIS2] [UNET] level=1 block=0 SparseConvNeXtBlock3d N=4,738 ch=512 alloc=939MB
  [ComfyUI] [worker:ComfyUI-TRELLIS2] [UNET] level=1 block=0 SparseConvNeXtBlock3d N=4,738 ch=512 alloc=939MB
  [ComfyUI] [worker:ComfyUI-TRELLIS2] [sparse-conv] N=4,738 Ci=512 Co=512 feats=4MB cache=1MB (miss) w_dev=cuda:0 alloc=940MB
  [ComfyUI] [worker:ComfyUI-TRELLIS2] [sparse-conv] N=4,738 Ci=512 Co=512 feats=4MB cache=1MB (miss) w_dev=cuda:0 alloc=940MB
  [ComfyUI] [worker:ComfyUI-TRELLIS2] [sparse-conv] out=4MB alloc=944MB
  [ComfyUI] [worker:ComfyUI-TRELLIS2] [sparse-conv] out=4MB alloc=944MB
  [ComfyUI] [worker:ComfyUI-TRELLIS2] [UNET] level=1 block=1 SparseConvNeXtBlock3d N=4,738 ch=512 alloc=939MB
  [ComfyUI] [worker:ComfyUI-TRELLIS2] [UNET] level=1 block=1 SparseConvNeXtBlock3d N=4,738 ch=512 alloc=939MB
  [ComfyUI] [worker:ComfyUI-TRELLIS2] [sparse-conv] N=4,738 Ci=512 Co=512 feats=4MB cache=1MB (miss) w_dev=cuda:0 alloc=940MB
  [ComfyUI] [worker:ComfyUI-TRELLIS2] [sparse-conv] N=4,738 Ci=512 Co=512 feats=4MB cache=1MB (miss) w_dev=cuda:0 alloc=940MB
  [ComfyUI] [worker:ComfyUI-TRELLIS2] [sparse-conv] out=4MB alloc=944MB
  [ComfyUI] [worker:ComfyUI-TRELLIS2] [sparse-conv] out=4MB alloc=944MB
  [ComfyUI] [worker:ComfyUI-TRELLIS2] [UNET] level=1 block=2 SparseConvNeXtBlock3d N=4,738 ch=512 alloc=939MB
  [ComfyUI] [worker:ComfyUI-TRELLIS2] [UNET] level=1 block=2 SparseConvNeXtBlock3d N=4,738 ch=512 alloc=939MB
  [ComfyUI] [worker:ComfyUI-TRELLIS2] [sparse-conv] N=4,738 Ci=512 Co=512 feats=4MB cache=1MB (miss) w_dev=cuda:0 alloc=940MB
  [ComfyUI] [worker:ComfyUI-TRELLIS2] [sparse-conv] N=4,738 Ci=512 Co=512 feats=4MB cache=1MB (miss) w_dev=cuda:0 alloc=940MB
  [ComfyUI] [worker:ComfyUI-TRELLIS2] [sparse-conv] out=4MB alloc=944MB
  [ComfyUI] [worker:ComfyUI-TRELLIS2] [sparse-conv] out=4MB alloc=944MB
  [ComfyUI] [worker:ComfyUI-TRELLIS2] [UNET] level=1 block=3 SparseConvNeXtBlock3d N=4,738 ch=512 alloc=939MB
  [ComfyUI] [worker:ComfyUI-TRELLIS2] [UNET] level=1 block=3 SparseConvNeXtBlock3d N=4,738 ch=512 alloc=939MB
  [ComfyUI] [worker:ComfyUI-TRELLIS2] [sparse-conv] N=4,738 Ci=512 Co=512 feats=4MB cache=1MB (miss) w_dev=cuda:0 alloc=940MB
  [ComfyUI] [worker:ComfyUI-TRELLIS2] [sparse-conv] N=4,738 Ci=512 Co=512 feats=4MB cache=1MB (miss) w_dev=cuda:0 alloc=940MB
  [ComfyUI] [worker:ComfyUI-TRELLIS2] [sparse-conv] out=4MB alloc=944MB
  [ComfyUI] [worker:ComfyUI-TRELLIS2] [sparse-conv] out=4MB alloc=944MB
  [ComfyUI] [worker:ComfyUI-TRELLIS2] [UNET] level=1 block=4 SparseConvNeXtBlock3d N=4,738 ch=512 alloc=939MB
  [ComfyUI] [worker:ComfyUI-TRELLIS2] [UNET] level=1 block=4 SparseConvNeXtBlock3d N=4,738 ch=512 alloc=939MB
  [ComfyUI] [worker:ComfyUI-TRELLIS2] [sparse-conv] N=4,738 Ci=512 Co=512 feats=4MB cache=1MB (miss) w_dev=cuda:0 alloc=940MB
  [ComfyUI] [worker:ComfyUI-TRELLIS2] [sparse-conv] N=4,738 Ci=512 Co=512 feats=4MB cache=1MB (miss) w_dev=cuda:0 alloc=940MB
  [ComfyUI] [worker:ComfyUI-TRELLIS2] [sparse-conv] out=4MB alloc=944MB
  [ComfyUI] [worker:ComfyUI-TRELLIS2] [sparse-conv] out=4MB alloc=944MB
  [ComfyUI] [worker:ComfyUI-TRELLIS2] [UNET] level=1 block=5 SparseConvNeXtBlock3d N=4,738 ch=512 alloc=939MB
  [ComfyUI] [worker:ComfyUI-TRELLIS2] [UNET] level=1 block=5 SparseConvNeXtBlock3d N=4,738 ch=512 alloc=939MB
  [ComfyUI] [worker:ComfyUI-TRELLIS2] [sparse-conv] N=4,738 Ci=512 Co=512 feats=4MB cache=1MB (miss) w_dev=cuda:0 alloc=940MB
  [ComfyUI] [worker:ComfyUI-TRELLIS2] [sparse-conv] N=4,738 Ci=512 Co=512 feats=4MB cache=1MB (miss) w_dev=cuda:0 alloc=940MB
  [ComfyUI] [worker:ComfyUI-TRELLIS2] [sparse-conv] out=4MB alloc=944MB
  [ComfyUI] [worker:ComfyUI-TRELLIS2] [sparse-conv] out=4MB alloc=944MB
  [ComfyUI] [worker:ComfyUI-TRELLIS2] [UNET] level=1 block=6 SparseConvNeXtBlock3d N=4,738 ch=512 alloc=939MB
  [ComfyUI] [worker:ComfyUI-TRELLIS2] [UNET] level=1 block=6 SparseConvNeXtBlock3d N=4,738 ch=512 alloc=939MB
  [ComfyUI] [worker:ComfyUI-TRELLIS2] [sparse-conv] N=4,738 Ci=512 Co=512 feats=4MB cache=1MB (miss) w_dev=cuda:0 alloc=940MB
  [ComfyUI] [worker:ComfyUI-TRELLIS2] [sparse-conv] N=4,738 Ci=512 Co=512 feats=4MB cache=1MB (miss) w_dev=cuda:0 alloc=940MB
  [ComfyUI] [worker:ComfyUI-TRELLIS2] [sparse-conv] out=4MB alloc=944MB
  [ComfyUI] [worker:ComfyUI-TRELLIS2] [sparse-conv] out=4MB alloc=944MB
  [ComfyUI] [SubprocessWorker] callback 'report_progress' from call_id=76
  [ComfyUI] [SubprocessWorker] callback 'report_progress' from call_id=76
  [ComfyUI] [worker:ComfyUI-TRELLIS2] [UNET] level=1 block=7 SparseConvNeXtBlock3d N=4,738 ch=512 alloc=939MB
  [ComfyUI] [worker:ComfyUI-TRELLIS2] [UNET] level=1 block=7 SparseConvNeXtBlock3d N=4,738 ch=512 alloc=939MB
  [ComfyUI] [worker:ComfyUI-TRELLIS2] [sparse-conv] N=4,738 Ci=512 Co=512 feats=4MB cache=1MB (miss) w_dev=cuda:0 alloc=940MB
  [ComfyUI] [worker:ComfyUI-TRELLIS2] [sparse-conv] N=4,738 Ci=512 Co=512 feats=4MB cache=1MB (miss) w_dev=cuda:0 alloc=940MB
  [ComfyUI] [worker:ComfyUI-TRELLIS2] [sparse-conv] out=4MB alloc=944MB
  [ComfyUI] [worker:ComfyUI-TRELLIS2] [sparse-conv] out=4MB alloc=944MB
  [ComfyUI] [worker:ComfyUI-TRELLIS2] [UNET] level=1 block=8 SparseConvNeXtBlock3d N=4,738 ch=512 alloc=939MB
  [ComfyUI] [worker:ComfyUI-TRELLIS2] [UNET] level=1 block=8 SparseConvNeXtBlock3d N=4,738 ch=512 alloc=939MB
  [ComfyUI] [worker:ComfyUI-TRELLIS2] [sparse-conv] N=4,738 Ci=512 Co=512 feats=4MB cache=1MB (miss) w_dev=cuda:0 alloc=940MB
  [ComfyUI] [worker:ComfyUI-TRELLIS2] [sparse-conv] N=4,738 Ci=512 Co=512 feats=4MB cache=1MB (miss) w_dev=cuda:0 alloc=940MB
  [ComfyUI] [worker:ComfyUI-TRELLIS2] [sparse-conv] out=4MB alloc=944MB
  [ComfyUI] [worker:ComfyUI-TRELLIS2] [sparse-conv] out=4MB alloc=944MB
  [ComfyUI] [worker:ComfyUI-TRELLIS2] [UNET] level=1 block=9 SparseConvNeXtBlock3d N=4,738 ch=512 alloc=939MB
  [ComfyUI] [worker:ComfyUI-TRELLIS2] [UNET] level=1 block=9 SparseConvNeXtBlock3d N=4,738 ch=512 alloc=939MB
  [ComfyUI] [worker:ComfyUI-TRELLIS2] [sparse-conv] N=4,738 Ci=512 Co=512 feats=4MB cache=1MB (miss) w_dev=cuda:0 alloc=940MB
  [ComfyUI] [worker:ComfyUI-TRELLIS2] [sparse-conv] N=4,738 Ci=512 Co=512 feats=4MB cache=1MB (miss) w_dev=cuda:0 alloc=940MB
  [ComfyUI] [worker:ComfyUI-TRELLIS2] [sparse-conv] out=4MB alloc=944MB
  [ComfyUI] [worker:ComfyUI-TRELLIS2] [sparse-conv] out=4MB alloc=944MB
  [ComfyUI] [worker:ComfyUI-TRELLIS2] [UNET] level=1 block=10 SparseConvNeXtBlock3d N=4,738 ch=512 alloc=939MB
  [ComfyUI] [worker:ComfyUI-TRELLIS2] [UNET] level=1 block=10 SparseConvNeXtBlock3d N=4,738 ch=512 alloc=939MB
  [ComfyUI] [worker:ComfyUI-TRELLIS2] [sparse-conv] N=4,738 Ci=512 Co=512 feats=4MB cache=1MB (miss) w_dev=cuda:0 alloc=940MB
  [ComfyUI] [worker:ComfyUI-TRELLIS2] [sparse-conv] N=4,738 Ci=512 Co=512 feats=4MB cache=1MB (miss) w_dev=cuda:0 alloc=940MB
  [ComfyUI] [worker:ComfyUI-TRELLIS2] [sparse-conv] out=4MB alloc=944MB
  [ComfyUI] [worker:ComfyUI-TRELLIS2] [sparse-conv] out=4MB alloc=944MB
  [ComfyUI] [worker:ComfyUI-TRELLIS2] [UNET] level=1 block=11 SparseConvNeXtBlock3d N=4,738 ch=512 alloc=939MB
  [ComfyUI] [worker:ComfyUI-TRELLIS2] [UNET] level=1 block=11 SparseConvNeXtBlock3d N=4,738 ch=512 alloc=939MB
  [ComfyUI] [worker:ComfyUI-TRELLIS2] [sparse-conv] N=4,738 Ci=512 Co=512 feats=4MB cache=1MB (miss) w_dev=cuda:0 alloc=940MB
  [ComfyUI] [worker:ComfyUI-TRELLIS2] [sparse-conv] N=4,738 Ci=512 Co=512 feats=4MB cache=1MB (miss) w_dev=cuda:0 alloc=940MB
  [ComfyUI] [worker:ComfyUI-TRELLIS2] [sparse-conv] out=4MB alloc=944MB
  [ComfyUI] [worker:ComfyUI-TRELLIS2] [sparse-conv] out=4MB alloc=944MB
  [ComfyUI] [worker:ComfyUI-TRELLIS2] [UNET] level=1 block=12 SparseConvNeXtBlock3d N=4,738 ch=512 alloc=939MB
  [ComfyUI] [worker:ComfyUI-TRELLIS2] [UNET] level=1 block=12 SparseConvNeXtBlock3d N=4,738 ch=512 alloc=939MB
  [ComfyUI] [worker:ComfyUI-TRELLIS2] [sparse-conv] N=4,738 Ci=512 Co=512 feats=4MB cache=1MB (miss) w_dev=cuda:0 alloc=940MB
  [ComfyUI] [worker:ComfyUI-TRELLIS2] [sparse-conv] N=4,738 Ci=512 Co=512 feats=4MB cache=1MB (miss) w_dev=cuda:0 alloc=940MB
  [ComfyUI] [worker:ComfyUI-TRELLIS2] [sparse-conv] out=4MB alloc=944MB
  [ComfyUI] [worker:ComfyUI-TRELLIS2] [sparse-conv] out=4MB alloc=944MB
  [ComfyUI] [worker:ComfyUI-TRELLIS2] [UNET] level=1 block=13 SparseConvNeXtBlock3d N=4,738 ch=512 alloc=939MB
  [ComfyUI] [worker:ComfyUI-TRELLIS2] [UNET] level=1 block=13 SparseConvNeXtBlock3d N=4,738 ch=512 alloc=939MB
  [ComfyUI] [worker:ComfyUI-TRELLIS2] [sparse-conv] N=4,738 Ci=512 Co=512 feats=4MB cache=1MB (miss) w_dev=cuda:0 alloc=940MB
  [ComfyUI] [worker:ComfyUI-TRELLIS2] [sparse-conv] N=4,738 Ci=512 Co=512 feats=4MB cache=1MB (miss) w_dev=cuda:0 alloc=940MB
  [ComfyUI] [worker:ComfyUI-TRELLIS2] [sparse-conv] out=4MB alloc=944MB
  [ComfyUI] [worker:ComfyUI-TRELLIS2] [sparse-conv] out=4MB alloc=944MB
  [ComfyUI] [SubprocessWorker] callback 'report_progress' from call_id=76
  [ComfyUI] [SubprocessWorker] callback 'report_progress' from call_id=76
  [ComfyUI] [worker:ComfyUI-TRELLIS2] [UNET] level=1 block=14 SparseConvNeXtBlock3d N=4,738 ch=512 alloc=939MB
  [ComfyUI] [worker:ComfyUI-TRELLIS2] [UNET] level=1 block=14 SparseConvNeXtBlock3d N=4,738 ch=512 alloc=939MB
  [ComfyUI] [worker:ComfyUI-TRELLIS2] [sparse-conv] N=4,738 Ci=512 Co=512 feats=4MB cache=1MB (miss) w_dev=cuda:0 alloc=940MB
  [ComfyUI] [worker:ComfyUI-TRELLIS2] [sparse-conv] N=4,738 Ci=512 Co=512 feats=4MB cache=1MB (miss) w_dev=cuda:0 alloc=940MB
  [ComfyUI] [worker:ComfyUI-TRELLIS2] [sparse-conv] out=4MB alloc=944MB
  [ComfyUI] [worker:ComfyUI-TRELLIS2] [sparse-conv] out=4MB alloc=944MB
  [ComfyUI] [worker:ComfyUI-TRELLIS2] [UNET] level=1 block=15 SparseConvNeXtBlock3d N=4,738 ch=512 alloc=939MB
  [ComfyUI] [worker:ComfyUI-TRELLIS2] [UNET] level=1 block=15 SparseConvNeXtBlock3d N=4,738 ch=512 alloc=939MB
  [ComfyUI] [worker:ComfyUI-TRELLIS2] [sparse-conv] N=4,738 Ci=512 Co=512 feats=4MB cache=1MB (miss) w_dev=cuda:0 alloc=940MB
  [ComfyUI] [worker:ComfyUI-TRELLIS2] [sparse-conv] N=4,738 Ci=512 Co=512 feats=4MB cache=1MB (miss) w_dev=cuda:0 alloc=940MB
  [ComfyUI] [worker:ComfyUI-TRELLIS2] [sparse-conv] out=4MB alloc=944MB
  [ComfyUI] [worker:ComfyUI-TRELLIS2] [sparse-conv] out=4MB alloc=944MB
  [ComfyUI] [worker:ComfyUI-TRELLIS2] [UNET] level=1 block=16 SparseResBlockC2S3d N=4,738 ch=512 alloc=939MB
  [ComfyUI] [worker:ComfyUI-TRELLIS2] [UNET] level=1 block=16 SparseResBlockC2S3d N=4,738 ch=512 alloc=939MB
  [ComfyUI] [worker:ComfyUI-TRELLIS2] [C2S3d] after subdiv: alloc=939MB
  [ComfyUI] [worker:ComfyUI-TRELLIS2] [C2S3d] after subdiv: alloc=939MB
  [ComfyUI] [worker:ComfyUI-TRELLIS2] [C2S3d] after norm1: alloc=943MB
  [ComfyUI] [worker:ComfyUI-TRELLIS2] [C2S3d] after norm1: alloc=943MB
  [ComfyUI] [worker:ComfyUI-TRELLIS2] [C2S3d] pre-conv1: N=4,738 Ci=512 Co=2048 alloc=943MB
  [ComfyUI] [worker:ComfyUI-TRELLIS2] [C2S3d] pre-conv1: N=4,738 Ci=512 Co=2048 alloc=943MB
  [ComfyUI] [worker:ComfyUI-TRELLIS2] [C2S3d] x.feats offloaded before conv1: alloc=943MB
  [ComfyUI] [worker:ComfyUI-TRELLIS2] [C2S3d] x.feats offloaded before conv1: alloc=943MB
  [ComfyUI] [worker:ComfyUI-TRELLIS2] [sparse-conv] N=4,738 Ci=512 Co=2048 feats=4MB cache=1MB (miss) w_dev=cuda:0 alloc=945MB
  [ComfyUI] [worker:ComfyUI-TRELLIS2] [sparse-conv] N=4,738 Ci=512 Co=2048 feats=4MB cache=1MB (miss) w_dev=cuda:0 alloc=945MB
  [ComfyUI] [worker:ComfyUI-TRELLIS2] [VRAM] -272MB (now 963MB) reserved=1462MB peak=2624MB
  [ComfyUI] [worker:ComfyUI-TRELLIS2] [VRAM] -272MB (now 963MB) reserved=1462MB peak=2624MB
  Frame 20 saved (frame_019.jpg, t=91.2s)
  [capture-periodic] freeze=3ms shot=99ms unfreeze=3ms saved=True
  [ComfyUI] [worker:ComfyUI-TRELLIS2] [sparse-conv] out=18MB alloc=963MB
  [ComfyUI] [worker:ComfyUI-TRELLIS2] [sparse-conv] out=18MB alloc=963MB
  [ComfyUI] [worker:ComfyUI-TRELLIS2] [C2S3d] post-conv1: h=torch.Size([4738, 2048]) alloc=958MB
  [ComfyUI] [worker:ComfyUI-TRELLIS2] [C2S3d] post-conv1: h=torch.Size([4738, 2048]) alloc=958MB
  [ComfyUI] [worker:ComfyUI-TRELLIS2] [C2S3d] x.feats restored from CPU: alloc=963MB
  [ComfyUI] [worker:ComfyUI-TRELLIS2] [C2S3d] x.feats restored from CPU: alloc=963MB
  [ComfyUI] [worker:ComfyUI-TRELLIS2] [C2S3d] pre-C2S(h): alloc=963MB
  [ComfyUI] [worker:ComfyUI-TRELLIS2] [C2S3d] pre-C2S(h): alloc=963MB
  [ComfyUI] [worker:ComfyUI-TRELLIS2] [C2S] scatter: 4,738�2048 -> 18,597�256 in=18MB out=9MB alloc=964MB
  [ComfyUI] [worker:ComfyUI-TRELLIS2] [C2S] scatter: 4,738�2048 -> 18,597�256 in=18MB out=9MB alloc=964MB
  [ComfyUI] [worker:ComfyUI-TRELLIS2] [C2S] scatter done: alloc=973MB
  [ComfyUI] [worker:ComfyUI-TRELLIS2] [C2S] scatter done: alloc=973MB
  [ComfyUI] [worker:ComfyUI-TRELLIS2] [C2S3d] post-C2S(h): h=torch.Size([18597, 256]) alloc=954MB
  [ComfyUI] [worker:ComfyUI-TRELLIS2] [C2S3d] post-C2S(h): h=torch.Size([18597, 256]) alloc=954MB
  [ComfyUI] [worker:ComfyUI-TRELLIS2] [C2S] scatter: 4,738�512 -> 18,597�64 in=4MB out=2MB alloc=955MB
  [ComfyUI] [worker:ComfyUI-TRELLIS2] [C2S] scatter: 4,738�512 -> 18,597�64 in=4MB out=2MB alloc=955MB
  [ComfyUI] [worker:ComfyUI-TRELLIS2] [C2S] scatter done: alloc=957MB
  [ComfyUI] [worker:ComfyUI-TRELLIS2] [C2S] scatter done: alloc=957MB
  [ComfyUI] [worker:ComfyUI-TRELLIS2] [C2S3d] post-C2S(x): x=torch.Size([18597, 64]) alloc=952MB
  [ComfyUI] [worker:ComfyUI-TRELLIS2] [C2S3d] post-C2S(x): x=torch.Size([18597, 64]) alloc=952MB
  [ComfyUI] [worker:ComfyUI-TRELLIS2] [C2S3d] post-C2S: N=18,597 h=256ch x=64ch alloc=952MB
  [ComfyUI] [worker:ComfyUI-TRELLIS2] [C2S3d] post-C2S: N=18,597 h=256ch x=64ch alloc=952MB
  [ComfyUI] [worker:ComfyUI-TRELLIS2] [C2S3d] x offloaded to CPU, pre-conv2: alloc=949MB
  [ComfyUI] [worker:ComfyUI-TRELLIS2] [C2S3d] x offloaded to CPU, pre-conv2: alloc=949MB
  [ComfyUI] [worker:ComfyUI-TRELLIS2] [C2S3d] after norm2: alloc=949MB
  [ComfyUI] [worker:ComfyUI-TRELLIS2] [C2S3d] after norm2: alloc=949MB
  [ComfyUI] [worker:ComfyUI-TRELLIS2] [C2S3d] after silu: alloc=949MB
  [ComfyUI] [worker:ComfyUI-TRELLIS2] [C2S3d] after silu: alloc=949MB
  [ComfyUI] [worker:ComfyUI-TRELLIS2] [sparse-conv] N=18,597 Ci=256 Co=256 feats=9MB cache=4MB (miss) w_dev=cuda:0 alloc=955MB
  [ComfyUI] [worker:ComfyUI-TRELLIS2] [sparse-conv] N=18,597 Ci=256 Co=256 feats=9MB cache=4MB (miss) w_dev=cuda:0 alloc=955MB
  [ComfyUI] [worker:ComfyUI-TRELLIS2] [VRAM] +257MB (now 1220MB) reserved=1462MB peak=2624MB
  [ComfyUI] [worker:ComfyUI-TRELLIS2] [VRAM] +257MB (now 1220MB) reserved=1462MB peak=2624MB
  [ComfyUI] [worker:ComfyUI-TRELLIS2] [VRAM] -266MB (now 955MB) reserved=1462MB peak=2624MB
  [ComfyUI] [worker:ComfyUI-TRELLIS2] [VRAM] -266MB (now 955MB) reserved=1462MB peak=2624MB
  [ComfyUI] [worker:ComfyUI-TRELLIS2] [VRAM] +292MB (now 1248MB) reserved=1462MB peak=2624MB
  [ComfyUI] [worker:ComfyUI-TRELLIS2] [VRAM] +292MB (now 1248MB) reserved=1462MB peak=2624MB
  [capture-loop] iter=800 t=94.1s state={'complete': False, 'error': None, 'executedCount': 1, 'wsState': 1} eval_ms=4 ram=15.7/31.9GB (49%) swap=0.8/12.3GB (6%) cpu=6% browser_rss=0.90GB
  [ComfyUI] [worker:ComfyUI-TRELLIS2] [sparse-conv] out=9MB alloc=964MB
  [ComfyUI] [worker:ComfyUI-TRELLIS2] [sparse-conv] out=9MB alloc=964MB
  [ComfyUI] [worker:ComfyUI-TRELLIS2] [C2S3d] post-conv2: alloc=955MB
  [ComfyUI] [worker:ComfyUI-TRELLIS2] [C2S3d] post-conv2: alloc=955MB
  [ComfyUI] [worker:ComfyUI-TRELLIS2] [C2S3d] post-conv2 (cache cleared): alloc=949MB
  [ComfyUI] [worker:ComfyUI-TRELLIS2] [C2S3d] post-conv2 (cache cleared): alloc=949MB
  [ComfyUI] [worker:ComfyUI-TRELLIS2] [C2S3d] after skip expand: alloc=958MB
  [ComfyUI] [worker:ComfyUI-TRELLIS2] [C2S3d] after skip expand: alloc=958MB
  [ComfyUI] [worker:ComfyUI-TRELLIS2] [C2S3d] post-skip: alloc=949MB
  [ComfyUI] [worker:ComfyUI-TRELLIS2] [C2S3d] post-skip: alloc=949MB
  [ComfyUI] [SubprocessWorker] callback 'report_progress' from call_id=76
  [ComfyUI] [SubprocessWorker] callback 'report_progress' from call_id=76
  [ComfyUI] [worker:ComfyUI-TRELLIS2] [UNET] level=2 block=0 SparseConvNeXtBlock3d N=18,597 ch=256 alloc=945MB
  [ComfyUI] [worker:ComfyUI-TRELLIS2] [UNET] level=2 block=0 SparseConvNeXtBlock3d N=18,597 ch=256 alloc=945MB
  [ComfyUI] [worker:ComfyUI-TRELLIS2] [sparse-conv] N=18,597 Ci=256 Co=256 feats=9MB cache=4MB (miss) w_dev=cuda:0 alloc=951MB
  [ComfyUI] [worker:ComfyUI-TRELLIS2] [sparse-conv] N=18,597 Ci=256 Co=256 feats=9MB cache=4MB (miss) w_dev=cuda:0 alloc=951MB
  [ComfyUI] [worker:ComfyUI-TRELLIS2] [sparse-conv] out=9MB alloc=960MB
  [ComfyUI] [worker:ComfyUI-TRELLIS2] [sparse-conv] out=9MB alloc=960MB
  [ComfyUI] [worker:ComfyUI-TRELLIS2] [UNET] level=2 block=1 SparseConvNeXtBlock3d N=18,597 ch=256 alloc=945MB
  [ComfyUI] [worker:ComfyUI-TRELLIS2] [UNET] level=2 block=1 SparseConvNeXtBlock3d N=18,597 ch=256 alloc=945MB
  [ComfyUI] [worker:ComfyUI-TRELLIS2] [sparse-conv] N=18,597 Ci=256 Co=256 feats=9MB cache=4MB (miss) w_dev=cuda:0 alloc=951MB
  [ComfyUI] [worker:ComfyUI-TRELLIS2] [sparse-conv] N=18,597 Ci=256 Co=256 feats=9MB cache=4MB (miss) w_dev=cuda:0 alloc=951MB
  [ComfyUI] [worker:ComfyUI-TRELLIS2] [sparse-conv] out=9MB alloc=960MB
  [ComfyUI] [worker:ComfyUI-TRELLIS2] [sparse-conv] out=9MB alloc=960MB
  [ComfyUI] [worker:ComfyUI-TRELLIS2] [UNET] level=2 block=2 SparseConvNeXtBlock3d N=18,597 ch=256 alloc=945MB
  [ComfyUI] [worker:ComfyUI-TRELLIS2] [UNET] level=2 block=2 SparseConvNeXtBlock3d N=18,597 ch=256 alloc=945MB
  [ComfyUI] [worker:ComfyUI-TRELLIS2] [sparse-conv] N=18,597 Ci=256 Co=256 feats=9MB cache=4MB (miss) w_dev=cuda:0 alloc=951MB
  [ComfyUI] [worker:ComfyUI-TRELLIS2] [sparse-conv] N=18,597 Ci=256 Co=256 feats=9MB cache=4MB (miss) w_dev=cuda:0 alloc=951MB
  [ComfyUI] [worker:ComfyUI-TRELLIS2] [sparse-conv] out=9MB alloc=960MB
  [ComfyUI] [worker:ComfyUI-TRELLIS2] [sparse-conv] out=9MB alloc=960MB
  [ComfyUI] [worker:ComfyUI-TRELLIS2] [UNET] level=2 block=3 SparseConvNeXtBlock3d N=18,597 ch=256 alloc=945MB
  [ComfyUI] [worker:ComfyUI-TRELLIS2] [UNET] level=2 block=3 SparseConvNeXtBlock3d N=18,597 ch=256 alloc=945MB
  [ComfyUI] [worker:ComfyUI-TRELLIS2] [sparse-conv] N=18,597 Ci=256 Co=256 feats=9MB cache=4MB (miss) w_dev=cuda:0 alloc=951MB
  [ComfyUI] [worker:ComfyUI-TRELLIS2] [sparse-conv] N=18,597 Ci=256 Co=256 feats=9MB cache=4MB (miss) w_dev=cuda:0 alloc=951MB
  [ComfyUI] [worker:ComfyUI-TRELLIS2] [sparse-conv] out=9MB alloc=960MB
  [ComfyUI] [worker:ComfyUI-TRELLIS2] [sparse-conv] out=9MB alloc=960MB
  [ComfyUI] [worker:ComfyUI-TRELLIS2] [UNET] level=2 block=4 SparseConvNeXtBlock3d N=18,597 ch=256 alloc=945MB
  [ComfyUI] [worker:ComfyUI-TRELLIS2] [UNET] level=2 block=4 SparseConvNeXtBlock3d N=18,597 ch=256 alloc=945MB
  [ComfyUI] [worker:ComfyUI-TRELLIS2] [sparse-conv] N=18,597 Ci=256 Co=256 feats=9MB cache=4MB (miss) w_dev=cuda:0 alloc=951MB
  [ComfyUI] [worker:ComfyUI-TRELLIS2] [sparse-conv] N=18,597 Ci=256 Co=256 feats=9MB cache=4MB (miss) w_dev=cuda:0 alloc=951MB
  [ComfyUI] [worker:ComfyUI-TRELLIS2] [sparse-conv] out=9MB alloc=960MB
  [ComfyUI] [worker:ComfyUI-TRELLIS2] [sparse-conv] out=9MB alloc=960MB
  [ComfyUI] [worker:ComfyUI-TRELLIS2] [UNET] level=2 block=5 SparseConvNeXtBlock3d N=18,597 ch=256 alloc=945MB
  [ComfyUI] [worker:ComfyUI-TRELLIS2] [UNET] level=2 block=5 SparseConvNeXtBlock3d N=18,597 ch=256 alloc=945MB
  [ComfyUI] [worker:ComfyUI-TRELLIS2] [sparse-conv] N=18,597 Ci=256 Co=256 feats=9MB cache=4MB (miss) w_dev=cuda:0 alloc=951MB
  [ComfyUI] [worker:ComfyUI-TRELLIS2] [sparse-conv] N=18,597 Ci=256 Co=256 feats=9MB cache=4MB (miss) w_dev=cuda:0 alloc=951MB
  [ComfyUI] [worker:ComfyUI-TRELLIS2] [sparse-conv] out=9MB alloc=960MB
  [ComfyUI] [worker:ComfyUI-TRELLIS2] [sparse-conv] out=9MB alloc=960MB
  [ComfyUI] [worker:ComfyUI-TRELLIS2] [UNET] level=2 block=6 SparseConvNeXtBlock3d N=18,597 ch=256 alloc=945MB
  [ComfyUI] [worker:ComfyUI-TRELLIS2] [UNET] level=2 block=6 SparseConvNeXtBlock3d N=18,597 ch=256 alloc=945MB
  [ComfyUI] [worker:ComfyUI-TRELLIS2] [sparse-conv] N=18,597 Ci=256 Co=256 feats=9MB cache=4MB (miss) w_dev=cuda:0 alloc=951MB
  [ComfyUI] [worker:ComfyUI-TRELLIS2] [sparse-conv] N=18,597 Ci=256 Co=256 feats=9MB cache=4MB (miss) w_dev=cuda:0 alloc=951MB
  [ComfyUI] [worker:ComfyUI-TRELLIS2] [sparse-conv] out=9MB alloc=960MB
  [ComfyUI] [worker:ComfyUI-TRELLIS2] [sparse-conv] out=9MB alloc=960MB
  [ComfyUI] [SubprocessWorker] callback 'report_progress' from call_id=76
  [ComfyUI] [SubprocessWorker] callback 'report_progress' from call_id=76
  [ComfyUI] [worker:ComfyUI-TRELLIS2] [UNET] level=2 block=7 SparseConvNeXtBlock3d N=18,597 ch=256 alloc=945MB
  [ComfyUI] [worker:ComfyUI-TRELLIS2] [UNET] level=2 block=7 SparseConvNeXtBlock3d N=18,597 ch=256 alloc=945MB
  [ComfyUI] [worker:ComfyUI-TRELLIS2] [sparse-conv] N=18,597 Ci=256 Co=256 feats=9MB cache=4MB (miss) w_dev=cuda:0 alloc=951MB
  [ComfyUI] [worker:ComfyUI-TRELLIS2] [sparse-conv] N=18,597 Ci=256 Co=256 feats=9MB cache=4MB (miss) w_dev=cuda:0 alloc=951MB
  [ComfyUI] [worker:ComfyUI-TRELLIS2] [sparse-conv] out=9MB alloc=960MB
  [ComfyUI] [worker:ComfyUI-TRELLIS2] [sparse-conv] out=9MB alloc=960MB
  [ComfyUI] [worker:ComfyUI-TRELLIS2] [UNET] level=2 block=8 SparseResBlockC2S3d N=18,597 ch=256 alloc=945MB
  [ComfyUI] [worker:ComfyUI-TRELLIS2] [UNET] level=2 block=8 SparseResBlockC2S3d N=18,597 ch=256 alloc=945MB
  [ComfyUI] [worker:ComfyUI-TRELLIS2] [C2S3d] after subdiv: alloc=945MB
  [ComfyUI] [worker:ComfyUI-TRELLIS2] [C2S3d] after subdiv: alloc=945MB
  [ComfyUI] [worker:ComfyUI-TRELLIS2] [C2S3d] after norm1: alloc=954MB
  [ComfyUI] [worker:ComfyUI-TRELLIS2] [C2S3d] after norm1: alloc=954MB
  [ComfyUI] [worker:ComfyUI-TRELLIS2] [C2S3d] pre-conv1: N=18,597 Ci=256 Co=1024 alloc=954MB
  [ComfyUI] [worker:ComfyUI-TRELLIS2] [C2S3d] pre-conv1: N=18,597 Ci=256 Co=1024 alloc=954MB
  [ComfyUI] [worker:ComfyUI-TRELLIS2] [C2S3d] x.feats offloaded before conv1: alloc=954MB
  [ComfyUI] [worker:ComfyUI-TRELLIS2] [C2S3d] x.feats offloaded before conv1: alloc=954MB
  [ComfyUI] [worker:ComfyUI-TRELLIS2] [sparse-conv] N=18,597 Ci=256 Co=1024 feats=9MB cache=4MB (miss) w_dev=cuda:0 alloc=960MB
  [ComfyUI] [worker:ComfyUI-TRELLIS2] [sparse-conv] N=18,597 Ci=256 Co=1024 feats=9MB cache=4MB (miss) w_dev=cuda:0 alloc=960MB
  [ComfyUI] [worker:ComfyUI-TRELLIS2] [VRAM] -252MB (now 996MB) reserved=1462MB peak=2624MB
  [ComfyUI] [worker:ComfyUI-TRELLIS2] [VRAM] -252MB (now 996MB) reserved=1462MB peak=2624MB
  Frame 21 saved (frame_020.jpg, t=95.6s)
  [capture-periodic] freeze=3ms shot=92ms unfreeze=4ms saved=True
  [ComfyUI] [worker:ComfyUI-TRELLIS2] [sparse-conv] out=36MB alloc=996MB
  [ComfyUI] [worker:ComfyUI-TRELLIS2] [sparse-conv] out=36MB alloc=996MB
  [ComfyUI] [worker:ComfyUI-TRELLIS2] [C2S3d] post-conv1: h=torch.Size([18597, 1024]) alloc=987MB
  [ComfyUI] [worker:ComfyUI-TRELLIS2] [C2S3d] post-conv1: h=torch.Size([18597, 1024]) alloc=987MB
  [ComfyUI] [worker:ComfyUI-TRELLIS2] [C2S3d] x.feats restored from CPU: alloc=996MB
  [ComfyUI] [worker:ComfyUI-TRELLIS2] [C2S3d] x.feats restored from CPU: alloc=996MB
  [ComfyUI] [worker:ComfyUI-TRELLIS2] [C2S3d] pre-C2S(h): alloc=996MB
  [ComfyUI] [worker:ComfyUI-TRELLIS2] [C2S3d] pre-C2S(h): alloc=996MB
  [ComfyUI] [worker:ComfyUI-TRELLIS2] [C2S] scatter: 18,597�1024 -> 81,171�128 in=36MB out=19MB alloc=1000MB
  [ComfyUI] [worker:ComfyUI-TRELLIS2] [C2S] scatter: 18,597�1024 -> 81,171�128 in=36MB out=19MB alloc=1000MB
  [ComfyUI] [worker:ComfyUI-TRELLIS2] [C2S] scatter done: alloc=1020MB
  [ComfyUI] [worker:ComfyUI-TRELLIS2] [C2S] scatter done: alloc=1020MB
  [ComfyUI] [worker:ComfyUI-TRELLIS2] [C2S3d] post-C2S(h): h=torch.Size([81171, 128]) alloc=981MB
  [ComfyUI] [worker:ComfyUI-TRELLIS2] [C2S3d] post-C2S(h): h=torch.Size([81171, 128]) alloc=981MB
  [ComfyUI] [worker:ComfyUI-TRELLIS2] [C2S] scatter: 18,597�256 -> 81,171�32 in=9MB out=4MB alloc=985MB
  [ComfyUI] [worker:ComfyUI-TRELLIS2] [C2S] scatter: 18,597�256 -> 81,171�32 in=9MB out=4MB alloc=985MB
  [ComfyUI] [worker:ComfyUI-TRELLIS2] [C2S] scatter done: alloc=990MB
  [ComfyUI] [worker:ComfyUI-TRELLIS2] [C2S] scatter done: alloc=990MB
  [ComfyUI] [worker:ComfyUI-TRELLIS2] [C2S3d] post-C2S(x): x=torch.Size([81171, 32]) alloc=978MB
  [ComfyUI] [worker:ComfyUI-TRELLIS2] [C2S3d] post-C2S(x): x=torch.Size([81171, 32]) alloc=978MB
  [ComfyUI] [worker:ComfyUI-TRELLIS2] [C2S3d] post-C2S: N=81,171 h=128ch x=32ch alloc=978MB
  [ComfyUI] [worker:ComfyUI-TRELLIS2] [C2S3d] post-C2S: N=81,171 h=128ch x=32ch alloc=978MB
  [ComfyUI] [worker:ComfyUI-TRELLIS2] [C2S3d] x offloaded to CPU, pre-conv2: alloc=972MB
  [ComfyUI] [worker:ComfyUI-TRELLIS2] [C2S3d] x offloaded to CPU, pre-conv2: alloc=972MB
  [ComfyUI] [worker:ComfyUI-TRELLIS2] [C2S3d] after norm2: alloc=972MB
  [ComfyUI] [worker:ComfyUI-TRELLIS2] [C2S3d] after norm2: alloc=972MB
  [ComfyUI] [worker:ComfyUI-TRELLIS2] [C2S3d] after silu: alloc=972MB
  [ComfyUI] [worker:ComfyUI-TRELLIS2] [C2S3d] after silu: alloc=972MB
  [ComfyUI] [worker:ComfyUI-TRELLIS2] [sparse-conv] N=81,171 Ci=128 Co=128 feats=19MB cache=19MB (miss) w_dev=cuda:0 alloc=991MB
  [ComfyUI] [worker:ComfyUI-TRELLIS2] [sparse-conv] N=81,171 Ci=128 Co=128 feats=19MB cache=19MB (miss) w_dev=cuda:0 alloc=991MB
  [ComfyUI] [worker:ComfyUI-TRELLIS2] [VRAM] +270MB (now 1267MB) reserved=1466MB peak=2624MB
  [ComfyUI] [worker:ComfyUI-TRELLIS2] [VRAM] +270MB (now 1267MB) reserved=1466MB peak=2624MB
  [ComfyUI] [worker:ComfyUI-TRELLIS2] [sparse-conv] out=19MB alloc=1011MB
  [ComfyUI] [worker:ComfyUI-TRELLIS2] [sparse-conv] out=19MB alloc=1011MB
  [ComfyUI] [worker:ComfyUI-TRELLIS2] [C2S3d] post-conv2: alloc=992MB
  [ComfyUI] [worker:ComfyUI-TRELLIS2] [C2S3d] post-conv2: alloc=992MB
  [ComfyUI] [worker:ComfyUI-TRELLIS2] [C2S3d] post-conv2 (cache cleared): alloc=972MB
  [ComfyUI] [worker:ComfyUI-TRELLIS2] [C2S3d] post-conv2 (cache cleared): alloc=972MB
  [ComfyUI] [worker:ComfyUI-TRELLIS2] [C2S3d] after skip expand: alloc=992MB
  [ComfyUI] [worker:ComfyUI-TRELLIS2] [C2S3d] after skip expand: alloc=992MB
  [ComfyUI] [worker:ComfyUI-TRELLIS2] [C2S3d] post-skip: alloc=972MB
  [ComfyUI] [worker:ComfyUI-TRELLIS2] [C2S3d] post-skip: alloc=972MB
  [ComfyUI] [SubprocessWorker] callback 'report_progress' from call_id=76
  [ComfyUI] [SubprocessWorker] callback 'report_progress' from call_id=76
  [ComfyUI] [worker:ComfyUI-TRELLIS2] [UNET] level=3 block=0 SparseConvNeXtBlock3d N=81,171 ch=128 alloc=963MB
  [ComfyUI] [worker:ComfyUI-TRELLIS2] [UNET] level=3 block=0 SparseConvNeXtBlock3d N=81,171 ch=128 alloc=963MB
  [ComfyUI] [worker:ComfyUI-TRELLIS2] [sparse-conv] N=81,171 Ci=128 Co=128 feats=19MB cache=19MB (miss) w_dev=cuda:0 alloc=982MB
  [ComfyUI] [worker:ComfyUI-TRELLIS2] [sparse-conv] N=81,171 Ci=128 Co=128 feats=19MB cache=19MB (miss) w_dev=cuda:0 alloc=982MB
  [ComfyUI] [worker:ComfyUI-TRELLIS2] [VRAM] -305MB (now 963MB) reserved=1466MB peak=2624MB
  [ComfyUI] [worker:ComfyUI-TRELLIS2] [VRAM] -305MB (now 963MB) reserved=1466MB peak=2624MB
  [ComfyUI] [worker:ComfyUI-TRELLIS2] [sparse-conv] out=19MB alloc=1002MB
  [ComfyUI] [worker:ComfyUI-TRELLIS2] [sparse-conv] out=19MB alloc=1002MB
  [ComfyUI] [worker:ComfyUI-TRELLIS2] [UNET] level=3 block=1 SparseConvNeXtBlock3d N=81,171 ch=128 alloc=963MB
  [ComfyUI] [worker:ComfyUI-TRELLIS2] [UNET] level=3 block=1 SparseConvNeXtBlock3d N=81,171 ch=128 alloc=963MB
  [ComfyUI] [worker:ComfyUI-TRELLIS2] [sparse-conv] N=81,171 Ci=128 Co=128 feats=19MB cache=19MB (miss) w_dev=cuda:0 alloc=982MB
  [ComfyUI] [worker:ComfyUI-TRELLIS2] [sparse-conv] N=81,171 Ci=128 Co=128 feats=19MB cache=19MB (miss) w_dev=cuda:0 alloc=982MB
  [ComfyUI] [worker:ComfyUI-TRELLIS2] [sparse-conv] out=19MB alloc=1002MB
  [ComfyUI] [worker:ComfyUI-TRELLIS2] [sparse-conv] out=19MB alloc=1002MB
  [ComfyUI] [worker:ComfyUI-TRELLIS2] [UNET] level=3 block=2 SparseConvNeXtBlock3d N=81,171 ch=128 alloc=963MB
  [ComfyUI] [worker:ComfyUI-TRELLIS2] [UNET] level=3 block=2 SparseConvNeXtBlock3d N=81,171 ch=128 alloc=963MB
  [ComfyUI] [worker:ComfyUI-TRELLIS2] [sparse-conv] N=81,171 Ci=128 Co=128 feats=19MB cache=19MB (miss) w_dev=cuda:0 alloc=982MB
  [ComfyUI] [worker:ComfyUI-TRELLIS2] [sparse-conv] N=81,171 Ci=128 Co=128 feats=19MB cache=19MB (miss) w_dev=cuda:0 alloc=982MB
  [ComfyUI] [worker:ComfyUI-TRELLIS2] [sparse-conv] out=19MB alloc=1002MB
  [ComfyUI] [worker:ComfyUI-TRELLIS2] [sparse-conv] out=19MB alloc=1002MB
  [ComfyUI] [worker:ComfyUI-TRELLIS2] [UNET] level=3 block=3 SparseConvNeXtBlock3d N=81,171 ch=128 alloc=963MB
  [ComfyUI] [worker:ComfyUI-TRELLIS2] [UNET] level=3 block=3 SparseConvNeXtBlock3d N=81,171 ch=128 alloc=963MB
  [ComfyUI] [worker:ComfyUI-TRELLIS2] [sparse-conv] N=81,171 Ci=128 Co=128 feats=19MB cache=19MB (miss) w_dev=cuda:0 alloc=982MB
  [ComfyUI] [worker:ComfyUI-TRELLIS2] [sparse-conv] N=81,171 Ci=128 Co=128 feats=19MB cache=19MB (miss) w_dev=cuda:0 alloc=982MB
  [ComfyUI] [worker:ComfyUI-TRELLIS2] [sparse-conv] out=19MB alloc=1002MB
  [ComfyUI] [worker:ComfyUI-TRELLIS2] [sparse-conv] out=19MB alloc=1002MB
  [ComfyUI] [worker:ComfyUI-TRELLIS2] [UNET] level=3 block=4 SparseResBlockC2S3d N=81,171 ch=128 alloc=963MB
  [ComfyUI] [worker:ComfyUI-TRELLIS2] [UNET] level=3 block=4 SparseResBlockC2S3d N=81,171 ch=128 alloc=963MB
  [ComfyUI] [worker:ComfyUI-TRELLIS2] [C2S3d] after subdiv: alloc=965MB
  [ComfyUI] [worker:ComfyUI-TRELLIS2] [C2S3d] after subdiv: alloc=965MB
  [ComfyUI] [worker:ComfyUI-TRELLIS2] [C2S3d] after norm1: alloc=985MB
  [ComfyUI] [worker:ComfyUI-TRELLIS2] [C2S3d] after norm1: alloc=985MB
  [ComfyUI] [worker:ComfyUI-TRELLIS2] [C2S3d] pre-conv1: N=81,171 Ci=128 Co=512 alloc=985MB
  [ComfyUI] [worker:ComfyUI-TRELLIS2] [C2S3d] pre-conv1: N=81,171 Ci=128 Co=512 alloc=985MB
  [ComfyUI] [worker:ComfyUI-TRELLIS2] [C2S3d] x.feats offloaded before conv1: alloc=985MB
  [ComfyUI] [worker:ComfyUI-TRELLIS2] [C2S3d] x.feats offloaded before conv1: alloc=985MB
  [ComfyUI] [worker:ComfyUI-TRELLIS2] [sparse-conv] N=81,171 Ci=128 Co=512 feats=19MB cache=19MB (miss) w_dev=cuda:0 alloc=1004MB
  [ComfyUI] [worker:ComfyUI-TRELLIS2] [sparse-conv] N=81,171 Ci=128 Co=512 feats=19MB cache=19MB (miss) w_dev=cuda:0 alloc=1004MB
  Frame 22 saved (frame_021.jpg, t=97.8s)
  [capture-periodic] freeze=3ms shot=100ms unfreeze=4ms saved=True
  [ComfyUI] [worker:ComfyUI-TRELLIS2] [VRAM] +376MB (now 1340MB) reserved=1468MB peak=2624MB
  [ComfyUI] [worker:ComfyUI-TRELLIS2] [VRAM] +376MB (now 1340MB) reserved=1468MB peak=2624MB
  [ComfyUI] [worker:ComfyUI-TRELLIS2] [sparse-conv] out=79MB alloc=1084MB
  [ComfyUI] [worker:ComfyUI-TRELLIS2] [sparse-conv] out=79MB alloc=1084MB
  [ComfyUI] [worker:ComfyUI-TRELLIS2] [C2S3d] post-conv1: h=torch.Size([81171, 512]) alloc=1064MB
  [ComfyUI] [worker:ComfyUI-TRELLIS2] [C2S3d] post-conv1: h=torch.Size([81171, 512]) alloc=1064MB
  [ComfyUI] [worker:ComfyUI-TRELLIS2] [C2S3d] x.feats restored from CPU: alloc=1084MB
  [ComfyUI] [worker:ComfyUI-TRELLIS2] [C2S3d] x.feats restored from CPU: alloc=1084MB
  [ComfyUI] [worker:ComfyUI-TRELLIS2] [C2S3d] pre-C2S(h): alloc=1084MB
  [ComfyUI] [worker:ComfyUI-TRELLIS2] [C2S3d] pre-C2S(h): alloc=1084MB
  [ComfyUI] [worker:ComfyUI-TRELLIS2] [C2S] scatter: 81,171�512 -> 373,153�64 in=79MB out=45MB alloc=1099MB
  [ComfyUI] [worker:ComfyUI-TRELLIS2] [C2S] scatter: 81,171�512 -> 373,153�64 in=79MB out=45MB alloc=1099MB
  [ComfyUI] [worker:ComfyUI-TRELLIS2] [C2S] scatter done: alloc=1144MB
  [ComfyUI] [worker:ComfyUI-TRELLIS2] [C2S] scatter done: alloc=1144MB
  [ComfyUI] [worker:ComfyUI-TRELLIS2] [C2S3d] post-C2S(h): h=torch.Size([373153, 64]) alloc=1056MB
  [ComfyUI] [worker:ComfyUI-TRELLIS2] [C2S3d] post-C2S(h): h=torch.Size([373153, 64]) alloc=1056MB
  [ComfyUI] [worker:ComfyUI-TRELLIS2] [C2S] scatter: 81,171�128 -> 373,153�16 in=19MB out=11MB alloc=1071MB
  [ComfyUI] [worker:ComfyUI-TRELLIS2] [C2S] scatter: 81,171�128 -> 373,153�16 in=19MB out=11MB alloc=1071MB
  [ComfyUI] [worker:ComfyUI-TRELLIS2] [C2S] scatter done: alloc=1082MB
  [ComfyUI] [worker:ComfyUI-TRELLIS2] [C2S] scatter done: alloc=1082MB
  [ComfyUI] [worker:ComfyUI-TRELLIS2] [C2S3d] post-C2S(x): x=torch.Size([373153, 16]) alloc=1053MB
  [ComfyUI] [worker:ComfyUI-TRELLIS2] [C2S3d] post-C2S(x): x=torch.Size([373153, 16]) alloc=1053MB
  [ComfyUI] [worker:ComfyUI-TRELLIS2] [C2S3d] post-C2S: N=373,153 h=64ch x=16ch alloc=1053MB
  [ComfyUI] [worker:ComfyUI-TRELLIS2] [C2S3d] post-C2S: N=373,153 h=64ch x=16ch alloc=1053MB
  [ComfyUI] [worker:ComfyUI-TRELLIS2] [C2S3d] x offloaded to CPU, pre-conv2: alloc=1036MB
  [ComfyUI] [worker:ComfyUI-TRELLIS2] [C2S3d] x offloaded to CPU, pre-conv2: alloc=1036MB
  [ComfyUI] [worker:ComfyUI-TRELLIS2] [C2S3d] after norm2: alloc=1036MB
  [ComfyUI] [worker:ComfyUI-TRELLIS2] [C2S3d] after norm2: alloc=1036MB
  [ComfyUI] [worker:ComfyUI-TRELLIS2] [C2S3d] after silu: alloc=1036MB
  [ComfyUI] [worker:ComfyUI-TRELLIS2] [C2S3d] after silu: alloc=1036MB
  [ComfyUI] [worker:ComfyUI-TRELLIS2] [sparse-conv] N=373,153 Ci=64 Co=64 feats=45MB cache=92MB (miss) w_dev=cuda:0 alloc=1129MB
  [ComfyUI] [worker:ComfyUI-TRELLIS2] [sparse-conv] N=373,153 Ci=64 Co=64 feats=45MB cache=92MB (miss) w_dev=cuda:0 alloc=1129MB
  [ComfyUI] [worker:ComfyUI-TRELLIS2] [sparse-conv] out=45MB alloc=1176MB
  [ComfyUI] [worker:ComfyUI-TRELLIS2] [sparse-conv] out=45MB alloc=1176MB
  [ComfyUI] [worker:ComfyUI-TRELLIS2] [C2S3d] post-conv2: alloc=1130MB
  [ComfyUI] [worker:ComfyUI-TRELLIS2] [C2S3d] post-conv2: alloc=1130MB
  [ComfyUI] [worker:ComfyUI-TRELLIS2] [C2S3d] post-conv2 (cache cleared): alloc=1036MB
  [ComfyUI] [worker:ComfyUI-TRELLIS2] [C2S3d] post-conv2 (cache cleared): alloc=1036MB
  [ComfyUI] [worker:ComfyUI-TRELLIS2] [C2S3d] after skip expand: alloc=1082MB
  [ComfyUI] [worker:ComfyUI-TRELLIS2] [C2S3d] after skip expand: alloc=1082MB
  [ComfyUI] [worker:ComfyUI-TRELLIS2] [C2S3d] post-skip: alloc=1036MB
  [ComfyUI] [worker:ComfyUI-TRELLIS2] [C2S3d] post-skip: alloc=1036MB
  [ComfyUI] [SubprocessWorker] callback 'report_progress' from call_id=76
  [ComfyUI] [SubprocessWorker] callback 'report_progress' from call_id=76
  [ComfyUI] [SubprocessWorker] callback 'report_progress' from call_id=76
  [ComfyUI] [SubprocessWorker] callback 'report_progress' from call_id=76
  [ComfyUI] [worker:ComfyUI-TRELLIS2] [FlexiDecoder] pre-cleanup: alloc=954MB
  [ComfyUI] [worker:ComfyUI-TRELLIS2] [FlexiDecoder] pre-cleanup: alloc=954MB
  [ComfyUI] [worker:ComfyUI-TRELLIS2] [VRAM] -1185MB (now 155MB) reserved=1206MB peak=2624MB
  [ComfyUI] [worker:ComfyUI-TRELLIS2] [VRAM] -1185MB (now 155MB) reserved=1206MB peak=2624MB
  [ComfyUI] [worker:ComfyUI-TRELLIS2] [FlexiDecoder] model to CPU: alloc=38MB
  [ComfyUI] [worker:ComfyUI-TRELLIS2] [FlexiDecoder] model to CPU: alloc=38MB
  [ComfyUI] [worker:ComfyUI-TRELLIS2] [FlexiDecoder] extra[0][0] feats=torch.Size([1121, 8]) on cuda:0, 0MB
  [ComfyUI] [worker:ComfyUI-TRELLIS2] [FlexiDecoder] extra[0][0] feats=torch.Size([1121, 8]) on cuda:0, 0MB
  [ComfyUI] [worker:ComfyUI-TRELLIS2] [FlexiDecoder] extra[0][1] feats=torch.Size([4738, 8]) on cuda:0, 0MB
  [ComfyUI] [worker:ComfyUI-TRELLIS2] [FlexiDecoder] extra[0][1] feats=torch.Size([4738, 8]) on cuda:0, 0MB
  [ComfyUI] [worker:ComfyUI-TRELLIS2] [FlexiDecoder] extra[0][2] feats=torch.Size([18597, 8]) on cuda:0, 0MB
  [ComfyUI] [worker:ComfyUI-TRELLIS2] [FlexiDecoder] extra[0][2] feats=torch.Size([18597, 8]) on cuda:0, 0MB
  [ComfyUI] [worker:ComfyUI-TRELLIS2] [FlexiDecoder] extra[0][3] feats=torch.Size([81171, 8]) on cuda:0, 1MB
  [ComfyUI] [worker:ComfyUI-TRELLIS2] [FlexiDecoder] extra[0][3] feats=torch.Size([81171, 8]) on cuda:0, 1MB
  [ComfyUI] [worker:ComfyUI-TRELLIS2] [FlexiDecoder] subs to CPU: alloc=37MB
  [ComfyUI] [worker:ComfyUI-TRELLIS2] [FlexiDecoder] subs to CPU: alloc=37MB
  [ComfyUI] [worker:ComfyUI-TRELLIS2] [FlexiDecoder] coords: torch.Size([373153, 3]) cuda:0 4MB
  [ComfyUI] [worker:ComfyUI-TRELLIS2] [FlexiDecoder] coords: torch.Size([373153, 3]) cuda:0 4MB
  [ComfyUI] [worker:ComfyUI-TRELLIS2] [FlexiDecoder] vertices.feats: torch.Size([373153, 3]) cuda:0 2MB
  [ComfyUI] [worker:ComfyUI-TRELLIS2] [FlexiDecoder] vertices.feats: torch.Size([373153, 3]) cuda:0 2MB
  [ComfyUI] [worker:ComfyUI-TRELLIS2] [FlexiDecoder] intersected.feats: torch.Size([373153, 3]) cuda:0 1MB
  [ComfyUI] [worker:ComfyUI-TRELLIS2] [FlexiDecoder] intersected.feats: torch.Size([373153, 3]) cuda:0 1MB
  [ComfyUI] [worker:ComfyUI-TRELLIS2] [FlexiDecoder] quad_lerp.feats: torch.Size([373153, 1]) cuda:0 0MB
  [ComfyUI] [worker:ComfyUI-TRELLIS2] [FlexiDecoder] quad_lerp.feats: torch.Size([373153, 1]) cuda:0 0MB
  [ComfyUI] [worker:ComfyUI-TRELLIS2] [FlexiDecoder] post-cleanup: alloc=37MB, starting mesh extraction
  [ComfyUI] [worker:ComfyUI-TRELLIS2] [FlexiDecoder] post-cleanup: alloc=37MB, starting mesh extraction
  [ComfyUI] 
  [ComfyUI] 
  [ComfyUI] Fast Tiled Decoding:   0%|          | 0/36 [00:00<?, ?it/s]
  [ComfyUI] Fast Tiled Decoding:   0%|          | 0/36 [00:00<?, ?it/s]
  [ComfyUI] Fast Tiled Decoding:  81%|████████  | 29/36 [00:00<00:00, 289.67it/s]
  [ComfyUI] Fast Tiled Decoding:  81%|████████  | 29/36 [00:00<00:00, 289.67it/s]
  [ComfyUI] Fast Tiled Decoding: 100%|██████████| 36/36 [00:00<00:00, 334.05it/s]
  [ComfyUI] Fast Tiled Decoding: 100%|██████████| 36/36 [00:00<00:00, 334.05it/s]
  [ComfyUI] [SubprocessWorker] callback 'report_progress' from call_id=76
  [ComfyUI] [SubprocessWorker] callback 'report_progress' from call_id=76
  [capture-loop] iter=850 t=99.9s state={'complete': False, 'error': None, 'executedCount': 1, 'wsState': 1} eval_ms=4 ram=16.7/31.9GB (52%) swap=0.8/12.3GB (6%) cpu=10% browser_rss=0.90GB
  [ComfyUI] [SubprocessWorker] callback 'report_progress' from call_id=76
  [ComfyUI] [SubprocessWorker] callback 'report_progress' from call_id=76
  [ComfyUI] [SubprocessWorker] got response: ok
  [ComfyUI] [SubprocessWorker] got response: ok
  [ComfyUI] [comfy-env] Created 4 model patchers: ['SparseStructureFlowModel_2', 'SparseStructureDecoder_3', 'SLatFlowModel_4', 'FlexiDualGridVaeDecoder_5']
  [ComfyUI] [comfy-env] Created 4 model patchers: ['SparseStructureFlowModel_2', 'SparseStructureDecoder_3', 'SLatFlowModel_4', 'FlexiDualGridVaeDecoder_5']
  [ComfyUI] [comfy-env] Trellis2ImageToShape done (70.10s): result: NodeOutput
  [ComfyUI] [comfy-env] Trellis2ImageToShape done (70.10s): result: NodeOutput
  [ComfyUI] [VRAM] After Trellis2ImageToShape: 1042 / 12287 MB
  [ComfyUI] [VRAM] After Trellis2ImageToShape: 1042 / 12287 MB
  [ComfyUI] [VRAM] Loaded: SubprocessModel (0 MB), SubprocessModel (0 MB), SubprocessModel (0 MB), SubprocessModel (0 MB), SubprocessModel (0 MB)
  [ComfyUI] [VRAM] Loaded: SubprocessModel (0 MB), SubprocessModel (0 MB), SubprocessModel (0 MB), SubprocessModel (0 MB), SubprocessModel (0 MB)
  [ComfyUI] [comfy-env] Running Trellis2ProcessMesh: remesh: dict, target_face_count: 500000, floater_threshold: 0.001, weld_vertices: True, weld_digits: 4, chart_cone_angle: 90.0, chart_refine_iterations: 1, chart_global_iterations: 1, chart_smooth_strength: 1, trimesh: Trimesh
  [ComfyUI] [comfy-env] Running Trellis2ProcessMesh: remesh: dict, target_face_count: 500000, floater_threshold: 0.001, weld_vertices: True, weld_digits: 4, chart_cone_angle: 90.0, chart_refine_iterations: 1, chart_global_iterations: 1, chart_smooth_strength: 1, trimesh: Trimesh
  [ComfyUI] [VRAM] Before Trellis2ProcessMesh: 1042 / 12287 MB
  [ComfyUI] [VRAM] Before Trellis2ProcessMesh: 1042 / 12287 MB
  [ComfyUI] [VRAM] Loaded: SubprocessModel (0 MB), SubprocessModel (0 MB), SubprocessModel (0 MB), SubprocessModel (0 MB), SubprocessModel (0 MB)
  [ComfyUI] [VRAM] Loaded: SubprocessModel (0 MB), SubprocessModel (0 MB), SubprocessModel (0 MB), SubprocessModel (0 MB), SubprocessModel (0 MB)
  [ComfyUI] [SubprocessWorker] call_method: nodes.nodes_unwrap.Trellis2ProcessMesh.EXECUTE_NORMALIZED
  [ComfyUI] [SubprocessWorker] call_method: nodes.nodes_unwrap.Trellis2ProcessMesh.EXECUTE_NORMALIZED
  [ComfyUI] [SubprocessWorker] acquired lock, ensuring started...
  [ComfyUI] [SubprocessWorker] acquired lock, ensuring started...
  [ComfyUI] [ComfyUI-TRELLIS2] Health check: ping (timeout=5.0s)...
  [ComfyUI] [ComfyUI-TRELLIS2] Health check: ping (timeout=5.0s)...
  [ComfyUI] [ComfyUI-TRELLIS2] Health check: ok
  [ComfyUI] [ComfyUI-TRELLIS2] Health check: ok
  [ComfyUI] [SubprocessWorker] worker started/confirmed
  [ComfyUI] [SubprocessWorker] worker started/confirmed
  [ComfyUI] [SubprocessWorker] serializing kwargs to shm...
  [ComfyUI] [SubprocessWorker] serializing kwargs to shm...
  Frame 23 saved (frame_022.jpg, t=100.1s)
  [capture-periodic] freeze=4ms shot=117ms unfreeze=4ms saved=True
  [ComfyUI] [SubprocessWorker] created 1 shm blocks
  [ComfyUI] [SubprocessWorker] created 1 shm blocks
  [ComfyUI] [SubprocessWorker] sending request via socket...
  [ComfyUI] [SubprocessWorker] sending request via socket...
  [ComfyUI] [SubprocessWorker] call_id=77 sending call_method
  [ComfyUI] [SubprocessWorker] call_id=77 sending call_method
  [ComfyUI] [worker:ComfyUI-TRELLIS2] [VRAM] ProcessMesh Start: alloc=9MB reserved=38MB peak=9MB
  [ComfyUI] [worker:ComfyUI-TRELLIS2] [VRAM] ProcessMesh Start: alloc=9MB reserved=38MB peak=9MB
  [ComfyUI] [worker:ComfyUI-TRELLIS2] [ProcessMesh] Input: 373617 verts, 1036330 faces (alloc=25MB)
  [ComfyUI] [worker:ComfyUI-TRELLIS2] [ProcessMesh] Input: 373617 verts, 1036330 faces (alloc=25MB)
  [ComfyUI] [worker:ComfyUI-TRELLIS2] [ProcessMesh] Remeshing (quad DC, resolution=512, band=1.0, remove_inner_faces=True)... (alloc=25MB)
  [ComfyUI] [worker:ComfyUI-TRELLIS2] [ProcessMesh] Remeshing (quad DC, resolution=512, band=1.0, remove_inner_faces=True)... (alloc=25MB)
  [ComfyUI] 
  [ComfyUI] 
  [ComfyUI] Sparse Grid:   0%|          | 0/5 [00:00<?, ?it/s]
  [ComfyUI] Sparse Grid:   0%|          | 0/5 [00:00<?, ?it/s]
  [ComfyUI] Sparse Grid: 100%|██████████| 5/5 [00:00<00:00, 31.63it/s]
  [ComfyUI] Sparse Grid: 100%|██████████| 5/5 [00:00<00:00, 31.63it/s]
  [ComfyUI] Sparse Grid: 100%|██████████| 5/5 [00:00<00:00, 15.23it/s]
  [ComfyUI] Sparse Grid: 100%|██████████| 5/5 [00:00<00:00, 15.23it/s]
  [ComfyUI] [worker:ComfyUI-TRELLIS2] Dual Contouring ...
  [ComfyUI] [worker:ComfyUI-TRELLIS2] Dual Contouring ...
  [ComfyUI] [worker:ComfyUI-TRELLIS2] Quad Topology ...
  [ComfyUI] [worker:ComfyUI-TRELLIS2] Quad Topology ...
  [ComfyUI] [worker:ComfyUI-TRELLIS2] Re-indexing vertices ...
  [ComfyUI] [worker:ComfyUI-TRELLIS2] Re-indexing vertices ...
  [ComfyUI] [worker:ComfyUI-TRELLIS2] Removing Inner Layer for 470882 quads ...
  [ComfyUI] [worker:ComfyUI-TRELLIS2] Removing Inner Layer for 470882 quads ...
  Frame 24 saved (frame_023.jpg, t=102.3s)
  [capture-periodic] freeze=3ms shot=100ms unfreeze=5ms saved=True
  [ComfyUI] [worker:ComfyUI-TRELLIS2] Re-indexing vertices after quad filtering ...
  [ComfyUI] [worker:ComfyUI-TRELLIS2] Re-indexing vertices after quad filtering ...
  [ComfyUI] [worker:ComfyUI-TRELLIS2] Triangulation ...
  [ComfyUI] [worker:ComfyUI-TRELLIS2] Triangulation ...
  [ComfyUI] [worker:ComfyUI-TRELLIS2] [ProcessMesh] After remesh: 391244 verts, 749672 faces (alloc=25MB)
  [ComfyUI] [worker:ComfyUI-TRELLIS2] [ProcessMesh] After remesh: 391244 verts, 749672 faces (alloc=25MB)
  [ComfyUI] [worker:ComfyUI-TRELLIS2] [ProcessMesh] Removing floaters (area_threshold=0.001)... (alloc=9MB)
  [ComfyUI] [worker:ComfyUI-TRELLIS2] [ProcessMesh] Removing floaters (area_threshold=0.001)... (alloc=9MB)
  [ComfyUI] [worker:ComfyUI-TRELLIS2] [ProcessMesh] After floater removal: 366324 verts, 728908 faces (alloc=9MB)
  [ComfyUI] [worker:ComfyUI-TRELLIS2] [ProcessMesh] After floater removal: 366324 verts, 728908 faces (alloc=9MB)
  [ComfyUI] [worker:ComfyUI-TRELLIS2] [ProcessMesh] Simplifying to 500000 faces... (alloc=9MB)
  [ComfyUI] [worker:ComfyUI-TRELLIS2] [ProcessMesh] Simplifying to 500000 faces... (alloc=9MB)
  [ComfyUI] 
  [ComfyUI] 
  [ComfyUI] Simplifying:   0%|          | 0/228908 [00:00<?, ?it/s]
  [ComfyUI] Simplifying:   0%|          | 0/228908 [00:00<?, ?it/s]
  [ComfyUI] Simplifying [thres=1.00e-08]:   0%|          | 0/228908 [00:00<?, ?it/s]
  [ComfyUI] Simplifying [thres=1.00e-08]:   0%|          | 0/228908 [00:00<?, ?it/s]
  [ComfyUI] Simplifying [thres=1.00e-08]:   4%|▎         | 8074/228908 [00:00<00:00, 639755.37it/s]
  [ComfyUI] Simplifying [thres=1.00e-08]:   4%|▎         | 8074/228908 [00:00<00:00, 639755.37it/s]
  [ComfyUI] Simplifying [thres=1.00e-07]:   5%|▌         | 12000/228908 [00:00<00:00, 496617.12it/s]
  [ComfyUI] Simplifying [thres=1.00e-07]:   5%|▌         | 12000/228908 [00:00<00:00, 496617.12it/s]
  [ComfyUI] Simplifying [thres=1.00e-07]:  27%|██▋       | 60999/228908 [00:00<00:00, 1718914.22it/s]
  [ComfyUI] Simplifying [thres=1.00e-07]:  27%|██▋       | 60999/228908 [00:00<00:00, 1718914.22it/s]
  [ComfyUI] Simplifying [thres=1.00e-07]:  44%|████▍     | 101586/228908 [00:00<00:00, 2201032.97it/s]
  [ComfyUI] Simplifying [thres=1.00e-07]:  44%|████▍     | 101586/228908 [00:00<00:00, 2201032.97it/s]
  [ComfyUI] Simplifying [thres=1.00e-07]:  60%|█████▉    | 136222/228908 [00:00<00:00, 2400828.96it/s]
  [ComfyUI] Simplifying [thres=1.00e-07]:  60%|█████▉    | 136222/228908 [00:00<00:00, 2400828.96it/s]
  [ComfyUI] Simplifying [thres=1.00e-07]:  73%|███████▎  | 166327/228908 [00:00<00:00, 2505633.52it/s]
  [ComfyUI] Simplifying [thres=1.00e-07]:  73%|███████▎  | 166327/228908 [00:00<00:00, 2505633.52it/s]
  [ComfyUI] Simplifying [thres=1.00e-07]:  84%|████████▍ | 192747/228908 [00:00<00:00, 2531349.16it/s]
  [ComfyUI] Simplifying [thres=1.00e-07]:  84%|████████▍ | 192747/228908 [00:00<00:00, 2531349.16it/s]
  [ComfyUI] Simplifying [thres=1.00e-07]:  94%|█████████▍| 215642/228908 [00:00<00:00, 2518483.74it/s]
  [ComfyUI] Simplifying [thres=1.00e-07]:  94%|█████████▍| 215642/228908 [00:00<00:00, 2518483.74it/s]
  [ComfyUI] Simplifying [thres=1.00e-07]: 100%|██████████| 228908/228908 [00:00<00:00, 2418473.36it/s]
  [ComfyUI] Simplifying [thres=1.00e-07]: 100%|██████████| 228908/228908 [00:00<00:00, 2418473.36it/s]
  [ComfyUI] [worker:ComfyUI-TRELLIS2] [ProcessMesh] After simplify: 247428 verts, 493021 faces (alloc=9MB)
  [ComfyUI] [worker:ComfyUI-TRELLIS2] [ProcessMesh] After simplify: 247428 verts, 493021 faces (alloc=9MB)
  [ComfyUI] [worker:ComfyUI-TRELLIS2] [ProcessMesh] Welding vertices (digits=4)... (alloc=9MB)
  [ComfyUI] [worker:ComfyUI-TRELLIS2] [ProcessMesh] Welding vertices (digits=4)... (alloc=9MB)
  [ComfyUI] [worker:ComfyUI-TRELLIS2] [ProcessMesh] After weld: 247428 -> 247272 verts, 492957 faces (alloc=17MB)
  [ComfyUI] [worker:ComfyUI-TRELLIS2] [ProcessMesh] After weld: 247428 -> 247272 verts, 492957 faces (alloc=17MB)
  [ComfyUI] [worker:ComfyUI-TRELLIS2] [ProcessMesh] UV unwrapping... (alloc=9MB)
  [ComfyUI] [worker:ComfyUI-TRELLIS2] [ProcessMesh] UV unwrapping... (alloc=9MB)
  [ComfyUI] [worker:ComfyUI-TRELLIS2] Get 3456 clusters after fast clustering
  [ComfyUI] [worker:ComfyUI-TRELLIS2] Get 3456 clusters after fast clustering
  [ComfyUI] 
  [ComfyUI] 
  [ComfyUI] Adding clusters to xatlas:   0%|          | 0/3456 [00:00<?, ?it/s]
  [ComfyUI] Adding clusters to xatlas:   0%|          | 0/3456 [00:00<?, ?it/s]
  [ComfyUI] Adding clusters to xatlas:  18%|█▊        | 635/3456 [00:00<00:00, 6342.72it/s]
  [ComfyUI] Adding clusters to xatlas:  18%|█▊        | 635/3456 [00:00<00:00, 6342.72it/s]
  [ComfyUI] Adding clusters to xatlas:  37%|███▋      | 1270/3456 [00:00<00:00, 6138.40it/s]
  [ComfyUI] Adding clusters to xatlas:  37%|███▋      | 1270/3456 [00:00<00:00, 6138.40it/s]
  [ComfyUI] Adding clusters to xatlas:  57%|█████▋    | 1964/3456 [00:00<00:00, 6494.07it/s]
  [ComfyUI] Adding clusters to xatlas:  57%|█████▋    | 1964/3456 [00:00<00:00, 6494.07it/s]
  [ComfyUI] Adding clusters to xatlas:  76%|███████▌  | 2615/3456 [00:00<00:00, 6303.51it/s]
  [ComfyUI] Adding clusters to xatlas:  76%|███████▌  | 2615/3456 [00:00<00:00, 6303.51it/s]
  [ComfyUI] Adding clusters to xatlas:  94%|█████████▍| 3247/3456 [00:00<00:00, 6289.73it/s]
  [ComfyUI] Adding clusters to xatlas:  94%|█████████▍| 3247/3456 [00:00<00:00, 6289.73it/s]
  [ComfyUI] Adding clusters to xatlas: 100%|██████████| 3456/3456 [00:00<00:00, 6316.65it/s]
  [ComfyUI] Adding clusters to xatlas: 100%|██████████| 3456/3456 [00:00<00:00, 6316.65it/s]
  [ComfyUI] 
  [ComfyUI] 
  [ComfyUI] xatlas: Computing charts:   0%|          | 0/100 [00:00<?, ?it/s]
  [ComfyUI] xatlas: Computing charts:   0%|          | 0/100 [00:00<?, ?it/s]
  [ComfyUI] xatlas: Computing charts:   0%|          | 0/100 [00:00<?, ?it/s]
  [ComfyUI] xatlas: Computing charts:   0%|          | 0/100 [00:00<?, ?it/s]
  [ComfyUI] xatlas: Computing charts:   1%|          | 1/100 [00:00<01:02,  1.57it/s]
  [ComfyUI] xatlas: Computing charts:   1%|          | 1/100 [00:00<01:02,  1.57it/s]
  [ComfyUI] xatlas: Computing charts:   2%|▏         | 2/100 [00:00<00:39,  2.50it/s]
  [ComfyUI] xatlas: Computing charts:   2%|▏         | 2/100 [00:00<00:39,  2.50it/s]
  [ComfyUI] xatlas: Computing charts:   3%|▎         | 3/100 [00:00<00:30,  3.21it/s]
  [ComfyUI] xatlas: Computing charts:   3%|▎         | 3/100 [00:00<00:30,  3.21it/s]
  [ComfyUI] xatlas: Computing charts:   4%|▍         | 4/100 [00:01<00:27,  3.51it/s]
  [ComfyUI] xatlas: Computing charts:   4%|▍         | 4/100 [00:01<00:27,  3.51it/s]
  [capture-loop] iter=900 t=105.9s state={'complete': False, 'error': None, 'executedCount': 1, 'wsState': 1} eval_ms=6 ram=17.0/31.9GB (53%) swap=0.8/12.3GB (6%) cpu=35% browser_rss=0.90GB
  [ComfyUI] xatlas: Computing charts:   5%|▌         | 5/100 [00:01<00:23,  4.12it/s]
  [ComfyUI] xatlas: Computing charts:   5%|▌         | 5/100 [00:01<00:23,  4.12it/s]
  [ComfyUI] xatlas: Computing charts:   6%|▌         | 6/100 [00:01<00:23,  4.02it/s]
  [ComfyUI] xatlas: Computing charts:   6%|▌         | 6/100 [00:01<00:23,  4.02it/s]
  [ComfyUI] xatlas: Computing charts:   7%|▋         | 7/100 [00:01<00:20,  4.52it/s]
  [ComfyUI] xatlas: Computing charts:   7%|▋         | 7/100 [00:01<00:20,  4.52it/s]
  [ComfyUI] xatlas: Computing charts:   8%|▊         | 8/100 [00:01<00:19,  4.70it/s]
  [ComfyUI] xatlas: Computing charts:   8%|▊         | 8/100 [00:01<00:19,  4.70it/s]
  [ComfyUI] xatlas: Computing charts:   9%|▉         | 9/100 [00:01<00:18,  4.85it/s]
  [ComfyUI] xatlas: Computing charts:   9%|▉         | 9/100 [00:01<00:18,  4.85it/s]
  [ComfyUI] xatlas: Computing charts:  10%|█         | 10/100 [00:01<00:17,  5.13it/s]
  [ComfyUI] xatlas: Computing charts:  10%|█         | 10/100 [00:01<00:17,  5.13it/s]
  [ComfyUI] xatlas: Computing charts:  11%|█         | 11/100 [00:02<00:16,  5.44it/s]
  [ComfyUI] xatlas: Computing charts:  11%|█         | 11/100 [00:02<00:16,  5.44it/s]
  [ComfyUI] xatlas: Computing charts:  12%|█▏        | 12/100 [00:02<00:15,  5.50it/s]
  [ComfyUI] xatlas: Computing charts:  12%|█▏        | 12/100 [00:02<00:15,  5.50it/s]
  [ComfyUI] xatlas: Computing charts:  13%|█▎        | 13/100 [00:02<00:15,  5.68it/s]
  [ComfyUI] xatlas: Computing charts:  13%|█▎        | 13/100 [00:02<00:15,  5.68it/s]
  [ComfyUI] xatlas: Computing charts:  14%|█▍        | 14/100 [00:02<00:15,  5.72it/s]
  [ComfyUI] xatlas: Computing charts:  14%|█▍        | 14/100 [00:02<00:15,  5.72it/s]
  [ComfyUI] xatlas: Computing charts:  15%|█▌        | 15/100 [00:02<00:14,  5.95it/s]
  [ComfyUI] xatlas: Computing charts:  15%|█▌        | 15/100 [00:02<00:14,  5.95it/s]
  [ComfyUI] xatlas: Computing charts:  16%|█▌        | 16/100 [00:02<00:13,  6.06it/s]
  [ComfyUI] xatlas: Computing charts:  16%|█▌        | 16/100 [00:02<00:13,  6.06it/s]
  [ComfyUI] xatlas: Computing charts:  17%|█▋        | 17/100 [00:02<00:13,  6.32it/s]
  [ComfyUI] xatlas: Computing charts:  17%|█▋        | 17/100 [00:02<00:13,  6.32it/s]
  [ComfyUI] xatlas: Computing charts:  18%|█▊        | 18/100 [00:02<00:12,  6.57it/s]
  [ComfyUI] xatlas: Computing charts:  18%|█▊        | 18/100 [00:02<00:12,  6.57it/s]
  [ComfyUI] xatlas: Computing charts:  19%|█▉        | 19/100 [00:02<00:12,  6.73it/s]
  [ComfyUI] xatlas: Computing charts:  19%|█▉        | 19/100 [00:02<00:12,  6.73it/s]
  [ComfyUI] xatlas: Computing charts:  20%|██        | 20/100 [00:02<00:11,  6.89it/s]
  [ComfyUI] xatlas: Computing charts:  20%|██        | 20/100 [00:02<00:11,  6.89it/s]
  [ComfyUI] xatlas: Computing charts:  21%|██        | 21/100 [00:03<00:11,  6.91it/s]
  [ComfyUI] xatlas: Computing charts:  21%|██        | 21/100 [00:03<00:11,  6.91it/s]
  [ComfyUI] xatlas: Computing charts:  22%|██▏       | 22/100 [00:03<00:11,  7.02it/s]
  [ComfyUI] xatlas: Computing charts:  22%|██▏       | 22/100 [00:03<00:11,  7.02it/s]
  [ComfyUI] xatlas: Computing charts:  23%|██▎       | 23/100 [00:03<00:10,  7.14it/s]
  [ComfyUI] xatlas: Computing charts:  23%|██▎       | 23/100 [00:03<00:10,  7.14it/s]
  [ComfyUI] xatlas: Computing charts:  24%|██▍       | 24/100 [00:03<00:10,  7.30it/s]
  [ComfyUI] xatlas: Computing charts:  24%|██▍       | 24/100 [00:03<00:10,  7.30it/s]
  [ComfyUI] xatlas: Computing charts:  25%|██▌       | 25/100 [00:03<00:10,  7.44it/s]
  [ComfyUI] xatlas: Computing charts:  25%|██▌       | 25/100 [00:03<00:10,  7.44it/s]
  [ComfyUI] xatlas: Computing charts:  26%|██▌       | 26/100 [00:03<00:09,  7.67it/s]
  [ComfyUI] xatlas: Computing charts:  26%|██▌       | 26/100 [00:03<00:09,  7.67it/s]
  [ComfyUI] xatlas: Computing charts:  27%|██▋       | 27/100 [00:03<00:09,  7.78it/s]
  [ComfyUI] xatlas: Computing charts:  27%|██▋       | 27/100 [00:03<00:09,  7.78it/s]
  [ComfyUI] xatlas: Computing charts:  28%|██▊       | 28/100 [00:03<00:08,  8.01it/s]
  [ComfyUI] xatlas: Computing charts:  28%|██▊       | 28/100 [00:03<00:08,  8.01it/s]
  [ComfyUI] xatlas: Computing charts:  29%|██▉       | 29/100 [00:03<00:08,  8.17it/s]
  [ComfyUI] xatlas: Computing charts:  29%|██▉       | 29/100 [00:03<00:08,  8.17it/s]
  [ComfyUI] xatlas: Computing charts:  30%|███       | 30/100 [00:03<00:08,  8.37it/s]
  [ComfyUI] xatlas: Computing charts:  30%|███       | 30/100 [00:03<00:08,  8.37it/s]
  [ComfyUI] xatlas: Computing charts:  31%|███       | 31/100 [00:03<00:08,  8.52it/s]
  [ComfyUI] xatlas: Computing charts:  31%|███       | 31/100 [00:03<00:08,  8.52it/s]
  [ComfyUI] xatlas: Computing charts:  32%|███▏      | 32/100 [00:03<00:07,  8.66it/s]
  [ComfyUI] xatlas: Computing charts:  32%|███▏      | 32/100 [00:03<00:07,  8.66it/s]
  [ComfyUI] xatlas: Computing charts:  33%|███▎      | 33/100 [00:03<00:07,  8.82it/s]
  [ComfyUI] xatlas: Computing charts:  33%|███▎      | 33/100 [00:03<00:07,  8.82it/s]
  [ComfyUI] xatlas: Computing charts:  34%|███▍      | 34/100 [00:03<00:07,  8.97it/s]
  [ComfyUI] xatlas: Computing charts:  34%|███▍      | 34/100 [00:03<00:07,  8.97it/s]
  [ComfyUI] xatlas: Computing charts:  35%|███▌      | 35/100 [00:03<00:07,  9.09it/s]
  [ComfyUI] xatlas: Computing charts:  35%|███▌      | 35/100 [00:03<00:07,  9.09it/s]
  [ComfyUI] xatlas: Computing charts:  36%|███▌      | 36/100 [00:03<00:06,  9.22it/s]
  [ComfyUI] xatlas: Computing charts:  36%|███▌      | 36/100 [00:03<00:06,  9.22it/s]
  [ComfyUI] xatlas: Computing charts:  37%|███▋      | 37/100 [00:03<00:06,  9.38it/s]
  [ComfyUI] xatlas: Computing charts:  37%|███▋      | 37/100 [00:03<00:06,  9.38it/s]
  [ComfyUI] xatlas: Computing charts:  38%|███▊      | 38/100 [00:03<00:06,  9.51it/s]
  [ComfyUI] xatlas: Computing charts:  38%|███▊      | 38/100 [00:03<00:06,  9.51it/s]
  [ComfyUI] xatlas: Computing charts:  39%|███▉      | 39/100 [00:04<00:06,  9.71it/s]
  [ComfyUI] xatlas: Computing charts:  39%|███▉      | 39/100 [00:04<00:06,  9.71it/s]
  [ComfyUI] xatlas: Computing charts:  40%|████      | 40/100 [00:04<00:06,  9.84it/s]
  [ComfyUI] xatlas: Computing charts:  40%|████      | 40/100 [00:04<00:06,  9.84it/s]
  [ComfyUI] xatlas: Computing charts:  41%|████      | 41/100 [00:04<00:05,  9.98it/s]
  [ComfyUI] xatlas: Computing charts:  41%|████      | 41/100 [00:04<00:05,  9.98it/s]
  [ComfyUI] xatlas: Computing charts:  42%|████▏     | 42/100 [00:04<00:05, 10.16it/s]
  [ComfyUI] xatlas: Computing charts:  42%|████▏     | 42/100 [00:04<00:05, 10.16it/s]
  [ComfyUI] xatlas: Computing charts:  43%|████▎     | 43/100 [00:04<00:05, 10.36it/s]
  [ComfyUI] xatlas: Computing charts:  43%|████▎     | 43/100 [00:04<00:05, 10.36it/s]
  [ComfyUI] xatlas: Computing charts:  44%|████▍     | 44/100 [00:04<00:05, 10.51it/s]
  [ComfyUI] xatlas: Computing charts:  44%|████▍     | 44/100 [00:04<00:05, 10.51it/s]
  [ComfyUI] xatlas: Computing charts:  45%|████▌     | 45/100 [00:04<00:05, 10.67it/s]
  [ComfyUI] xatlas: Computing charts:  45%|████▌     | 45/100 [00:04<00:05, 10.67it/s]
  [ComfyUI] xatlas: Computing charts:  46%|████▌     | 46/100 [00:04<00:04, 10.83it/s]
  [ComfyUI] xatlas: Computing charts:  46%|████▌     | 46/100 [00:04<00:04, 10.83it/s]
  [ComfyUI] xatlas: Computing charts:  47%|████▋     | 47/100 [00:04<00:04, 10.98it/s]
  [ComfyUI] xatlas: Computing charts:  47%|████▋     | 47/100 [00:04<00:04, 10.98it/s]
  [ComfyUI] xatlas: Computing charts:  48%|████▊     | 48/100 [00:04<00:04, 11.15it/s]
  [ComfyUI] xatlas: Computing charts:  48%|████▊     | 48/100 [00:04<00:04, 11.15it/s]
  [ComfyUI] xatlas: Computing charts:  49%|████▉     | 49/100 [00:04<00:04, 11.31it/s]
  [ComfyUI] xatlas: Computing charts:  49%|████▉     | 49/100 [00:04<00:04, 11.31it/s]
  [ComfyUI] xatlas: Computing charts:  50%|█████     | 50/100 [00:04<00:04, 11.50it/s]
  [ComfyUI] xatlas: Computing charts:  50%|█████     | 50/100 [00:04<00:04, 11.50it/s]
  [ComfyUI] xatlas: Computing charts:  51%|█████     | 51/100 [00:04<00:04, 11.66it/s]
  [ComfyUI] xatlas: Computing charts:  51%|█████     | 51/100 [00:04<00:04, 11.66it/s]
  [ComfyUI] xatlas: Computing charts:  52%|█████▏    | 52/100 [00:04<00:04, 11.83it/s]
  [ComfyUI] xatlas: Computing charts:  52%|█████▏    | 52/100 [00:04<00:04, 11.83it/s]
  [ComfyUI] xatlas: Computing charts:  53%|█████▎    | 53/100 [00:04<00:03, 12.01it/s]
  [ComfyUI] xatlas: Computing charts:  53%|█████▎    | 53/100 [00:04<00:03, 12.01it/s]
  [ComfyUI] xatlas: Computing charts:  54%|█████▍    | 54/100 [00:04<00:03, 12.19it/s]
  [ComfyUI] xatlas: Computing charts:  54%|█████▍    | 54/100 [00:04<00:03, 12.19it/s]
  [ComfyUI] xatlas: Computing charts:  55%|█████▌    | 55/100 [00:04<00:03, 12.38it/s]
  [ComfyUI] xatlas: Computing charts:  55%|█████▌    | 55/100 [00:04<00:03, 12.38it/s]
  [ComfyUI] xatlas: Computing charts:  56%|█████▌    | 56/100 [00:04<00:03, 12.58it/s]
  [ComfyUI] xatlas: Computing charts:  56%|█████▌    | 56/100 [00:04<00:03, 12.58it/s]
  [ComfyUI] xatlas: Computing charts:  57%|█████▋    | 57/100 [00:04<00:03, 11.90it/s]
  [ComfyUI] xatlas: Computing charts:  57%|█████▋    | 57/100 [00:04<00:03, 11.90it/s]
  [ComfyUI] xatlas: Computing charts:  58%|█████▊    | 58/100 [00:04<00:03, 11.98it/s]
  [ComfyUI] xatlas: Computing charts:  58%|█████▊    | 58/100 [00:04<00:03, 11.98it/s]
  [ComfyUI] xatlas: Computing charts:  59%|█████▉    | 59/100 [00:05<00:03, 11.00it/s]
  [ComfyUI] xatlas: Computing charts:  59%|█████▉    | 59/100 [00:05<00:03, 11.00it/s]
  [ComfyUI] xatlas: Computing charts:  60%|██████    | 60/100 [00:05<00:03, 10.45it/s]
  [ComfyUI] xatlas: Computing charts:  60%|██████    | 60/100 [00:05<00:03, 10.45it/s]
  [capture-loop] iter=950 t=111.9s state={'complete': False, 'error': None, 'executedCount': 1, 'wsState': 1} eval_ms=3 ram=17.1/31.9GB (54%) swap=0.8/12.3GB (6%) cpu=61% browser_rss=0.90GB
  [ComfyUI] xatlas: Computing charts:  61%|██████    | 61/100 [00:06<00:03, 10.16it/s]
  [ComfyUI] xatlas: Computing charts:  61%|██████    | 61/100 [00:06<00:03, 10.16it/s]
  [ComfyUI] xatlas: Computing charts:  62%|██████▏   | 62/100 [00:07<00:04,  7.77it/s]
  [ComfyUI] xatlas: Computing charts:  62%|██████▏   | 62/100 [00:07<00:04,  7.77it/s]
  [capture-loop] iter=1000 t=117.6s state={'complete': False, 'error': None, 'executedCount': 1, 'wsState': 1} eval_ms=3 ram=17.1/31.9GB (54%) swap=0.8/12.3GB (6%) cpu=9% browser_rss=0.90GB
  [ComfyUI] xatlas: Computing charts:  63%|██████▎   | 63/100 [00:09<00:05,  6.46it/s]
  [ComfyUI] xatlas: Computing charts:  63%|██████▎   | 63/100 [00:09<00:05,  6.46it/s]
  [ComfyUI] xatlas: Computing charts:  64%|██████▍   | 64/100 [00:15<00:08,  4.03it/s]
  [ComfyUI] xatlas: Computing charts:  64%|██████▍   | 64/100 [00:15<00:08,  4.03it/s]
  [ComfyUI] xatlas: Computing charts:  65%|██████▌   | 65/100 [00:17<00:09,  3.65it/s]
  [ComfyUI] xatlas: Computing charts:  65%|██████▌   | 65/100 [00:17<00:09,  3.65it/s]
  [ComfyUI] xatlas: Computing charts: 100%|██████████| 100/100 [00:17<00:00,  5.62it/s]
  [ComfyUI] xatlas: Computing charts: 100%|██████████| 100/100 [00:17<00:00,  5.62it/s]
  [ComfyUI] xatlas: Computing charts: 100%|██████████| 100/100 [00:17<00:00,  5.61it/s]
  [ComfyUI] xatlas: Computing charts: 100%|██████████| 100/100 [00:17<00:00,  5.61it/s]
  [ComfyUI] 
  [ComfyUI] 
  [ComfyUI] xatlas: Packing charts:   0%|          | 0/100 [00:00<?, ?it/s]
  [ComfyUI] xatlas: Packing charts:   0%|          | 0/100 [00:00<?, ?it/s]
  [ComfyUI] xatlas: Packing charts:   0%|          | 0/100 [00:00<?, ?it/s]
  [ComfyUI] xatlas: Packing charts:   0%|          | 0/100 [00:00<?, ?it/s]
  [ComfyUI] xatlas: Packing charts:   1%|          | 1/100 [00:00<00:25,  3.86it/s]
  [ComfyUI] xatlas: Packing charts:   1%|          | 1/100 [00:00<00:25,  3.86it/s]
  [ComfyUI] xatlas: Packing charts:   2%|▏         | 2/100 [00:00<00:17,  5.50it/s]
  [ComfyUI] xatlas: Packing charts:   2%|▏         | 2/100 [00:00<00:17,  5.50it/s]
  [ComfyUI] xatlas: Packing charts:   3%|▎         | 3/100 [00:00<00:13,  6.97it/s]
  [ComfyUI] xatlas: Packing charts:   3%|▎         | 3/100 [00:00<00:13,  6.97it/s]
  [ComfyUI] xatlas: Packing charts:   4%|▍         | 4/100 [00:00<00:11,  8.34it/s]
  [ComfyUI] xatlas: Packing charts:   4%|▍         | 4/100 [00:00<00:11,  8.34it/s]
  [ComfyUI] xatlas: Packing charts:   5%|▌         | 5/100 [00:00<00:09,  9.58it/s]
  [ComfyUI] xatlas: Packing charts:   5%|▌         | 5/100 [00:00<00:09,  9.58it/s]
  [ComfyUI] xatlas: Packing charts:   6%|▌         | 6/100 [00:00<00:08, 10.82it/s]
  [ComfyUI] xatlas: Packing charts:   6%|▌         | 6/100 [00:00<00:08, 10.82it/s]
  [ComfyUI] xatlas: Packing charts:   7%|▋         | 7/100 [00:00<00:07, 11.99it/s]
  [ComfyUI] xatlas: Packing charts:   7%|▋         | 7/100 [00:00<00:07, 11.99it/s]
  [ComfyUI] xatlas: Packing charts:   8%|▊         | 8/100 [00:00<00:07, 13.13it/s]
  [ComfyUI] xatlas: Packing charts:   8%|▊         | 8/100 [00:00<00:07, 13.13it/s]
  [ComfyUI] xatlas: Packing charts:   9%|▉         | 9/100 [00:00<00:06, 14.26it/s]
  [ComfyUI] xatlas: Packing charts:   9%|▉         | 9/100 [00:00<00:06, 14.26it/s]
  [ComfyUI] xatlas: Packing charts:  10%|█         | 10/100 [00:00<00:05, 15.39it/s]
  [ComfyUI] xatlas: Packing charts:  10%|█         | 10/100 [00:00<00:05, 15.39it/s]
  [capture-loop] iter=1050 t=123.5s state={'complete': False, 'error': None, 'executedCount': 1, 'wsState': 1} eval_ms=3 ram=17.0/31.9GB (53%) swap=0.8/12.3GB (6%) cpu=8% browser_rss=0.90GB
  [ComfyUI] xatlas: Packing charts:  11%|█         | 11/100 [00:00<00:05, 16.52it/s]
  [ComfyUI] xatlas: Packing charts:  11%|█         | 11/100 [00:00<00:05, 16.52it/s]
  [ComfyUI] xatlas: Packing charts:  12%|█▏        | 12/100 [00:00<00:04, 17.67it/s]
  [ComfyUI] xatlas: Packing charts:  12%|█▏        | 12/100 [00:00<00:04, 17.67it/s]
  [ComfyUI] xatlas: Packing charts:  13%|█▎        | 13/100 [00:00<00:04, 18.83it/s]
  [ComfyUI] xatlas: Packing charts:  13%|█▎        | 13/100 [00:00<00:04, 18.83it/s]
  [ComfyUI] xatlas: Packing charts:  14%|█▍        | 14/100 [00:00<00:04, 20.02it/s]
  [ComfyUI] xatlas: Packing charts:  14%|█▍        | 14/100 [00:00<00:04, 20.02it/s]
  [ComfyUI] xatlas: Packing charts:  15%|█▌        | 15/100 [00:00<00:04, 21.24it/s]
  [ComfyUI] xatlas: Packing charts:  15%|█▌        | 15/100 [00:00<00:04, 21.24it/s]
  [ComfyUI] xatlas: Packing charts:  16%|█▌        | 16/100 [00:00<00:03, 22.45it/s]
  [ComfyUI] xatlas: Packing charts:  16%|█▌        | 16/100 [00:00<00:03, 22.45it/s]
  [ComfyUI] xatlas: Packing charts:  17%|█▋        | 17/100 [00:00<00:03, 23.67it/s]
  [ComfyUI] xatlas: Packing charts:  17%|█▋        | 17/100 [00:00<00:03, 23.67it/s]
  [ComfyUI] xatlas: Packing charts:  18%|█▊        | 18/100 [00:00<00:03, 24.88it/s]
  [ComfyUI] xatlas: Packing charts:  18%|█▊        | 18/100 [00:00<00:03, 24.88it/s]
  [ComfyUI] xatlas: Packing charts:  19%|█▉        | 19/100 [00:00<00:03, 26.12it/s]
  [ComfyUI] xatlas: Packing charts:  19%|█▉        | 19/100 [00:00<00:03, 26.12it/s]
  [ComfyUI] xatlas: Packing charts:  20%|██        | 20/100 [00:00<00:02, 27.37it/s]
  [ComfyUI] xatlas: Packing charts:  20%|██        | 20/100 [00:00<00:02, 27.37it/s]
  [ComfyUI] xatlas: Packing charts:  21%|██        | 21/100 [00:00<00:02, 28.62it/s]
  [ComfyUI] xatlas: Packing charts:  21%|██        | 21/100 [00:00<00:02, 28.62it/s]
  [ComfyUI] xatlas: Packing charts:  22%|██▏       | 22/100 [00:00<00:02, 29.88it/s]
  [ComfyUI] xatlas: Packing charts:  22%|██▏       | 22/100 [00:00<00:02, 29.88it/s]
  [ComfyUI] xatlas: Packing charts:  23%|██▎       | 23/100 [00:00<00:02, 31.14it/s]
  [ComfyUI] xatlas: Packing charts:  23%|██▎       | 23/100 [00:00<00:02, 31.14it/s]
  [ComfyUI] xatlas: Packing charts:  24%|██▍       | 24/100 [00:00<00:02, 32.40it/s]
  [ComfyUI] xatlas: Packing charts:  24%|██▍       | 24/100 [00:00<00:02, 32.40it/s]
  [ComfyUI] xatlas: Packing charts:  25%|██▌       | 25/100 [00:00<00:02, 33.67it/s]
  [ComfyUI] xatlas: Packing charts:  25%|██▌       | 25/100 [00:00<00:02, 33.67it/s]
  [ComfyUI] xatlas: Packing charts:  26%|██▌       | 26/100 [00:00<00:02, 34.93it/s]
  [ComfyUI] xatlas: Packing charts:  26%|██▌       | 26/100 [00:00<00:02, 34.93it/s]
  [ComfyUI] xatlas: Packing charts:  27%|██▋       | 27/100 [00:00<00:02, 36.20it/s]
  [ComfyUI] xatlas: Packing charts:  27%|██▋       | 27/100 [00:00<00:02, 36.20it/s]
  [ComfyUI] xatlas: Packing charts:  28%|██▊       | 28/100 [00:00<00:01, 37.48it/s]
  [ComfyUI] xatlas: Packing charts:  28%|██▊       | 28/100 [00:00<00:01, 37.48it/s]
  [ComfyUI] xatlas: Packing charts:  29%|██▉       | 29/100 [00:00<00:01, 38.75it/s]
  [ComfyUI] xatlas: Packing charts:  29%|██▉       | 29/100 [00:00<00:01, 38.75it/s]
  [ComfyUI] xatlas: Packing charts:  30%|███       | 30/100 [00:00<00:01, 40.01it/s]
  [ComfyUI] xatlas: Packing charts:  30%|███       | 30/100 [00:00<00:01, 40.01it/s]
  [ComfyUI] xatlas: Packing charts:  31%|███       | 31/100 [00:00<00:01, 41.29it/s]
  [ComfyUI] xatlas: Packing charts:  31%|███       | 31/100 [00:00<00:01, 41.29it/s]
  [ComfyUI] xatlas: Packing charts:  32%|███▏      | 32/100 [00:00<00:01, 42.56it/s]
  [ComfyUI] xatlas: Packing charts:  32%|███▏      | 32/100 [00:00<00:01, 42.56it/s]
  [ComfyUI] xatlas: Packing charts:  33%|███▎      | 33/100 [00:00<00:01, 43.83it/s]
  [ComfyUI] xatlas: Packing charts:  33%|███▎      | 33/100 [00:00<00:01, 43.83it/s]
  [ComfyUI] xatlas: Packing charts:  34%|███▍      | 34/100 [00:00<00:01, 45.10it/s]
  [ComfyUI] xatlas: Packing charts:  34%|███▍      | 34/100 [00:00<00:01, 45.10it/s]
  [ComfyUI] xatlas: Packing charts:  35%|███▌      | 35/100 [00:00<00:01, 46.35it/s]
  [ComfyUI] xatlas: Packing charts:  35%|███▌      | 35/100 [00:00<00:01, 46.35it/s]
  [ComfyUI] xatlas: Packing charts:  36%|███▌      | 36/100 [00:00<00:01, 47.63it/s]
  [ComfyUI] xatlas: Packing charts:  36%|███▌      | 36/100 [00:00<00:01, 47.63it/s]
  [ComfyUI] xatlas: Packing charts:  37%|███▋      | 37/100 [00:00<00:01, 48.90it/s]
  [ComfyUI] xatlas: Packing charts:  37%|███▋      | 37/100 [00:00<00:01, 48.90it/s]
  [ComfyUI] xatlas: Packing charts:  38%|███▊      | 38/100 [00:00<00:01, 50.16it/s]
  [ComfyUI] xatlas: Packing charts:  38%|███▊      | 38/100 [00:00<00:01, 50.16it/s]
  [ComfyUI] xatlas: Packing charts:  39%|███▉      | 39/100 [00:00<00:01, 51.41it/s]
  [ComfyUI] xatlas: Packing charts:  39%|███▉      | 39/100 [00:00<00:01, 51.41it/s]
  [ComfyUI] xatlas: Packing charts:  40%|████      | 40/100 [00:00<00:01, 52.66it/s]
  [ComfyUI] xatlas: Packing charts:  40%|████      | 40/100 [00:00<00:01, 52.66it/s]
  [ComfyUI] xatlas: Packing charts:  41%|████      | 41/100 [00:00<00:01, 53.92it/s]
  [ComfyUI] xatlas: Packing charts:  41%|████      | 41/100 [00:00<00:01, 53.92it/s]
  [ComfyUI] xatlas: Packing charts:  42%|████▏     | 42/100 [00:00<00:01, 55.17it/s]
  [ComfyUI] xatlas: Packing charts:  42%|████▏     | 42/100 [00:00<00:01, 55.17it/s]
  [ComfyUI] xatlas: Packing charts:  43%|████▎     | 43/100 [00:00<00:01, 56.43it/s]
  [ComfyUI] xatlas: Packing charts:  43%|████▎     | 43/100 [00:00<00:01, 56.43it/s]
  [ComfyUI] xatlas: Packing charts:  44%|████▍     | 44/100 [00:00<00:00, 57.70it/s]
  [ComfyUI] xatlas: Packing charts:  44%|████▍     | 44/100 [00:00<00:00, 57.70it/s]
  [ComfyUI] xatlas: Packing charts:  45%|████▌     | 45/100 [00:00<00:00, 58.96it/s]
  [ComfyUI] xatlas: Packing charts:  45%|████▌     | 45/100 [00:00<00:00, 58.96it/s]
  [ComfyUI] xatlas: Packing charts:  46%|████▌     | 46/100 [00:00<00:00, 60.20it/s]
  [ComfyUI] xatlas: Packing charts:  46%|████▌     | 46/100 [00:00<00:00, 60.20it/s]
  [ComfyUI] xatlas: Packing charts:  47%|████▋     | 47/100 [00:00<00:00, 61.46it/s]
  [ComfyUI] xatlas: Packing charts:  47%|████▋     | 47/100 [00:00<00:00, 61.46it/s]
  [ComfyUI] xatlas: Packing charts:  48%|████▊     | 48/100 [00:00<00:00, 62.72it/s]
  [ComfyUI] xatlas: Packing charts:  48%|████▊     | 48/100 [00:00<00:00, 62.72it/s]
  [ComfyUI] xatlas: Packing charts:  49%|████▉     | 49/100 [00:00<00:00, 63.97it/s]
  [ComfyUI] xatlas: Packing charts:  49%|████▉     | 49/100 [00:00<00:00, 63.97it/s]
  [ComfyUI] xatlas: Packing charts:  50%|█████     | 50/100 [00:00<00:00, 65.21it/s]
  [ComfyUI] xatlas: Packing charts:  50%|█████     | 50/100 [00:00<00:00, 65.21it/s]
  [ComfyUI] xatlas: Packing charts:  51%|█████     | 51/100 [00:00<00:00, 66.45it/s]
  [ComfyUI] xatlas: Packing charts:  51%|█████     | 51/100 [00:00<00:00, 66.45it/s]
  [ComfyUI] xatlas: Packing charts:  52%|█████▏    | 52/100 [00:00<00:00, 67.70it/s]
  [ComfyUI] xatlas: Packing charts:  52%|█████▏    | 52/100 [00:00<00:00, 67.70it/s]
  [ComfyUI] xatlas: Packing charts:  53%|█████▎    | 53/100 [00:00<00:00, 68.95it/s]
  [ComfyUI] xatlas: Packing charts:  53%|█████▎    | 53/100 [00:00<00:00, 68.95it/s]
  [ComfyUI] xatlas: Packing charts:  54%|█████▍    | 54/100 [00:00<00:00, 70.21it/s]
  [ComfyUI] xatlas: Packing charts:  54%|█████▍    | 54/100 [00:00<00:00, 70.21it/s]
  [ComfyUI] xatlas: Packing charts:  55%|█████▌    | 55/100 [00:00<00:00, 71.44it/s]
  [ComfyUI] xatlas: Packing charts:  55%|█████▌    | 55/100 [00:00<00:00, 71.44it/s]
  [ComfyUI] xatlas: Packing charts:  56%|█████▌    | 56/100 [00:00<00:00, 72.68it/s]
  [ComfyUI] xatlas: Packing charts:  56%|█████▌    | 56/100 [00:00<00:00, 72.68it/s]
  [ComfyUI] xatlas: Packing charts:  57%|█████▋    | 57/100 [00:00<00:00, 73.93it/s]
  [ComfyUI] xatlas: Packing charts:  57%|█████▋    | 57/100 [00:00<00:00, 73.93it/s]
  [ComfyUI] xatlas: Packing charts:  58%|█████▊    | 58/100 [00:00<00:00, 75.18it/s]
  [ComfyUI] xatlas: Packing charts:  58%|█████▊    | 58/100 [00:00<00:00, 75.18it/s]
  [ComfyUI] xatlas: Packing charts:  59%|█████▉    | 59/100 [00:00<00:00, 76.42it/s]
  [ComfyUI] xatlas: Packing charts:  59%|█████▉    | 59/100 [00:00<00:00, 76.42it/s]
  [ComfyUI] xatlas: Packing charts:  60%|██████    | 60/100 [00:00<00:00, 77.66it/s]
  [ComfyUI] xatlas: Packing charts:  60%|██████    | 60/100 [00:00<00:00, 77.66it/s]
  [ComfyUI] xatlas: Packing charts:  61%|██████    | 61/100 [00:00<00:00, 78.89it/s]
  [ComfyUI] xatlas: Packing charts:  61%|██████    | 61/100 [00:00<00:00, 78.89it/s]
  [ComfyUI] xatlas: Packing charts:  62%|██████▏   | 62/100 [00:00<00:00, 80.13it/s]
  [ComfyUI] xatlas: Packing charts:  62%|██████▏   | 62/100 [00:00<00:00, 80.13it/s]
  [ComfyUI] xatlas: Packing charts:  63%|██████▎   | 63/100 [00:00<00:00, 81.37it/s]
  [ComfyUI] xatlas: Packing charts:  63%|██████▎   | 63/100 [00:00<00:00, 81.37it/s]
  [ComfyUI] xatlas: Packing charts:  64%|██████▍   | 64/100 [00:00<00:00, 82.62it/s]
  [ComfyUI] xatlas: Packing charts:  64%|██████▍   | 64/100 [00:00<00:00, 82.62it/s]
  [ComfyUI] xatlas: Packing charts:  65%|██████▌   | 65/100 [00:00<00:00, 83.86it/s]
  [ComfyUI] xatlas: Packing charts:  65%|██████▌   | 65/100 [00:00<00:00, 83.86it/s]
  [ComfyUI] xatlas: Packing charts:  66%|██████▌   | 66/100 [00:00<00:00, 85.11it/s]
  [ComfyUI] xatlas: Packing charts:  66%|██████▌   | 66/100 [00:00<00:00, 85.11it/s]
  [ComfyUI] xatlas: Packing charts:  67%|██████▋   | 67/100 [00:00<00:00, 86.33it/s]
  [ComfyUI] xatlas: Packing charts:  67%|██████▋   | 67/100 [00:00<00:00, 86.33it/s]
  [ComfyUI] xatlas: Packing charts:  68%|██████▊   | 68/100 [00:00<00:00, 87.57it/s]
  [ComfyUI] xatlas: Packing charts:  68%|██████▊   | 68/100 [00:00<00:00, 87.57it/s]
  [ComfyUI] xatlas: Packing charts:  69%|██████▉   | 69/100 [00:00<00:00, 88.81it/s]
  [ComfyUI] xatlas: Packing charts:  69%|██████▉   | 69/100 [00:00<00:00, 88.81it/s]
  [ComfyUI] xatlas: Packing charts:  70%|███████   | 70/100 [00:00<00:00, 90.05it/s]
  [ComfyUI] xatlas: Packing charts:  70%|███████   | 70/100 [00:00<00:00, 90.05it/s]
  [ComfyUI] xatlas: Packing charts:  71%|███████   | 71/100 [00:00<00:00, 91.30it/s]
  [ComfyUI] xatlas: Packing charts:  71%|███████   | 71/100 [00:00<00:00, 91.30it/s]
  [ComfyUI] xatlas: Packing charts:  72%|███████▏  | 72/100 [00:00<00:00, 92.54it/s]
  [ComfyUI] xatlas: Packing charts:  72%|███████▏  | 72/100 [00:00<00:00, 92.54it/s]
  [ComfyUI] xatlas: Packing charts:  73%|███████▎  | 73/100 [00:00<00:00, 93.77it/s]
  [ComfyUI] xatlas: Packing charts:  73%|███████▎  | 73/100 [00:00<00:00, 93.77it/s]
  [ComfyUI] xatlas: Packing charts:  74%|███████▍  | 74/100 [00:00<00:00, 94.97it/s]
  [ComfyUI] xatlas: Packing charts:  74%|███████▍  | 74/100 [00:00<00:00, 94.97it/s]
  [ComfyUI] xatlas: Packing charts:  75%|███████▌  | 75/100 [00:00<00:00, 96.20it/s]
  [ComfyUI] xatlas: Packing charts:  75%|███████▌  | 75/100 [00:00<00:00, 96.20it/s]
  [ComfyUI] xatlas: Packing charts:  76%|███████▌  | 76/100 [00:00<00:00, 97.44it/s]
  [ComfyUI] xatlas: Packing charts:  76%|███████▌  | 76/100 [00:00<00:00, 97.44it/s]
  [ComfyUI] xatlas: Packing charts:  77%|███████▋  | 77/100 [00:00<00:00, 98.67it/s]
  [ComfyUI] xatlas: Packing charts:  77%|███████▋  | 77/100 [00:00<00:00, 98.67it/s]
  [ComfyUI] xatlas: Packing charts:  78%|███████▊  | 78/100 [00:00<00:00, 99.90it/s]
  [ComfyUI] xatlas: Packing charts:  78%|███████▊  | 78/100 [00:00<00:00, 99.90it/s]
  [ComfyUI] xatlas: Packing charts:  79%|███████▉  | 79/100 [00:00<00:00, 101.14it/s]
  [ComfyUI] xatlas: Packing charts:  79%|███████▉  | 79/100 [00:00<00:00, 101.14it/s]
  [ComfyUI] xatlas: Packing charts:  80%|████████  | 80/100 [00:00<00:00, 102.38it/s]
  [ComfyUI] xatlas: Packing charts:  80%|████████  | 80/100 [00:00<00:00, 102.38it/s]
  [ComfyUI] xatlas: Packing charts:  81%|████████  | 81/100 [00:00<00:00, 103.59it/s]
  [ComfyUI] xatlas: Packing charts:  81%|████████  | 81/100 [00:00<00:00, 103.59it/s]
  [ComfyUI] xatlas: Packing charts:  82%|████████▏ | 82/100 [00:00<00:00, 104.82it/s]
  [ComfyUI] xatlas: Packing charts:  82%|████████▏ | 82/100 [00:00<00:00, 104.82it/s]
  [ComfyUI] xatlas: Packing charts:  83%|████████▎ | 83/100 [00:00<00:00, 106.06it/s]
  [ComfyUI] xatlas: Packing charts:  83%|████████▎ | 83/100 [00:00<00:00, 106.06it/s]
  [ComfyUI] xatlas: Packing charts:  84%|████████▍ | 84/100 [00:00<00:00, 107.30it/s]
  [ComfyUI] xatlas: Packing charts:  84%|████████▍ | 84/100 [00:00<00:00, 107.30it/s]
  [ComfyUI] xatlas: Packing charts:  85%|████████▌ | 85/100 [00:00<00:00, 108.54it/s]
  [ComfyUI] xatlas: Packing charts:  85%|████████▌ | 85/100 [00:00<00:00, 108.54it/s]
  [ComfyUI] xatlas: Packing charts:  86%|████████▌ | 86/100 [00:00<00:00, 109.77it/s]
  [ComfyUI] xatlas: Packing charts:  86%|████████▌ | 86/100 [00:00<00:00, 109.77it/s]
  [ComfyUI] xatlas: Packing charts:  87%|████████▋ | 87/100 [00:00<00:00, 111.00it/s]
  [ComfyUI] xatlas: Packing charts:  87%|████████▋ | 87/100 [00:00<00:00, 111.00it/s]
  [ComfyUI] xatlas: Packing charts:  88%|████████▊ | 88/100 [00:00<00:00, 112.23it/s]
  [ComfyUI] xatlas: Packing charts:  88%|████████▊ | 88/100 [00:00<00:00, 112.23it/s]
  [ComfyUI] xatlas: Packing charts:  89%|████████▉ | 89/100 [00:00<00:00, 113.46it/s]
  [ComfyUI] xatlas: Packing charts:  89%|████████▉ | 89/100 [00:00<00:00, 113.46it/s]
  [ComfyUI] xatlas: Packing charts:  90%|█████████ | 90/100 [00:00<00:00, 114.68it/s]
  [ComfyUI] xatlas: Packing charts:  90%|█████████ | 90/100 [00:00<00:00, 114.68it/s]
  [ComfyUI] xatlas: Packing charts:  91%|█████████ | 91/100 [00:00<00:00, 115.90it/s]
  [ComfyUI] xatlas: Packing charts:  91%|█████████ | 91/100 [00:00<00:00, 115.90it/s]
  [ComfyUI] xatlas: Packing charts:  92%|█████████▏| 92/100 [00:00<00:00, 117.12it/s]
  [ComfyUI] xatlas: Packing charts:  92%|█████████▏| 92/100 [00:00<00:00, 117.12it/s]
  [ComfyUI] xatlas: Packing charts:  93%|█████████▎| 93/100 [00:00<00:00, 118.35it/s]
  [ComfyUI] xatlas: Packing charts:  93%|█████████▎| 93/100 [00:00<00:00, 118.35it/s]
  [ComfyUI] xatlas: Packing charts:  94%|█████████▍| 94/100 [00:00<00:00, 119.58it/s]
  [ComfyUI] xatlas: Packing charts:  94%|█████████▍| 94/100 [00:00<00:00, 119.58it/s]
  [ComfyUI] xatlas: Packing charts:  95%|█████████▌| 95/100 [00:00<00:00, 120.81it/s]
  [ComfyUI] xatlas: Packing charts:  95%|█████████▌| 95/100 [00:00<00:00, 120.81it/s]
  [ComfyUI] xatlas: Packing charts:  96%|█████████▌| 96/100 [00:00<00:00, 122.04it/s]
  [ComfyUI] xatlas: Packing charts:  96%|█████████▌| 96/100 [00:00<00:00, 122.04it/s]
  [ComfyUI] xatlas: Packing charts:  97%|█████████▋| 97/100 [00:00<00:00, 118.15it/s]
  [ComfyUI] xatlas: Packing charts:  97%|█████████▋| 97/100 [00:00<00:00, 118.15it/s]
  [ComfyUI] xatlas: Packing charts:  98%|█████████▊| 98/100 [00:00<00:00, 119.31it/s]
  [ComfyUI] xatlas: Packing charts:  98%|█████████▊| 98/100 [00:00<00:00, 119.31it/s]
  [ComfyUI] xatlas: Packing charts:  99%|█████████▉| 99/100 [00:00<00:00, 120.49it/s]
  [ComfyUI] xatlas: Packing charts:  99%|█████████▉| 99/100 [00:00<00:00, 120.49it/s]
  [ComfyUI] xatlas: Packing charts: 100%|██████████| 100/100 [00:00<00:00, 121.66it/s]
  [ComfyUI] xatlas: Packing charts: 100%|██████████| 100/100 [00:00<00:00, 121.66it/s]
  [ComfyUI] xatlas: Packing charts: 100%|██████████| 100/100 [00:00<00:00, 121.25it/s]
  [ComfyUI] xatlas: Packing charts: 100%|██████████| 100/100 [00:00<00:00, 121.25it/s]
  [ComfyUI] 
  [ComfyUI] 
  [ComfyUI] xatlas: Building output meshes:   0%|          | 0/100 [00:00<?, ?it/s]
  [ComfyUI] xatlas: Building output meshes:   0%|          | 0/100 [00:00<?, ?it/s]
  [ComfyUI] xatlas: Building output meshes:   0%|          | 0/100 [00:00<?, ?it/s]
  [ComfyUI] xatlas: Building output meshes:   0%|          | 0/100 [00:00<?, ?it/s]
  [ComfyUI] xatlas: Building output meshes:   1%|          | 1/100 [00:00<00:00, 2240.55it/s]
  [ComfyUI] xatlas: Building output meshes:   1%|          | 1/100 [00:00<00:00, 2240.55it/s]
  [ComfyUI] xatlas: Building output meshes:   2%|▏         | 2/100 [00:00<00:00, 2955.82it/s]
  [ComfyUI] xatlas: Building output meshes:   2%|▏         | 2/100 [00:00<00:00, 2955.82it/s]
  [ComfyUI] xatlas: Building output meshes:   3%|▎         | 3/100 [00:00<00:00, 3272.54it/s]
  [ComfyUI] xatlas: Building output meshes:   3%|▎         | 3/100 [00:00<00:00, 3272.54it/s]
  [ComfyUI] xatlas: Building output meshes:   4%|▍         | 4/100 [00:00<00:00, 3724.13it/s]
  [ComfyUI] xatlas: Building output meshes:   4%|▍         | 4/100 [00:00<00:00, 3724.13it/s]
  [ComfyUI] xatlas: Building output meshes:   5%|▌         | 5/100 [00:00<00:00, 3770.50it/s]
  [ComfyUI] xatlas: Building output meshes:   5%|▌         | 5/100 [00:00<00:00, 3770.50it/s]
  [ComfyUI] xatlas: Building output meshes:   6%|▌         | 6/100 [00:00<00:00, 3685.14it/s]
  [ComfyUI] xatlas: Building output meshes:   6%|▌         | 6/100 [00:00<00:00, 3685.14it/s]
  [ComfyUI] xatlas: Building output meshes:   7%|▋         | 7/100 [00:00<00:00, 3663.60it/s]
  [ComfyUI] xatlas: Building output meshes:   7%|▋         | 7/100 [00:00<00:00, 3663.60it/s]
  [ComfyUI] xatlas: Building output meshes:   8%|▊         | 8/100 [00:00<00:00, 3608.78it/s]
  [ComfyUI] xatlas: Building output meshes:   8%|▊         | 8/100 [00:00<00:00, 3608.78it/s]
  [ComfyUI] xatlas: Building output meshes:   9%|▉         | 9/100 [00:00<00:00, 3716.52it/s]
  [ComfyUI] xatlas: Building output meshes:   9%|▉         | 9/100 [00:00<00:00, 3716.52it/s]
  [ComfyUI] xatlas: Building output meshes:  10%|█         | 10/100 [00:00<00:00, 3843.75it/s]
  [ComfyUI] xatlas: Building output meshes:  10%|█         | 10/100 [00:00<00:00, 3843.75it/s]
  [ComfyUI] xatlas: Building output meshes:  11%|█         | 11/100 [00:00<00:00, 3751.61it/s]
  [ComfyUI] xatlas: Building output meshes:  11%|█         | 11/100 [00:00<00:00, 3751.61it/s]
  [ComfyUI] xatlas: Building output meshes:  12%|█▏        | 12/100 [00:00<00:00, 3695.15it/s]
  [ComfyUI] xatlas: Building output meshes:  12%|█▏        | 12/100 [00:00<00:00, 3695.15it/s]
  [ComfyUI] xatlas: Building output meshes:  13%|█▎        | 13/100 [00:00<00:00, 3796.01it/s]
  [ComfyUI] xatlas: Building output meshes:  13%|█▎        | 13/100 [00:00<00:00, 3796.01it/s]
  [ComfyUI] xatlas: Building output meshes:  14%|█▍        | 14/100 [00:00<00:00, 3903.23it/s]
  [ComfyUI] xatlas: Building output meshes:  14%|█▍        | 14/100 [00:00<00:00, 3903.23it/s]
  [ComfyUI] xatlas: Building output meshes:  15%|█▌        | 15/100 [00:00<00:00, 3840.23it/s]
  [ComfyUI] xatlas: Building output meshes:  15%|█▌        | 15/100 [00:00<00:00, 3840.23it/s]
  [ComfyUI] xatlas: Building output meshes:  16%|█▌        | 16/100 [00:00<00:00, 3912.37it/s]
  [ComfyUI] xatlas: Building output meshes:  16%|█▌        | 16/100 [00:00<00:00, 3912.37it/s]
  [ComfyUI] xatlas: Building output meshes:  17%|█▋        | 17/100 [00:00<00:00, 3870.33it/s]
  [ComfyUI] xatlas: Building output meshes:  17%|█▋        | 17/100 [00:00<00:00, 3870.33it/s]
  [ComfyUI] xatlas: Building output meshes:  18%|█▊        | 18/100 [00:00<00:00, 3809.35it/s]
  [ComfyUI] xatlas: Building output meshes:  18%|█▊        | 18/100 [00:00<00:00, 3809.35it/s]
  [ComfyUI] xatlas: Building output meshes:  19%|█▉        | 19/100 [00:00<00:00, 3879.08it/s]
  [ComfyUI] xatlas: Building output meshes:  19%|█▉        | 19/100 [00:00<00:00, 3879.08it/s]
  [ComfyUI] xatlas: Building output meshes:  20%|██        | 20/100 [00:00<00:00, 3921.56it/s]
  [ComfyUI] xatlas: Building output meshes:  20%|██        | 20/100 [00:00<00:00, 3921.56it/s]
  [ComfyUI] xatlas: Building output meshes:  21%|██        | 21/100 [00:00<00:00, 3870.30it/s]
  [ComfyUI] xatlas: Building output meshes:  21%|██        | 21/100 [00:00<00:00, 3870.30it/s]
  [ComfyUI] xatlas: Building output meshes:  22%|██▏       | 22/100 [00:00<00:00, 3913.92it/s]
  [ComfyUI] xatlas: Building output meshes:  22%|██▏       | 22/100 [00:00<00:00, 3913.92it/s]
  [ComfyUI] xatlas: Building output meshes:  23%|██▎       | 23/100 [00:00<00:00, 3834.68it/s]
  [ComfyUI] xatlas: Building output meshes:  23%|██▎       | 23/100 [00:00<00:00, 3834.68it/s]
  [ComfyUI] xatlas: Building output meshes:  24%|██▍       | 24/100 [00:00<00:00, 3875.84it/s]
  [ComfyUI] xatlas: Building output meshes:  24%|██▍       | 24/100 [00:00<00:00, 3875.84it/s]
  [ComfyUI] xatlas: Building output meshes:  25%|██▌       | 25/100 [00:00<00:00, 3733.05it/s]
  [ComfyUI] xatlas: Building output meshes:  25%|██▌       | 25/100 [00:00<00:00, 3733.05it/s]
  [ComfyUI] xatlas: Building output meshes:  26%|██▌       | 26/100 [00:00<00:00, 3701.19it/s]
  [ComfyUI] xatlas: Building output meshes:  26%|██▌       | 26/100 [00:00<00:00, 3701.19it/s]
  [ComfyUI] xatlas: Building output meshes:  27%|██▋       | 27/100 [00:00<00:00, 3695.54it/s]
  [ComfyUI] xatlas: Building output meshes:  27%|██▋       | 27/100 [00:00<00:00, 3695.54it/s]
  [ComfyUI] xatlas: Building output meshes:  28%|██▊       | 28/100 [00:00<00:00, 3632.44it/s]
  [ComfyUI] xatlas: Building output meshes:  28%|██▊       | 28/100 [00:00<00:00, 3632.44it/s]
  [ComfyUI] xatlas: Building output meshes:  29%|██▉       | 29/100 [00:00<00:00, 3632.73it/s]
  [ComfyUI] xatlas: Building output meshes:  29%|██▉       | 29/100 [00:00<00:00, 3632.73it/s]
  [ComfyUI] xatlas: Building output meshes:  30%|███       | 30/100 [00:00<00:00, 3669.24it/s]
  [ComfyUI] xatlas: Building output meshes:  30%|███       | 30/100 [00:00<00:00, 3669.24it/s]
  [ComfyUI] xatlas: Building output meshes:  31%|███       | 31/100 [00:00<00:00, 3717.29it/s]
  [ComfyUI] xatlas: Building output meshes:  31%|███       | 31/100 [00:00<00:00, 3717.29it/s]
  [ComfyUI] xatlas: Building output meshes:  32%|███▏      | 32/100 [00:00<00:00, 3768.89it/s]
  [ComfyUI] xatlas: Building output meshes:  32%|███▏      | 32/100 [00:00<00:00, 3768.89it/s]
  [ComfyUI] xatlas: Building output meshes:  33%|███▎      | 33/100 [00:00<00:00, 3803.57it/s]
  [ComfyUI] xatlas: Building output meshes:  33%|███▎      | 33/100 [00:00<00:00, 3803.57it/s]
  [ComfyUI] xatlas: Building output meshes:  34%|███▍      | 34/100 [00:00<00:00, 3817.29it/s]
  [ComfyUI] xatlas: Building output meshes:  34%|███▍      | 34/100 [00:00<00:00, 3817.29it/s]
  [ComfyUI] xatlas: Building output meshes:  35%|███▌      | 35/100 [00:00<00:00, 3851.32it/s]
  [ComfyUI] xatlas: Building output meshes:  35%|███▌      | 35/100 [00:00<00:00, 3851.32it/s]
  [ComfyUI] xatlas: Building output meshes:  36%|███▌      | 36/100 [00:00<00:00, 3899.66it/s]
  [ComfyUI] xatlas: Building output meshes:  36%|███▌      | 36/100 [00:00<00:00, 3899.66it/s]
  [ComfyUI] xatlas: Building output meshes:  37%|███▋      | 37/100 [00:00<00:00, 3929.14it/s]
  [ComfyUI] xatlas: Building output meshes:  37%|███▋      | 37/100 [00:00<00:00, 3929.14it/s]
  [ComfyUI] xatlas: Building output meshes:  38%|███▊      | 38/100 [00:00<00:00, 3925.12it/s]
  [ComfyUI] xatlas: Building output meshes:  38%|███▊      | 38/100 [00:00<00:00, 3925.12it/s]
  [ComfyUI] xatlas: Building output meshes:  39%|███▉      | 39/100 [00:00<00:00, 3958.14it/s]
  [ComfyUI] xatlas: Building output meshes:  39%|███▉      | 39/100 [00:00<00:00, 3958.14it/s]
  [ComfyUI] xatlas: Building output meshes:  40%|████      | 40/100 [00:00<00:00, 3985.37it/s]
  [ComfyUI] xatlas: Building output meshes:  40%|████      | 40/100 [00:00<00:00, 3985.37it/s]
  [ComfyUI] xatlas: Building output meshes:  41%|████      | 41/100 [00:00<00:00, 299.95it/s]
  [ComfyUI] xatlas: Building output meshes:  41%|████      | 41/100 [00:00<00:00, 299.95it/s]
  [ComfyUI] xatlas: Building output meshes:  42%|████▏     | 42/100 [00:00<00:00, 306.25it/s]
  [ComfyUI] xatlas: Building output meshes:  42%|████▏     | 42/100 [00:00<00:00, 306.25it/s]
  [ComfyUI] xatlas: Building output meshes:  43%|████▎     | 43/100 [00:00<00:00, 312.96it/s]
  [ComfyUI] xatlas: Building output meshes:  43%|████▎     | 43/100 [00:00<00:00, 312.96it/s]
  [ComfyUI] xatlas: Building output meshes:  44%|████▍     | 44/100 [00:00<00:00, 319.83it/s]
  [ComfyUI] xatlas: Building output meshes:  44%|████▍     | 44/100 [00:00<00:00, 319.83it/s]
  [ComfyUI] xatlas: Building output meshes:  45%|████▌     | 45/100 [00:00<00:00, 326.56it/s]
  [ComfyUI] xatlas: Building output meshes:  45%|████▌     | 45/100 [00:00<00:00, 326.56it/s]
  [ComfyUI] xatlas: Building output meshes:  46%|████▌     | 46/100 [00:00<00:00, 333.35it/s]
  [ComfyUI] xatlas: Building output meshes:  46%|████▌     | 46/100 [00:00<00:00, 333.35it/s]
  [ComfyUI] xatlas: Building output meshes:  47%|████▋     | 47/100 [00:00<00:00, 340.21it/s]
  [ComfyUI] xatlas: Building output meshes:  47%|████▋     | 47/100 [00:00<00:00, 340.21it/s]
  [ComfyUI] xatlas: Building output meshes:  48%|████▊     | 48/100 [00:00<00:00, 346.88it/s]
  [ComfyUI] xatlas: Building output meshes:  48%|████▊     | 48/100 [00:00<00:00, 346.88it/s]
  [ComfyUI] xatlas: Building output meshes:  49%|████▉     | 49/100 [00:00<00:00, 353.61it/s]
  [ComfyUI] xatlas: Building output meshes:  49%|████▉     | 49/100 [00:00<00:00, 353.61it/s]
  [ComfyUI] xatlas: Building output meshes:  50%|█████     | 50/100 [00:00<00:00, 360.37it/s]
  [ComfyUI] xatlas: Building output meshes:  50%|█████     | 50/100 [00:00<00:00, 360.37it/s]
  [ComfyUI] xatlas: Building output meshes:  51%|█████     | 51/100 [00:00<00:00, 366.65it/s]
  [ComfyUI] xatlas: Building output meshes:  51%|█████     | 51/100 [00:00<00:00, 366.65it/s]
  [ComfyUI] xatlas: Building output meshes:  52%|█████▏    | 52/100 [00:00<00:00, 373.14it/s]
  [ComfyUI] xatlas: Building output meshes:  52%|█████▏    | 52/100 [00:00<00:00, 373.14it/s]
  [ComfyUI] xatlas: Building output meshes:  53%|█████▎    | 53/100 [00:00<00:00, 379.58it/s]
  [ComfyUI] xatlas: Building output meshes:  53%|█████▎    | 53/100 [00:00<00:00, 379.58it/s]
  [ComfyUI] xatlas: Building output meshes:  54%|█████▍    | 54/100 [00:00<00:00, 386.18it/s]
  [ComfyUI] xatlas: Building output meshes:  54%|█████▍    | 54/100 [00:00<00:00, 386.18it/s]
  [ComfyUI] xatlas: Building output meshes:  55%|█████▌    | 55/100 [00:00<00:00, 392.19it/s]
  [ComfyUI] xatlas: Building output meshes:  55%|█████▌    | 55/100 [00:00<00:00, 392.19it/s]
  [ComfyUI] xatlas: Building output meshes:  56%|█████▌    | 56/100 [00:00<00:00, 398.87it/s]
  [ComfyUI] xatlas: Building output meshes:  56%|█████▌    | 56/100 [00:00<00:00, 398.87it/s]
  [ComfyUI] xatlas: Building output meshes:  57%|█████▋    | 57/100 [00:00<00:00, 405.28it/s]
  [ComfyUI] xatlas: Building output meshes:  57%|█████▋    | 57/100 [00:00<00:00, 405.28it/s]
  [ComfyUI] xatlas: Building output meshes:  58%|█████▊    | 58/100 [00:00<00:00, 411.69it/s]
  [ComfyUI] xatlas: Building output meshes:  58%|█████▊    | 58/100 [00:00<00:00, 411.69it/s]
  [ComfyUI] xatlas: Building output meshes:  59%|█████▉    | 59/100 [00:00<00:00, 417.92it/s]
  [ComfyUI] xatlas: Building output meshes:  59%|█████▉    | 59/100 [00:00<00:00, 417.92it/s]
  [ComfyUI] xatlas: Building output meshes:  60%|██████    | 60/100 [00:00<00:00, 423.97it/s]
  [ComfyUI] xatlas: Building output meshes:  60%|██████    | 60/100 [00:00<00:00, 423.97it/s]
  [ComfyUI] xatlas: Building output meshes:  61%|██████    | 61/100 [00:00<00:00, 430.19it/s]
  [ComfyUI] xatlas: Building output meshes:  61%|██████    | 61/100 [00:00<00:00, 430.19it/s]
  [ComfyUI] xatlas: Building output meshes:  62%|██████▏   | 62/100 [00:00<00:00, 436.45it/s]
  [ComfyUI] xatlas: Building output meshes:  62%|██████▏   | 62/100 [00:00<00:00, 436.45it/s]
  [ComfyUI] xatlas: Building output meshes:  63%|██████▎   | 63/100 [00:00<00:00, 442.58it/s]
  [ComfyUI] xatlas: Building output meshes:  63%|██████▎   | 63/100 [00:00<00:00, 442.58it/s]
  [ComfyUI] xatlas: Building output meshes:  64%|██████▍   | 64/100 [00:00<00:00, 448.45it/s]
  [ComfyUI] xatlas: Building output meshes:  64%|██████▍   | 64/100 [00:00<00:00, 448.45it/s]
  [ComfyUI] xatlas: Building output meshes:  65%|██████▌   | 65/100 [00:00<00:00, 454.34it/s]
  [ComfyUI] xatlas: Building output meshes:  65%|██████▌   | 65/100 [00:00<00:00, 454.34it/s]
  [ComfyUI] xatlas: Building output meshes:  66%|██████▌   | 66/100 [00:00<00:00, 459.38it/s]
  [ComfyUI] xatlas: Building output meshes:  66%|██████▌   | 66/100 [00:00<00:00, 459.38it/s]
  [ComfyUI] xatlas: Building output meshes:  67%|██████▋   | 67/100 [00:00<00:00, 464.70it/s]
  [ComfyUI] xatlas: Building output meshes:  67%|██████▋   | 67/100 [00:00<00:00, 464.70it/s]
  [ComfyUI] xatlas: Building output meshes:  68%|██████▊   | 68/100 [00:00<00:00, 470.99it/s]
  [ComfyUI] xatlas: Building output meshes:  68%|██████▊   | 68/100 [00:00<00:00, 470.99it/s]
  [ComfyUI] xatlas: Building output meshes:  69%|██████▉   | 69/100 [00:00<00:00, 477.32it/s]
  [ComfyUI] xatlas: Building output meshes:  69%|██████▉   | 69/100 [00:00<00:00, 477.32it/s]
  [ComfyUI] xatlas: Building output meshes:  70%|███████   | 70/100 [00:00<00:00, 483.77it/s]
  [ComfyUI] xatlas: Building output meshes:  70%|███████   | 70/100 [00:00<00:00, 483.77it/s]
  [ComfyUI] xatlas: Building output meshes:  71%|███████   | 71/100 [00:00<00:00, 490.08it/s]
  [ComfyUI] xatlas: Building output meshes:  71%|███████   | 71/100 [00:00<00:00, 490.08it/s]
  [ComfyUI] xatlas: Building output meshes:  72%|███████▏  | 72/100 [00:00<00:00, 496.39it/s]
  [ComfyUI] xatlas: Building output meshes:  72%|███████▏  | 72/100 [00:00<00:00, 496.39it/s]
  [ComfyUI] xatlas: Building output meshes:  73%|███████▎  | 73/100 [00:00<00:00, 502.78it/s]
  [ComfyUI] xatlas: Building output meshes:  73%|███████▎  | 73/100 [00:00<00:00, 502.78it/s]
  [ComfyUI] xatlas: Building output meshes:  74%|███████▍  | 74/100 [00:00<00:00, 509.03it/s]
  [ComfyUI] xatlas: Building output meshes:  74%|███████▍  | 74/100 [00:00<00:00, 509.03it/s]
  [ComfyUI] xatlas: Building output meshes:  75%|███████▌  | 75/100 [00:00<00:00, 515.32it/s]
  [ComfyUI] xatlas: Building output meshes:  75%|███████▌  | 75/100 [00:00<00:00, 515.32it/s]
  [ComfyUI] xatlas: Building output meshes:  76%|███████▌  | 76/100 [00:00<00:00, 521.51it/s]
  [ComfyUI] xatlas: Building output meshes:  76%|███████▌  | 76/100 [00:00<00:00, 521.51it/s]
  [ComfyUI] xatlas: Building output meshes:  77%|███████▋  | 77/100 [00:00<00:00, 527.66it/s]
  [ComfyUI] xatlas: Building output meshes:  77%|███████▋  | 77/100 [00:00<00:00, 527.66it/s]
  [ComfyUI] xatlas: Building output meshes:  78%|███████▊  | 78/100 [00:00<00:00, 533.77it/s]
  [ComfyUI] xatlas: Building output meshes:  78%|███████▊  | 78/100 [00:00<00:00, 533.77it/s]
  [ComfyUI] xatlas: Building output meshes:  79%|███████▉  | 79/100 [00:00<00:00, 539.94it/s]
  [ComfyUI] xatlas: Building output meshes:  79%|███████▉  | 79/100 [00:00<00:00, 539.94it/s]
  [ComfyUI] xatlas: Building output meshes:  80%|████████  | 80/100 [00:00<00:00, 546.17it/s]
  [ComfyUI] xatlas: Building output meshes:  80%|████████  | 80/100 [00:00<00:00, 546.17it/s]
  [ComfyUI] xatlas: Building output meshes:  81%|████████  | 81/100 [00:00<00:00, 552.22it/s]
  [ComfyUI] xatlas: Building output meshes:  81%|████████  | 81/100 [00:00<00:00, 552.22it/s]
  [ComfyUI] xatlas: Building output meshes:  82%|████████▏ | 82/100 [00:00<00:00, 558.32it/s]
  [ComfyUI] xatlas: Building output meshes:  82%|████████▏ | 82/100 [00:00<00:00, 558.32it/s]
  [ComfyUI] xatlas: Building output meshes:  83%|████████▎ | 83/100 [00:00<00:00, 564.59it/s]
  [ComfyUI] xatlas: Building output meshes:  83%|████████▎ | 83/100 [00:00<00:00, 564.59it/s]
  [ComfyUI] xatlas: Building output meshes:  84%|████████▍ | 84/100 [00:00<00:00, 570.70it/s]
  [ComfyUI] xatlas: Building output meshes:  84%|████████▍ | 84/100 [00:00<00:00, 570.70it/s]
  [ComfyUI] xatlas: Building output meshes:  85%|████████▌ | 85/100 [00:00<00:00, 301.86it/s]
  [ComfyUI] xatlas: Building output meshes:  85%|████████▌ | 85/100 [00:00<00:00, 301.86it/s]
  [ComfyUI] xatlas: Building output meshes:  86%|████████▌ | 86/100 [00:00<00:00, 305.11it/s]
  [ComfyUI] xatlas: Building output meshes:  86%|████████▌ | 86/100 [00:00<00:00, 305.11it/s]
  [ComfyUI] xatlas: Building output meshes:  87%|████████▋ | 87/100 [00:00<00:00, 308.38it/s]
  [ComfyUI] xatlas: Building output meshes:  87%|████████▋ | 87/100 [00:00<00:00, 308.38it/s]
  [ComfyUI] xatlas: Building output meshes:  88%|████████▊ | 88/100 [00:00<00:00, 311.65it/s]
  [ComfyUI] xatlas: Building output meshes:  88%|████████▊ | 88/100 [00:00<00:00, 311.65it/s]
  [ComfyUI] xatlas: Building output meshes:  89%|████████▉ | 89/100 [00:00<00:00, 314.98it/s]
  [ComfyUI] xatlas: Building output meshes:  89%|████████▉ | 89/100 [00:00<00:00, 314.98it/s]
  [ComfyUI] xatlas: Building output meshes:  90%|█████████ | 90/100 [00:00<00:00, 318.22it/s]
  [ComfyUI] xatlas: Building output meshes:  90%|█████████ | 90/100 [00:00<00:00, 318.22it/s]
  [ComfyUI] xatlas: Building output meshes:  91%|█████████ | 91/100 [00:00<00:00, 321.57it/s]
  [ComfyUI] xatlas: Building output meshes:  91%|█████████ | 91/100 [00:00<00:00, 321.57it/s]
  [ComfyUI] xatlas: Building output meshes:  92%|█████████▏| 92/100 [00:00<00:00, 324.84it/s]
  [ComfyUI] xatlas: Building output meshes:  92%|█████████▏| 92/100 [00:00<00:00, 324.84it/s]
  [ComfyUI] xatlas: Building output meshes:  93%|█████████▎| 93/100 [00:00<00:00, 328.18it/s]
  [ComfyUI] xatlas: Building output meshes:  93%|█████████▎| 93/100 [00:00<00:00, 328.18it/s]
  [ComfyUI] xatlas: Building output meshes:  94%|█████████▍| 94/100 [00:00<00:00, 331.49it/s]
  [ComfyUI] xatlas: Building output meshes:  94%|█████████▍| 94/100 [00:00<00:00, 331.49it/s]
  [ComfyUI] xatlas: Building output meshes:  95%|█████████▌| 95/100 [00:00<00:00, 334.81it/s]
  [ComfyUI] xatlas: Building output meshes:  95%|█████████▌| 95/100 [00:00<00:00, 334.81it/s]
  [ComfyUI] xatlas: Building output meshes:  96%|█████████▌| 96/100 [00:00<00:00, 338.16it/s]
  [ComfyUI] xatlas: Building output meshes:  96%|█████████▌| 96/100 [00:00<00:00, 338.16it/s]
  [ComfyUI] xatlas: Building output meshes:  97%|█████████▋| 97/100 [00:00<00:00, 341.42it/s]
  [ComfyUI] xatlas: Building output meshes:  97%|█████████▋| 97/100 [00:00<00:00, 341.42it/s]
  [ComfyUI] xatlas: Building output meshes:  98%|█████████▊| 98/100 [00:00<00:00, 344.69it/s]
  [ComfyUI] xatlas: Building output meshes:  98%|█████████▊| 98/100 [00:00<00:00, 344.69it/s]
  [ComfyUI] xatlas: Building output meshes:  99%|█████████▉| 99/100 [00:00<00:00, 347.98it/s]
  [ComfyUI] xatlas: Building output meshes:  99%|█████████▉| 99/100 [00:00<00:00, 347.98it/s]
  [ComfyUI] xatlas: Building output meshes: 100%|██████████| 100/100 [00:00<00:00, 351.30it/s]
  [ComfyUI] xatlas: Building output meshes: 100%|██████████| 100/100 [00:00<00:00, 351.30it/s]
  [ComfyUI] xatlas: Building output meshes: 100%|██████████| 100/100 [00:00<00:00, 350.23it/s]
  [ComfyUI] xatlas: Building output meshes: 100%|██████████| 100/100 [00:00<00:00, 350.23it/s]
  [ComfyUI] 
  [ComfyUI] 
  [ComfyUI] Gathering results from xatlas:   0%|          | 0/3456 [00:00<?, ?it/s]
  [ComfyUI] Gathering results from xatlas:   0%|          | 0/3456 [00:00<?, ?it/s]
  [ComfyUI] Gathering results from xatlas:  54%|█████▎    | 1853/3456 [00:00<00:00, 18529.31it/s]
  [ComfyUI] Gathering results from xatlas:  54%|█████▎    | 1853/3456 [00:00<00:00, 18529.31it/s]
  [ComfyUI] Gathering results from xatlas: 100%|██████████| 3456/3456 [00:00<00:00, 18819.33it/s]
  [ComfyUI] Gathering results from xatlas: 100%|██████████| 3456/3456 [00:00<00:00, 18819.33it/s]
  [ComfyUI] [worker:ComfyUI-TRELLIS2] [ProcessMesh] After UV unwrap: 360273 verts, 492957 faces (alloc=9MB)
  [ComfyUI] [worker:ComfyUI-TRELLIS2] [ProcessMesh] After UV unwrap: 360273 verts, 492957 faces (alloc=9MB)
  [ComfyUI] [worker:ComfyUI-TRELLIS2] [ProcessMesh] Done: 360273 verts, 492957 faces (alloc=9MB)
  [ComfyUI] [worker:ComfyUI-TRELLIS2] [ProcessMesh] Done: 360273 verts, 492957 faces (alloc=9MB)
  [ComfyUI] [worker:ComfyUI-TRELLIS2] [VRAM] ProcessMesh done: alloc=9MB reserved=18MB peak=326MB
  [ComfyUI] [worker:ComfyUI-TRELLIS2] [VRAM] ProcessMesh done: alloc=9MB reserved=18MB peak=326MB
  [ComfyUI] [SubprocessWorker] got response: ok
  [ComfyUI] [SubprocessWorker] got response: ok
  [ComfyUI] [comfy-env] Trellis2ProcessMesh done (24.46s): result: NodeOutput
  [ComfyUI] [comfy-env] Trellis2ProcessMesh done (24.46s): result: NodeOutput
  [ComfyUI] [VRAM] After Trellis2ProcessMesh: 1042 / 12287 MB
  [ComfyUI] [VRAM] After Trellis2ProcessMesh: 1042 / 12287 MB
  [ComfyUI] [VRAM] Loaded: SubprocessModel (0 MB), SubprocessModel (0 MB), SubprocessModel (0 MB), SubprocessModel (0 MB), SubprocessModel (0 MB)
  [ComfyUI] [VRAM] Loaded: SubprocessModel (0 MB), SubprocessModel (0 MB), SubprocessModel (0 MB), SubprocessModel (0 MB), SubprocessModel (0 MB)
  [ComfyUI] [comfy-env] Running GeomPackPreviewMeshVTK: mode: 'fields', trimesh: Trimesh
  [ComfyUI] [comfy-env] Running GeomPackPreviewMeshVTK: mode: 'fields', trimesh: Trimesh
  [ComfyUI] [VRAM] Before GeomPackPreviewMeshVTK: 1042 / 12287 MB
  [ComfyUI] [VRAM] Before GeomPackPreviewMeshVTK: 1042 / 12287 MB
  [ComfyUI] [VRAM] Loaded: SubprocessModel (0 MB), SubprocessModel (0 MB), SubprocessModel (0 MB), SubprocessModel (0 MB), SubprocessModel (0 MB)
  [ComfyUI] [VRAM] Loaded: SubprocessModel (0 MB), SubprocessModel (0 MB), SubprocessModel (0 MB), SubprocessModel (0 MB), SubprocessModel (0 MB)
  [ComfyUI] [SubprocessWorker] call_method: nodes.main.visualization.preview_mesh_vtk.PreviewMeshVTKNode.EXECUTE_NORMALIZED
  [ComfyUI] [SubprocessWorker] call_method: nodes.main.visualization.preview_mesh_vtk.PreviewMeshVTKNode.EXECUTE_NORMALIZED
  [ComfyUI] [SubprocessWorker] acquired lock, ensuring started...
  [ComfyUI] [SubprocessWorker] acquired lock, ensuring started...
  [ComfyUI] [ComfyUI-GeometryPack] Health check: ping (timeout=5.0s)...
  [ComfyUI] [ComfyUI-GeometryPack] Health check: ping (timeout=5.0s)...
  [ComfyUI] [ComfyUI-GeometryPack] Health check: failed
  [ComfyUI] [ComfyUI-GeometryPack] Health check: failed
  [ComfyUI] [ComfyUI-GeometryPack] python: C:\workspaces\TRELLIS2-0556\portable-comfyui\ComfyUI_windows_portable\ComfyUI\.ce\.pixi\envs\geometrypack-main\python.exe
  [ComfyUI] [ComfyUI-GeometryPack] python: C:\workspaces\TRELLIS2-0556\portable-comfyui\ComfyUI_windows_portable\ComfyUI\.ce\.pixi\envs\geometrypack-main\python.exe
  [ComfyUI] [ComfyUI-GeometryPack] Socket unhealthy, restarting worker...
  [ComfyUI] [ComfyUI-GeometryPack] Socket unhealthy, restarting worker...
  [ComfyUI] [ComfyUI-GeometryPack] sys_path sent to worker: ['C:\\workspaces\\TRELLIS2-0556\\portable-comfyui\\ComfyUI_windows_portable\\ComfyUI', 'C:\\workspaces\\TRELLIS2-0556\\portable-comfyui\\ComfyUI_windows_portable\\ComfyUI\\custom_nodes\\ComfyUI-GeometryPack', 'C:\\workspaces\\TRELLIS2-0556\\portable-comfyui\\ComfyUI_windows_portable\\ComfyUI\\.ce\\.pixi\\envs\\geometrypack-main\\Lib\\site-packages', 'C:\\workspaces\\TRELLIS2-0556\\portable-comfyui\\ComfyUI_windows_portable\\ComfyUI\\custom_nodes\\ComfyUI-GeometryPack']
  [ComfyUI] [ComfyUI-GeometryPack] sys_path sent to worker: ['C:\\workspaces\\TRELLIS2-0556\\portable-comfyui\\ComfyUI_windows_portable\\ComfyUI', 'C:\\workspaces\\TRELLIS2-0556\\portable-comfyui\\ComfyUI_windows_portable\\ComfyUI\\custom_nodes\\ComfyUI-GeometryPack', 'C:\\workspaces\\TRELLIS2-0556\\portable-comfyui\\ComfyUI_windows_portable\\ComfyUI\\.ce\\.pixi\\envs\\geometrypack-main\\Lib\\site-packages', 'C:\\workspaces\\TRELLIS2-0556\\portable-comfyui\\ComfyUI_windows_portable\\ComfyUI\\custom_nodes\\ComfyUI-GeometryPack']
  [ComfyUI] [comfy-env] geometrypack-main: Library/bin has 610 DLLs
  [ComfyUI] [comfy-env] geometrypack-main: Library/bin has 610 DLLs
  [ComfyUI] [SubprocessWorker] is_pixi=True, python=C:\workspaces\TRELLIS2-0556\portable-comfyui\ComfyUI_windows_portable\ComfyUI\.ce\.pixi\envs\geometrypack-main\python.exe
  [ComfyUI] [SubprocessWorker] is_pixi=True, python=C:\workspaces\TRELLIS2-0556\portable-comfyui\ComfyUI_windows_portable\ComfyUI\.ce\.pixi\envs\geometrypack-main\python.exe
  [ComfyUI] [SubprocessWorker] launching cmd=['C:\\Users\\ContainerAdministrator\\.pixi\\bin\\pixi.exe', 'run', '--as-is', '--manifest-path', 'C:\\workspaces\\TRELLIS2-0556\\portable-comfyui\\ComfyUI_windows_portable\\ComfyUI\\.ce\\pixi.toml', '-e', 'geometrypack-main', 'python', 'C:\\Users\\ContainerAdministrator\\AppData\\Local\\Temp\\comfyui_pvenv_shwzzv02\\persistent_worker.py', 'tcp://127.0.0.1:51659']...
  [ComfyUI] [SubprocessWorker] launching cmd=['C:\\Users\\ContainerAdministrator\\.pixi\\bin\\pixi.exe', 'run', '--as-is', '--manifest-path', 'C:\\workspaces\\TRELLIS2-0556\\portable-comfyui\\ComfyUI_windows_portable\\ComfyUI\\.ce\\pixi.toml', '-e', 'geometrypack-main', 'python', 'C:\\Users\\ContainerAdministrator\\AppData\\Local\\Temp\\comfyui_pvenv_shwzzv02\\persistent_worker.py', 'tcp://127.0.0.1:51659']...
  Frame 25 saved (frame_024.jpg, t=126.5s)
  [capture-periodic] freeze=3ms shot=110ms unfreeze=4ms saved=True
  [capture-loop] iter=1100 t=129.4s state={'complete': False, 'error': None, 'executedCount': 1, 'wsState': 1} eval_ms=4 ram=15.3/31.9GB (48%) swap=0.8/12.3GB (6%) cpu=8% browser_rss=0.90GB
  [ComfyUI] [SubprocessWorker] worker started/confirmed
  [ComfyUI] [SubprocessWorker] worker started/confirmed
  [ComfyUI] [SubprocessWorker] serializing kwargs to shm...
  [ComfyUI] [SubprocessWorker] serializing kwargs to shm...
  [ComfyUI] [SubprocessWorker] created 1 shm blocks
  [ComfyUI] [SubprocessWorker] created 1 shm blocks
  [ComfyUI] [SubprocessWorker] sending request via socket...
  [ComfyUI] [SubprocessWorker] sending request via socket...
  [ComfyUI] [SubprocessWorker] call_id=8 sending call_method
  [ComfyUI] [SubprocessWorker] call_id=8 sending call_method
  [ComfyUI] [worker:ComfyUI-GeometryPack] INFO: Preparing preview: Mesh - 360273 vertices, 492957 faces
  [ComfyUI] [worker:ComfyUI-GeometryPack] INFO: Preparing preview: Mesh - 360273 vertices, 492957 faces
  [ComfyUI] [worker:ComfyUI-GeometryPack] INFO: Mode: fields
  [ComfyUI] [worker:ComfyUI-GeometryPack] INFO: Mode: fields
  [ComfyUI] [worker:ComfyUI-GeometryPack] INFO: Visual data - has_visual: True, kind: texture, texture: True, vertex_colors: False
  [ComfyUI] [worker:ComfyUI-GeometryPack] INFO: Visual data - has_visual: True, kind: texture, texture: True, vertex_colors: False
  [ComfyUI] [worker:ComfyUI-GeometryPack] INFO: Using fields mode - VTP export
  [ComfyUI] [worker:ComfyUI-GeometryPack] INFO: Using fields mode - VTP export
  [ComfyUI] [worker:ComfyUI-GeometryPack] INFO: Exporting mesh to VTP: C:\workspaces\TRELLIS2-0556\portable-comfyui\ComfyUI_windows_portable\ComfyUI\output\preview_vtk_1769eb2c.vtp
  [ComfyUI] [worker:ComfyUI-GeometryPack] INFO: Exporting mesh to VTP: C:\workspaces\TRELLIS2-0556\portable-comfyui\ComfyUI_windows_portable\ComfyUI\output\preview_vtk_1769eb2c.vtp
  [ComfyUI] [worker:ComfyUI-GeometryPack] INFO: Adding normals field (360273 vertices)
  [ComfyUI] [worker:ComfyUI-GeometryPack] INFO: Adding normals field (360273 vertices)
  [ComfyUI] [worker:ComfyUI-GeometryPack] INFO: Export complete: 360273 vertices, 492957 faces
  [ComfyUI] [worker:ComfyUI-GeometryPack] INFO: Export complete: 360273 vertices, 492957 faces
  [ComfyUI] [worker:ComfyUI-GeometryPack] INFO: Exported VTP to: C:\workspaces\TRELLIS2-0556\portable-comfyui\ComfyUI_windows_portable\ComfyUI\output\preview_vtk_1769eb2c.vtp
  [ComfyUI] [worker:ComfyUI-GeometryPack] INFO: Exported VTP to: C:\workspaces\TRELLIS2-0556\portable-comfyui\ComfyUI_windows_portable\ComfyUI\output\preview_vtk_1769eb2c.vtp
  [ComfyUI] [worker:ComfyUI-GeometryPack] INFO: Fields mode info: watertight=False, volume=None, area=1.1545802173978392, no fields
  [ComfyUI] [worker:ComfyUI-GeometryPack] INFO: Fields mode info: watertight=False, volume=None, area=1.1545802173978392, no fields
  [ComfyUI] [SubprocessWorker] got response: ok
  [ComfyUI] [SubprocessWorker] got response: ok
  [ComfyUI] [comfy-env] GeomPackPreviewMeshVTK done (9.95s): result: NodeOutput
  [ComfyUI] [comfy-env] GeomPackPreviewMeshVTK done (9.95s): result: NodeOutput
  [ComfyUI] [VRAM] After GeomPackPreviewMeshVTK: 1042 / 12287 MB
  [ComfyUI] [VRAM] After GeomPackPreviewMeshVTK: 1042 / 12287 MB
  [ComfyUI] [VRAM] Loaded: SubprocessModel (0 MB), SubprocessModel (0 MB), SubprocessModel (0 MB), SubprocessModel (0 MB), SubprocessModel (0 MB)
  [ComfyUI] [VRAM] Loaded: SubprocessModel (0 MB), SubprocessModel (0 MB), SubprocessModel (0 MB), SubprocessModel (0 MB), SubprocessModel (0 MB)
  [ComfyUI] Prompt executed in 134.39 seconds
  [ComfyUI] Prompt executed in 134.39 seconds
  [ComfyUI] [comfy-env] [VRAM] Before offload 'SparseStructureFlowModel_2' (2466 MB) -> cpu: 1042 / 12287 MB
  [ComfyUI] [comfy-env] [VRAM] Before offload 'SparseStructureFlowModel_2' (2466 MB) -> cpu: 1042 / 12287 MB
  [ComfyUI] [ComfyUI-TRELLIS2] Health check: ping (timeout=5.0s)...
  [ComfyUI] [ComfyUI-TRELLIS2] Health check: ping (timeout=5.0s)...
  [ComfyUI] [ComfyUI-TRELLIS2] Health check: ok
  [ComfyUI] [ComfyUI-TRELLIS2] Health check: ok
  [ComfyUI] [SubprocessWorker] call_id=78 sending model_to_device
  [ComfyUI] [SubprocessWorker] call_id=78 sending model_to_device
  [ComfyUI] [comfy-env] [VRAM] After offload 'SparseStructureFlowModel_2' (2466 MB): 1042 / 12287 MB
  [ComfyUI] [comfy-env] [VRAM] After offload 'SparseStructureFlowModel_2' (2466 MB): 1042 / 12287 MB
  [ComfyUI] [comfy-env] [VRAM] Before offload 'SLatFlowModel_4' (2464 MB) -> cpu: 1042 / 12287 MB
  [ComfyUI] [comfy-env] [VRAM] Before offload 'SLatFlowModel_4' (2464 MB) -> cpu: 1042 / 12287 MB
  Node executed (2 total), capturing...
  [ComfyUI] [ComfyUI-TRELLIS2] Health check: ping (timeout=5.0s)...
  [ComfyUI] [ComfyUI-TRELLIS2] Health check: ping (timeout=5.0s)...
  [ComfyUI] [ComfyUI-TRELLIS2] Health check: ok
  [ComfyUI] [ComfyUI-TRELLIS2] Health check: ok
  [ComfyUI] [SubprocessWorker] call_id=79 sending model_to_device
  [ComfyUI] [SubprocessWorker] call_id=79 sending model_to_device
  [ComfyUI] [comfy-env] [VRAM] After offload 'SLatFlowModel_4' (2464 MB): 1042 / 12287 MB
  [ComfyUI] [comfy-env] [VRAM] After offload 'SLatFlowModel_4' (2464 MB): 1042 / 12287 MB
  [ComfyUI] [comfy-env] [VRAM] Before offload 'DINOv3ViT_1' (1156 MB) -> cpu: 1042 / 12287 MB
  [ComfyUI] [comfy-env] [VRAM] Before offload 'DINOv3ViT_1' (1156 MB) -> cpu: 1042 / 12287 MB
  [ComfyUI] [ComfyUI-TRELLIS2] Health check: ping (timeout=5.0s)...
  [ComfyUI] [ComfyUI-TRELLIS2] Health check: ping (timeout=5.0s)...
  [ComfyUI] [ComfyUI-TRELLIS2] Health check: ok
  [ComfyUI] [ComfyUI-TRELLIS2] Health check: ok
  [ComfyUI] [SubprocessWorker] call_id=80 sending model_to_device
  [ComfyUI] [SubprocessWorker] call_id=80 sending model_to_device
  [ComfyUI] [comfy-env] [VRAM] After offload 'DINOv3ViT_1' (1156 MB): 1042 / 12287 MB
  [ComfyUI] [comfy-env] [VRAM] After offload 'DINOv3ViT_1' (1156 MB): 1042 / 12287 MB
  [ComfyUI] [comfy-env] [VRAM] Before offload 'FlexiDualGridVaeDecoder_5' (904 MB) -> cpu: 1042 / 12287 MB
  [ComfyUI] [comfy-env] [VRAM] Before offload 'FlexiDualGridVaeDecoder_5' (904 MB) -> cpu: 1042 / 12287 MB
  [ComfyUI] [ComfyUI-TRELLIS2] Health check: ping (timeout=5.0s)...
  [ComfyUI] [ComfyUI-TRELLIS2] Health check: ping (timeout=5.0s)...
  [ComfyUI] [ComfyUI-TRELLIS2] Health check: ok
  [ComfyUI] [ComfyUI-TRELLIS2] Health check: ok
  [ComfyUI] [SubprocessWorker] call_id=81 sending model_to_device
  [ComfyUI] [SubprocessWorker] call_id=81 sending model_to_device
  [ComfyUI] [comfy-env] [VRAM] After offload 'FlexiDualGridVaeDecoder_5' (904 MB): 1042 / 12287 MB
  [ComfyUI] [comfy-env] [VRAM] After offload 'FlexiDualGridVaeDecoder_5' (904 MB): 1042 / 12287 MB
  [ComfyUI] [comfy-env] [VRAM] Before offload 'SparseStructureDecoder_3' (140 MB) -> cpu: 1042 / 12287 MB
  [ComfyUI] [comfy-env] [VRAM] Before offload 'SparseStructureDecoder_3' (140 MB) -> cpu: 1042 / 12287 MB
  [ComfyUI] [ComfyUI-TRELLIS2] Health check: ping (timeout=5.0s)...
  [ComfyUI] [ComfyUI-TRELLIS2] Health check: ping (timeout=5.0s)...
  [ComfyUI] [ComfyUI-TRELLIS2] Health check: ok
  [ComfyUI] [ComfyUI-TRELLIS2] Health check: ok
  [ComfyUI] [SubprocessWorker] call_id=82 sending model_to_device
  [ComfyUI] [SubprocessWorker] call_id=82 sending model_to_device
  [ComfyUI] [comfy-env] [VRAM] After offload 'SparseStructureDecoder_3' (140 MB): 1042 / 12287 MB
  [ComfyUI] [comfy-env] [VRAM] After offload 'SparseStructureDecoder_3' (140 MB): 1042 / 12287 MB
  Frame 26 saved (frame_025.jpg, t=134.8s)
  [capture-node] freeze=161ms shot=206ms unfreeze=0ms saved=True
  Execution complete (t=134.8s)
  Captured 26 unique frames over 136.87s
  [debug] iframes: 1
  [debug]   iframe[0]: src=http://127.0.0.1:41891/extensions/ComfyUI-GeometryPack/viewer_vtk.html?v=1778215, canvas=486x348, rafFrozen=True
  [timing] trigger_3d_previews: 0.0s
  Saved high-quality screenshot: remove_background_executed.png
  [timing] final_screenshot: 0.2s
    Captured 27 video frames