  [ComfyUI] [comfy-env] [VRAM] Before offload 'SparseStructureFlowModel_6' (2466 MB) -> cpu: 1271 / 24575 MB
  [ComfyUI] [comfy-env] [VRAM] Before offload 'SparseStructureFlowModel_6' (2466 MB) -> cpu: 1271 / 24575 MB
Capturing execution frames: standalone_texturing.json
  [ComfyUI] [ComfyUI-TRELLIS2] Health check: ping (timeout=5.0s)...
  [ComfyUI] [ComfyUI-TRELLIS2] Health check: ping (timeout=5.0s)...
  [ComfyUI] [ComfyUI-TRELLIS2] Health check: ok
  [ComfyUI] [ComfyUI-TRELLIS2] Health check: ok
  [ComfyUI] [SubprocessWorker] call_id=63 sending model_to_device
  [ComfyUI] [SubprocessWorker] call_id=63 sending model_to_device
  [ComfyUI] [comfy-env] [VRAM] After offload 'SparseStructureFlowModel_6' (2466 MB): 1271 / 24575 MB
  [ComfyUI] [comfy-env] [VRAM] After offload 'SparseStructureFlowModel_6' (2466 MB): 1271 / 24575 MB
  [ComfyUI] [comfy-env] [VRAM] Before offload 'BiRefNet_5' (843 MB) -> cpu: 1271 / 24575 MB
  [ComfyUI] [comfy-env] [VRAM] Before offload 'BiRefNet_5' (843 MB) -> cpu: 1271 / 24575 MB
  [ComfyUI] [ComfyUI-TRELLIS2] Health check: ping (timeout=5.0s)...
  [ComfyUI] [ComfyUI-TRELLIS2] Health check: ping (timeout=5.0s)...
  [ComfyUI] [ComfyUI-TRELLIS2] Health check: ok
  [ComfyUI] [ComfyUI-TRELLIS2] Health check: ok
  [ComfyUI] [SubprocessWorker] call_id=64 sending model_to_device
  [ComfyUI] [SubprocessWorker] call_id=64 sending model_to_device
  [ComfyUI] [comfy-env] [VRAM] After offload 'BiRefNet_5' (843 MB): 1271 / 24575 MB
  [ComfyUI] [comfy-env] [VRAM] After offload 'BiRefNet_5' (843 MB): 1271 / 24575 MB
  [ComfyUI] [comfy-env] [VRAM] Before offload 'SparseStructureDecoder_7' (140 MB) -> cpu: 1271 / 24575 MB
  [ComfyUI] [comfy-env] [VRAM] Before offload 'SparseStructureDecoder_7' (140 MB) -> cpu: 1271 / 24575 MB
  [ComfyUI] [ComfyUI-TRELLIS2] Health check: ping (timeout=5.0s)...
  [ComfyUI] [ComfyUI-TRELLIS2] Health check: ping (timeout=5.0s)...
  [ComfyUI] [ComfyUI-TRELLIS2] Health check: ok
  [ComfyUI] [ComfyUI-TRELLIS2] Health check: ok
  [ComfyUI] [SubprocessWorker] call_id=65 sending model_to_device
  [ComfyUI] [SubprocessWorker] call_id=65 sending model_to_device
  [ComfyUI] [comfy-env] [VRAM] After offload 'SparseStructureDecoder_7' (140 MB): 1271 / 24575 MB
  [ComfyUI] [comfy-env] [VRAM] After offload 'SparseStructureDecoder_7' (140 MB): 1271 / 24575 MB
  Frame 1 saved (frame_000.jpg, t=0.0s)
  Validating workflow...
  [ComfyUI] === /validate endpoint called ===
  [ComfyUI] === /validate endpoint called ===
  [ComfyUI] Received JSON with keys: ['prompt']
  [ComfyUI] Received JSON with keys: ['prompt']
  [ComfyUI] Prompt has 14 nodes
  [ComfyUI] Prompt has 14 nodes
  Queuing workflow for execution...
  [ComfyUI]   Node 1: LoadTrellis2Models
  [ComfyUI]   Node 1: LoadTrellis2Models
  [ComfyUI]     Inputs: {"resolution": "512", "precision": "auto", "attn_backend": "auto"}
  [ComfyUI]     Inputs: {"resolution": "512", "precision": "auto", "attn_backend": "auto"}
  [ComfyUI]   Node 2: LoadImage
  [ComfyUI]   Node 2: LoadImage
  [ComfyUI]     Inputs: {"image": "pineapple.webp"}
  [ComfyUI]     Inputs: {"image": "pineapple.webp"}
  [ComfyUI]   Node 3: InvertMask
  [ComfyUI]   Node 3: InvertMask
  [ComfyUI]     Inputs: {"mask": ["2", 1]}
  [ComfyUI]     Inputs: {"mask": ["2", 1]}
  [ComfyUI]   Node 4: Trellis2GetConditioning
  [ComfyUI]   Node 4: Trellis2GetConditioning
  [ComfyUI]     Inputs: {"background_color": "black", "model_config": ["1", 0], "image": ["2", 0], "mask": ["3", 0]}
  [ComfyUI]     Inputs: {"background_color": "black", "model_config": ["1", 0], "image": ["2", 0], "mask": ["3", 0]}
  [ComfyUI]   Node 10: GeomPackLoadMesh
  [ComfyUI]   Node 10: GeomPackLoadMesh
  [ComfyUI]     Inputs: {"file_path": "3d/pineapple_alphawrapped.stl"}
  [ComfyUI]     Inputs: {"file_path": "3d/pineapple_alphawrapped.stl"}
  [ComfyUI]   Node 12: Trellis2EncodeMesh
  [ComfyUI]   Node 12: Trellis2EncodeMesh
  [ComfyUI]     Inputs: {"resolution": 512, "model_config": ["1", 0], "mesh": ["10", 0]}
  [ComfyUI]     Inputs: {"resolution": 512, "model_config": ["1", 0], "mesh": ["10", 0]}
  [ComfyUI]   Node 13: MaskPreview
  [ComfyUI]   Node 13: MaskPreview
  [ComfyUI]     Inputs: {"mask": ["3", 0]}
  [ComfyUI]     Inputs: {"mask": ["3", 0]}
  [ComfyUI]   Node 23: Trellis2RasterizePBR
  [ComfyUI]   Node 23: Trellis2RasterizePBR
  [ComfyUI]     Inputs: {"texture_size": 1024, "trimesh": ["29", 0], "voxelgrid": ["25", 0], "original_mesh": ["10", 0]}
  [ComfyUI]     Inputs: {"texture_size": 1024, "trimesh": ["29", 0], "voxelgrid": ["25", 0], "original_mesh": ["10", 0]}
  [ComfyUI]   Node 25: Trellis2TextureMesh
  [ComfyUI]   Node 25: Trellis2TextureMesh
  [ComfyUI]     Inputs: {"seed": 42, "tex_guidance_strength": 3, "tex_guidance_rescale": 0.2, "tex_sampling_steps": 12, "model_config": ["1", 0], "conditioning": ["4", 0], "shape_latent": ["12", 0]}
  [ComfyUI]     Inputs: {"seed": 42, "tex_guidance_strength": 3, "tex_guidance_rescale": 0.2, "tex_sampling_steps": 12, "model_config": ["1", 0], "conditioning": ["4", 0], "shape_latent": ["12", 0]}
  [ComfyUI]   Node 28: GeomPackPreviewMeshDual
  [ComfyUI]   Node 28: GeomPackPreviewMeshDual
  [ComfyUI]     Inputs: {"layout": "side_by_side", "mode": "texture", "opacity_1": 1, "opacity_2": 1, "preview_dual": "{\"show_edges\":false,\"camera_state\":\"{\\\"position\\\":[-0.8264079140021344,0.42449084501228573,-0.66
  [ComfyUI]     Inputs: {"layout": "side_by_side", "mode": "texture", "opacity_1": 1, "opacity_2": 1, "preview_dual": "{\"show_edges\":false,\"camera_state\":\"{\\\"position\\\":[-0.8264079140021344,0.42449084501228573,-0.66
  [ComfyUI]   Node 29: GeomPackUVUnwrap
  [ComfyUI]   Node 29: GeomPackUVUnwrap
  [ComfyUI]     Inputs: {"backend": "xatlas", "report_panel": "false", "trimesh": ["10", 0]}
  [ComfyUI]     Inputs: {"backend": "xatlas", "report_panel": "false", "trimesh": ["10", 0]}
  [ComfyUI]   Node 33: Preview3D
  [ComfyUI]   Node 33: Preview3D
  [ComfyUI]     Inputs: {"model_file": ["36", 0], "image": ""}
  [ComfyUI]     Inputs: {"model_file": ["36", 0], "image": ""}
  [ComfyUI]   Node 35: Trellis2ExportTrimesh
  [ComfyUI]   Node 35: Trellis2ExportTrimesh
  [ComfyUI]     Inputs: {"filename_prefix": "trellis2", "file_format": "glb", "trimesh": ["23", 0]}
  [ComfyUI]     Inputs: {"filename_prefix": "trellis2", "file_format": "glb", "trimesh": ["23", 0]}
  [ComfyUI]   Node 36: GeomPackSaveMesh
  [ComfyUI]   Node 36: GeomPackSaveMesh
  [ComfyUI]     Inputs: {"file_path": "output", "format": "glb", "trimesh": ["23", 0]}
  [ComfyUI]     Inputs: {"file_path": "output", "format": "glb", "trimesh": ["23", 0]}
  [ComfyUI] Generated prompt_id: 6d4f9bbc-8b96-4bec-b6a7-2424d6929751
  [ComfyUI] Generated prompt_id: 6d4f9bbc-8b96-4bec-b6a7-2424d6929751
  [ComfyUI] Calling execution.validate_prompt()...
  [ComfyUI] Calling execution.validate_prompt()...
  [ComfyUI] Validation result: valid=True
  [ComfyUI] Validation result: valid=True
  [ComfyUI] === Validation PASSED ===
  [ComfyUI] === Validation PASSED ===
  [ComfyUI] got prompt
  [ComfyUI] got prompt
  [ComfyUI] [comfy-env] Running GeomPackLoadMesh: file_path: '3d/pineapple_alphawrapped.stl'
  [ComfyUI] [comfy-env] Running GeomPackLoadMesh: file_path: '3d/pineapple_alphawrapped.stl'
  [ComfyUI] [VRAM] Before GeomPackLoadMesh: 1271 / 24575 MB
  [ComfyUI] [VRAM] Before GeomPackLoadMesh: 1271 / 24575 MB
  [ComfyUI] [SubprocessWorker] call_method: nodes.main.io.load_mesh.LoadMesh.EXECUTE_NORMALIZED
  [ComfyUI] [SubprocessWorker] call_method: nodes.main.io.load_mesh.LoadMesh.EXECUTE_NORMALIZED
  [ComfyUI] [SubprocessWorker] acquired lock, ensuring started...
  [ComfyUI] [SubprocessWorker] acquired lock, ensuring started...
  [ComfyUI] [ComfyUI-GeometryPack] Health check: ping (timeout=5.0s)...
  [ComfyUI] [ComfyUI-GeometryPack] Health check: ping (timeout=5.0s)...
  [ComfyUI] [ComfyUI-GeometryPack] Health check: ok
  [ComfyUI] [ComfyUI-GeometryPack] Health check: ok
  [ComfyUI] [SubprocessWorker] worker started/confirmed
  [ComfyUI] [SubprocessWorker] worker started/confirmed
  [ComfyUI] [SubprocessWorker] serializing kwargs to shm...
  [ComfyUI] [SubprocessWorker] serializing kwargs to shm...
  [ComfyUI] [SubprocessWorker] created 0 shm blocks
  [ComfyUI] [SubprocessWorker] created 0 shm blocks
  [ComfyUI] [SubprocessWorker] sending request via socket...
  [ComfyUI] [SubprocessWorker] sending request via socket...
  [ComfyUI] [SubprocessWorker] call_id=9 sending call_method
  [ComfyUI] [SubprocessWorker] call_id=9 sending call_method
  [ComfyUI] [worker:ComfyUI-GeometryPack] INFO: Found mesh in input folder: 3d/pineapple_alphawrapped.stl
  [ComfyUI] [worker:ComfyUI-GeometryPack] INFO: Found mesh in input folder: 3d/pineapple_alphawrapped.stl
  [ComfyUI] [worker:ComfyUI-GeometryPack] INFO: Loading: C:\workspaces\TRELLIS2-1949\portable-comfyui\ComfyUI_windows_portable\ComfyUI\input\3d/pineapple_alphawrapped.stl
  [ComfyUI] [worker:ComfyUI-GeometryPack] INFO: Loading: C:\workspaces\TRELLIS2-1949\portable-comfyui\ComfyUI_windows_portable\ComfyUI\input\3d/pineapple_alphawrapped.stl
  [ComfyUI] [worker:ComfyUI-GeometryPack] INFO: Initial mesh: 131718 vertices, 263528 faces
  [ComfyUI] [worker:ComfyUI-GeometryPack] INFO: Initial mesh: 131718 vertices, 263528 faces
  [ComfyUI] [worker:ComfyUI-GeometryPack] INFO: Successfully loaded: 131718 vertices, 263528 faces
  [ComfyUI] [worker:ComfyUI-GeometryPack] INFO: Successfully loaded: 131718 vertices, 263528 faces
  [ComfyUI] [worker:ComfyUI-GeometryPack] INFO: Loaded: 131718 vertices, 263528 faces
  [ComfyUI] [worker:ComfyUI-GeometryPack] INFO: Loaded: 131718 vertices, 263528 faces
  [ComfyUI] [SubprocessWorker] got response: ok
  [ComfyUI] [SubprocessWorker] got response: ok
  [ComfyUI] [comfy-env] GeomPackLoadMesh done (0.76s): result: NodeOutput
  [ComfyUI] [comfy-env] GeomPackLoadMesh done (0.76s): result: NodeOutput
  [ComfyUI] [VRAM] After GeomPackLoadMesh: 1271 / 24575 MB
  [ComfyUI] [VRAM] After GeomPackLoadMesh: 1271 / 24575 MB
  [ComfyUI] [comfy-env] Running GeomPackUVUnwrap: backend: dict, trimesh: Trimesh
  [ComfyUI] [comfy-env] Running GeomPackUVUnwrap: backend: dict, trimesh: Trimesh
  [ComfyUI] [VRAM] Before GeomPackUVUnwrap: 1271 / 24575 MB
  [ComfyUI] [VRAM] Before GeomPackUVUnwrap: 1271 / 24575 MB
  [ComfyUI] [SubprocessWorker] call_method: nodes.main.uv.uv_unwrap.UVUnwrapNode.EXECUTE_NORMALIZED
  [ComfyUI] [SubprocessWorker] call_method: nodes.main.uv.uv_unwrap.UVUnwrapNode.EXECUTE_NORMALIZED
  [ComfyUI] [SubprocessWorker] acquired lock, ensuring started...
  [ComfyUI] [SubprocessWorker] acquired lock, ensuring started...
  [ComfyUI] [ComfyUI-GeometryPack] Health check: ping (timeout=5.0s)...
  [ComfyUI] [ComfyUI-GeometryPack] Health check: ping (timeout=5.0s)...
  [ComfyUI] [ComfyUI-GeometryPack] Health check: ok
  [ComfyUI] [ComfyUI-GeometryPack] Health check: ok
  [ComfyUI] [SubprocessWorker] worker started/confirmed
  [ComfyUI] [SubprocessWorker] worker started/confirmed
  [ComfyUI] [SubprocessWorker] serializing kwargs to shm...
  [ComfyUI] [SubprocessWorker] serializing kwargs to shm...
  [ComfyUI] [SubprocessWorker] created 1 shm blocks
  [ComfyUI] [SubprocessWorker] created 1 shm blocks
  [ComfyUI] [SubprocessWorker] sending request via socket...
  [ComfyUI] [SubprocessWorker] sending request via socket...
  [ComfyUI] [SubprocessWorker] call_id=10 sending call_method
  [ComfyUI] [SubprocessWorker] call_id=10 sending call_method
  [ComfyUI] [worker:ComfyUI-GeometryPack] INFO: UV Unwrap dispatch: xatlas -> GeomPackUV_Xatlas
  [ComfyUI] [worker:ComfyUI-GeometryPack] INFO: UV Unwrap dispatch: xatlas -> GeomPackUV_Xatlas
  [ComfyUI] [SubprocessWorker] got response: ok
  [ComfyUI] [SubprocessWorker] got response: ok
  [ComfyUI] [comfy-env] GeomPackUVUnwrap done (0.12s): result: NodeOutput
  [ComfyUI] [comfy-env] GeomPackUVUnwrap done (0.12s): result: NodeOutput
  [ComfyUI] [VRAM] After GeomPackUVUnwrap: 1271 / 24575 MB
  [ComfyUI] [VRAM] After GeomPackUVUnwrap: 1271 / 24575 MB
  [ComfyUI] [comfy-env] Running GeomPackUV_Xatlas: trimesh: Trimesh
  [ComfyUI] [comfy-env] Running GeomPackUV_Xatlas: trimesh: Trimesh
  [ComfyUI] [VRAM] Before GeomPackUV_Xatlas: 1271 / 24575 MB
  [ComfyUI] [VRAM] Before GeomPackUV_Xatlas: 1271 / 24575 MB
  [ComfyUI] [SubprocessWorker] call_method: nodes.main.uv.backends.xatlas.UVXatlasNode.EXECUTE_NORMALIZED
  [ComfyUI] [SubprocessWorker] call_method: nodes.main.uv.backends.xatlas.UVXatlasNode.EXECUTE_NORMALIZED
  [ComfyUI] [SubprocessWorker] acquired lock, ensuring started...
  [ComfyUI] [SubprocessWorker] acquired lock, ensuring started...
  [ComfyUI] [ComfyUI-GeometryPack] Health check: ping (timeout=5.0s)...
  [ComfyUI] [ComfyUI-GeometryPack] Health check: ping (timeout=5.0s)...
  [ComfyUI] [ComfyUI-GeometryPack] Health check: ok
  [ComfyUI] [ComfyUI-GeometryPack] Health check: ok
  [ComfyUI] [SubprocessWorker] worker started/confirmed
  [ComfyUI] [SubprocessWorker] worker started/confirmed
  [ComfyUI] [SubprocessWorker] serializing kwargs to shm...
  [ComfyUI] [SubprocessWorker] serializing kwargs to shm...
  [ComfyUI] [SubprocessWorker] created 1 shm blocks
  [ComfyUI] [SubprocessWorker] created 1 shm blocks
  [ComfyUI] [SubprocessWorker] sending request via socket...
  [ComfyUI] [SubprocessWorker] sending request via socket...
  [ComfyUI] [SubprocessWorker] call_id=11 sending call_method
  [ComfyUI] [SubprocessWorker] call_id=11 sending call_method
  [ComfyUI] [worker:ComfyUI-GeometryPack] INFO: Backend: xatlas
  [ComfyUI] [worker:ComfyUI-GeometryPack] INFO: Backend: xatlas
  [ComfyUI] [worker:ComfyUI-GeometryPack] INFO: Input: 131718 vertices, 263528 faces
  [ComfyUI] [worker:ComfyUI-GeometryPack] INFO: Input: 131718 vertices, 263528 faces
  Frame 2 saved (frame_001.jpg, t=2.3s)
  [capture-periodic] freeze=3ms shot=118ms unfreeze=6ms saved=True
  Frame 3 saved (frame_002.jpg, t=4.5s)
  [capture-periodic] freeze=4ms shot=106ms unfreeze=3ms saved=True
  [capture-loop] iter=50 t=6.1s state={'complete': False, 'error': None, 'executedCount': 0, 'wsState': 1} eval_ms=3 ram=18.6/31.9GB (58%) swap=2.3/15.0GB (15%) cpu=7% browser_rss=0.65GB
  [capture-loop] iter=100 t=12.0s state={'complete': False, 'error': None, 'executedCount': 0, 'wsState': 1} eval_ms=4 ram=18.5/31.9GB (58%) swap=2.3/15.0GB (15%) cpu=9% browser_rss=0.56GB
  [capture-loop] iter=150 t=17.8s state={'complete': False, 'error': None, 'executedCount': 0, 'wsState': 1} eval_ms=3 ram=18.5/31.9GB (58%) swap=2.3/15.0GB (15%) cpu=9% browser_rss=0.55GB
  [capture-loop] iter=200 t=23.4s state={'complete': False, 'error': None, 'executedCount': 0, 'wsState': 1} eval_ms=3 ram=18.5/31.9GB (58%) swap=2.3/15.0GB (15%) cpu=9% browser_rss=0.55GB
  [capture-loop] iter=250 t=29.1s state={'complete': False, 'error': None, 'executedCount': 0, 'wsState': 1} eval_ms=4 ram=18.5/31.9GB (58%) swap=2.3/15.0GB (15%) cpu=9% browser_rss=0.55GB
  [capture-loop] iter=300 t=34.8s state={'complete': False, 'error': None, 'executedCount': 0, 'wsState': 1} eval_ms=3 ram=18.5/31.9GB (58%) swap=2.3/15.0GB (15%) cpu=9% browser_rss=0.55GB
  [capture-loop] iter=350 t=40.5s state={'complete': False, 'error': None, 'executedCount': 0, 'wsState': 1} eval_ms=3 ram=18.5/31.9GB (58%) swap=2.3/15.0GB (15%) cpu=9% browser_rss=0.51GB
  [capture-loop] iter=400 t=46.2s state={'complete': False, 'error': None, 'executedCount': 0, 'wsState': 1} eval_ms=4 ram=18.5/31.9GB (58%) swap=2.3/15.0GB (15%) cpu=9% browser_rss=0.51GB
  [capture-loop] iter=450 t=51.9s state={'complete': False, 'error': None, 'executedCount': 0, 'wsState': 1} eval_ms=3 ram=18.4/31.9GB (58%) swap=2.3/15.0GB (15%) cpu=9% browser_rss=0.51GB
  [capture-loop] iter=500 t=57.6s state={'complete': False, 'error': None, 'executedCount': 0, 'wsState': 1} eval_ms=3 ram=18.4/31.9GB (58%) swap=2.3/15.0GB (15%) cpu=9% browser_rss=0.51GB
  [capture-loop] iter=550 t=63.5s state={'complete': False, 'error': None, 'executedCount': 0, 'wsState': 1} eval_ms=3 ram=18.4/31.9GB (58%) swap=2.3/15.0GB (15%) cpu=9% browser_rss=0.51GB
  [capture-loop] iter=600 t=69.1s state={'complete': False, 'error': None, 'executedCount': 0, 'wsState': 1} eval_ms=3 ram=18.4/31.9GB (58%) swap=2.3/15.0GB (15%) cpu=9% browser_rss=0.51GB
  [capture-loop] iter=650 t=74.9s state={'complete': False, 'error': None, 'executedCount': 0, 'wsState': 1} eval_ms=3 ram=18.4/31.9GB (58%) swap=2.3/15.0GB (15%) cpu=9% browser_rss=0.51GB
  [capture-loop] iter=700 t=80.7s state={'complete': False, 'error': None, 'executedCount': 0, 'wsState': 1} eval_ms=3 ram=18.4/31.9GB (58%) swap=2.3/15.0GB (15%) cpu=9% browser_rss=0.51GB
  [capture-loop] iter=750 t=86.5s state={'complete': False, 'error': None, 'executedCount': 0, 'wsState': 1} eval_ms=4 ram=18.4/31.9GB (58%) swap=2.3/15.0GB (15%) cpu=9% browser_rss=0.51GB
  [capture-loop] iter=800 t=92.2s state={'complete': False, 'error': None, 'executedCount': 0, 'wsState': 1} eval_ms=3 ram=18.4/31.9GB (58%) swap=2.3/15.0GB (15%) cpu=9% browser_rss=0.51GB
  [capture-loop] iter=850 t=97.9s state={'complete': False, 'error': None, 'executedCount': 0, 'wsState': 1} eval_ms=3 ram=18.4/31.9GB (58%) swap=2.3/15.0GB (15%) cpu=9% browser_rss=0.51GB
  [capture-loop] iter=900 t=103.9s state={'complete': False, 'error': None, 'executedCount': 0, 'wsState': 1} eval_ms=4 ram=18.5/31.9GB (58%) swap=2.3/15.0GB (15%) cpu=10% browser_rss=0.51GB
  [capture-loop] iter=950 t=109.7s state={'complete': False, 'error': None, 'executedCount': 0, 'wsState': 1} eval_ms=3 ram=18.4/31.9GB (58%) swap=2.3/15.0GB (15%) cpu=9% browser_rss=0.51GB
  [capture-loop] iter=1000 t=115.4s state={'complete': False, 'error': None, 'executedCount': 0, 'wsState': 1} eval_ms=3 ram=18.5/31.9GB (58%) swap=2.3/15.0GB (15%) cpu=13% browser_rss=0.51GB
  [ComfyUI] [worker:ComfyUI-GeometryPack]
  [ComfyUI] [worker:ComfyUI-GeometryPack]
  [ComfyUI] === WATCHDOG TICK 1 ===
  [ComfyUI] === WATCHDOG TICK 1 ===
  [ComfyUI] [worker:ComfyUI-GeometryPack] Thread 0x00003658 (most recent call first):
  [ComfyUI] [worker:ComfyUI-GeometryPack] Thread 0x00003658 (most recent call first):
  [ComfyUI]   File "C:\Users\ContainerAdministrator\AppData\Local\Temp\comfyui_pvenv_rqadx_k_\persistent_worker.py", line 106 in _vram_poller
  [ComfyUI]   File "C:\Users\ContainerAdministrator\AppData\Local\Temp\comfyui_pvenv_rqadx_k_\persistent_worker.py", line 106 in _vram_poller
  [ComfyUI]   File "C:\workspaces\TRELLIS2-1949\portable-comfyui\ComfyUI_windows_portable\ComfyUI\.ce\.pixi\envs\geometrypack-main\Lib\threading.py", line 995 in run
  [ComfyUI]   File "C:\workspaces\TRELLIS2-1949\portable-comfyui\ComfyUI_windows_portable\ComfyUI\.ce\.pixi\envs\geometrypack-main\Lib\threading.py", line 995 in run
  [ComfyUI]   File "C:\workspaces\TRELLIS2-1949\portable-comfyui\ComfyUI_windows_portable\ComfyUI\.ce\.pixi\envs\geometrypack-main\Lib\threading.py", line 1044 in _bootstrap_inner
  [ComfyUI]   File "C:\workspaces\TRELLIS2-1949\portable-comfyui\ComfyUI_windows_portable\ComfyUI\.ce\.pixi\envs\geometrypack-main\Lib\threading.py", line 1044 in _bootstrap_inner
  [ComfyUI]   File "C:\workspaces\TRELLIS2-1949\portable-comfyui\ComfyUI_windows_portable\ComfyUI\.ce\.pixi\envs\geometrypack-main\Lib\threading.py", line 1015 in _bootstrap
  [ComfyUI]   File "C:\workspaces\TRELLIS2-1949\portable-comfyui\ComfyUI_windows_portable\ComfyUI\.ce\.pixi\envs\geometrypack-main\Lib\threading.py", line 1015 in _bootstrap
  [ComfyUI] 
  [ComfyUI] 
  [ComfyUI] Current thread 0x000035a0 (most recent call first):
  [ComfyUI] Current thread 0x000035a0 (most recent call first):
  [ComfyUI]   File "C:\Users\ContainerAdministrator\AppData\Local\Temp\comfyui_pvenv_rqadx_k_\persistent_worker.py", line 52 in _watchdog
  [ComfyUI]   File "C:\Users\ContainerAdministrator\AppData\Local\Temp\comfyui_pvenv_rqadx_k_\persistent_worker.py", line 52 in _watchdog
  [ComfyUI]   File "C:\workspaces\TRELLIS2-1949\portable-comfyui\ComfyUI_windows_portable\ComfyUI\.ce\.pixi\envs\geometrypack-main\Lib\threading.py", line 995 in run
  [ComfyUI]   File "C:\workspaces\TRELLIS2-1949\portable-comfyui\ComfyUI_windows_portable\ComfyUI\.ce\.pixi\envs\geometrypack-main\Lib\threading.py", line 995 in run
  [ComfyUI]   File "C:\workspaces\TRELLIS2-1949\portable-comfyui\ComfyUI_windows_portable\ComfyUI\.ce\.pixi\envs\geometrypack-main\Lib\threading.py", line 1044 in _bootstrap_inner
  [ComfyUI]   File "C:\workspaces\TRELLIS2-1949\portable-comfyui\ComfyUI_windows_portable\ComfyUI\.ce\.pixi\envs\geometrypack-main\Lib\threading.py", line 1044 in _bootstrap_inner
  [ComfyUI]   File "C:\workspaces\TRELLIS2-1949\portable-comfyui\ComfyUI_windows_portable\ComfyUI\.ce\.pixi\envs\geometrypack-main\Lib\threading.py", line 1015 in _bootstrap
  [ComfyUI]   File "C:\workspaces\TRELLIS2-1949\portable-comfyui\ComfyUI_windows_portable\ComfyUI\.ce\.pixi\envs\geometrypack-main\Lib\threading.py", line 1015 in _bootstrap
  [ComfyUI] 
  [ComfyUI] 
  [ComfyUI] Thread 0x00002710 (most recent call first):
  [ComfyUI] Thread 0x00002710 (most recent call first):
  [ComfyUI]   File "C:\workspaces\TRELLIS2-1949\portable-comfyui\ComfyUI_windows_portable\ComfyUI\custom_nodes\ComfyUI-GeometryPack\nodes\main\uv\backends\xatlas.py", line 51 in execute
  [ComfyUI]   File "C:\workspaces\TRELLIS2-1949\portable-comfyui\ComfyUI_windows_portable\ComfyUI\custom_nodes\ComfyUI-GeometryPack\nodes\main\uv\backends\xatlas.py", line 51 in execute
  [ComfyUI]   File "C:\workspaces\TRELLIS2-1949\portable-comfyui\ComfyUI_windows_portable\ComfyUI\comfy_api\latest\_io.py", line 1826 in EXECUTE_NORMALIZED
  [ComfyUI]   File "C:\workspaces\TRELLIS2-1949\portable-comfyui\ComfyUI_windows_portable\ComfyUI\comfy_api\latest\_io.py", line 1826 in EXECUTE_NORMALIZED
  [ComfyUI]   File "C:\Users\ContainerAdministrator\AppData\Local\Temp\comfyui_pvenv_rqadx_k_\persistent_worker.py", line 1749 in main
  [ComfyUI]   File "C:\Users\ContainerAdministrator\AppData\Local\Temp\comfyui_pvenv_rqadx_k_\persistent_worker.py", line 1749 in main
  [ComfyUI]   File "C:\Users\ContainerAdministrator\AppData\Local\Temp\comfyui_pvenv_rqadx_k_\persistent_worker.py", line 1794 in <module>
  [ComfyUI]   File "C:\Users\ContainerAdministrator\AppData\Local\Temp\comfyui_pvenv_rqadx_k_\persistent_worker.py", line 1794 in <module>
  [ComfyUI] 
  [ComfyUI] 
  [ComfyUI] [worker:ComfyUI-GeometryPack] === END ===
  [ComfyUI] [worker:ComfyUI-GeometryPack] === END ===
  [ComfyUI] 
  [ComfyUI] 
  [ComfyUI] [worker:ComfyUI-GeometryPack] INFO: Output: 171247 vertices, 263528 faces
  [ComfyUI] [worker:ComfyUI-GeometryPack] INFO: Output: 171247 vertices, 263528 faces
  [ComfyUI] [SubprocessWorker] got response: ok
  [ComfyUI] [SubprocessWorker] got response: ok
  [ComfyUI] [comfy-env] GeomPackUV_Xatlas done (114.82s): result: NodeOutput
  [ComfyUI] [comfy-env] GeomPackUV_Xatlas done (114.82s): result: NodeOutput
  [ComfyUI] [VRAM] After GeomPackUV_Xatlas: 1271 / 24575 MB
  [ComfyUI] [VRAM] After GeomPackUV_Xatlas: 1271 / 24575 MB
  Node executed (1 total), capturing...
  [ComfyUI] [comfy-env] Running LoadTrellis2Models: resolution: '512', precision: 'auto', attn_backend: 'auto'
  [ComfyUI] [comfy-env] Running LoadTrellis2Models: resolution: '512', precision: 'auto', attn_backend: 'auto'
  [ComfyUI] [VRAM] Before LoadTrellis2Models: 1271 / 24575 MB
  [ComfyUI] [VRAM] Before LoadTrellis2Models: 1271 / 24575 MB
  [ComfyUI] [SubprocessWorker] call_method: nodes.nodes_loader.LoadTrellis2Models.EXECUTE_NORMALIZED
  [ComfyUI] [SubprocessWorker] call_method: nodes.nodes_loader.LoadTrellis2Models.EXECUTE_NORMALIZED
  [ComfyUI] [SubprocessWorker] acquired lock, ensuring started...
  [ComfyUI] [SubprocessWorker] acquired lock, ensuring started...
  [ComfyUI] [ComfyUI-TRELLIS2] Health check: ping (timeout=5.0s)...
  [ComfyUI] [ComfyUI-TRELLIS2] Health check: ping (timeout=5.0s)...
  [ComfyUI] [ComfyUI-TRELLIS2] Health check: failed
  [ComfyUI] [ComfyUI-TRELLIS2] Health check: failed
  [ComfyUI] [ComfyUI-TRELLIS2] Socket unhealthy, restarting worker...
  [ComfyUI] [ComfyUI-TRELLIS2] Socket unhealthy, restarting worker...
  [ComfyUI] [comfy-env] Invalidated 7 stale model patchers (will be cleaned up during next unload)
  [ComfyUI] [comfy-env] Invalidated 7 stale model patchers (will be cleaned up during next unload)
  [ComfyUI] [comfy-env] trellis2-nodes: Library/bin has 235 DLLs
  [ComfyUI] [comfy-env] trellis2-nodes: Library/bin has 235 DLLs
  [ComfyUI] [ComfyUI-TRELLIS2] python: C:\workspaces\TRELLIS2-1949\portable-comfyui\ComfyUI_windows_portable\ComfyUI\.ce\.pixi\envs\trellis2-nodes\python.exe
  [ComfyUI] [ComfyUI-TRELLIS2] python: C:\workspaces\TRELLIS2-1949\portable-comfyui\ComfyUI_windows_portable\ComfyUI\.ce\.pixi\envs\trellis2-nodes\python.exe
  [ComfyUI] [ComfyUI-TRELLIS2] sys_path sent to worker: ['C:\\workspaces\\TRELLIS2-1949\\portable-comfyui\\ComfyUI_windows_portable\\ComfyUI', 'C:\\workspaces\\TRELLIS2-1949\\portable-comfyui\\ComfyUI_windows_portable\\ComfyUI\\custom_nodes\\ComfyUI-TRELLIS2', 'C:\\workspaces\\TRELLIS2-1949\\portable-comfyui\\ComfyUI_windows_portable\\ComfyUI\\.ce\\.pixi\\envs\\trellis2-nodes\\Lib\\site-packages', 'C:\\workspaces\\TRELLIS2-1949\\portable-comfyui\\ComfyUI_windows_portable\\ComfyUI\\custom_nodes\\ComfyUI-TRELLIS2']
  [ComfyUI] [ComfyUI-TRELLIS2] sys_path sent to worker: ['C:\\workspaces\\TRELLIS2-1949\\portable-comfyui\\ComfyUI_windows_portable\\ComfyUI', 'C:\\workspaces\\TRELLIS2-1949\\portable-comfyui\\ComfyUI_windows_portable\\ComfyUI\\custom_nodes\\ComfyUI-TRELLIS2', 'C:\\workspaces\\TRELLIS2-1949\\portable-comfyui\\ComfyUI_windows_portable\\ComfyUI\\.ce\\.pixi\\envs\\trellis2-nodes\\Lib\\site-packages', 'C:\\workspaces\\TRELLIS2-1949\\portable-comfyui\\ComfyUI_windows_portable\\ComfyUI\\custom_nodes\\ComfyUI-TRELLIS2']
  [ComfyUI] [SubprocessWorker] is_pixi=True, python=C:\workspaces\TRELLIS2-1949\portable-comfyui\ComfyUI_windows_portable\ComfyUI\.ce\.pixi\envs\trellis2-nodes\python.exe
  [ComfyUI] [SubprocessWorker] is_pixi=True, python=C:\workspaces\TRELLIS2-1949\portable-comfyui\ComfyUI_windows_portable\ComfyUI\.ce\.pixi\envs\trellis2-nodes\python.exe
  [ComfyUI] [SubprocessWorker] launching cmd=['C:\\Users\\ContainerAdministrator\\.pixi\\bin\\pixi.exe', 'run', '--as-is', '--manifest-path', 'C:\\workspaces\\TRELLIS2-1949\\portable-comfyui\\ComfyUI_windows_portable\\ComfyUI\\.ce\\pixi.toml', '-e', 'trellis2-nodes', 'python', 'C:\\Users\\ContainerAdministrator\\AppData\\Local\\Temp\\comfyui_pvenv_8uylya96\\persistent_worker.py', 'tcp://127.0.0.1:58253']...
  [ComfyUI] [SubprocessWorker] launching cmd=['C:\\Users\\ContainerAdministrator\\.pixi\\bin\\pixi.exe', 'run', '--as-is', '--manifest-path', 'C:\\workspaces\\TRELLIS2-1949\\portable-comfyui\\ComfyUI_windows_portable\\ComfyUI\\.ce\\pixi.toml', '-e', 'trellis2-nodes', 'python', 'C:\\Users\\ContainerAdministrator\\AppData\\Local\\Temp\\comfyui_pvenv_8uylya96\\persistent_worker.py', 'tcp://127.0.0.1:58253']...
  Frame 4 saved (frame_003.jpg, t=116.0s)
  [capture-node] freeze=5ms shot=144ms unfreeze=4ms saved=True
  Node executed (2 total), capturing...
  [capture-node] freeze=4ms shot=119ms unfreeze=4ms saved=False
  [ComfyUI] [SubprocessWorker] worker started/confirmed
  [ComfyUI] [SubprocessWorker] worker started/confirmed
  [ComfyUI] [SubprocessWorker] serializing kwargs to shm...
  [ComfyUI] [SubprocessWorker] serializing kwargs to shm...
  [ComfyUI] [SubprocessWorker] created 0 shm blocks
  [ComfyUI] [SubprocessWorker] created 0 shm blocks
  [ComfyUI] [SubprocessWorker] sending request via socket...
  [ComfyUI] [SubprocessWorker] sending request via socket...
  [ComfyUI] [SubprocessWorker] call_id=66 sending call_method
  [ComfyUI] [SubprocessWorker] call_id=66 sending call_method
  [capture-loop] iter=1050 t=122.0s state={'complete': False, 'error': None, 'executedCount': 2, 'wsState': 1} eval_ms=3 ram=7.1/31.9GB (22%) swap=2.3/15.0GB (15%) cpu=8% browser_rss=0.51GB
  [ComfyUI] [SubprocessWorker] callback 'report_progress' from call_id=66
  [ComfyUI] [SubprocessWorker] callback 'report_progress' from call_id=66
  [ComfyUI] [SubprocessWorker] callback 'report_progress' from call_id=66
  [ComfyUI] [SubprocessWorker] callback 'report_progress' from call_id=66
  [ComfyUI] [worker:ComfyUI-TRELLIS2] [TRELLIS2] Config loaded: 9 models registered
  [ComfyUI] [worker:ComfyUI-TRELLIS2] [TRELLIS2] Config loaded: 9 models registered
  [ComfyUI] [SubprocessWorker] got response: ok
  [ComfyUI] [SubprocessWorker] got response: ok
  [ComfyUI] [comfy-env] [VRAM] Before offload 'SparseStructureDecoder_7' (140 MB) -> cpu: 1271 / 24575 MB
  [ComfyUI] [comfy-env] [VRAM] Before offload 'SparseStructureDecoder_7' (140 MB) -> cpu: 1271 / 24575 MB
  [ComfyUI] [ComfyUI-TRELLIS2] Health check: ping (timeout=5.0s)...
  [ComfyUI] [ComfyUI-TRELLIS2] Health check: ping (timeout=5.0s)...
  [ComfyUI] [ComfyUI-TRELLIS2] Health check: ok
  [ComfyUI] [ComfyUI-TRELLIS2] Health check: ok
  [ComfyUI] [SubprocessWorker] call_id=67 sending model_to_device
  [ComfyUI] [SubprocessWorker] call_id=67 sending model_to_device
  [ComfyUI] Model 'SparseStructureDecoder_7' gone from worker (restarted?), treating as offloaded
  [ComfyUI] Model 'SparseStructureDecoder_7' gone from worker (restarted?), treating as offloaded
  [ComfyUI] [comfy-env] [VRAM] After offload 'SparseStructureDecoder_7' (140 MB): 1271 / 24575 MB
  [ComfyUI] [comfy-env] [VRAM] After offload 'SparseStructureDecoder_7' (140 MB): 1271 / 24575 MB
  [ComfyUI] [comfy-env] [VRAM] Before offload 'SparseStructureFlowModel_6' (2466 MB) -> cpu: 1271 / 24575 MB
  [ComfyUI] [comfy-env] [VRAM] Before offload 'SparseStructureFlowModel_6' (2466 MB) -> cpu: 1271 / 24575 MB
  [ComfyUI] [ComfyUI-TRELLIS2] Health check: ping (timeout=5.0s)...
  [ComfyUI] [ComfyUI-TRELLIS2] Health check: ping (timeout=5.0s)...
  [ComfyUI] [ComfyUI-TRELLIS2] Health check: ok
  [ComfyUI] [ComfyUI-TRELLIS2] Health check: ok
  [ComfyUI] [SubprocessWorker] call_id=68 sending model_to_device
  [ComfyUI] [SubprocessWorker] call_id=68 sending model_to_device
  [ComfyUI] Model 'SparseStructureFlowModel_6' gone from worker (restarted?), treating as offloaded
  [ComfyUI] Model 'SparseStructureFlowModel_6' gone from worker (restarted?), treating as offloaded
  [ComfyUI] [comfy-env] [VRAM] After offload 'SparseStructureFlowModel_6' (2466 MB): 1271 / 24575 MB
  [ComfyUI] [comfy-env] [VRAM] After offload 'SparseStructureFlowModel_6' (2466 MB): 1271 / 24575 MB
  [ComfyUI] [comfy-env] [VRAM] Before offload 'BiRefNet_5' (843 MB) -> cpu: 1271 / 24575 MB
  [ComfyUI] [comfy-env] [VRAM] Before offload 'BiRefNet_5' (843 MB) -> cpu: 1271 / 24575 MB
  [ComfyUI] [ComfyUI-TRELLIS2] Health check: ping (timeout=5.0s)...
  [ComfyUI] [ComfyUI-TRELLIS2] Health check: ping (timeout=5.0s)...
  [ComfyUI] [ComfyUI-TRELLIS2] Health check: ok
  [ComfyUI] [ComfyUI-TRELLIS2] Health check: ok
  [ComfyUI] [SubprocessWorker] call_id=69 sending model_to_device
  [ComfyUI] [SubprocessWorker] call_id=69 sending model_to_device
  [ComfyUI] Model 'BiRefNet_5' gone from worker (restarted?), treating as offloaded
  [ComfyUI] Model 'BiRefNet_5' gone from worker (restarted?), treating as offloaded
  [ComfyUI] [comfy-env] [VRAM] After offload 'BiRefNet_5' (843 MB): 1271 / 24575 MB
  [ComfyUI] [comfy-env] [VRAM] After offload 'BiRefNet_5' (843 MB): 1271 / 24575 MB
  [ComfyUI] [comfy-env] [VRAM] Before offload 'SLatFlowModel_4' (2464 MB) -> cpu: 1271 / 24575 MB
  [ComfyUI] [comfy-env] [VRAM] Before offload 'SLatFlowModel_4' (2464 MB) -> cpu: 1271 / 24575 MB
  [ComfyUI] [ComfyUI-TRELLIS2] Health check: ping (timeout=5.0s)...
  [ComfyUI] [ComfyUI-TRELLIS2] Health check: ping (timeout=5.0s)...
  [ComfyUI] [ComfyUI-TRELLIS2] Health check: ok
  [ComfyUI] [ComfyUI-TRELLIS2] Health check: ok
  [ComfyUI] [SubprocessWorker] call_id=70 sending model_to_device
  [ComfyUI] [SubprocessWorker] call_id=70 sending model_to_device
  [ComfyUI] Model 'SLatFlowModel_4' gone from worker (restarted?), treating as offloaded
  [ComfyUI] Model 'SLatFlowModel_4' gone from worker (restarted?), treating as offloaded
  [ComfyUI] [comfy-env] [VRAM] After offload 'SLatFlowModel_4' (2464 MB): 1271 / 24575 MB
  [ComfyUI] [comfy-env] [VRAM] After offload 'SLatFlowModel_4' (2464 MB): 1271 / 24575 MB
  [ComfyUI] [comfy-env] [VRAM] Before offload 'FlexiDualGridVaeDecoder_3' (904 MB) -> cpu: 1271 / 24575 MB
  [ComfyUI] [comfy-env] [VRAM] Before offload 'FlexiDualGridVaeDecoder_3' (904 MB) -> cpu: 1271 / 24575 MB
  [ComfyUI] [ComfyUI-TRELLIS2] Health check: ping (timeout=5.0s)...
  [ComfyUI] [ComfyUI-TRELLIS2] Health check: ping (timeout=5.0s)...
  [ComfyUI] [ComfyUI-TRELLIS2] Health check: ok
  [ComfyUI] [ComfyUI-TRELLIS2] Health check: ok
  [ComfyUI] [SubprocessWorker] call_id=71 sending model_to_device
  [ComfyUI] [SubprocessWorker] call_id=71 sending model_to_device
  [ComfyUI] Model 'FlexiDualGridVaeDecoder_3' gone from worker (restarted?), treating as offloaded
  [ComfyUI] Model 'FlexiDualGridVaeDecoder_3' gone from worker (restarted?), treating as offloaded
  [ComfyUI] [comfy-env] [VRAM] After offload 'FlexiDualGridVaeDecoder_3' (904 MB): 1271 / 24575 MB
  [ComfyUI] [comfy-env] [VRAM] After offload 'FlexiDualGridVaeDecoder_3' (904 MB): 1271 / 24575 MB
  [ComfyUI] [comfy-env] [VRAM] Before offload 'DINOv3ViT_2' (1156 MB) -> cpu: 1271 / 24575 MB
  [ComfyUI] [comfy-env] [VRAM] Before offload 'DINOv3ViT_2' (1156 MB) -> cpu: 1271 / 24575 MB
  [ComfyUI] [ComfyUI-TRELLIS2] Health check: ping (timeout=5.0s)...
  [ComfyUI] [ComfyUI-TRELLIS2] Health check: ping (timeout=5.0s)...
  [ComfyUI] [ComfyUI-TRELLIS2] Health check: ok
  [ComfyUI] [ComfyUI-TRELLIS2] Health check: ok
  [ComfyUI] [SubprocessWorker] call_id=72 sending model_to_device
  [ComfyUI] [SubprocessWorker] call_id=72 sending model_to_device
  [ComfyUI] Model 'DINOv3ViT_2' gone from worker (restarted?), treating as offloaded
  [ComfyUI] Model 'DINOv3ViT_2' gone from worker (restarted?), treating as offloaded
  [ComfyUI] [comfy-env] [VRAM] After offload 'DINOv3ViT_2' (1156 MB): 1271 / 24575 MB
  [ComfyUI] [comfy-env] [VRAM] After offload 'DINOv3ViT_2' (1156 MB): 1271 / 24575 MB
  [ComfyUI] [comfy-env] [VRAM] Before offload 'FlexiDualGridVaeEncoder_1' (675 MB) -> cpu: 1271 / 24575 MB
  [ComfyUI] [comfy-env] [VRAM] Before offload 'FlexiDualGridVaeEncoder_1' (675 MB) -> cpu: 1271 / 24575 MB
  [ComfyUI] [ComfyUI-TRELLIS2] Health check: ping (timeout=5.0s)...
  [ComfyUI] [ComfyUI-TRELLIS2] Health check: ping (timeout=5.0s)...
  [ComfyUI] [ComfyUI-TRELLIS2] Health check: ok
  [ComfyUI] [ComfyUI-TRELLIS2] Health check: ok
  [ComfyUI] [SubprocessWorker] call_id=73 sending model_to_device
  [ComfyUI] [SubprocessWorker] call_id=73 sending model_to_device
  [ComfyUI] Model 'FlexiDualGridVaeEncoder_1' gone from worker (restarted?), treating as offloaded
  [ComfyUI] Model 'FlexiDualGridVaeEncoder_1' gone from worker (restarted?), treating as offloaded
  [ComfyUI] [comfy-env] [VRAM] After offload 'FlexiDualGridVaeEncoder_1' (675 MB): 1271 / 24575 MB
  [ComfyUI] [comfy-env] [VRAM] After offload 'FlexiDualGridVaeEncoder_1' (675 MB): 1271 / 24575 MB
  [ComfyUI] [comfy-env] LoadTrellis2Models done (6.30s): result: NodeOutput
  [ComfyUI] [comfy-env] LoadTrellis2Models done (6.30s): result: NodeOutput
  [ComfyUI] [VRAM] After LoadTrellis2Models: 1271 / 24575 MB
  [ComfyUI] [VRAM] After LoadTrellis2Models: 1271 / 24575 MB
  [ComfyUI] [comfy-env] Running Trellis2EncodeMesh: resolution: 512, model_config: dict, mesh: Trimesh
  [ComfyUI] [comfy-env] Running Trellis2EncodeMesh: resolution: 512, model_config: dict, mesh: Trimesh
  [ComfyUI] [VRAM] Before Trellis2EncodeMesh: 1271 / 24575 MB
  [ComfyUI] [VRAM] Before Trellis2EncodeMesh: 1271 / 24575 MB
  [ComfyUI] [SubprocessWorker] call_method: nodes.nodes_inference.Trellis2EncodeMesh.EXECUTE_NORMALIZED
  [ComfyUI] [SubprocessWorker] call_method: nodes.nodes_inference.Trellis2EncodeMesh.EXECUTE_NORMALIZED
  [ComfyUI] [SubprocessWorker] acquired lock, ensuring started...
  [ComfyUI] [SubprocessWorker] acquired lock, ensuring started...
  [ComfyUI] [ComfyUI-TRELLIS2] Health check: ping (timeout=5.0s)...
  [ComfyUI] [ComfyUI-TRELLIS2] Health check: ping (timeout=5.0s)...
  [ComfyUI] [ComfyUI-TRELLIS2] Health check: ok
  [ComfyUI] [ComfyUI-TRELLIS2] Health check: ok
  [ComfyUI] [SubprocessWorker] worker started/confirmed
  [ComfyUI] [SubprocessWorker] worker started/confirmed
  [ComfyUI] [SubprocessWorker] serializing kwargs to shm...
  [ComfyUI] [SubprocessWorker] serializing kwargs to shm...
  [ComfyUI] [SubprocessWorker] created 1 shm blocks
  [ComfyUI] [SubprocessWorker] created 1 shm blocks
  [ComfyUI] [SubprocessWorker] sending request via socket...
  [ComfyUI] [SubprocessWorker] sending request via socket...
  [ComfyUI] [SubprocessWorker] call_id=74 sending call_method
  [ComfyUI] [SubprocessWorker] call_id=74 sending call_method
  Frame 5 saved (frame_004.jpg, t=123.1s)
  [capture-periodic] freeze=4ms shot=111ms unfreeze=4ms saved=True
  [ComfyUI] [SubprocessWorker] callback 'report_progress' from call_id=74
  [ComfyUI] [SubprocessWorker] callback 'report_progress' from call_id=74
  Frame 6 saved (frame_005.jpg, t=125.3s)
  [capture-periodic] freeze=3ms shot=108ms unfreeze=4ms saved=True
  [ComfyUI] C:\workspaces\TRELLIS2-1949\portable-comfyui\ComfyUI_windows_portable\ComfyUI\custom_nodes\ComfyUI-TRELLIS2\nodes\stages.py:96: UserWarning: expandable_segments not supported on this platform (Triggered internally at C:\actions-runner\_work\pytorch\pytorch\pytorch\c10/cuda/CUDAAllocatorConfig.h:39.)
  [ComfyUI] C:\workspaces\TRELLIS2-1949\portable-comfyui\ComfyUI_windows_portable\ComfyUI\custom_nodes\ComfyUI-TRELLIS2\nodes\stages.py:96: UserWarning: expandable_segments not supported on this platform (Triggered internally at C:\actions-runner\_work\pytorch\pytorch\pytorch\c10/cuda/CUDAAllocatorConfig.h:39.)
  [ComfyUI]   coords = torch.cat([batch_col, voxel_indices], dim=1).to(device)
  [ComfyUI]   coords = torch.cat([batch_col, voxel_indices], dim=1).to(device)
  [ComfyUI] [worker:ComfyUI-TRELLIS2] [encode] voxelized: 1169075 voxels at resolution=512
  [ComfyUI] [worker:ComfyUI-TRELLIS2] [encode] voxelized: 1169075 voxels at resolution=512
  [ComfyUI] [worker:ComfyUI-TRELLIS2] [encode] voxel_indices: cpu, dual_vertices: cpu, intersected: cpu
  [ComfyUI] [worker:ComfyUI-TRELLIS2] [encode] voxel_indices: cpu, dual_vertices: cpu, intersected: cpu
  [ComfyUI] [worker:ComfyUI-TRELLIS2] [encode] coords: torch.Size([1169075, 4]) cuda:0
  [ComfyUI] [worker:ComfyUI-TRELLIS2] [encode] coords: torch.Size([1169075, 4]) cuda:0
  [ComfyUI] [worker:ComfyUI-TRELLIS2] [encode] pre-load: alloc=18MB
  [ComfyUI] [worker:ComfyUI-TRELLIS2] [encode] pre-load: alloc=18MB
  [ComfyUI] [SubprocessWorker] callback 'report_progress' from call_id=74
  [ComfyUI] [SubprocessWorker] callback 'report_progress' from call_id=74
  Frame 7 saved (frame_006.jpg, t=127.5s)
  [capture-periodic] freeze=5ms shot=164ms unfreeze=4ms saved=True
  [capture-loop] iter=1100 t=128.1s state={'complete': False, 'error': None, 'executedCount': 2, 'wsState': 1} eval_ms=5 ram=8.4/31.9GB (26%) swap=2.3/15.0GB (15%) cpu=18% browser_rss=0.52GB
  [ComfyUI] [SubprocessWorker] callback 'report_progress' from call_id=74
  [ComfyUI] [SubprocessWorker] callback 'report_progress' from call_id=74
  [ComfyUI] [SubprocessWorker] callback 'report_progress' from call_id=74
  [ComfyUI] [SubprocessWorker] callback 'report_progress' from call_id=74
  [ComfyUI] [worker:ComfyUI-TRELLIS2] [TRELLIS2] Built FlexiDualGridVaeEncoder on CPU: dtype=torch.bfloat16, 2.9s
  [ComfyUI] [worker:ComfyUI-TRELLIS2] [TRELLIS2] Built FlexiDualGridVaeEncoder on CPU: dtype=torch.bfloat16, 2.9s
  [ComfyUI] [SubprocessWorker] callback 'request_vram_budget' from call_id=74
  [ComfyUI] [SubprocessWorker] callback 'request_vram_budget' from call_id=74
  [ComfyUI] [comfy-env] VRAM request: 0.71GB, free before eviction: 24.44GB
  [ComfyUI] [comfy-env] VRAM request: 0.71GB, free before eviction: 24.44GB
  [ComfyUI] [comfy-env] VRAM after eviction: 24.44GB
  [ComfyUI] [comfy-env] VRAM after eviction: 24.44GB
  [ComfyUI] [worker:ComfyUI-TRELLIS2] [VRAM] +234MB (now 234MB) reserved=236MB peak=234MB
  [ComfyUI] [worker:ComfyUI-TRELLIS2] [VRAM] +234MB (now 234MB) reserved=236MB peak=234MB
  Frame 8 saved (frame_007.jpg, t=129.8s)
  [capture-periodic] freeze=4ms shot=112ms unfreeze=4ms saved=True
  [ComfyUI] [worker:ComfyUI-TRELLIS2] [TRELLIS2] shape_slat_encoder -> GPU: 0.5s
  [ComfyUI] [worker:ComfyUI-TRELLIS2] [TRELLIS2] shape_slat_encoder -> GPU: 0.5s
  [ComfyUI] [worker:ComfyUI-TRELLIS2] [encode] encoder loaded: alloc=705MB
  [ComfyUI] [worker:ComfyUI-TRELLIS2] [encode] encoder loaded: alloc=705MB
  [ComfyUI] [worker:ComfyUI-TRELLIS2] [encode] vertex_feats: torch.Size([1169075, 3]) cuda:0 alloc=712MB
  [ComfyUI] [worker:ComfyUI-TRELLIS2] [encode] vertex_feats: torch.Size([1169075, 3]) cuda:0 alloc=712MB
  [ComfyUI] [worker:ComfyUI-TRELLIS2] [encode] vertices_sparse built: alloc=712MB
  [ComfyUI] [worker:ComfyUI-TRELLIS2] [encode] vertices_sparse built: alloc=712MB
  [ComfyUI] [worker:ComfyUI-TRELLIS2] [encode] intersected_sparse built: alloc=719MB
  [ComfyUI] [worker:ComfyUI-TRELLIS2] [encode] intersected_sparse built: alloc=719MB
  [ComfyUI] [worker:ComfyUI-TRELLIS2] [encode] starting encoder forward...
  [ComfyUI] [worker:ComfyUI-TRELLIS2] [encode] starting encoder forward...
  [ComfyUI] [worker:ComfyUI-TRELLIS2] [sparse-conv] N=1,169,075 Ci=64 Co=16 feats=285MB cache=264MB (miss) w_dev=cuda:0 alloc=1593MB
  [ComfyUI] [worker:ComfyUI-TRELLIS2] [sparse-conv] N=1,169,075 Ci=64 Co=16 feats=285MB cache=264MB (miss) w_dev=cuda:0 alloc=1593MB
  [ComfyUI] [worker:ComfyUI-TRELLIS2] [VRAM] +1431MB (now 1665MB) reserved=2034MB peak=1665MB
  [ComfyUI] [worker:ComfyUI-TRELLIS2] [VRAM] +1431MB (now 1665MB) reserved=2034MB peak=1665MB
  [ComfyUI] [worker:ComfyUI-TRELLIS2] [VRAM] +257MB (now 1923MB) reserved=2290MB peak=1923MB
  [ComfyUI] [worker:ComfyUI-TRELLIS2] [VRAM] +257MB (now 1923MB) reserved=2290MB peak=1923MB
  [ComfyUI] [worker:ComfyUI-TRELLIS2] [sparse-conv] out=71MB alloc=1669MB
  [ComfyUI] [worker:ComfyUI-TRELLIS2] [sparse-conv] out=71MB alloc=1669MB
  [ComfyUI] [worker:ComfyUI-TRELLIS2] [sparse-conv] N=290,144 Ci=128 Co=128 feats=141MB cache=68MB (miss) w_dev=cuda:0 alloc=2109MB
  [ComfyUI] [worker:ComfyUI-TRELLIS2] [sparse-conv] N=290,144 Ci=128 Co=128 feats=141MB cache=68MB (miss) w_dev=cuda:0 alloc=2109MB
  [ComfyUI] [worker:ComfyUI-TRELLIS2] [VRAM] +584MB (now 2507MB) reserved=2858MB peak=2507MB
  [ComfyUI] [worker:ComfyUI-TRELLIS2] [VRAM] +584MB (now 2507MB) reserved=2858MB peak=2507MB
  [capture-loop] iter=1150 t=134.0s state={'complete': False, 'error': None, 'executedCount': 2, 'wsState': 1} eval_ms=3 ram=7.5/31.9GB (24%) swap=2.3/15.0GB (15%) cpu=19% browser_rss=0.52GB
  [ComfyUI] [worker:ComfyUI-TRELLIS2] [VRAM] -255MB (now 2252MB) reserved=2860MB peak=2507MB
  [ComfyUI] [worker:ComfyUI-TRELLIS2] [VRAM] -255MB (now 2252MB) reserved=2860MB peak=2507MB
  [ComfyUI] [worker:ComfyUI-TRELLIS2] [sparse-conv] out=141MB alloc=2252MB
  [ComfyUI] [worker:ComfyUI-TRELLIS2] [sparse-conv] out=141MB alloc=2252MB
  [ComfyUI] [worker:ComfyUI-TRELLIS2] [sparse-conv] N=290,144 Ci=128 Co=128 feats=141MB cache=69MB (hit) w_dev=cuda:0 alloc=1257MB
  [ComfyUI] [worker:ComfyUI-TRELLIS2] [sparse-conv] N=290,144 Ci=128 Co=128 feats=141MB cache=69MB (hit) w_dev=cuda:0 alloc=1257MB
  [ComfyUI] [worker:ComfyUI-TRELLIS2] [sparse-conv] out=141MB alloc=1399MB
  [ComfyUI] [worker:ComfyUI-TRELLIS2] [sparse-conv] out=141MB alloc=1399MB
  [ComfyUI] [worker:ComfyUI-TRELLIS2] [sparse-conv] N=290,144 Ci=128 Co=128 feats=141MB cache=69MB (hit) w_dev=cuda:0 alloc=1257MB
  [ComfyUI] [worker:ComfyUI-TRELLIS2] [sparse-conv] N=290,144 Ci=128 Co=128 feats=141MB cache=69MB (hit) w_dev=cuda:0 alloc=1257MB
  [ComfyUI] [worker:ComfyUI-TRELLIS2] [sparse-conv] out=141MB alloc=1399MB
  [ComfyUI] [worker:ComfyUI-TRELLIS2] [sparse-conv] out=141MB alloc=1399MB
  [ComfyUI] [worker:ComfyUI-TRELLIS2] [sparse-conv] N=290,144 Ci=128 Co=128 feats=141MB cache=69MB (hit) w_dev=cuda:0 alloc=1257MB
  [ComfyUI] [worker:ComfyUI-TRELLIS2] [sparse-conv] N=290,144 Ci=128 Co=128 feats=141MB cache=69MB (hit) w_dev=cuda:0 alloc=1257MB
  [ComfyUI] [worker:ComfyUI-TRELLIS2] [sparse-conv] out=141MB alloc=1399MB
  [ComfyUI] [worker:ComfyUI-TRELLIS2] [sparse-conv] out=141MB alloc=1399MB
  [ComfyUI] [worker:ComfyUI-TRELLIS2] [sparse-conv] N=290,144 Ci=128 Co=128 feats=141MB cache=69MB (hit) w_dev=cuda:0 alloc=1257MB
  [ComfyUI] [worker:ComfyUI-TRELLIS2] [sparse-conv] N=290,144 Ci=128 Co=128 feats=141MB cache=69MB (hit) w_dev=cuda:0 alloc=1257MB
  [ComfyUI] [worker:ComfyUI-TRELLIS2] [sparse-conv] out=141MB alloc=1399MB
  [ComfyUI] [worker:ComfyUI-TRELLIS2] [sparse-conv] out=141MB alloc=1399MB
  [ComfyUI] [worker:ComfyUI-TRELLIS2] [sparse-conv] N=290,144 Ci=128 Co=32 feats=141MB cache=69MB (hit) w_dev=cuda:0 alloc=1397MB
  [ComfyUI] [worker:ComfyUI-TRELLIS2] [sparse-conv] N=290,144 Ci=128 Co=32 feats=141MB cache=69MB (hit) w_dev=cuda:0 alloc=1397MB
  [ComfyUI] [worker:ComfyUI-TRELLIS2] [VRAM] -564MB (now 1688MB) reserved=3428MB peak=2508MB
  [ComfyUI] [worker:ComfyUI-TRELLIS2] [VRAM] -564MB (now 1688MB) reserved=3428MB peak=2508MB
  [ComfyUI] [worker:ComfyUI-TRELLIS2] [sparse-conv] out=35MB alloc=1432MB
  [ComfyUI] [worker:ComfyUI-TRELLIS2] [sparse-conv] out=35MB alloc=1432MB
  [ComfyUI] [worker:ComfyUI-TRELLIS2] [sparse-conv] N=65,010 Ci=256 Co=256 feats=63MB cache=17MB (miss) w_dev=cuda:0 alloc=1600MB
  [ComfyUI] [worker:ComfyUI-TRELLIS2] [sparse-conv] N=65,010 Ci=256 Co=256 feats=63MB cache=17MB (miss) w_dev=cuda:0 alloc=1600MB
  [ComfyUI] [worker:ComfyUI-TRELLIS2] [VRAM] +231MB (now 1920MB) reserved=3432MB peak=2508MB
  [ComfyUI] [worker:ComfyUI-TRELLIS2] [VRAM] +231MB (now 1920MB) reserved=3432MB peak=2508MB
  [ComfyUI] [worker:ComfyUI-TRELLIS2] [VRAM] -320MB (now 1601MB) reserved=3432MB peak=2508MB
  [ComfyUI] [worker:ComfyUI-TRELLIS2] [VRAM] -320MB (now 1601MB) reserved=3432MB peak=2508MB
  [ComfyUI] [worker:ComfyUI-TRELLIS2] [VRAM] +382MB (now 1984MB) reserved=3432MB peak=2508MB
  [ComfyUI] [worker:ComfyUI-TRELLIS2] [VRAM] +382MB (now 1984MB) reserved=3432MB peak=2508MB
  [ComfyUI] [worker:ComfyUI-TRELLIS2] [sparse-conv] out=63MB alloc=1664MB
  [ComfyUI] [worker:ComfyUI-TRELLIS2] [sparse-conv] out=63MB alloc=1664MB
  [ComfyUI] [worker:ComfyUI-TRELLIS2] [sparse-conv] N=65,010 Ci=256 Co=256 feats=63MB cache=17MB (hit) w_dev=cuda:0 alloc=1206MB
  [ComfyUI] [worker:ComfyUI-TRELLIS2] [sparse-conv] N=65,010 Ci=256 Co=256 feats=63MB cache=17MB (hit) w_dev=cuda:0 alloc=1206MB
  [ComfyUI] [worker:ComfyUI-TRELLIS2] [sparse-conv] out=63MB alloc=1269MB
  [ComfyUI] [worker:ComfyUI-TRELLIS2] [sparse-conv] out=63MB alloc=1269MB
  [ComfyUI] [worker:ComfyUI-TRELLIS2] [sparse-conv] N=65,010 Ci=256 Co=256 feats=63MB cache=17MB (hit) w_dev=cuda:0 alloc=1206MB
  [ComfyUI] [worker:ComfyUI-TRELLIS2] [sparse-conv] N=65,010 Ci=256 Co=256 feats=63MB cache=17MB (hit) w_dev=cuda:0 alloc=1206MB
  [ComfyUI] [worker:ComfyUI-TRELLIS2] [sparse-conv] out=63MB alloc=1269MB
  [ComfyUI] [worker:ComfyUI-TRELLIS2] [sparse-conv] out=63MB alloc=1269MB
  [ComfyUI] [worker:ComfyUI-TRELLIS2] [sparse-conv] N=65,010 Ci=256 Co=256 feats=63MB cache=17MB (hit) w_dev=cuda:0 alloc=1206MB
  [ComfyUI] [worker:ComfyUI-TRELLIS2] [sparse-conv] N=65,010 Ci=256 Co=256 feats=63MB cache=17MB (hit) w_dev=cuda:0 alloc=1206MB
  [ComfyUI] [worker:ComfyUI-TRELLIS2] [sparse-conv] out=63MB alloc=1269MB
  [ComfyUI] [worker:ComfyUI-TRELLIS2] [sparse-conv] out=63MB alloc=1269MB
  [ComfyUI] [worker:ComfyUI-TRELLIS2] [sparse-conv] N=65,010 Ci=256 Co=256 feats=63MB cache=17MB (hit) w_dev=cuda:0 alloc=1206MB
  [ComfyUI] [worker:ComfyUI-TRELLIS2] [sparse-conv] N=65,010 Ci=256 Co=256 feats=63MB cache=17MB (hit) w_dev=cuda:0 alloc=1206MB
  [ComfyUI] [worker:ComfyUI-TRELLIS2] [sparse-conv] out=63MB alloc=1269MB
  [ComfyUI] [worker:ComfyUI-TRELLIS2] [sparse-conv] out=63MB alloc=1269MB
  [ComfyUI] [worker:ComfyUI-TRELLIS2] [sparse-conv] N=65,010 Ci=256 Co=256 feats=63MB cache=17MB (hit) w_dev=cuda:0 alloc=1206MB
  [ComfyUI] [worker:ComfyUI-TRELLIS2] [sparse-conv] N=65,010 Ci=256 Co=256 feats=63MB cache=17MB (hit) w_dev=cuda:0 alloc=1206MB
  [ComfyUI] [worker:ComfyUI-TRELLIS2] [sparse-conv] out=63MB alloc=1269MB
  [ComfyUI] [worker:ComfyUI-TRELLIS2] [sparse-conv] out=63MB alloc=1269MB
  [ComfyUI] [worker:ComfyUI-TRELLIS2] [sparse-conv] N=65,010 Ci=256 Co=256 feats=63MB cache=17MB (hit) w_dev=cuda:0 alloc=1206MB
  [ComfyUI] [worker:ComfyUI-TRELLIS2] [sparse-conv] N=65,010 Ci=256 Co=256 feats=63MB cache=17MB (hit) w_dev=cuda:0 alloc=1206MB
  [ComfyUI] [worker:ComfyUI-TRELLIS2] [sparse-conv] out=63MB alloc=1269MB
  [ComfyUI] [worker:ComfyUI-TRELLIS2] [sparse-conv] out=63MB alloc=1269MB
  [ComfyUI] [worker:ComfyUI-TRELLIS2] [sparse-conv] N=65,010 Ci=256 Co=256 feats=63MB cache=17MB (hit) w_dev=cuda:0 alloc=1206MB
  [ComfyUI] [worker:ComfyUI-TRELLIS2] [sparse-conv] N=65,010 Ci=256 Co=256 feats=63MB cache=17MB (hit) w_dev=cuda:0 alloc=1206MB
  [ComfyUI] [worker:ComfyUI-TRELLIS2] [sparse-conv] out=63MB alloc=1269MB
  [ComfyUI] [worker:ComfyUI-TRELLIS2] [sparse-conv] out=63MB alloc=1269MB
  [ComfyUI] [worker:ComfyUI-TRELLIS2] [sparse-conv] N=65,010 Ci=256 Co=256 feats=63MB cache=17MB (hit) w_dev=cuda:0 alloc=1206MB
  [ComfyUI] [worker:ComfyUI-TRELLIS2] [sparse-conv] N=65,010 Ci=256 Co=256 feats=63MB cache=17MB (hit) w_dev=cuda:0 alloc=1206MB
  [ComfyUI] [worker:ComfyUI-TRELLIS2] [sparse-conv] out=63MB alloc=1269MB
  [ComfyUI] [worker:ComfyUI-TRELLIS2] [sparse-conv] out=63MB alloc=1269MB
  [ComfyUI] [worker:ComfyUI-TRELLIS2] [sparse-conv] N=65,010 Ci=256 Co=64 feats=63MB cache=17MB (hit) w_dev=cuda:0 alloc=1264MB
  [ComfyUI] [worker:ComfyUI-TRELLIS2] [sparse-conv] N=65,010 Ci=256 Co=64 feats=63MB cache=17MB (hit) w_dev=cuda:0 alloc=1264MB
  [ComfyUI] [worker:ComfyUI-TRELLIS2] [VRAM] -448MB (now 1536MB) reserved=3432MB peak=2508MB
  [ComfyUI] [worker:ComfyUI-TRELLIS2] [VRAM] -448MB (now 1536MB) reserved=3432MB peak=2508MB
  [capture-loop] iter=1200 t=139.8s state={'complete': False, 'error': None, 'executedCount': 2, 'wsState': 1} eval_ms=3 ram=7.5/31.9GB (24%) swap=2.3/15.0GB (15%) cpu=4% browser_rss=0.52GB
  [ComfyUI] [worker:ComfyUI-TRELLIS2] [VRAM] -272MB (now 1264MB) reserved=3432MB peak=2508MB
  [ComfyUI] [worker:ComfyUI-TRELLIS2] [VRAM] -272MB (now 1264MB) reserved=3432MB peak=2508MB
  [ComfyUI] [worker:ComfyUI-TRELLIS2] [VRAM] +287MB (now 1552MB) reserved=3432MB peak=2508MB
  [ComfyUI] [worker:ComfyUI-TRELLIS2] [VRAM] +287MB (now 1552MB) reserved=3432MB peak=2508MB
  [ComfyUI] [worker:ComfyUI-TRELLIS2] [VRAM] -288MB (now 1264MB) reserved=3432MB peak=2508MB
  [ComfyUI] [worker:ComfyUI-TRELLIS2] [VRAM] -288MB (now 1264MB) reserved=3432MB peak=2508MB
  [ComfyUI] [worker:ComfyUI-TRELLIS2] [sparse-conv] out=15MB alloc=1280MB
  [ComfyUI] [worker:ComfyUI-TRELLIS2] [sparse-conv] out=15MB alloc=1280MB
  [ComfyUI] [worker:ComfyUI-TRELLIS2] [sparse-conv] N=12,685 Ci=512 Co=512 feats=24MB cache=3MB (miss) w_dev=cuda:0 alloc=1354MB
  [ComfyUI] [worker:ComfyUI-TRELLIS2] [sparse-conv] N=12,685 Ci=512 Co=512 feats=24MB cache=3MB (miss) w_dev=cuda:0 alloc=1354MB
  [ComfyUI] [worker:ComfyUI-TRELLIS2] [VRAM] +370MB (now 1635MB) reserved=3434MB peak=2508MB
  [ComfyUI] [worker:ComfyUI-TRELLIS2] [VRAM] +370MB (now 1635MB) reserved=3434MB peak=2508MB
  [capture-loop] iter=1250 t=145.6s state={'complete': False, 'error': None, 'executedCount': 2, 'wsState': 1} eval_ms=3 ram=7.5/31.9GB (24%) swap=2.3/15.0GB (15%) cpu=4% browser_rss=0.52GB
  [ComfyUI] [worker:ComfyUI-TRELLIS2] [VRAM] -231MB (now 1404MB) reserved=3434MB peak=2508MB
  [ComfyUI] [worker:ComfyUI-TRELLIS2] [VRAM] -231MB (now 1404MB) reserved=3434MB peak=2508MB
  [ComfyUI] [worker:ComfyUI-TRELLIS2] [VRAM] +305MB (now 1709MB) reserved=3434MB peak=2508MB
  [ComfyUI] [worker:ComfyUI-TRELLIS2] [VRAM] +305MB (now 1709MB) reserved=3434MB peak=2508MB
  [ComfyUI] [worker:ComfyUI-TRELLIS2] [sparse-conv] out=24MB alloc=1379MB
  [ComfyUI] [worker:ComfyUI-TRELLIS2] [sparse-conv] out=24MB alloc=1379MB
  [ComfyUI] [worker:ComfyUI-TRELLIS2] [sparse-conv] N=12,685 Ci=512 Co=512 feats=24MB cache=3MB (hit) w_dev=cuda:0 alloc=1191MB
  [ComfyUI] [worker:ComfyUI-TRELLIS2] [sparse-conv] N=12,685 Ci=512 Co=512 feats=24MB cache=3MB (hit) w_dev=cuda:0 alloc=1191MB
  [ComfyUI] [worker:ComfyUI-TRELLIS2] [sparse-conv] out=24MB alloc=1216MB
  [ComfyUI] [worker:ComfyUI-TRELLIS2] [sparse-conv] out=24MB alloc=1216MB
  [ComfyUI] [worker:ComfyUI-TRELLIS2] [sparse-conv] N=12,685 Ci=512 Co=512 feats=24MB cache=3MB (hit) w_dev=cuda:0 alloc=1191MB
  [ComfyUI] [worker:ComfyUI-TRELLIS2] [sparse-conv] N=12,685 Ci=512 Co=512 feats=24MB cache=3MB (hit) w_dev=cuda:0 alloc=1191MB
  [ComfyUI] [worker:ComfyUI-TRELLIS2] [sparse-conv] out=24MB alloc=1216MB
  [ComfyUI] [worker:ComfyUI-TRELLIS2] [sparse-conv] out=24MB alloc=1216MB
  [ComfyUI] [worker:ComfyUI-TRELLIS2] [sparse-conv] N=12,685 Ci=512 Co=512 feats=24MB cache=3MB (hit) w_dev=cuda:0 alloc=1192MB
  [ComfyUI] [worker:ComfyUI-TRELLIS2] [sparse-conv] N=12,685 Ci=512 Co=512 feats=24MB cache=3MB (hit) w_dev=cuda:0 alloc=1192MB
  [ComfyUI] [worker:ComfyUI-TRELLIS2] [sparse-conv] out=24MB alloc=1216MB
  [ComfyUI] [worker:ComfyUI-TRELLIS2] [sparse-conv] out=24MB alloc=1216MB
  [ComfyUI] [worker:ComfyUI-TRELLIS2] [sparse-conv] N=12,685 Ci=512 Co=512 feats=24MB cache=3MB (hit) w_dev=cuda:0 alloc=1191MB
  [ComfyUI] [worker:ComfyUI-TRELLIS2] [sparse-conv] N=12,685 Ci=512 Co=512 feats=24MB cache=3MB (hit) w_dev=cuda:0 alloc=1191MB
  [ComfyUI] [worker:ComfyUI-TRELLIS2] [sparse-conv] out=24MB alloc=1216MB
  [ComfyUI] [worker:ComfyUI-TRELLIS2] [sparse-conv] out=24MB alloc=1216MB
  [ComfyUI] [worker:ComfyUI-TRELLIS2] [sparse-conv] N=12,685 Ci=512 Co=512 feats=24MB cache=3MB (hit) w_dev=cuda:0 alloc=1191MB
  [ComfyUI] [worker:ComfyUI-TRELLIS2] [sparse-conv] N=12,685 Ci=512 Co=512 feats=24MB cache=3MB (hit) w_dev=cuda:0 alloc=1191MB
  [ComfyUI] [worker:ComfyUI-TRELLIS2] [sparse-conv] out=24MB alloc=1216MB
  [ComfyUI] [worker:ComfyUI-TRELLIS2] [sparse-conv] out=24MB alloc=1216MB
  [ComfyUI] [worker:ComfyUI-TRELLIS2] [sparse-conv] N=12,685 Ci=512 Co=512 feats=24MB cache=3MB (hit) w_dev=cuda:0 alloc=1192MB
  [ComfyUI] [worker:ComfyUI-TRELLIS2] [sparse-conv] N=12,685 Ci=512 Co=512 feats=24MB cache=3MB (hit) w_dev=cuda:0 alloc=1192MB
  [ComfyUI] [worker:ComfyUI-TRELLIS2] [sparse-conv] out=24MB alloc=1216MB
  [ComfyUI] [worker:ComfyUI-TRELLIS2] [sparse-conv] out=24MB alloc=1216MB
  [ComfyUI] [worker:ComfyUI-TRELLIS2] [sparse-conv] N=12,685 Ci=512 Co=512 feats=24MB cache=3MB (hit) w_dev=cuda:0 alloc=1191MB
  [ComfyUI] [worker:ComfyUI-TRELLIS2] [sparse-conv] N=12,685 Ci=512 Co=512 feats=24MB cache=3MB (hit) w_dev=cuda:0 alloc=1191MB
  [ComfyUI] [worker:ComfyUI-TRELLIS2] [sparse-conv] out=24MB alloc=1216MB
  [ComfyUI] [worker:ComfyUI-TRELLIS2] [sparse-conv] out=24MB alloc=1216MB
  [ComfyUI] [worker:ComfyUI-TRELLIS2] [sparse-conv] N=12,685 Ci=512 Co=512 feats=24MB cache=3MB (hit) w_dev=cuda:0 alloc=1191MB
  [ComfyUI] [worker:ComfyUI-TRELLIS2] [sparse-conv] N=12,685 Ci=512 Co=512 feats=24MB cache=3MB (hit) w_dev=cuda:0 alloc=1191MB
  [ComfyUI] [worker:ComfyUI-TRELLIS2] [sparse-conv] out=24MB alloc=1216MB
  [ComfyUI] [worker:ComfyUI-TRELLIS2] [sparse-conv] out=24MB alloc=1216MB
  [ComfyUI] [worker:ComfyUI-TRELLIS2] [sparse-conv] N=12,685 Ci=512 Co=512 feats=24MB cache=3MB (hit) w_dev=cuda:0 alloc=1192MB
  [ComfyUI] [worker:ComfyUI-TRELLIS2] [sparse-conv] N=12,685 Ci=512 Co=512 feats=24MB cache=3MB (hit) w_dev=cuda:0 alloc=1192MB
  [ComfyUI] [worker:ComfyUI-TRELLIS2] [sparse-conv] out=24MB alloc=1216MB
  [ComfyUI] [worker:ComfyUI-TRELLIS2] [sparse-conv] out=24MB alloc=1216MB
  [ComfyUI] [worker:ComfyUI-TRELLIS2] [sparse-conv] N=12,685 Ci=512 Co=512 feats=24MB cache=3MB (hit) w_dev=cuda:0 alloc=1191MB
  [ComfyUI] [worker:ComfyUI-TRELLIS2] [sparse-conv] N=12,685 Ci=512 Co=512 feats=24MB cache=3MB (hit) w_dev=cuda:0 alloc=1191MB
  [ComfyUI] [worker:ComfyUI-TRELLIS2] [sparse-conv] out=24MB alloc=1216MB
  [ComfyUI] [worker:ComfyUI-TRELLIS2] [sparse-conv] out=24MB alloc=1216MB
  [ComfyUI] [worker:ComfyUI-TRELLIS2] [sparse-conv] N=12,685 Ci=512 Co=512 feats=24MB cache=3MB (hit) w_dev=cuda:0 alloc=1191MB
  [ComfyUI] [worker:ComfyUI-TRELLIS2] [sparse-conv] N=12,685 Ci=512 Co=512 feats=24MB cache=3MB (hit) w_dev=cuda:0 alloc=1191MB
  [ComfyUI] [worker:ComfyUI-TRELLIS2] [sparse-conv] out=24MB alloc=1216MB
  [ComfyUI] [worker:ComfyUI-TRELLIS2] [sparse-conv] out=24MB alloc=1216MB
  [ComfyUI] [worker:ComfyUI-TRELLIS2] [sparse-conv] N=12,685 Ci=512 Co=512 feats=24MB cache=3MB (hit) w_dev=cuda:0 alloc=1192MB
  [ComfyUI] [worker:ComfyUI-TRELLIS2] [sparse-conv] N=12,685 Ci=512 Co=512 feats=24MB cache=3MB (hit) w_dev=cuda:0 alloc=1192MB
  [ComfyUI] [worker:ComfyUI-TRELLIS2] [sparse-conv] out=24MB alloc=1216MB
  [ComfyUI] [worker:ComfyUI-TRELLIS2] [sparse-conv] out=24MB alloc=1216MB
  [ComfyUI] [worker:ComfyUI-TRELLIS2] [sparse-conv] N=12,685 Ci=512 Co=512 feats=24MB cache=3MB (hit) w_dev=cuda:0 alloc=1191MB
  [ComfyUI] [worker:ComfyUI-TRELLIS2] [sparse-conv] N=12,685 Ci=512 Co=512 feats=24MB cache=3MB (hit) w_dev=cuda:0 alloc=1191MB
  [ComfyUI] [worker:ComfyUI-TRELLIS2] [sparse-conv] out=24MB alloc=1216MB
  [ComfyUI] [worker:ComfyUI-TRELLIS2] [sparse-conv] out=24MB alloc=1216MB
  [ComfyUI] [worker:ComfyUI-TRELLIS2] [sparse-conv] N=12,685 Ci=512 Co=512 feats=24MB cache=3MB (hit) w_dev=cuda:0 alloc=1191MB
  [ComfyUI] [worker:ComfyUI-TRELLIS2] [sparse-conv] N=12,685 Ci=512 Co=512 feats=24MB cache=3MB (hit) w_dev=cuda:0 alloc=1191MB
  [ComfyUI] [worker:ComfyUI-TRELLIS2] [sparse-conv] out=24MB alloc=1216MB
  [ComfyUI] [worker:ComfyUI-TRELLIS2] [sparse-conv] out=24MB alloc=1216MB
  [ComfyUI] [worker:ComfyUI-TRELLIS2] [sparse-conv] N=12,685 Ci=512 Co=512 feats=24MB cache=3MB (hit) w_dev=cuda:0 alloc=1192MB
  [ComfyUI] [worker:ComfyUI-TRELLIS2] [sparse-conv] N=12,685 Ci=512 Co=512 feats=24MB cache=3MB (hit) w_dev=cuda:0 alloc=1192MB
  [ComfyUI] [worker:ComfyUI-TRELLIS2] [sparse-conv] out=24MB alloc=1216MB
  [ComfyUI] [worker:ComfyUI-TRELLIS2] [sparse-conv] out=24MB alloc=1216MB
  [ComfyUI] [worker:ComfyUI-TRELLIS2] [sparse-conv] N=12,685 Ci=512 Co=512 feats=24MB cache=3MB (hit) w_dev=cuda:0 alloc=1191MB
  [ComfyUI] [worker:ComfyUI-TRELLIS2] [sparse-conv] N=12,685 Ci=512 Co=512 feats=24MB cache=3MB (hit) w_dev=cuda:0 alloc=1191MB
  [ComfyUI] [worker:ComfyUI-TRELLIS2] [sparse-conv] out=24MB alloc=1216MB
  [ComfyUI] [worker:ComfyUI-TRELLIS2] [sparse-conv] out=24MB alloc=1216MB
  [ComfyUI] [worker:ComfyUI-TRELLIS2] [sparse-conv] N=12,685 Ci=512 Co=128 feats=24MB cache=3MB (hit) w_dev=cuda:0 alloc=1196MB
  [ComfyUI] [worker:ComfyUI-TRELLIS2] [sparse-conv] N=12,685 Ci=512 Co=128 feats=24MB cache=3MB (hit) w_dev=cuda:0 alloc=1196MB
  [ComfyUI] [worker:ComfyUI-TRELLIS2] [VRAM] -251MB (now 1458MB) reserved=3434MB peak=2508MB
  [ComfyUI] [worker:ComfyUI-TRELLIS2] [VRAM] -251MB (now 1458MB) reserved=3434MB peak=2508MB
  [ComfyUI] [worker:ComfyUI-TRELLIS2] [VRAM] -213MB (now 1246MB) reserved=3434MB peak=2508MB
  [ComfyUI] [worker:ComfyUI-TRELLIS2] [VRAM] -213MB (now 1246MB) reserved=3434MB peak=2508MB
  [capture-loop] iter=1300 t=151.2s state={'complete': False, 'error': None, 'executedCount': 2, 'wsState': 1} eval_ms=4 ram=7.5/31.9GB (24%) swap=2.3/15.0GB (15%) cpu=4% browser_rss=0.52GB
  [ComfyUI] [worker:ComfyUI-TRELLIS2] [VRAM] +256MB (now 1502MB) reserved=3434MB peak=2508MB
  [ComfyUI] [worker:ComfyUI-TRELLIS2] [VRAM] +256MB (now 1502MB) reserved=3434MB peak=2508MB
  [ComfyUI] [worker:ComfyUI-TRELLIS2] [VRAM] -256MB (now 1246MB) reserved=3434MB peak=2508MB
  [ComfyUI] [worker:ComfyUI-TRELLIS2] [VRAM] -256MB (now 1246MB) reserved=3434MB peak=2508MB
  [ComfyUI] [worker:ComfyUI-TRELLIS2] [VRAM] +256MB (now 1502MB) reserved=3434MB peak=2508MB
  [ComfyUI] [worker:ComfyUI-TRELLIS2] [VRAM] +256MB (now 1502MB) reserved=3434MB peak=2508MB
  [capture-loop] iter=1350 t=157.0s state={'complete': False, 'error': None, 'executedCount': 2, 'wsState': 1} eval_ms=3 ram=7.6/31.9GB (24%) swap=2.3/15.0GB (15%) cpu=4% browser_rss=0.52GB
  [ComfyUI] [worker:ComfyUI-TRELLIS2] [VRAM] -256MB (now 1246MB) reserved=3434MB peak=2508MB
  [ComfyUI] [worker:ComfyUI-TRELLIS2] [VRAM] -256MB (now 1246MB) reserved=3434MB peak=2508MB
  [ComfyUI] [worker:ComfyUI-TRELLIS2] [VRAM] +256MB (now 1502MB) reserved=3434MB peak=2508MB
  [ComfyUI] [worker:ComfyUI-TRELLIS2] [VRAM] +256MB (now 1502MB) reserved=3434MB peak=2508MB
  [ComfyUI] [worker:ComfyUI-TRELLIS2] [VRAM] -256MB (now 1246MB) reserved=3434MB peak=2508MB
  [ComfyUI] [worker:ComfyUI-TRELLIS2] [VRAM] -256MB (now 1246MB) reserved=3434MB peak=2508MB
  [ComfyUI] [worker:ComfyUI-TRELLIS2] [VRAM] +305MB (now 1551MB) reserved=3434MB peak=2508MB
  [ComfyUI] [worker:ComfyUI-TRELLIS2] [VRAM] +305MB (now 1551MB) reserved=3434MB peak=2508MB
  [ComfyUI] [worker:ComfyUI-TRELLIS2] [VRAM] -256MB (now 1295MB) reserved=3434MB peak=2508MB
  [ComfyUI] [worker:ComfyUI-TRELLIS2] [VRAM] -256MB (now 1295MB) reserved=3434MB peak=2508MB
  [capture-loop] iter=1400 t=162.8s state={'complete': False, 'error': None, 'executedCount': 2, 'wsState': 1} eval_ms=3 ram=7.6/31.9GB (24%) swap=2.3/15.0GB (15%) cpu=4% browser_rss=0.50GB
  [ComfyUI] [worker:ComfyUI-TRELLIS2] [VRAM] +256MB (now 1551MB) reserved=3434MB peak=2508MB
  [ComfyUI] [worker:ComfyUI-TRELLIS2] [VRAM] +256MB (now 1551MB) reserved=3434MB peak=2508MB
  [ComfyUI] [worker:ComfyUI-TRELLIS2] [VRAM] -256MB (now 1295MB) reserved=3434MB peak=2508MB
  [ComfyUI] [worker:ComfyUI-TRELLIS2] [VRAM] -256MB (now 1295MB) reserved=3434MB peak=2508MB
  [ComfyUI] [worker:ComfyUI-TRELLIS2] [VRAM] +256MB (now 1551MB) reserved=3434MB peak=2508MB
  [ComfyUI] [worker:ComfyUI-TRELLIS2] [VRAM] +256MB (now 1551MB) reserved=3434MB peak=2508MB
  [ComfyUI] [worker:ComfyUI-TRELLIS2] [VRAM] -256MB (now 1295MB) reserved=3434MB peak=2508MB
  [ComfyUI] [worker:ComfyUI-TRELLIS2] [VRAM] -256MB (now 1295MB) reserved=3434MB peak=2508MB
  [capture-loop] iter=1450 t=168.5s state={'complete': False, 'error': None, 'executedCount': 2, 'wsState': 1} eval_ms=4 ram=7.6/31.9GB (24%) swap=2.3/15.0GB (15%) cpu=4% browser_rss=0.50GB
  [ComfyUI] [worker:ComfyUI-TRELLIS2] [sparse-conv] out=6MB alloc=1202MB
  [ComfyUI] [worker:ComfyUI-TRELLIS2] [sparse-conv] out=6MB alloc=1202MB
  [ComfyUI] [worker:ComfyUI-TRELLIS2] [sparse-conv] N=2,615 Ci=1024 Co=1024 feats=10MB cache=0MB (miss) w_dev=cuda:0 alloc=1324MB
  [ComfyUI] [worker:ComfyUI-TRELLIS2] [sparse-conv] N=2,615 Ci=1024 Co=1024 feats=10MB cache=0MB (miss) w_dev=cuda:0 alloc=1324MB
  [ComfyUI] [worker:ComfyUI-TRELLIS2] [VRAM] +295MB (now 1590MB) reserved=3434MB peak=2508MB
  [ComfyUI] [worker:ComfyUI-TRELLIS2] [VRAM] +295MB (now 1590MB) reserved=3434MB peak=2508MB
  [ComfyUI] [worker:ComfyUI-TRELLIS2] [sparse-conv] out=10MB alloc=1334MB
  [ComfyUI] [worker:ComfyUI-TRELLIS2] [sparse-conv] out=10MB alloc=1334MB
  [ComfyUI] [worker:ComfyUI-TRELLIS2] [VRAM] -256MB (now 1334MB) reserved=3434MB peak=2508MB
  [ComfyUI] [worker:ComfyUI-TRELLIS2] [VRAM] -256MB (now 1334MB) reserved=3434MB peak=2508MB
  [ComfyUI] [worker:ComfyUI-TRELLIS2] [sparse-conv] N=2,615 Ci=1024 Co=1024 feats=10MB cache=0MB (hit) w_dev=cuda:0 alloc=1258MB
  [ComfyUI] [worker:ComfyUI-TRELLIS2] [sparse-conv] N=2,615 Ci=1024 Co=1024 feats=10MB cache=0MB (hit) w_dev=cuda:0 alloc=1258MB
  [ComfyUI] [worker:ComfyUI-TRELLIS2] [sparse-conv] out=10MB alloc=1269MB
  [ComfyUI] [worker:ComfyUI-TRELLIS2] [sparse-conv] out=10MB alloc=1269MB
  [ComfyUI] [worker:ComfyUI-TRELLIS2] [sparse-conv] N=2,615 Ci=1024 Co=1024 feats=10MB cache=0MB (hit) w_dev=cuda:0 alloc=1258MB
  [ComfyUI] [worker:ComfyUI-TRELLIS2] [sparse-conv] N=2,615 Ci=1024 Co=1024 feats=10MB cache=0MB (hit) w_dev=cuda:0 alloc=1258MB
  [ComfyUI] [worker:ComfyUI-TRELLIS2] [sparse-conv] out=10MB alloc=1269MB
  [ComfyUI] [worker:ComfyUI-TRELLIS2] [sparse-conv] out=10MB alloc=1269MB
  [ComfyUI] [worker:ComfyUI-TRELLIS2] [sparse-conv] N=2,615 Ci=1024 Co=1024 feats=10MB cache=0MB (hit) w_dev=cuda:0 alloc=1258MB
  [ComfyUI] [worker:ComfyUI-TRELLIS2] [sparse-conv] N=2,615 Ci=1024 Co=1024 feats=10MB cache=0MB (hit) w_dev=cuda:0 alloc=1258MB
  [ComfyUI] [worker:ComfyUI-TRELLIS2] [sparse-conv] out=10MB alloc=1269MB
  [ComfyUI] [worker:ComfyUI-TRELLIS2] [sparse-conv] out=10MB alloc=1269MB
  [ComfyUI] [worker:ComfyUI-TRELLIS2] [sparse-conv] N=2,615 Ci=1024 Co=1024 feats=10MB cache=0MB (hit) w_dev=cuda:0 alloc=1258MB
  [ComfyUI] [worker:ComfyUI-TRELLIS2] [sparse-conv] N=2,615 Ci=1024 Co=1024 feats=10MB cache=0MB (hit) w_dev=cuda:0 alloc=1258MB
  [ComfyUI] [worker:ComfyUI-TRELLIS2] [sparse-conv] out=10MB alloc=1269MB
  [ComfyUI] [worker:ComfyUI-TRELLIS2] [sparse-conv] out=10MB alloc=1269MB
  [ComfyUI] [SubprocessWorker] callback 'report_progress' from call_id=74
  [ComfyUI] [SubprocessWorker] callback 'report_progress' from call_id=74
  [ComfyUI] [SubprocessWorker] got response: ok
  [ComfyUI] [SubprocessWorker] got response: ok
  [ComfyUI] [comfy-env] Created 1 model patchers: ['FlexiDualGridVaeEncoder_1']
  [ComfyUI] [comfy-env] Created 1 model patchers: ['FlexiDualGridVaeEncoder_1']
  [ComfyUI] [comfy-env] Trellis2EncodeMesh done (48.46s): result: NodeOutput
  [ComfyUI] [comfy-env] Trellis2EncodeMesh done (48.46s): result: NodeOutput
  [ComfyUI] [VRAM] After Trellis2EncodeMesh: 1271 / 24575 MB
  [ComfyUI] [VRAM] After Trellis2EncodeMesh: 1271 / 24575 MB
  [ComfyUI] [VRAM] Loaded: SubprocessModel (0 MB)
  [ComfyUI] [VRAM] Loaded: SubprocessModel (0 MB)
  [ComfyUI] [comfy-env] Running Trellis2GetConditioning: background_color: 'black', model_config: dict, image: torch.float32 [1,1038,1038,3] cpu, mask: torch.float32 [1,1038,1038] cpu
  [ComfyUI] [comfy-env] Running Trellis2GetConditioning: background_color: 'black', model_config: dict, image: torch.float32 [1,1038,1038,3] cpu, mask: torch.float32 [1,1038,1038] cpu
  [ComfyUI] [VRAM] Before Trellis2GetConditioning: 1271 / 24575 MB
  [ComfyUI] [VRAM] Before Trellis2GetConditioning: 1271 / 24575 MB
  [ComfyUI] [VRAM] Loaded: SubprocessModel (0 MB)
  [ComfyUI] [VRAM] Loaded: SubprocessModel (0 MB)
  [ComfyUI] [SubprocessWorker] call_method: nodes.nodes_inference.Trellis2GetConditioning.EXECUTE_NORMALIZED
  [ComfyUI] [SubprocessWorker] call_method: nodes.nodes_inference.Trellis2GetConditioning.EXECUTE_NORMALIZED
  [ComfyUI] [SubprocessWorker] acquired lock, ensuring started...
  [ComfyUI] [SubprocessWorker] acquired lock, ensuring started...
  [ComfyUI] [ComfyUI-TRELLIS2] Health check: ping (timeout=5.0s)...
  [ComfyUI] [ComfyUI-TRELLIS2] Health check: ping (timeout=5.0s)...
  [ComfyUI] [ComfyUI-TRELLIS2] Health check: ok
  [ComfyUI] [ComfyUI-TRELLIS2] Health check: ok
  [ComfyUI] [SubprocessWorker] worker started/confirmed
  [ComfyUI] [SubprocessWorker] worker started/confirmed
  [ComfyUI] [comfy-env] PRE-SERIALIZE 'image' shape: torch.Size([1, 1038, 1038, 3])
  [ComfyUI] [comfy-env] PRE-SERIALIZE 'image' shape: torch.Size([1, 1038, 1038, 3])
  [ComfyUI] [comfy-env] PRE-SERIALIZE 'mask' shape: torch.Size([1, 1038, 1038])
  [ComfyUI] [comfy-env] PRE-SERIALIZE 'mask' shape: torch.Size([1, 1038, 1038])
  [ComfyUI] [SubprocessWorker] serializing kwargs to shm...
  [ComfyUI] [SubprocessWorker] serializing kwargs to shm...
  [ComfyUI] [SubprocessWorker] created 0 shm blocks
  [ComfyUI] [SubprocessWorker] created 0 shm blocks
  [ComfyUI] [SubprocessWorker] sending request via socket...
  [ComfyUI] [SubprocessWorker] sending request via socket...
  [ComfyUI] [SubprocessWorker] call_id=75 sending call_method
  [ComfyUI] [SubprocessWorker] call_id=75 sending call_method
  [ComfyUI] [worker:ComfyUI-TRELLIS2] [comfy-env] _from_shm got dict with keys: ['__type__', 'strategy', 'manager_path', 'storage_key', 'storage_size']
  [ComfyUI] [worker:ComfyUI-TRELLIS2] [comfy-env] _from_shm got dict with keys: ['__type__', 'strategy', 'manager_path', 'storage_key', 'storage_size']
  [ComfyUI] [worker:ComfyUI-TRELLIS2] [comfy-env] DESERIALIZE TensorRef: tensor_size=[1, 1038, 1038, 3]
  [ComfyUI] [worker:ComfyUI-TRELLIS2] [comfy-env] DESERIALIZE TensorRef: tensor_size=[1, 1038, 1038, 3]
  [ComfyUI] [worker:ComfyUI-TRELLIS2] [comfy-env] DESERIALIZED tensor shape: torch.Size([1, 1038, 1038, 3])
  [ComfyUI] [worker:ComfyUI-TRELLIS2] [comfy-env] DESERIALIZED tensor shape: torch.Size([1, 1038, 1038, 3])
  [ComfyUI] [worker:ComfyUI-TRELLIS2] [comfy-env] _from_shm got dict with keys: ['__type__', 'strategy', 'manager_path', 'storage_key', 'storage_size']
  [ComfyUI] [worker:ComfyUI-TRELLIS2] [comfy-env] _from_shm got dict with keys: ['__type__', 'strategy', 'manager_path', 'storage_key', 'storage_size']
  [ComfyUI] [worker:ComfyUI-TRELLIS2] [comfy-env] DESERIALIZE TensorRef: tensor_size=[1, 1038, 1038]
  [ComfyUI] [worker:ComfyUI-TRELLIS2] [comfy-env] DESERIALIZE TensorRef: tensor_size=[1, 1038, 1038]
  [ComfyUI] [worker:ComfyUI-TRELLIS2] [comfy-env] DESERIALIZED tensor shape: torch.Size([1, 1038, 1038])
  [ComfyUI] [worker:ComfyUI-TRELLIS2] [comfy-env] DESERIALIZED tensor shape: torch.Size([1, 1038, 1038])
  Frame 9 saved (frame_008.jpg, t=171.3s)
  [capture-periodic] freeze=4ms shot=169ms unfreeze=5ms saved=True
  [ComfyUI] [worker:ComfyUI-TRELLIS2] [VRAM] -1326MB (now 9MB) reserved=16MB peak=2508MB
  [ComfyUI] [worker:ComfyUI-TRELLIS2] [VRAM] -1326MB (now 9MB) reserved=16MB peak=2508MB
  [ComfyUI] [SubprocessWorker] callback 'request_vram_budget' from call_id=75
  [ComfyUI] [SubprocessWorker] callback 'request_vram_budget' from call_id=75
  [ComfyUI] [comfy-env] VRAM request: 1.21GB, free before eviction: 24.44GB
  [ComfyUI] [comfy-env] VRAM request: 1.21GB, free before eviction: 24.44GB
  [ComfyUI] [comfy-env] VRAM after eviction: 24.44GB
  [ComfyUI] [comfy-env] VRAM after eviction: 24.44GB
  [ComfyUI] [worker:ComfyUI-TRELLIS2] [TRELLIS2] DinoV3 conditioning: dtype=torch.bfloat16
  [ComfyUI] [worker:ComfyUI-TRELLIS2] [TRELLIS2] DinoV3 conditioning: dtype=torch.bfloat16
  [ComfyUI] [worker:ComfyUI-TRELLIS2] [comfy.attention_sparse] Dense attention: attention_sage
  [ComfyUI] [worker:ComfyUI-TRELLIS2] [comfy.attention_sparse] Dense attention: attention_sage
  [ComfyUI] [SubprocessWorker] callback 'report_progress' from call_id=75
  [ComfyUI] [SubprocessWorker] callback 'report_progress' from call_id=75
  [ComfyUI] [SubprocessWorker] callback 'report_progress' from call_id=75
  [ComfyUI] [SubprocessWorker] callback 'report_progress' from call_id=75
  [ComfyUI] [SubprocessWorker] callback 'report_progress' from call_id=75
  [ComfyUI] [SubprocessWorker] callback 'report_progress' from call_id=75
  [ComfyUI] [worker:ComfyUI-TRELLIS2] [VRAM] +911MB (now 920MB) reserved=1220MB peak=2508MB
  [ComfyUI] [worker:ComfyUI-TRELLIS2] [VRAM] +911MB (now 920MB) reserved=1220MB peak=2508MB
  [ComfyUI] [SubprocessWorker] callback 'report_progress' from call_id=75
  [ComfyUI] [SubprocessWorker] callback 'report_progress' from call_id=75
  [ComfyUI] [SubprocessWorker] got response: ok
  [ComfyUI] [SubprocessWorker] got response: ok
  [ComfyUI] [comfy-env] Created 1 model patchers: ['DINOv3ViT_2']
  [ComfyUI] [comfy-env] Created 1 model patchers: ['DINOv3ViT_2']
  [ComfyUI] [comfy-env] Trellis2GetConditioning done (2.12s): result: NodeOutput
  [ComfyUI] [comfy-env] Trellis2GetConditioning done (2.12s): result: NodeOutput
  [ComfyUI] [VRAM] After Trellis2GetConditioning: 1271 / 24575 MB
  [ComfyUI] [VRAM] After Trellis2GetConditioning: 1271 / 24575 MB
  [ComfyUI] [VRAM] Loaded: SubprocessModel (0 MB), SubprocessModel (0 MB)
  [ComfyUI] [VRAM] Loaded: SubprocessModel (0 MB), SubprocessModel (0 MB)
  [ComfyUI] [comfy-env] Running Trellis2TextureMesh: seed: 42, tex_guidance_strength: 3.0, tex_guidance_rescale: 0.2, tex_sampling_steps: 12, model_config: dict, conditioning: dict, shape_latent: dict
  [ComfyUI] [comfy-env] Running Trellis2TextureMesh: seed: 42, tex_guidance_strength: 3.0, tex_guidance_rescale: 0.2, tex_sampling_steps: 12, model_config: dict, conditioning: dict, shape_latent: dict
  [ComfyUI] [VRAM] Before Trellis2TextureMesh: 1271 / 24575 MB
  [ComfyUI] [VRAM] Before Trellis2TextureMesh: 1271 / 24575 MB
  [ComfyUI] [VRAM] Loaded: SubprocessModel (0 MB), SubprocessModel (0 MB)
  [ComfyUI] [VRAM] Loaded: SubprocessModel (0 MB), SubprocessModel (0 MB)
  [ComfyUI] [SubprocessWorker] call_method: nodes.nodes_inference.Trellis2TextureMesh.EXECUTE_NORMALIZED
  [ComfyUI] [SubprocessWorker] call_method: nodes.nodes_inference.Trellis2TextureMesh.EXECUTE_NORMALIZED
  [ComfyUI] [SubprocessWorker] acquired lock, ensuring started...
  [ComfyUI] [SubprocessWorker] acquired lock, ensuring started...
  [ComfyUI] [ComfyUI-TRELLIS2] Health check: ping (timeout=5.0s)...
  [ComfyUI] [ComfyUI-TRELLIS2] Health check: ping (timeout=5.0s)...
  [ComfyUI] [ComfyUI-TRELLIS2] Health check: ok
  [ComfyUI] [ComfyUI-TRELLIS2] Health check: ok
  [ComfyUI] [SubprocessWorker] worker started/confirmed
  [ComfyUI] [SubprocessWorker] worker started/confirmed
  [ComfyUI] [SubprocessWorker] serializing kwargs to shm...
  [ComfyUI] [SubprocessWorker] serializing kwargs to shm...
  [ComfyUI] [SubprocessWorker] created 0 shm blocks
  [ComfyUI] [SubprocessWorker] created 0 shm blocks
  [ComfyUI] [SubprocessWorker] sending request via socket...
  [ComfyUI] [SubprocessWorker] sending request via socket...
  [ComfyUI] [SubprocessWorker] call_id=76 sending call_method
  [ComfyUI] [SubprocessWorker] call_id=76 sending call_method
  [ComfyUI] [worker:ComfyUI-TRELLIS2] [comfy-env] _from_shm got dict with keys: ['__type__', 'strategy', 'manager_path', 'storage_key', 'storage_size']
  [ComfyUI] [worker:ComfyUI-TRELLIS2] [comfy-env] _from_shm got dict with keys: ['__type__', 'strategy', 'manager_path', 'storage_key', 'storage_size']
  [ComfyUI] [worker:ComfyUI-TRELLIS2] [comfy-env] DESERIALIZE TensorRef: tensor_size=[1, 1029, 1024]
  [ComfyUI] [worker:ComfyUI-TRELLIS2] [comfy-env] DESERIALIZE TensorRef: tensor_size=[1, 1029, 1024]
  [ComfyUI] [worker:ComfyUI-TRELLIS2] [comfy-env] DESERIALIZED tensor shape: torch.Size([1, 1029, 1024])
  [ComfyUI] [worker:ComfyUI-TRELLIS2] [comfy-env] DESERIALIZED tensor shape: torch.Size([1, 1029, 1024])
  [ComfyUI] [worker:ComfyUI-TRELLIS2] [comfy-env] _from_shm got dict with keys: ['__type__', 'strategy', 'manager_path', 'storage_key', 'storage_size']
  [ComfyUI] [worker:ComfyUI-TRELLIS2] [comfy-env] _from_shm got dict with keys: ['__type__', 'strategy', 'manager_path', 'storage_key', 'storage_size']
  [ComfyUI] [worker:ComfyUI-TRELLIS2] [comfy-env] DESERIALIZE TensorRef: tensor_size=[1, 1029, 1024]
  [ComfyUI] [worker:ComfyUI-TRELLIS2] [comfy-env] DESERIALIZE TensorRef: tensor_size=[1, 1029, 1024]
  [ComfyUI] [worker:ComfyUI-TRELLIS2] [comfy-env] DESERIALIZED tensor shape: torch.Size([1, 1029, 1024])
  [ComfyUI] [worker:ComfyUI-TRELLIS2] [comfy-env] DESERIALIZED tensor shape: torch.Size([1, 1029, 1024])
  [ComfyUI] [worker:ComfyUI-TRELLIS2] [comfy-env] _from_shm got dict with keys: ['__type__', 'strategy', 'manager_path', 'storage_key', 'storage_size']
  [ComfyUI] [worker:ComfyUI-TRELLIS2] [comfy-env] _from_shm got dict with keys: ['__type__', 'strategy', 'manager_path', 'storage_key', 'storage_size']
  [ComfyUI] [worker:ComfyUI-TRELLIS2] [comfy-env] DESERIALIZE TensorRef: tensor_size=[2615, 32]
  [ComfyUI] [worker:ComfyUI-TRELLIS2] [comfy-env] DESERIALIZE TensorRef: tensor_size=[2615, 32]
  [ComfyUI] [worker:ComfyUI-TRELLIS2] [comfy-env] DESERIALIZED tensor shape: torch.Size([2615, 32])
  [ComfyUI] [worker:ComfyUI-TRELLIS2] [comfy-env] DESERIALIZED tensor shape: torch.Size([2615, 32])
  [ComfyUI] [worker:ComfyUI-TRELLIS2] [comfy-env] _from_shm got dict with keys: ['__type__', 'strategy', 'manager_path', 'storage_key', 'storage_size']
  [ComfyUI] [worker:ComfyUI-TRELLIS2] [comfy-env] _from_shm got dict with keys: ['__type__', 'strategy', 'manager_path', 'storage_key', 'storage_size']
  [ComfyUI] [worker:ComfyUI-TRELLIS2] [comfy-env] DESERIALIZE TensorRef: tensor_size=[2615, 4]
  [ComfyUI] [worker:ComfyUI-TRELLIS2] [comfy-env] DESERIALIZE TensorRef: tensor_size=[2615, 4]
  [ComfyUI] [worker:ComfyUI-TRELLIS2] [comfy-env] DESERIALIZED tensor shape: torch.Size([2615, 4])
  [ComfyUI] [worker:ComfyUI-TRELLIS2] [comfy-env] DESERIALIZED tensor shape: torch.Size([2615, 4])
  [ComfyUI] [worker:ComfyUI-TRELLIS2] [comfy-env] _from_shm got dict with keys: ['__type__', 'strategy', 'manager_path', 'storage_key', 'storage_size']
  [ComfyUI] [worker:ComfyUI-TRELLIS2] [comfy-env] _from_shm got dict with keys: ['__type__', 'strategy', 'manager_path', 'storage_key', 'storage_size']
  [ComfyUI] [worker:ComfyUI-TRELLIS2] [comfy-env] DESERIALIZE TensorRef: tensor_size=[131718, 3]
  [ComfyUI] [worker:ComfyUI-TRELLIS2] [comfy-env] DESERIALIZE TensorRef: tensor_size=[131718, 3]
  [ComfyUI] [worker:ComfyUI-TRELLIS2] [comfy-env] DESERIALIZED tensor shape: torch.Size([131718, 3])
  [ComfyUI] [worker:ComfyUI-TRELLIS2] [comfy-env] DESERIALIZED tensor shape: torch.Size([131718, 3])
  [ComfyUI] [worker:ComfyUI-TRELLIS2] [comfy-env] _from_shm got dict with keys: ['__type__', 'strategy', 'manager_path', 'storage_key', 'storage_size']
  [ComfyUI] [worker:ComfyUI-TRELLIS2] [comfy-env] _from_shm got dict with keys: ['__type__', 'strategy', 'manager_path', 'storage_key', 'storage_size']
  [ComfyUI] [worker:ComfyUI-TRELLIS2] [comfy-env] DESERIALIZE TensorRef: tensor_size=[263528, 3]
  [ComfyUI] [worker:ComfyUI-TRELLIS2] [comfy-env] DESERIALIZE TensorRef: tensor_size=[263528, 3]
  [ComfyUI] [worker:ComfyUI-TRELLIS2] [comfy-env] DESERIALIZED tensor shape: torch.Size([263528, 3])
  [ComfyUI] [worker:ComfyUI-TRELLIS2] [comfy-env] DESERIALIZED tensor shape: torch.Size([263528, 3])
  [ComfyUI] [SubprocessWorker] callback 'report_progress' from call_id=76
  [ComfyUI] [SubprocessWorker] callback 'report_progress' from call_id=76
  [ComfyUI] [SubprocessWorker] callback 'report_progress' from call_id=76
  [ComfyUI] [SubprocessWorker] callback 'report_progress' from call_id=76
  [ComfyUI] [SubprocessWorker] callback 'report_progress' from call_id=76
  [ComfyUI] [SubprocessWorker] callback 'report_progress' from call_id=76
  [ComfyUI] [SubprocessWorker] callback 'report_progress' from call_id=76
  [ComfyUI] [SubprocessWorker] callback 'report_progress' from call_id=76
  [ComfyUI] [worker:ComfyUI-TRELLIS2] [TRELLIS2] Built SLatFlowModel on CPU: dtype=torch.bfloat16, 0.2s
  [ComfyUI] [worker:ComfyUI-TRELLIS2] [TRELLIS2] Built SLatFlowModel on CPU: dtype=torch.bfloat16, 0.2s
  [ComfyUI] [SubprocessWorker] callback 'request_vram_budget' from call_id=76
  [ComfyUI] [SubprocessWorker] callback 'request_vram_budget' from call_id=76
  [ComfyUI] [comfy-env] VRAM request: 2.58GB, free before eviction: 24.44GB
  [ComfyUI] [comfy-env] VRAM request: 2.58GB, free before eviction: 24.44GB
  [ComfyUI] [comfy-env] VRAM after eviction: 24.44GB
  [ComfyUI] [comfy-env] VRAM after eviction: 24.44GB
  [ComfyUI] [worker:ComfyUI-TRELLIS2] [VRAM] -467MB (now 454MB) reserved=474MB peak=2508MB
  [ComfyUI] [worker:ComfyUI-TRELLIS2] [VRAM] -467MB (now 454MB) reserved=474MB peak=2508MB
  Frame 10 saved (frame_009.jpg, t=173.6s)
  [capture-periodic] freeze=3ms shot=106ms unfreeze=4ms saved=True
  [ComfyUI] [worker:ComfyUI-TRELLIS2] [VRAM] +1424MB (now 1878MB) reserved=1884MB peak=2508MB
  [ComfyUI] [worker:ComfyUI-TRELLIS2] [VRAM] +1424MB (now 1878MB) reserved=1884MB peak=2508MB
  [capture-loop] iter=1500 t=174.6s state={'complete': False, 'error': None, 'executedCount': 2, 'wsState': 1} eval_ms=4 ram=11.4/31.9GB (36%) swap=2.3/15.0GB (15%) cpu=16% browser_rss=0.51GB
  [ComfyUI] [worker:ComfyUI-TRELLIS2] [VRAM] +620MB (now 2498MB) reserved=2574MB peak=2508MB
  [ComfyUI] [worker:ComfyUI-TRELLIS2] [VRAM] +620MB (now 2498MB) reserved=2574MB peak=2508MB
  [ComfyUI] [worker:ComfyUI-TRELLIS2] [TRELLIS2] tex_slat_flow_model_512 -> GPU: 2.4s
  [ComfyUI] [worker:ComfyUI-TRELLIS2] [TRELLIS2] tex_slat_flow_model_512 -> GPU: 2.4s
  [ComfyUI] [worker:ComfyUI-TRELLIS2] [33m[comfy-attn] Varlen attention: sage2[0m
  [ComfyUI] [worker:ComfyUI-TRELLIS2] [33m[comfy-attn] Varlen attention: sage2[0m
  [ComfyUI] [SubprocessWorker] callback 'report_progress' from call_id=76
  [ComfyUI] [SubprocessWorker] callback 'report_progress' from call_id=76
  [ComfyUI] [worker:ComfyUI-TRELLIS2]
  [ComfyUI] [worker:ComfyUI-TRELLIS2]
  [ComfyUI] === WATCHDOG TICK 1 ===
  [ComfyUI] === WATCHDOG TICK 1 ===
  [ComfyUI] [worker:ComfyUI-TRELLIS2] Thread 0x00002d98 (most recent call first):
  [ComfyUI] [worker:ComfyUI-TRELLIS2] Thread 0x00002d98 (most recent call first):
  [ComfyUI]   File "C:\Users\ContainerAdministrator\AppData\Local\Temp\comfyui_pvenv_8uylya96\persistent_worker.py", line 106 in _vram_poller
  [ComfyUI]   File "C:\Users\ContainerAdministrator\AppData\Local\Temp\comfyui_pvenv_8uylya96\persistent_worker.py", line 106 in _vram_poller
  [ComfyUI]   File "C:\workspaces\TRELLIS2-1949\portable-comfyui\ComfyUI_windows_portable\ComfyUI\.ce\.pixi\envs\trellis2-nodes\Lib\threading.py", line 995 in run
  [ComfyUI]   File "C:\workspaces\TRELLIS2-1949\portable-comfyui\ComfyUI_windows_portable\ComfyUI\.ce\.pixi\envs\trellis2-nodes\Lib\threading.py", line 995 in run
  [ComfyUI]   File "C:\workspaces\TRELLIS2-1949\portable-comfyui\ComfyUI_windows_portable\ComfyUI\.ce\.pixi\envs\trellis2-nodes\Lib\threading.py", line 1044 in _bootstrap_inner
  [ComfyUI]   File "C:\workspaces\TRELLIS2-1949\portable-comfyui\ComfyUI_windows_portable\ComfyUI\.ce\.pixi\envs\trellis2-nodes\Lib\threading.py", line 1044 in _bootstrap_inner
  [ComfyUI]   File "C:\workspaces\TRELLIS2-1949\portable-comfyui\ComfyUI_windows_portable\ComfyUI\.ce\.pixi\envs\trellis2-nodes\Lib\threading.py", line 1015 in _bootstrap
  [ComfyUI]   File "C:\workspaces\TRELLIS2-1949\portable-comfyui\ComfyUI_windows_portable\ComfyUI\.ce\.pixi\envs\trellis2-nodes\Lib\threading.py", line 1015 in _bootstrap
  [ComfyUI] 
  [ComfyUI] 
  [ComfyUI] Current thread 0x00002968 (most recent call first):
  [ComfyUI] Current thread 0x00002968 (most recent call first):
  [ComfyUI]   File "C:\Users\ContainerAdministrator\AppData\Local\Temp\comfyui_pvenv_8uylya96\persistent_worker.py", line 52 in _watchdog
  [ComfyUI]   File "C:\Users\ContainerAdministrator\AppData\Local\Temp\comfyui_pvenv_8uylya96\persistent_worker.py", line 52 in _watchdog
  [ComfyUI]   File "C:\workspaces\TRELLIS2-1949\portable-comfyui\ComfyUI_windows_portable\ComfyUI\.ce\.pixi\envs\trellis2-nodes\Lib\threading.py", line 995 in run
  [ComfyUI]   File "C:\workspaces\TRELLIS2-1949\portable-comfyui\ComfyUI_windows_portable\ComfyUI\.ce\.pixi\envs\trellis2-nodes\Lib\threading.py", line 995 in run
  [ComfyUI]   File "C:\workspaces\TRELLIS2-1949\portable-comfyui\ComfyUI_windows_portable\ComfyUI\.ce\.pixi\envs\trellis2-nodes\Lib\threading.py", line 1044 in _bootstrap_inner
  [ComfyUI]   File "C:\workspaces\TRELLIS2-1949\portable-comfyui\ComfyUI_windows_portable\ComfyUI\.ce\.pixi\envs\trellis2-nodes\Lib\threading.py", line 1044 in _bootstrap_inner
  [ComfyUI]   File "C:\workspaces\TRELLIS2-1949\portable-comfyui\ComfyUI_windows_portable\ComfyUI\.ce\.pixi\envs\trellis2-nodes\Lib\threading.py", line 1015 in _bootstrap
  [ComfyUI]   File "C:\workspaces\TRELLIS2-1949\portable-comfyui\ComfyUI_windows_portable\ComfyUI\.ce\.pixi\envs\trellis2-nodes\Lib\threading.py", line 1015 in _bootstrap
  [ComfyUI] 
  [ComfyUI] 
  [ComfyUI] Thread 0x00002500 (most recent call first):
  [ComfyUI] Thread 0x00002500 (most recent call first):
  [ComfyUI]   File "C:\workspaces\TRELLIS2-1949\portable-comfyui\ComfyUI_windows_portable\ComfyUI\comfy\sparse.py", line 764 in __elemwise__
  [ComfyUI]   File "C:\workspaces\TRELLIS2-1949\portable-comfyui\ComfyUI_windows_portable\ComfyUI\comfy\sparse.py", line 764 in __elemwise__
  [ComfyUI]   File "C:\workspaces\TRELLIS2-1949\portable-comfyui\ComfyUI_windows_portable\ComfyUI\comfy\sparse.py", line 256 in __mul__
  [ComfyUI]   File "C:\workspaces\TRELLIS2-1949\portable-comfyui\ComfyUI_windows_portable\ComfyUI\comfy\sparse.py", line 256 in __mul__
  [ComfyUI]   File "C:\workspaces\TRELLIS2-1949\portable-comfyui\ComfyUI_windows_portable\ComfyUI\custom_nodes\ComfyUI-TRELLIS2\nodes\trellis2\model.py", line 1434 in _forward
  [ComfyUI]   File "C:\workspaces\TRELLIS2-1949\portable-comfyui\ComfyUI_windows_portable\ComfyUI\custom_nodes\ComfyUI-TRELLIS2\nodes\trellis2\model.py", line 1434 in _forward
  [ComfyUI]   File "C:\workspaces\TRELLIS2-1949\portable-comfyui\ComfyUI_windows_portable\ComfyUI\custom_nodes\ComfyUI-TRELLIS2\nodes\trellis2\model.py", line 1442 in forward
  [ComfyUI]   File "C:\workspaces\TRELLIS2-1949\portable-comfyui\ComfyUI_windows_portable\ComfyUI\custom_nodes\ComfyUI-TRELLIS2\nodes\trellis2\model.py", line 1442 in forward
  [ComfyUI]   File "C:\workspaces\TRELLIS2-1949\portable-comfyui\ComfyUI_windows_portable\ComfyUI\.ce\.pixi\envs\trellis2-nodes\Lib\site-packages\torch\nn\modules\module.py", line 1790 in _call_impl
  [ComfyUI]   File "C:\workspaces\TRELLIS2-1949\portable-comfyui\ComfyUI_windows_portable\ComfyUI\.ce\.pixi\envs\trellis2-nodes\Lib\site-packages\torch\nn\modules\module.py", line 1790 in _call_impl
  [ComfyUI]   File "C:\workspaces\TRELLIS2-1949\portable-comfyui\ComfyUI_windows_portable\ComfyUI\.ce\.pixi\envs\trellis2-nodes\Lib\site-packages\torch\nn\modules\module.py", line 1779 in _wrapped_call_impl
  [ComfyUI]   File "C:\workspaces\TRELLIS2-1949\portable-comfyui\ComfyUI_windows_portable\ComfyUI\.ce\.pixi\envs\trellis2-nodes\Lib\site-packages\torch\nn\modules\module.py", line 1779 in _wrapped_call_impl
  [ComfyUI]   File "C:\workspaces\TRELLIS2-1949\portable-comfyui\ComfyUI_windows_portable\ComfyUI\custom_nodes\ComfyUI-TRELLIS2\nodes\trellis2\model.py", line 1999 in _forward
  [ComfyUI]   File "C:\workspaces\TRELLIS2-1949\portable-comfyui\ComfyUI_windows_portable\ComfyUI\custom_nodes\ComfyUI-TRELLIS2\nodes\trellis2\model.py", line 1999 in _forward
  [ComfyUI]   File "C:\workspaces\TRELLIS2-1949\portable-comfyui\ComfyUI_windows_portable\ComfyUI\comfy\patcher_extension.py", line 112 in execute
  [ComfyUI]   File "C:\workspaces\TRELLIS2-1949\portable-comfyui\ComfyUI_windows_portable\ComfyUI\comfy\patcher_extension.py", line 112 in execute
  [ComfyUI]   File "C:\workspaces\TRELLIS2-1949\portable-comfyui\ComfyUI_windows_portable\ComfyUI\custom_nodes\ComfyUI-TRELLIS2\nodes\trellis2\model.py", line 1948 in forward
  [ComfyUI]   File "C:\workspaces\TRELLIS2-1949\portable-comfyui\ComfyUI_windows_portable\ComfyUI\custom_nodes\ComfyUI-TRELLIS2\nodes\trellis2\model.py", line 1948 in forward
  [ComfyUI]   File "C:\workspaces\TRELLIS2-1949\portable-comfyui\ComfyUI_windows_portable\ComfyUI\.ce\.pixi\envs\trellis2-nodes\Lib\site-packages\torch\nn\modules\module.py", line 1790 in _call_impl
  [ComfyUI]   File "C:\workspaces\TRELLIS2-1949\portable-comfyui\ComfyUI_windows_portable\ComfyUI\.ce\.pixi\envs\trellis2-nodes\Lib\site-packages\torch\nn\modules\module.py", line 1790 in _call_impl
  [ComfyUI]   File "C:\workspaces\TRELLIS2-1949\portable-comfyui\ComfyUI_windows_portable\ComfyUI\.ce\.pixi\envs\trellis2-nodes\Lib\site-packages\torch\nn\modules\module.py", line 1779 in _wrapped_call_impl
  [ComfyUI]   File "C:\workspaces\TRELLIS2-1949\portable-comfyui\ComfyUI_windows_portable\ComfyUI\.ce\.pixi\envs\trellis2-nodes\Lib\site-packages\torch\nn\modules\module.py", line 1779 in _wrapped_call_impl
  [ComfyUI]   File "C:\workspaces\TRELLIS2-1949\portable-comfyui\ComfyUI_windows_portable\ComfyUI\custom_nodes\ComfyUI-TRELLIS2\nodes\trellis2\samplers\flow_euler.py", line 67 in _inference_model
  [ComfyUI]   File "C:\workspaces\TRELLIS2-1949\portable-comfyui\ComfyUI_windows_portable\ComfyUI\custom_nodes\ComfyUI-TRELLIS2\nodes\trellis2\samplers\flow_euler.py", line 67 in _inference_model
  [ComfyUI]   File "C:\workspaces\TRELLIS2-1949\portable-comfyui\ComfyUI_windows_portable\ComfyUI\custom_nodes\ComfyUI-TRELLIS2\nodes\trellis2\samplers\classifier_free_guidance_mixin.py", line 11 in _inference_model
  [ComfyUI]   File "C:\workspaces\TRELLIS2-1949\portable-comfyui\ComfyUI_windows_portable\ComfyUI\custom_nodes\ComfyUI-TRELLIS2\nodes\trellis2\samplers\classifier_free_guidance_mixin.py", line 11 in _inference_model
  [ComfyUI]   File "C:\workspaces\TRELLIS2-1949\portable-comfyui\ComfyUI_windows_portable\ComfyUI\custom_nodes\ComfyUI-TRELLIS2\nodes\trellis2\samplers\guidance_interval_mixin.py", line 13 in _inference_model
  [ComfyUI]   File "C:\workspaces\TRELLIS2-1949\portable-comfyui\ComfyUI_windows_portable\ComfyUI\custom_nodes\ComfyUI-TRELLIS2\nodes\trellis2\samplers\guidance_interval_mixin.py", line 13 in _inference_model
  [ComfyUI]   File "C:\workspaces\TRELLIS2-1949\portable-comfyui\ComfyUI_windows_portable\ComfyUI\custom_nodes\ComfyUI-TRELLIS2\nodes\trellis2\samplers\flow_euler.py", line 75 in _get_model_prediction
  [ComfyUI]   File "C:\workspaces\TRELLIS2-1949\portable-comfyui\ComfyUI_windows_portable\ComfyUI\custom_nodes\ComfyUI-TRELLIS2\nodes\trellis2\samplers\flow_euler.py", line 75 in _get_model_prediction
  [ComfyUI]   File "C:\workspaces\TRELLIS2-1949\portable-comfyui\ComfyUI_windows_portable\ComfyUI\custom_nodes\ComfyUI-TRELLIS2\nodes\trellis2\samplers\flow_euler.py", line 105 in sample_once
  [ComfyUI]   File "C:\workspaces\TRELLIS2-1949\portable-comfyui\ComfyUI_windows_portable\ComfyUI\custom_nodes\ComfyUI-TRELLIS2\nodes\trellis2\samplers\flow_euler.py", line 105 in sample_once
  [ComfyUI]   File "C:\workspaces\TRELLIS2-1949\portable-comfyui\ComfyUI_windows_portable\ComfyUI\.ce\.pixi\envs\trellis2-nodes\Lib\site-packages\torch\utils\_contextlib.py", line 124 in decorate_context
  [ComfyUI]   File "C:\workspaces\TRELLIS2-1949\portable-comfyui\ComfyUI_windows_portable\ComfyUI\.ce\.pixi\envs\trellis2-nodes\Lib\site-packages\torch\utils\_contextlib.py", line 124 in decorate_context
  [ComfyUI]   File "C:\workspaces\TRELLIS2-1949\portable-comfyui\ComfyUI_windows_portable\ComfyUI\custom_nodes\ComfyUI-TRELLIS2\nodes\trellis2\samplers\flow_euler.py", line 150 in sample
  [ComfyUI]   File "C:\workspaces\TRELLIS2-1949\portable-comfyui\ComfyUI_windows_portable\ComfyUI\custom_nodes\ComfyUI-TRELLIS2\nodes\trellis2\samplers\flow_euler.py", line 150 in sample
  [ComfyUI]   File "C:\workspaces\TRELLIS2-1949\portable-comfyui\ComfyUI_windows_portable\ComfyUI\.ce\.pixi\envs\trellis2-nodes\Lib\site-packages\torch\utils\_contextlib.py", line 124 in decorate_context
  [ComfyUI]   File "C:\workspaces\TRELLIS2-1949\portable-comfyui\ComfyUI_windows_portable\ComfyUI\.ce\.pixi\envs\trellis2-nodes\Lib\site-packages\torch\utils\_contextlib.py", line 124 in decorate_context
  [ComfyUI]   File "C:\workspaces\TRELLIS2-1949\portable-comfyui\ComfyUI_windows_portable\ComfyUI\custom_nodes\ComfyUI-TRELLIS2\nodes\trellis2\samplers\flow_euler.py", line 238 in sample
  [ComfyUI]   File "C:\workspaces\TRELLIS2-1949\portable-comfyui\ComfyUI_windows_portable\ComfyUI\custom_nodes\ComfyUI-TRELLIS2\nodes\trellis2\samplers\flow_euler.py", line 238 in sample
  [ComfyUI]   File "C:\workspaces\TRELLIS2-1949\portable-comfyui\ComfyUI_windows_portable\ComfyUI\.ce\.pixi\envs\trellis2-nodes\Lib\site-packages\torch\utils\_contextlib.py", line 124 in decorate_context
  [ComfyUI]   File "C:\workspaces\TRELLIS2-1949\portable-comfyui\ComfyUI_windows_portable\ComfyUI\.ce\.pixi\envs\trellis2-nodes\Lib\site-packages\torch\utils\_contextlib.py", line 124 in decorate_context
  [ComfyUI]   File "C:\workspaces\TRELLIS2-1949\portable-comfyui\ComfyUI_windows_portable\ComfyUI\custom_nodes\ComfyUI-TRELLIS2\nodes\stages.py", line 674 in _sample_tex_slat
  [ComfyUI]   File "C:\workspaces\TRELLIS2-1949\portable-comfyui\ComfyUI_windows_portable\ComfyUI\custom_nodes\ComfyUI-TRELLIS2\nodes\stages.py", line 674 in _sample_tex_slat
  [ComfyUI]   File "C:\workspaces\TRELLIS2-1949\portable-comfyui\ComfyUI_windows_portable\ComfyUI\custom_nodes\ComfyUI-TRELLIS2\nodes\stages.py", line 1562 in run_texture_mesh
  [ComfyUI]   File "C:\workspaces\TRELLIS2-1949\portable-comfyui\ComfyUI_windows_portable\ComfyUI\custom_nodes\ComfyUI-TRELLIS2\nodes\stages.py", line 1562 in run_texture_mesh
  [ComfyUI]   File "C:\workspaces\TRELLIS2-1949\portable-comfyui\ComfyUI_windows_portable\ComfyUI\custom_nodes\ComfyUI-TRELLIS2\nodes\nodes_inference.py", line 488 in execute
  [ComfyUI]   File "C:\workspaces\TRELLIS2-1949\portable-comfyui\ComfyUI_windows_portable\ComfyUI\custom_nodes\ComfyUI-TRELLIS2\nodes\nodes_inference.py", line 488 in execute
  [ComfyUI]   File "C:\workspaces\TRELLIS2-1949\portable-comfyui\ComfyUI_windows_portable\ComfyUI\comfy_api\latest\_io.py", line 1826 in EXECUTE_NORMALIZED
  [ComfyUI]   File "C:\workspaces\TRELLIS2-1949\portable-comfyui\ComfyUI_windows_portable\ComfyUI\comfy_api\latest\_io.py", line 1826 in EXECUTE_NORMALIZED
  [ComfyUI]   File "C:\Users\ContainerAdministrator\AppData\Local\Temp\comfyui_pvenv_8uylya96\persistent_worker.py", line 1749 in main
  [ComfyUI]   File "C:\Users\ContainerAdministrator\AppData\Local\Temp\comfyui_pvenv_8uylya96\persistent_worker.py", line 1749 in main
  [ComfyUI]   File "C:\Users\ContainerAdministrator\AppData\Local\Temp\comfyui_pvenv_8uylya96\persistent_worker.py", line 1794 in <module>
  [ComfyUI]   File "C:\Users\ContainerAdministrator\AppData\Local\Temp\comfyui_pvenv_8uylya96\persistent_worker.py", line 1794 in <module>
  [ComfyUI] 
  [ComfyUI] 
  [ComfyUI] [worker:ComfyUI-TRELLIS2] === END ===
  [ComfyUI] [worker:ComfyUI-TRELLIS2] === END ===
  [ComfyUI] 
  [ComfyUI] 
  [ComfyUI] [SubprocessWorker] callback 'report_progress' from call_id=76
  [ComfyUI] [SubprocessWorker] callback 'report_progress' from call_id=76
  [ComfyUI] [SubprocessWorker] callback 'report_progress' from call_id=76
  [ComfyUI] [SubprocessWorker] callback 'report_progress' from call_id=76
  [ComfyUI] [SubprocessWorker] callback 'report_progress' from call_id=76
  [ComfyUI] [SubprocessWorker] callback 'report_progress' from call_id=76
  Frame 11 saved (frame_010.jpg, t=178.0s)
  [capture-periodic] freeze=3ms shot=108ms unfreeze=4ms saved=True
  [ComfyUI] [SubprocessWorker] callback 'report_progress' from call_id=76
  [ComfyUI] [SubprocessWorker] callback 'report_progress' from call_id=76
  [ComfyUI] [SubprocessWorker] callback 'report_progress' from call_id=76
  [ComfyUI] [SubprocessWorker] callback 'report_progress' from call_id=76
  [ComfyUI] [SubprocessWorker] callback 'report_progress' from call_id=76
  [ComfyUI] [SubprocessWorker] callback 'report_progress' from call_id=76
  [ComfyUI] [SubprocessWorker] callback 'report_progress' from call_id=76
  [ComfyUI] [SubprocessWorker] callback 'report_progress' from call_id=76
  Frame 12 saved (frame_011.jpg, t=180.3s)
  [capture-periodic] freeze=3ms shot=104ms unfreeze=3ms saved=True
  [capture-loop] iter=1550 t=180.5s state={'complete': False, 'error': None, 'executedCount': 2, 'wsState': 1} eval_ms=3 ram=9.8/31.9GB (31%) swap=2.3/15.0GB (15%) cpu=6% browser_rss=0.51GB
  [ComfyUI] [SubprocessWorker] callback 'report_progress' from call_id=76
  [ComfyUI] [SubprocessWorker] callback 'report_progress' from call_id=76
  [ComfyUI] [SubprocessWorker] callback 'report_progress' from call_id=76
  [ComfyUI] [SubprocessWorker] callback 'report_progress' from call_id=76
  [ComfyUI] [SubprocessWorker] callback 'report_progress' from call_id=76
  [ComfyUI] [SubprocessWorker] callback 'report_progress' from call_id=76
  [ComfyUI] [SubprocessWorker] callback 'report_progress' from call_id=76
  [ComfyUI] [SubprocessWorker] callback 'report_progress' from call_id=76
  [ComfyUI] [worker:ComfyUI-TRELLIS2] [VRAM] -497MB (now 2001MB) reserved=2840MB peak=2616MB
  [ComfyUI] [worker:ComfyUI-TRELLIS2] [VRAM] -497MB (now 2001MB) reserved=2840MB peak=2616MB
  Frame 13 saved (frame_012.jpg, t=182.5s)
  [capture-periodic] freeze=4ms shot=103ms unfreeze=3ms saved=True
  [ComfyUI] [SubprocessWorker] callback 'report_progress' from call_id=76
  [ComfyUI] [SubprocessWorker] callback 'report_progress' from call_id=76
  [ComfyUI] [worker:ComfyUI-TRELLIS2] [VRAM] -1990MB (now 11MB) reserved=38MB peak=2616MB
  [ComfyUI] [worker:ComfyUI-TRELLIS2] [VRAM] -1990MB (now 11MB) reserved=38MB peak=2616MB
  Frame 14 saved (frame_013.jpg, t=184.7s)
  [capture-periodic] freeze=3ms shot=105ms unfreeze=4ms saved=True
  [capture-loop] iter=1600 t=186.6s state={'complete': False, 'error': None, 'executedCount': 2, 'wsState': 1} eval_ms=5 ram=14.7/31.9GB (46%) swap=2.3/15.0GB (15%) cpu=28% browser_rss=0.50GB
  [ComfyUI] [SubprocessWorker] callback 'report_progress' from call_id=76
  [ComfyUI] [SubprocessWorker] callback 'report_progress' from call_id=76
  [ComfyUI] [SubprocessWorker] callback 'report_progress' from call_id=76
  [ComfyUI] [SubprocessWorker] callback 'report_progress' from call_id=76
  [ComfyUI] [worker:ComfyUI-TRELLIS2] [TRELLIS2] Built FlexiDualGridVaeDecoder on CPU: dtype=torch.bfloat16, 3.9s
  [ComfyUI] [worker:ComfyUI-TRELLIS2] [TRELLIS2] Built FlexiDualGridVaeDecoder on CPU: dtype=torch.bfloat16, 3.9s
  [ComfyUI] [SubprocessWorker] callback 'request_vram_budget' from call_id=76
  [ComfyUI] [SubprocessWorker] callback 'request_vram_budget' from call_id=76
  [ComfyUI] [comfy-env] VRAM request: 0.95GB, free before eviction: 24.44GB
  [ComfyUI] [comfy-env] VRAM request: 0.95GB, free before eviction: 24.44GB
  [ComfyUI] [comfy-env] VRAM after eviction: 24.44GB
  [ComfyUI] [comfy-env] VRAM after eviction: 24.44GB
  [ComfyUI] [worker:ComfyUI-TRELLIS2] [VRAM] +216MB (now 227MB) reserved=254MB peak=2616MB
  [ComfyUI] [worker:ComfyUI-TRELLIS2] [VRAM] +216MB (now 227MB) reserved=254MB peak=2616MB
  Frame 15 saved (frame_014.jpg, t=186.9s)
  [capture-periodic] freeze=3ms shot=114ms unfreeze=4ms saved=True
  [ComfyUI] [worker:ComfyUI-TRELLIS2] [TRELLIS2] shape_slat_decoder -> GPU: 0.5s
  [ComfyUI] [worker:ComfyUI-TRELLIS2] [TRELLIS2] shape_slat_decoder -> GPU: 0.5s
  [ComfyUI] [worker:ComfyUI-TRELLIS2] [vae] set max_voxels_per_tile=1000000 on 40 SparseConv3d modules
  [ComfyUI] [worker:ComfyUI-TRELLIS2] [vae] set max_voxels_per_tile=1000000 on 40 SparseConv3d modules
  [ComfyUI] [worker:ComfyUI-TRELLIS2] [UNET] level=0 block=0 SparseConvNeXtBlock3d N=2,615 ch=1024 alloc=933MB
  [ComfyUI] [worker:ComfyUI-TRELLIS2] [UNET] level=0 block=0 SparseConvNeXtBlock3d N=2,615 ch=1024 alloc=933MB
  [ComfyUI] [worker:ComfyUI-TRELLIS2] [sparse-conv] N=2,615 Ci=1024 Co=1024 feats=5MB cache=0MB (miss) w_dev=cuda:0 alloc=934MB
  [ComfyUI] [worker:ComfyUI-TRELLIS2] [sparse-conv] N=2,615 Ci=1024 Co=1024 feats=5MB cache=0MB (miss) w_dev=cuda:0 alloc=934MB
  [ComfyUI] [worker:ComfyUI-TRELLIS2] [sparse-conv] out=5MB alloc=939MB
  [ComfyUI] [worker:ComfyUI-TRELLIS2] [sparse-conv] out=5MB alloc=939MB
  [ComfyUI] [SubprocessWorker] callback 'report_progress' from call_id=76
  [ComfyUI] [SubprocessWorker] callback 'report_progress' from call_id=76
  [ComfyUI] [worker:ComfyUI-TRELLIS2] [UNET] level=0 block=1 SparseConvNeXtBlock3d N=2,615 ch=1024 alloc=934MB
  [ComfyUI] [worker:ComfyUI-TRELLIS2] [UNET] level=0 block=1 SparseConvNeXtBlock3d N=2,615 ch=1024 alloc=934MB
  [ComfyUI] [worker:ComfyUI-TRELLIS2] [sparse-conv] N=2,615 Ci=1024 Co=1024 feats=5MB cache=0MB (miss) w_dev=cuda:0 alloc=934MB
  [ComfyUI] [worker:ComfyUI-TRELLIS2] [sparse-conv] N=2,615 Ci=1024 Co=1024 feats=5MB cache=0MB (miss) w_dev=cuda:0 alloc=934MB
  [ComfyUI] [worker:ComfyUI-TRELLIS2] [sparse-conv] out=5MB alloc=940MB
  [ComfyUI] [worker:ComfyUI-TRELLIS2] [sparse-conv] out=5MB alloc=940MB
  [ComfyUI] [worker:ComfyUI-TRELLIS2] [UNET] level=0 block=2 SparseConvNeXtBlock3d N=2,615 ch=1024 alloc=934MB
  [ComfyUI] [worker:ComfyUI-TRELLIS2] [UNET] level=0 block=2 SparseConvNeXtBlock3d N=2,615 ch=1024 alloc=934MB
  [ComfyUI] [worker:ComfyUI-TRELLIS2] [sparse-conv] N=2,615 Ci=1024 Co=1024 feats=5MB cache=0MB (miss) w_dev=cuda:0 alloc=934MB
  [ComfyUI] [worker:ComfyUI-TRELLIS2] [sparse-conv] N=2,615 Ci=1024 Co=1024 feats=5MB cache=0MB (miss) w_dev=cuda:0 alloc=934MB
  [ComfyUI] [worker:ComfyUI-TRELLIS2] [sparse-conv] out=5MB alloc=940MB
  [ComfyUI] [worker:ComfyUI-TRELLIS2] [sparse-conv] out=5MB alloc=940MB
  [ComfyUI] [worker:ComfyUI-TRELLIS2] [UNET] level=0 block=3 SparseConvNeXtBlock3d N=2,615 ch=1024 alloc=934MB
  [ComfyUI] [worker:ComfyUI-TRELLIS2] [UNET] level=0 block=3 SparseConvNeXtBlock3d N=2,615 ch=1024 alloc=934MB
  [ComfyUI] [worker:ComfyUI-TRELLIS2] [sparse-conv] N=2,615 Ci=1024 Co=1024 feats=5MB cache=0MB (miss) w_dev=cuda:0 alloc=934MB
  [ComfyUI] [worker:ComfyUI-TRELLIS2] [sparse-conv] N=2,615 Ci=1024 Co=1024 feats=5MB cache=0MB (miss) w_dev=cuda:0 alloc=934MB
  [ComfyUI] [worker:ComfyUI-TRELLIS2] [sparse-conv] out=5MB alloc=940MB
  [ComfyUI] [worker:ComfyUI-TRELLIS2] [sparse-conv] out=5MB alloc=940MB
  [ComfyUI] [worker:ComfyUI-TRELLIS2] [UNET] level=0 block=4 SparseResBlockC2S3d N=2,615 ch=1024 alloc=934MB
  [ComfyUI] [worker:ComfyUI-TRELLIS2] [UNET] level=0 block=4 SparseResBlockC2S3d N=2,615 ch=1024 alloc=934MB
  [ComfyUI] [worker:ComfyUI-TRELLIS2] [C2S3d] after subdiv: alloc=934MB
  [ComfyUI] [worker:ComfyUI-TRELLIS2] [C2S3d] after subdiv: alloc=934MB
  [ComfyUI] [worker:ComfyUI-TRELLIS2] [C2S3d] after norm1: alloc=939MB
  [ComfyUI] [worker:ComfyUI-TRELLIS2] [C2S3d] after norm1: alloc=939MB
  [ComfyUI] [worker:ComfyUI-TRELLIS2] [C2S3d] pre-conv1: N=2,615 Ci=1024 Co=4096 alloc=939MB
  [ComfyUI] [worker:ComfyUI-TRELLIS2] [C2S3d] pre-conv1: N=2,615 Ci=1024 Co=4096 alloc=939MB
  [ComfyUI] [worker:ComfyUI-TRELLIS2] [C2S3d] x.feats offloaded before conv1: alloc=939MB
  [ComfyUI] [worker:ComfyUI-TRELLIS2] [C2S3d] x.feats offloaded before conv1: alloc=939MB
  [ComfyUI] [worker:ComfyUI-TRELLIS2] [sparse-conv] N=2,615 Ci=1024 Co=4096 feats=5MB cache=0MB (miss) w_dev=cuda:0 alloc=940MB
  [ComfyUI] [worker:ComfyUI-TRELLIS2] [sparse-conv] N=2,615 Ci=1024 Co=4096 feats=5MB cache=0MB (miss) w_dev=cuda:0 alloc=940MB
  [ComfyUI] [worker:ComfyUI-TRELLIS2] [sparse-conv] out=20MB alloc=960MB
  [ComfyUI] [worker:ComfyUI-TRELLIS2] [sparse-conv] out=20MB alloc=960MB
  [ComfyUI] [worker:ComfyUI-TRELLIS2] [C2S3d] post-conv1: h=torch.Size([2615, 4096]) alloc=955MB
  [ComfyUI] [worker:ComfyUI-TRELLIS2] [C2S3d] post-conv1: h=torch.Size([2615, 4096]) alloc=955MB
  [ComfyUI] [worker:ComfyUI-TRELLIS2] [C2S3d] x.feats restored from CPU: alloc=960MB
  [ComfyUI] [worker:ComfyUI-TRELLIS2] [C2S3d] x.feats restored from CPU: alloc=960MB
  [ComfyUI] [worker:ComfyUI-TRELLIS2] [C2S3d] pre-C2S(h): alloc=960MB
  [ComfyUI] [worker:ComfyUI-TRELLIS2] [C2S3d] pre-C2S(h): alloc=960MB
  [ComfyUI] [worker:ComfyUI-TRELLIS2] [C2S] scatter: 2,615�4096 -> 12,685�512 in=20MB out=12MB alloc=961MB
  [ComfyUI] [worker:ComfyUI-TRELLIS2] [C2S] scatter: 2,615�4096 -> 12,685�512 in=20MB out=12MB alloc=961MB
  [ComfyUI] [worker:ComfyUI-TRELLIS2] [C2S] scatter done: alloc=973MB
  [ComfyUI] [worker:ComfyUI-TRELLIS2] [C2S] scatter done: alloc=973MB
  [ComfyUI] [worker:ComfyUI-TRELLIS2] [C2S3d] post-C2S(h): h=torch.Size([12685, 512]) alloc=952MB
  [ComfyUI] [worker:ComfyUI-TRELLIS2] [C2S3d] post-C2S(h): h=torch.Size([12685, 512]) alloc=952MB
  [ComfyUI] [worker:ComfyUI-TRELLIS2] [C2S] scatter: 2,615�1024 -> 12,685�128 in=5MB out=3MB alloc=953MB
  [ComfyUI] [worker:ComfyUI-TRELLIS2] [C2S] scatter: 2,615�1024 -> 12,685�128 in=5MB out=3MB alloc=953MB
  [ComfyUI] [worker:ComfyUI-TRELLIS2] [C2S] scatter done: alloc=957MB
  [ComfyUI] [worker:ComfyUI-TRELLIS2] [C2S] scatter done: alloc=957MB
  [ComfyUI] [worker:ComfyUI-TRELLIS2] [C2S3d] post-C2S(x): x=torch.Size([12685, 128]) alloc=951MB
  [ComfyUI] [worker:ComfyUI-TRELLIS2] [C2S3d] post-C2S(x): x=torch.Size([12685, 128]) alloc=951MB
  [ComfyUI] [worker:ComfyUI-TRELLIS2] [C2S3d] post-C2S: N=12,685 h=512ch x=128ch alloc=951MB
  [ComfyUI] [worker:ComfyUI-TRELLIS2] [C2S3d] post-C2S: N=12,685 h=512ch x=128ch alloc=951MB
  [ComfyUI] [worker:ComfyUI-TRELLIS2] [C2S3d] x offloaded to CPU, pre-conv2: alloc=947MB
  [ComfyUI] [worker:ComfyUI-TRELLIS2] [C2S3d] x offloaded to CPU, pre-conv2: alloc=947MB
  [ComfyUI] [worker:ComfyUI-TRELLIS2] [C2S3d] after norm2: alloc=947MB
  [ComfyUI] [worker:ComfyUI-TRELLIS2] [C2S3d] after norm2: alloc=947MB
  [ComfyUI] [worker:ComfyUI-TRELLIS2] [C2S3d] after silu: alloc=947MB
  [ComfyUI] [worker:ComfyUI-TRELLIS2] [C2S3d] after silu: alloc=947MB
  [ComfyUI] [worker:ComfyUI-TRELLIS2] [sparse-conv] N=12,685 Ci=512 Co=512 feats=12MB cache=3MB (miss) w_dev=cuda:0 alloc=951MB
  [ComfyUI] [worker:ComfyUI-TRELLIS2] [sparse-conv] N=12,685 Ci=512 Co=512 feats=12MB cache=3MB (miss) w_dev=cuda:0 alloc=951MB
  [ComfyUI] [worker:ComfyUI-TRELLIS2] [VRAM] +1079MB (now 1307MB) reserved=1328MB peak=2616MB
  [ComfyUI] [worker:ComfyUI-TRELLIS2] [VRAM] +1079MB (now 1307MB) reserved=1328MB peak=2616MB
  [ComfyUI] [worker:ComfyUI-TRELLIS2] [sparse-conv] out=12MB alloc=963MB
  [ComfyUI] [worker:ComfyUI-TRELLIS2] [sparse-conv] out=12MB alloc=963MB
  [ComfyUI] [worker:ComfyUI-TRELLIS2] [C2S3d] post-conv2: alloc=951MB
  [ComfyUI] [worker:ComfyUI-TRELLIS2] [C2S3d] post-conv2: alloc=951MB
  [ComfyUI] [worker:ComfyUI-TRELLIS2] [C2S3d] post-conv2 (cache cleared): alloc=947MB
  [ComfyUI] [worker:ComfyUI-TRELLIS2] [C2S3d] post-conv2 (cache cleared): alloc=947MB
  [ComfyUI] [worker:ComfyUI-TRELLIS2] [C2S3d] after skip expand: alloc=959MB
  [ComfyUI] [worker:ComfyUI-TRELLIS2] [C2S3d] after skip expand: alloc=959MB
  [ComfyUI] [worker:ComfyUI-TRELLIS2] [C2S3d] post-skip: alloc=947MB
  [ComfyUI] [worker:ComfyUI-TRELLIS2] [C2S3d] post-skip: alloc=947MB
  [ComfyUI] [SubprocessWorker] callback 'report_progress' from call_id=76
  [ComfyUI] [SubprocessWorker] callback 'report_progress' from call_id=76
  [ComfyUI] [worker:ComfyUI-TRELLIS2] [UNET] level=1 block=0 SparseConvNeXtBlock3d N=12,685 ch=512 alloc=942MB
  [ComfyUI] [worker:ComfyUI-TRELLIS2] [UNET] level=1 block=0 SparseConvNeXtBlock3d N=12,685 ch=512 alloc=942MB
  [ComfyUI] [worker:ComfyUI-TRELLIS2] [sparse-conv] N=12,685 Ci=512 Co=512 feats=12MB cache=3MB (miss) w_dev=cuda:0 alloc=945MB
  [ComfyUI] [worker:ComfyUI-TRELLIS2] [sparse-conv] N=12,685 Ci=512 Co=512 feats=12MB cache=3MB (miss) w_dev=cuda:0 alloc=945MB
  [ComfyUI] [worker:ComfyUI-TRELLIS2] [sparse-conv] out=12MB alloc=958MB
  [ComfyUI] [worker:ComfyUI-TRELLIS2] [sparse-conv] out=12MB alloc=958MB
  [ComfyUI] [worker:ComfyUI-TRELLIS2] [UNET] level=1 block=1 SparseConvNeXtBlock3d N=12,685 ch=512 alloc=942MB
  [ComfyUI] [worker:ComfyUI-TRELLIS2] [UNET] level=1 block=1 SparseConvNeXtBlock3d N=12,685 ch=512 alloc=942MB
  [ComfyUI] [worker:ComfyUI-TRELLIS2] [sparse-conv] N=12,685 Ci=512 Co=512 feats=12MB cache=3MB (miss) w_dev=cuda:0 alloc=945MB
  [ComfyUI] [worker:ComfyUI-TRELLIS2] [sparse-conv] N=12,685 Ci=512 Co=512 feats=12MB cache=3MB (miss) w_dev=cuda:0 alloc=945MB
  [ComfyUI] [worker:ComfyUI-TRELLIS2] [sparse-conv] out=12MB alloc=958MB
  [ComfyUI] [worker:ComfyUI-TRELLIS2] [sparse-conv] out=12MB alloc=958MB
  [ComfyUI] [worker:ComfyUI-TRELLIS2] [UNET] level=1 block=2 SparseConvNeXtBlock3d N=12,685 ch=512 alloc=942MB
  [ComfyUI] [worker:ComfyUI-TRELLIS2] [UNET] level=1 block=2 SparseConvNeXtBlock3d N=12,685 ch=512 alloc=942MB
  [ComfyUI] [worker:ComfyUI-TRELLIS2] [sparse-conv] N=12,685 Ci=512 Co=512 feats=12MB cache=3MB (miss) w_dev=cuda:0 alloc=945MB
  [ComfyUI] [worker:ComfyUI-TRELLIS2] [sparse-conv] N=12,685 Ci=512 Co=512 feats=12MB cache=3MB (miss) w_dev=cuda:0 alloc=945MB
  [ComfyUI] [worker:ComfyUI-TRELLIS2] [sparse-conv] out=12MB alloc=958MB
  [ComfyUI] [worker:ComfyUI-TRELLIS2] [sparse-conv] out=12MB alloc=958MB
  [ComfyUI] [worker:ComfyUI-TRELLIS2] [UNET] level=1 block=3 SparseConvNeXtBlock3d N=12,685 ch=512 alloc=942MB
  [ComfyUI] [worker:ComfyUI-TRELLIS2] [UNET] level=1 block=3 SparseConvNeXtBlock3d N=12,685 ch=512 alloc=942MB
  [ComfyUI] [worker:ComfyUI-TRELLIS2] [sparse-conv] N=12,685 Ci=512 Co=512 feats=12MB cache=3MB (miss) w_dev=cuda:0 alloc=945MB
  [ComfyUI] [worker:ComfyUI-TRELLIS2] [sparse-conv] N=12,685 Ci=512 Co=512 feats=12MB cache=3MB (miss) w_dev=cuda:0 alloc=945MB
  [ComfyUI] [worker:ComfyUI-TRELLIS2] [sparse-conv] out=12MB alloc=958MB
  [ComfyUI] [worker:ComfyUI-TRELLIS2] [sparse-conv] out=12MB alloc=958MB
  [ComfyUI] [worker:ComfyUI-TRELLIS2] [UNET] level=1 block=4 SparseConvNeXtBlock3d N=12,685 ch=512 alloc=942MB
  [ComfyUI] [worker:ComfyUI-TRELLIS2] [UNET] level=1 block=4 SparseConvNeXtBlock3d N=12,685 ch=512 alloc=942MB
  [ComfyUI] [worker:ComfyUI-TRELLIS2] [sparse-conv] N=12,685 Ci=512 Co=512 feats=12MB cache=3MB (miss) w_dev=cuda:0 alloc=945MB
  [ComfyUI] [worker:ComfyUI-TRELLIS2] [sparse-conv] N=12,685 Ci=512 Co=512 feats=12MB cache=3MB (miss) w_dev=cuda:0 alloc=945MB
  [ComfyUI] [worker:ComfyUI-TRELLIS2] [sparse-conv] out=12MB alloc=958MB
  [ComfyUI] [worker:ComfyUI-TRELLIS2] [sparse-conv] out=12MB alloc=958MB
  [ComfyUI] [worker:ComfyUI-TRELLIS2] [UNET] level=1 block=5 SparseConvNeXtBlock3d N=12,685 ch=512 alloc=942MB
  [ComfyUI] [worker:ComfyUI-TRELLIS2] [UNET] level=1 block=5 SparseConvNeXtBlock3d N=12,685 ch=512 alloc=942MB
  [ComfyUI] [worker:ComfyUI-TRELLIS2] [sparse-conv] N=12,685 Ci=512 Co=512 feats=12MB cache=3MB (miss) w_dev=cuda:0 alloc=945MB
  [ComfyUI] [worker:ComfyUI-TRELLIS2] [sparse-conv] N=12,685 Ci=512 Co=512 feats=12MB cache=3MB (miss) w_dev=cuda:0 alloc=945MB
  [ComfyUI] [worker:ComfyUI-TRELLIS2] [VRAM] -362MB (now 945MB) reserved=1328MB peak=2616MB
  [ComfyUI] [worker:ComfyUI-TRELLIS2] [VRAM] -362MB (now 945MB) reserved=1328MB peak=2616MB
  [ComfyUI] [worker:ComfyUI-TRELLIS2] [sparse-conv] out=12MB alloc=958MB
  [ComfyUI] [worker:ComfyUI-TRELLIS2] [sparse-conv] out=12MB alloc=958MB
  [ComfyUI] [worker:ComfyUI-TRELLIS2] [UNET] level=1 block=6 SparseConvNeXtBlock3d N=12,685 ch=512 alloc=942MB
  [ComfyUI] [worker:ComfyUI-TRELLIS2] [UNET] level=1 block=6 SparseConvNeXtBlock3d N=12,685 ch=512 alloc=942MB
  [ComfyUI] [worker:ComfyUI-TRELLIS2] [sparse-conv] N=12,685 Ci=512 Co=512 feats=12MB cache=3MB (miss) w_dev=cuda:0 alloc=945MB
  [ComfyUI] [worker:ComfyUI-TRELLIS2] [sparse-conv] N=12,685 Ci=512 Co=512 feats=12MB cache=3MB (miss) w_dev=cuda:0 alloc=945MB
  [ComfyUI] [worker:ComfyUI-TRELLIS2] [sparse-conv] out=12MB alloc=958MB
  [ComfyUI] [worker:ComfyUI-TRELLIS2] [sparse-conv] out=12MB alloc=958MB
  [ComfyUI] [worker:ComfyUI-TRELLIS2] [UNET] level=1 block=7 SparseConvNeXtBlock3d N=12,685 ch=512 alloc=942MB
  [ComfyUI] [worker:ComfyUI-TRELLIS2] [UNET] level=1 block=7 SparseConvNeXtBlock3d N=12,685 ch=512 alloc=942MB
  [ComfyUI] [worker:ComfyUI-TRELLIS2] [sparse-conv] N=12,685 Ci=512 Co=512 feats=12MB cache=3MB (miss) w_dev=cuda:0 alloc=945MB
  [ComfyUI] [worker:ComfyUI-TRELLIS2] [sparse-conv] N=12,685 Ci=512 Co=512 feats=12MB cache=3MB (miss) w_dev=cuda:0 alloc=945MB
  [ComfyUI] [worker:ComfyUI-TRELLIS2] [sparse-conv] out=12MB alloc=958MB
  [ComfyUI] [worker:ComfyUI-TRELLIS2] [sparse-conv] out=12MB alloc=958MB
  [ComfyUI] [worker:ComfyUI-TRELLIS2] [UNET] level=1 block=8 SparseConvNeXtBlock3d N=12,685 ch=512 alloc=942MB
  [ComfyUI] [worker:ComfyUI-TRELLIS2] [UNET] level=1 block=8 SparseConvNeXtBlock3d N=12,685 ch=512 alloc=942MB
  [ComfyUI] [worker:ComfyUI-TRELLIS2] [sparse-conv] N=12,685 Ci=512 Co=512 feats=12MB cache=3MB (miss) w_dev=cuda:0 alloc=945MB
  [ComfyUI] [worker:ComfyUI-TRELLIS2] [sparse-conv] N=12,685 Ci=512 Co=512 feats=12MB cache=3MB (miss) w_dev=cuda:0 alloc=945MB
  [ComfyUI] [worker:ComfyUI-TRELLIS2] [sparse-conv] out=12MB alloc=958MB
  [ComfyUI] [worker:ComfyUI-TRELLIS2] [sparse-conv] out=12MB alloc=958MB
  [ComfyUI] [worker:ComfyUI-TRELLIS2] [UNET] level=1 block=9 SparseConvNeXtBlock3d N=12,685 ch=512 alloc=942MB
  [ComfyUI] [worker:ComfyUI-TRELLIS2] [UNET] level=1 block=9 SparseConvNeXtBlock3d N=12,685 ch=512 alloc=942MB
  [ComfyUI] [worker:ComfyUI-TRELLIS2] [sparse-conv] N=12,685 Ci=512 Co=512 feats=12MB cache=3MB (miss) w_dev=cuda:0 alloc=945MB
  [ComfyUI] [worker:ComfyUI-TRELLIS2] [sparse-conv] N=12,685 Ci=512 Co=512 feats=12MB cache=3MB (miss) w_dev=cuda:0 alloc=945MB
  [ComfyUI] [worker:ComfyUI-TRELLIS2] [sparse-conv] out=12MB alloc=958MB
  [ComfyUI] [worker:ComfyUI-TRELLIS2] [sparse-conv] out=12MB alloc=958MB
  [ComfyUI] [SubprocessWorker] callback 'report_progress' from call_id=76
  [ComfyUI] [SubprocessWorker] callback 'report_progress' from call_id=76
  [ComfyUI] [worker:ComfyUI-TRELLIS2] [UNET] level=1 block=10 SparseConvNeXtBlock3d N=12,685 ch=512 alloc=942MB
  [ComfyUI] [worker:ComfyUI-TRELLIS2] [UNET] level=1 block=10 SparseConvNeXtBlock3d N=12,685 ch=512 alloc=942MB
  [ComfyUI] [worker:ComfyUI-TRELLIS2] [sparse-conv] N=12,685 Ci=512 Co=512 feats=12MB cache=3MB (miss) w_dev=cuda:0 alloc=945MB
  [ComfyUI] [worker:ComfyUI-TRELLIS2] [sparse-conv] N=12,685 Ci=512 Co=512 feats=12MB cache=3MB (miss) w_dev=cuda:0 alloc=945MB
  [ComfyUI] [worker:ComfyUI-TRELLIS2] [sparse-conv] out=12MB alloc=958MB
  [ComfyUI] [worker:ComfyUI-TRELLIS2] [sparse-conv] out=12MB alloc=958MB
  [ComfyUI] [worker:ComfyUI-TRELLIS2] [UNET] level=1 block=11 SparseConvNeXtBlock3d N=12,685 ch=512 alloc=942MB
  [ComfyUI] [worker:ComfyUI-TRELLIS2] [UNET] level=1 block=11 SparseConvNeXtBlock3d N=12,685 ch=512 alloc=942MB
  [ComfyUI] [worker:ComfyUI-TRELLIS2] [sparse-conv] N=12,685 Ci=512 Co=512 feats=12MB cache=3MB (miss) w_dev=cuda:0 alloc=945MB
  [ComfyUI] [worker:ComfyUI-TRELLIS2] [sparse-conv] N=12,685 Ci=512 Co=512 feats=12MB cache=3MB (miss) w_dev=cuda:0 alloc=945MB
  [ComfyUI] [worker:ComfyUI-TRELLIS2] [sparse-conv] out=12MB alloc=958MB
  [ComfyUI] [worker:ComfyUI-TRELLIS2] [sparse-conv] out=12MB alloc=958MB
  [ComfyUI] [worker:ComfyUI-TRELLIS2] [UNET] level=1 block=12 SparseConvNeXtBlock3d N=12,685 ch=512 alloc=942MB
  [ComfyUI] [worker:ComfyUI-TRELLIS2] [UNET] level=1 block=12 SparseConvNeXtBlock3d N=12,685 ch=512 alloc=942MB
  [ComfyUI] [worker:ComfyUI-TRELLIS2] [sparse-conv] N=12,685 Ci=512 Co=512 feats=12MB cache=3MB (miss) w_dev=cuda:0 alloc=945MB
  [ComfyUI] [worker:ComfyUI-TRELLIS2] [sparse-conv] N=12,685 Ci=512 Co=512 feats=12MB cache=3MB (miss) w_dev=cuda:0 alloc=945MB
  [ComfyUI] [worker:ComfyUI-TRELLIS2] [sparse-conv] out=12MB alloc=958MB
  [ComfyUI] [worker:ComfyUI-TRELLIS2] [sparse-conv] out=12MB alloc=958MB
  [ComfyUI] [worker:ComfyUI-TRELLIS2] [UNET] level=1 block=13 SparseConvNeXtBlock3d N=12,685 ch=512 alloc=942MB
  [ComfyUI] [worker:ComfyUI-TRELLIS2] [UNET] level=1 block=13 SparseConvNeXtBlock3d N=12,685 ch=512 alloc=942MB
  [ComfyUI] [worker:ComfyUI-TRELLIS2] [sparse-conv] N=12,685 Ci=512 Co=512 feats=12MB cache=3MB (miss) w_dev=cuda:0 alloc=945MB
  [ComfyUI] [worker:ComfyUI-TRELLIS2] [sparse-conv] N=12,685 Ci=512 Co=512 feats=12MB cache=3MB (miss) w_dev=cuda:0 alloc=945MB
  [ComfyUI] [worker:ComfyUI-TRELLIS2] [sparse-conv] out=12MB alloc=958MB
  [ComfyUI] [worker:ComfyUI-TRELLIS2] [sparse-conv] out=12MB alloc=958MB
  [ComfyUI] [worker:ComfyUI-TRELLIS2] [UNET] level=1 block=14 SparseConvNeXtBlock3d N=12,685 ch=512 alloc=942MB
  [ComfyUI] [worker:ComfyUI-TRELLIS2] [UNET] level=1 block=14 SparseConvNeXtBlock3d N=12,685 ch=512 alloc=942MB
  [ComfyUI] [worker:ComfyUI-TRELLIS2] [sparse-conv] N=12,685 Ci=512 Co=512 feats=12MB cache=3MB (miss) w_dev=cuda:0 alloc=945MB
  [ComfyUI] [worker:ComfyUI-TRELLIS2] [sparse-conv] N=12,685 Ci=512 Co=512 feats=12MB cache=3MB (miss) w_dev=cuda:0 alloc=945MB
  [ComfyUI] [worker:ComfyUI-TRELLIS2] [sparse-conv] out=12MB alloc=958MB
  [ComfyUI] [worker:ComfyUI-TRELLIS2] [sparse-conv] out=12MB alloc=958MB
  [ComfyUI] [worker:ComfyUI-TRELLIS2] [UNET] level=1 block=15 SparseConvNeXtBlock3d N=12,685 ch=512 alloc=942MB
  [ComfyUI] [worker:ComfyUI-TRELLIS2] [UNET] level=1 block=15 SparseConvNeXtBlock3d N=12,685 ch=512 alloc=942MB
  [ComfyUI] [worker:ComfyUI-TRELLIS2] [sparse-conv] N=12,685 Ci=512 Co=512 feats=12MB cache=3MB (miss) w_dev=cuda:0 alloc=945MB
  [ComfyUI] [worker:ComfyUI-TRELLIS2] [sparse-conv] N=12,685 Ci=512 Co=512 feats=12MB cache=3MB (miss) w_dev=cuda:0 alloc=945MB
  [ComfyUI] [worker:ComfyUI-TRELLIS2] [sparse-conv] out=12MB alloc=958MB
  [ComfyUI] [worker:ComfyUI-TRELLIS2] [sparse-conv] out=12MB alloc=958MB
  [ComfyUI] [worker:ComfyUI-TRELLIS2] [UNET] level=1 block=16 SparseResBlockC2S3d N=12,685 ch=512 alloc=942MB
  [ComfyUI] [worker:ComfyUI-TRELLIS2] [UNET] level=1 block=16 SparseResBlockC2S3d N=12,685 ch=512 alloc=942MB
  [ComfyUI] [worker:ComfyUI-TRELLIS2] [C2S3d] after subdiv: alloc=942MB
  [ComfyUI] [worker:ComfyUI-TRELLIS2] [C2S3d] after subdiv: alloc=942MB
  [ComfyUI] [worker:ComfyUI-TRELLIS2] [C2S3d] after norm1: alloc=955MB
  [ComfyUI] [worker:ComfyUI-TRELLIS2] [C2S3d] after norm1: alloc=955MB
  [ComfyUI] [worker:ComfyUI-TRELLIS2] [C2S3d] pre-conv1: N=12,685 Ci=512 Co=2048 alloc=955MB
  [ComfyUI] [worker:ComfyUI-TRELLIS2] [C2S3d] pre-conv1: N=12,685 Ci=512 Co=2048 alloc=955MB
  [ComfyUI] [worker:ComfyUI-TRELLIS2] [C2S3d] x.feats offloaded before conv1: alloc=955MB
  [ComfyUI] [worker:ComfyUI-TRELLIS2] [C2S3d] x.feats offloaded before conv1: alloc=955MB
  [ComfyUI] [worker:ComfyUI-TRELLIS2] [sparse-conv] N=12,685 Ci=512 Co=2048 feats=12MB cache=3MB (miss) w_dev=cuda:0 alloc=958MB
  [ComfyUI] [worker:ComfyUI-TRELLIS2] [sparse-conv] N=12,685 Ci=512 Co=2048 feats=12MB cache=3MB (miss) w_dev=cuda:0 alloc=958MB
  Frame 16 saved (frame_015.jpg, t=189.1s)
  [capture-periodic] freeze=4ms shot=121ms unfreeze=4ms saved=True
  [ComfyUI] [worker:ComfyUI-TRELLIS2] [VRAM] +318MB (now 1263MB) reserved=1314MB peak=2616MB
  [ComfyUI] [worker:ComfyUI-TRELLIS2] [VRAM] +318MB (now 1263MB) reserved=1314MB peak=2616MB
  [ComfyUI] [worker:ComfyUI-TRELLIS2] [VRAM] -256MB (now 1008MB) reserved=1314MB peak=2616MB
  [ComfyUI] [worker:ComfyUI-TRELLIS2] [VRAM] -256MB (now 1008MB) reserved=1314MB peak=2616MB
  [ComfyUI] [worker:ComfyUI-TRELLIS2] [sparse-conv] out=49MB alloc=1008MB
  [ComfyUI] [worker:ComfyUI-TRELLIS2] [sparse-conv] out=49MB alloc=1008MB
  [ComfyUI] [worker:ComfyUI-TRELLIS2] [C2S3d] post-conv1: h=torch.Size([12685, 2048]) alloc=995MB
  [ComfyUI] [worker:ComfyUI-TRELLIS2] [C2S3d] post-conv1: h=torch.Size([12685, 2048]) alloc=995MB
  [ComfyUI] [worker:ComfyUI-TRELLIS2] [C2S3d] x.feats restored from CPU: alloc=1008MB
  [ComfyUI] [worker:ComfyUI-TRELLIS2] [C2S3d] x.feats restored from CPU: alloc=1008MB
  [ComfyUI] [worker:ComfyUI-TRELLIS2] [C2S3d] pre-C2S(h): alloc=1008MB
  [ComfyUI] [worker:ComfyUI-TRELLIS2] [C2S3d] pre-C2S(h): alloc=1008MB
  [ComfyUI] [worker:ComfyUI-TRELLIS2] [C2S] scatter: 12,685�2048 -> 65,017�256 in=49MB out=31MB alloc=1010MB
  [ComfyUI] [worker:ComfyUI-TRELLIS2] [C2S] scatter: 12,685�2048 -> 65,017�256 in=49MB out=31MB alloc=1010MB
  [ComfyUI] [worker:ComfyUI-TRELLIS2] [C2S] scatter done: alloc=1042MB
  [ComfyUI] [worker:ComfyUI-TRELLIS2] [C2S] scatter done: alloc=1042MB
  [ComfyUI] [worker:ComfyUI-TRELLIS2] [C2S3d] post-C2S(h): h=torch.Size([65017, 256]) alloc=991MB
  [ComfyUI] [worker:ComfyUI-TRELLIS2] [C2S3d] post-C2S(h): h=torch.Size([65017, 256]) alloc=991MB
  [ComfyUI] [worker:ComfyUI-TRELLIS2] [C2S] scatter: 12,685�512 -> 65,017�64 in=12MB out=7MB alloc=993MB
  [ComfyUI] [worker:ComfyUI-TRELLIS2] [C2S] scatter: 12,685�512 -> 65,017�64 in=12MB out=7MB alloc=993MB
  [ComfyUI] [worker:ComfyUI-TRELLIS2] [C2S] scatter done: alloc=1001MB
  [ComfyUI] [worker:ComfyUI-TRELLIS2] [C2S] scatter done: alloc=1001MB
  [ComfyUI] [worker:ComfyUI-TRELLIS2] [C2S3d] post-C2S(x): x=torch.Size([65017, 64]) alloc=987MB
  [ComfyUI] [worker:ComfyUI-TRELLIS2] [C2S3d] post-C2S(x): x=torch.Size([65017, 64]) alloc=987MB
  [ComfyUI] [worker:ComfyUI-TRELLIS2] [C2S3d] post-C2S: N=65,017 h=256ch x=64ch alloc=987MB
  [ComfyUI] [worker:ComfyUI-TRELLIS2] [C2S3d] post-C2S: N=65,017 h=256ch x=64ch alloc=987MB
  [ComfyUI] [worker:ComfyUI-TRELLIS2] [C2S3d] x offloaded to CPU, pre-conv2: alloc=978MB
  [ComfyUI] [worker:ComfyUI-TRELLIS2] [C2S3d] x offloaded to CPU, pre-conv2: alloc=978MB
  [ComfyUI] [worker:ComfyUI-TRELLIS2] [C2S3d] after norm2: alloc=978MB
  [ComfyUI] [worker:ComfyUI-TRELLIS2] [C2S3d] after norm2: alloc=978MB
  [ComfyUI] [worker:ComfyUI-TRELLIS2] [C2S3d] after silu: alloc=978MB
  [ComfyUI] [worker:ComfyUI-TRELLIS2] [C2S3d] after silu: alloc=978MB
  [ComfyUI] [worker:ComfyUI-TRELLIS2] [sparse-conv] N=65,017 Ci=256 Co=256 feats=31MB cache=17MB (miss) w_dev=cuda:0 alloc=996MB
  [ComfyUI] [worker:ComfyUI-TRELLIS2] [sparse-conv] N=65,017 Ci=256 Co=256 feats=31MB cache=17MB (miss) w_dev=cuda:0 alloc=996MB
  [ComfyUI] [worker:ComfyUI-TRELLIS2] [VRAM] +372MB (now 1380MB) reserved=1448MB peak=2616MB
  [ComfyUI] [worker:ComfyUI-TRELLIS2] [VRAM] +372MB (now 1380MB) reserved=1448MB peak=2616MB
  [capture-loop] iter=1650 t=192.5s state={'complete': False, 'error': None, 'executedCount': 2, 'wsState': 1} eval_ms=3 ram=12.2/31.9GB (38%) swap=2.3/15.0GB (15%) cpu=8% browser_rss=0.50GB
  [ComfyUI] [worker:ComfyUI-TRELLIS2] [sparse-conv] out=31MB alloc=1028MB
  [ComfyUI] [worker:ComfyUI-TRELLIS2] [sparse-conv] out=31MB alloc=1028MB
  [ComfyUI] [worker:ComfyUI-TRELLIS2] [C2S3d] post-conv2: alloc=997MB
  [ComfyUI] [worker:ComfyUI-TRELLIS2] [C2S3d] post-conv2: alloc=997MB
  [ComfyUI] [worker:ComfyUI-TRELLIS2] [C2S3d] post-conv2 (cache cleared): alloc=978MB
  [ComfyUI] [worker:ComfyUI-TRELLIS2] [C2S3d] post-conv2 (cache cleared): alloc=978MB
  [ComfyUI] [worker:ComfyUI-TRELLIS2] [C2S3d] after skip expand: alloc=1010MB
  [ComfyUI] [worker:ComfyUI-TRELLIS2] [C2S3d] after skip expand: alloc=1010MB
  [ComfyUI] [worker:ComfyUI-TRELLIS2] [C2S3d] post-skip: alloc=978MB
  [ComfyUI] [worker:ComfyUI-TRELLIS2] [C2S3d] post-skip: alloc=978MB
  [ComfyUI] [SubprocessWorker] callback 'report_progress' from call_id=76
  [ComfyUI] [SubprocessWorker] callback 'report_progress' from call_id=76
  [ComfyUI] [worker:ComfyUI-TRELLIS2] [UNET] level=2 block=0 SparseConvNeXtBlock3d N=65,017 ch=256 alloc=966MB
  [ComfyUI] [worker:ComfyUI-TRELLIS2] [UNET] level=2 block=0 SparseConvNeXtBlock3d N=65,017 ch=256 alloc=966MB
  [ComfyUI] [worker:ComfyUI-TRELLIS2] [sparse-conv] N=65,017 Ci=256 Co=256 feats=31MB cache=17MB (miss) w_dev=cuda:0 alloc=983MB
  [ComfyUI] [worker:ComfyUI-TRELLIS2] [sparse-conv] N=65,017 Ci=256 Co=256 feats=31MB cache=17MB (miss) w_dev=cuda:0 alloc=983MB
  [ComfyUI] [worker:ComfyUI-TRELLIS2] [sparse-conv] out=31MB alloc=1015MB
  [ComfyUI] [worker:ComfyUI-TRELLIS2] [sparse-conv] out=31MB alloc=1015MB
  [ComfyUI] [worker:ComfyUI-TRELLIS2] [UNET] level=2 block=1 SparseConvNeXtBlock3d N=65,017 ch=256 alloc=966MB
  [ComfyUI] [worker:ComfyUI-TRELLIS2] [UNET] level=2 block=1 SparseConvNeXtBlock3d N=65,017 ch=256 alloc=966MB
  [ComfyUI] [worker:ComfyUI-TRELLIS2] [sparse-conv] N=65,017 Ci=256 Co=256 feats=31MB cache=17MB (miss) w_dev=cuda:0 alloc=983MB
  [ComfyUI] [worker:ComfyUI-TRELLIS2] [sparse-conv] N=65,017 Ci=256 Co=256 feats=31MB cache=17MB (miss) w_dev=cuda:0 alloc=983MB
  [ComfyUI] [worker:ComfyUI-TRELLIS2] [sparse-conv] out=31MB alloc=1015MB
  [ComfyUI] [worker:ComfyUI-TRELLIS2] [sparse-conv] out=31MB alloc=1015MB
  [ComfyUI] [worker:ComfyUI-TRELLIS2] [UNET] level=2 block=2 SparseConvNeXtBlock3d N=65,017 ch=256 alloc=966MB
  [ComfyUI] [worker:ComfyUI-TRELLIS2] [UNET] level=2 block=2 SparseConvNeXtBlock3d N=65,017 ch=256 alloc=966MB
  [ComfyUI] [worker:ComfyUI-TRELLIS2] [sparse-conv] N=65,017 Ci=256 Co=256 feats=31MB cache=17MB (miss) w_dev=cuda:0 alloc=983MB
  [ComfyUI] [worker:ComfyUI-TRELLIS2] [sparse-conv] N=65,017 Ci=256 Co=256 feats=31MB cache=17MB (miss) w_dev=cuda:0 alloc=983MB
  [ComfyUI] [worker:ComfyUI-TRELLIS2] [sparse-conv] out=31MB alloc=1015MB
  [ComfyUI] [worker:ComfyUI-TRELLIS2] [sparse-conv] out=31MB alloc=1015MB
  [ComfyUI] [worker:ComfyUI-TRELLIS2] [UNET] level=2 block=3 SparseConvNeXtBlock3d N=65,017 ch=256 alloc=966MB
  [ComfyUI] [worker:ComfyUI-TRELLIS2] [UNET] level=2 block=3 SparseConvNeXtBlock3d N=65,017 ch=256 alloc=966MB
  [ComfyUI] [worker:ComfyUI-TRELLIS2] [sparse-conv] N=65,017 Ci=256 Co=256 feats=31MB cache=17MB (miss) w_dev=cuda:0 alloc=983MB
  [ComfyUI] [worker:ComfyUI-TRELLIS2] [sparse-conv] N=65,017 Ci=256 Co=256 feats=31MB cache=17MB (miss) w_dev=cuda:0 alloc=983MB
  [ComfyUI] [worker:ComfyUI-TRELLIS2] [sparse-conv] out=31MB alloc=1015MB
  [ComfyUI] [worker:ComfyUI-TRELLIS2] [sparse-conv] out=31MB alloc=1015MB
  [ComfyUI] [worker:ComfyUI-TRELLIS2] [UNET] level=2 block=4 SparseConvNeXtBlock3d N=65,017 ch=256 alloc=966MB
  [ComfyUI] [worker:ComfyUI-TRELLIS2] [UNET] level=2 block=4 SparseConvNeXtBlock3d N=65,017 ch=256 alloc=966MB
  [ComfyUI] [worker:ComfyUI-TRELLIS2] [sparse-conv] N=65,017 Ci=256 Co=256 feats=31MB cache=17MB (miss) w_dev=cuda:0 alloc=983MB
  [ComfyUI] [worker:ComfyUI-TRELLIS2] [sparse-conv] N=65,017 Ci=256 Co=256 feats=31MB cache=17MB (miss) w_dev=cuda:0 alloc=983MB
  [ComfyUI] [worker:ComfyUI-TRELLIS2] [sparse-conv] out=31MB alloc=1015MB
  [ComfyUI] [worker:ComfyUI-TRELLIS2] [sparse-conv] out=31MB alloc=1015MB
  [ComfyUI] [worker:ComfyUI-TRELLIS2] [UNET] level=2 block=5 SparseConvNeXtBlock3d N=65,017 ch=256 alloc=966MB
  [ComfyUI] [worker:ComfyUI-TRELLIS2] [UNET] level=2 block=5 SparseConvNeXtBlock3d N=65,017 ch=256 alloc=966MB
  [ComfyUI] [worker:ComfyUI-TRELLIS2] [sparse-conv] N=65,017 Ci=256 Co=256 feats=31MB cache=17MB (miss) w_dev=cuda:0 alloc=983MB
  [ComfyUI] [worker:ComfyUI-TRELLIS2] [sparse-conv] N=65,017 Ci=256 Co=256 feats=31MB cache=17MB (miss) w_dev=cuda:0 alloc=983MB
  [ComfyUI] [worker:ComfyUI-TRELLIS2] [sparse-conv] out=31MB alloc=1015MB
  [ComfyUI] [worker:ComfyUI-TRELLIS2] [sparse-conv] out=31MB alloc=1015MB
  [ComfyUI] [worker:ComfyUI-TRELLIS2] [UNET] level=2 block=6 SparseConvNeXtBlock3d N=65,017 ch=256 alloc=966MB
  [ComfyUI] [worker:ComfyUI-TRELLIS2] [UNET] level=2 block=6 SparseConvNeXtBlock3d N=65,017 ch=256 alloc=966MB
  [ComfyUI] [worker:ComfyUI-TRELLIS2] [sparse-conv] N=65,017 Ci=256 Co=256 feats=31MB cache=17MB (miss) w_dev=cuda:0 alloc=983MB
  [ComfyUI] [worker:ComfyUI-TRELLIS2] [sparse-conv] N=65,017 Ci=256 Co=256 feats=31MB cache=17MB (miss) w_dev=cuda:0 alloc=983MB
  [ComfyUI] [worker:ComfyUI-TRELLIS2] [sparse-conv] out=31MB alloc=1015MB
  [ComfyUI] [worker:ComfyUI-TRELLIS2] [sparse-conv] out=31MB alloc=1015MB
  [ComfyUI] [worker:ComfyUI-TRELLIS2] [UNET] level=2 block=7 SparseConvNeXtBlock3d N=65,017 ch=256 alloc=966MB
  [ComfyUI] [worker:ComfyUI-TRELLIS2] [UNET] level=2 block=7 SparseConvNeXtBlock3d N=65,017 ch=256 alloc=966MB
  [ComfyUI] [worker:ComfyUI-TRELLIS2] [sparse-conv] N=65,017 Ci=256 Co=256 feats=31MB cache=17MB (miss) w_dev=cuda:0 alloc=983MB
  [ComfyUI] [worker:ComfyUI-TRELLIS2] [sparse-conv] N=65,017 Ci=256 Co=256 feats=31MB cache=17MB (miss) w_dev=cuda:0 alloc=983MB
  [ComfyUI] [worker:ComfyUI-TRELLIS2] [sparse-conv] out=31MB alloc=1015MB
  [ComfyUI] [worker:ComfyUI-TRELLIS2] [sparse-conv] out=31MB alloc=1015MB
  [ComfyUI] [SubprocessWorker] callback 'report_progress' from call_id=76
  [ComfyUI] [SubprocessWorker] callback 'report_progress' from call_id=76
  [ComfyUI] [worker:ComfyUI-TRELLIS2] [UNET] level=2 block=8 SparseResBlockC2S3d N=65,017 ch=256 alloc=966MB
  [ComfyUI] [worker:ComfyUI-TRELLIS2] [UNET] level=2 block=8 SparseResBlockC2S3d N=65,017 ch=256 alloc=966MB
  [ComfyUI] [worker:ComfyUI-TRELLIS2] [C2S3d] after subdiv: alloc=967MB
  [ComfyUI] [worker:ComfyUI-TRELLIS2] [C2S3d] after subdiv: alloc=967MB
  [ComfyUI] [worker:ComfyUI-TRELLIS2] [C2S3d] after norm1: alloc=999MB
  [ComfyUI] [worker:ComfyUI-TRELLIS2] [C2S3d] after norm1: alloc=999MB
  [ComfyUI] [worker:ComfyUI-TRELLIS2] [C2S3d] pre-conv1: N=65,017 Ci=256 Co=1024 alloc=999MB
  [ComfyUI] [worker:ComfyUI-TRELLIS2] [C2S3d] pre-conv1: N=65,017 Ci=256 Co=1024 alloc=999MB
  [ComfyUI] [worker:ComfyUI-TRELLIS2] [C2S3d] x.feats offloaded before conv1: alloc=999MB
  [ComfyUI] [worker:ComfyUI-TRELLIS2] [C2S3d] x.feats offloaded before conv1: alloc=999MB
  [ComfyUI] [worker:ComfyUI-TRELLIS2] [sparse-conv] N=65,017 Ci=256 Co=1024 feats=31MB cache=17MB (miss) w_dev=cuda:0 alloc=1016MB
  [ComfyUI] [worker:ComfyUI-TRELLIS2] [sparse-conv] N=65,017 Ci=256 Co=1024 feats=31MB cache=17MB (miss) w_dev=cuda:0 alloc=1016MB
  Frame 17 saved (frame_016.jpg, t=193.5s)
  [capture-periodic] freeze=3ms shot=99ms unfreeze=5ms saved=True
  [ComfyUI] [worker:ComfyUI-TRELLIS2] [sparse-conv] out=126MB alloc=1144MB
  [ComfyUI] [worker:ComfyUI-TRELLIS2] [sparse-conv] out=126MB alloc=1144MB
  [ComfyUI] [worker:ComfyUI-TRELLIS2] [VRAM] -236MB (now 1144MB) reserved=1450MB peak=2616MB
  [ComfyUI] [worker:ComfyUI-TRELLIS2] [VRAM] -236MB (now 1144MB) reserved=1450MB peak=2616MB
  [ComfyUI] [worker:ComfyUI-TRELLIS2] [C2S3d] post-conv1: h=torch.Size([65017, 1024]) alloc=1112MB
  [ComfyUI] [worker:ComfyUI-TRELLIS2] [C2S3d] post-conv1: h=torch.Size([65017, 1024]) alloc=1112MB
  [ComfyUI] [worker:ComfyUI-TRELLIS2] [C2S3d] x.feats restored from CPU: alloc=1144MB
  [ComfyUI] [worker:ComfyUI-TRELLIS2] [C2S3d] x.feats restored from CPU: alloc=1144MB
  [ComfyUI] [worker:ComfyUI-TRELLIS2] [C2S3d] pre-C2S(h): alloc=1144MB
  [ComfyUI] [worker:ComfyUI-TRELLIS2] [C2S3d] pre-C2S(h): alloc=1144MB
  [ComfyUI] [worker:ComfyUI-TRELLIS2] [C2S] scatter: 65,017�1024 -> 291,161�128 in=126MB out=71MB alloc=1156MB
  [ComfyUI] [worker:ComfyUI-TRELLIS2] [C2S] scatter: 65,017�1024 -> 291,161�128 in=126MB out=71MB alloc=1156MB
  [ComfyUI] [worker:ComfyUI-TRELLIS2] [C2S] scatter done: alloc=1227MB
  [ComfyUI] [worker:ComfyUI-TRELLIS2] [C2S] scatter done: alloc=1227MB
  [ComfyUI] [worker:ComfyUI-TRELLIS2] [C2S3d] post-C2S(h): h=torch.Size([291161, 128]) alloc=1092MB
  [ComfyUI] [worker:ComfyUI-TRELLIS2] [C2S3d] post-C2S(h): h=torch.Size([291161, 128]) alloc=1092MB
  [ComfyUI] [worker:ComfyUI-TRELLIS2] [C2S] scatter: 65,017�256 -> 291,161�32 in=31MB out=17MB alloc=1104MB
  [ComfyUI] [worker:ComfyUI-TRELLIS2] [C2S] scatter: 65,017�256 -> 291,161�32 in=31MB out=17MB alloc=1104MB
  [ComfyUI] [worker:ComfyUI-TRELLIS2] [C2S] scatter done: alloc=1122MB
  [ComfyUI] [worker:ComfyUI-TRELLIS2] [C2S] scatter done: alloc=1122MB
  [ComfyUI] [worker:ComfyUI-TRELLIS2] [C2S3d] post-C2S(x): x=torch.Size([291161, 32]) alloc=1083MB
  [ComfyUI] [worker:ComfyUI-TRELLIS2] [C2S3d] post-C2S(x): x=torch.Size([291161, 32]) alloc=1083MB
  [ComfyUI] [worker:ComfyUI-TRELLIS2] [C2S3d] post-C2S: N=291,161 h=128ch x=32ch alloc=1082MB
  [ComfyUI] [worker:ComfyUI-TRELLIS2] [C2S3d] post-C2S: N=291,161 h=128ch x=32ch alloc=1082MB
  [ComfyUI] [worker:ComfyUI-TRELLIS2] [C2S3d] x offloaded to CPU, pre-conv2: alloc=1060MB
  [ComfyUI] [worker:ComfyUI-TRELLIS2] [C2S3d] x offloaded to CPU, pre-conv2: alloc=1060MB
  [ComfyUI] [worker:ComfyUI-TRELLIS2] [C2S3d] after norm2: alloc=1060MB
  [ComfyUI] [worker:ComfyUI-TRELLIS2] [C2S3d] after norm2: alloc=1060MB
  [ComfyUI] [worker:ComfyUI-TRELLIS2] [C2S3d] after silu: alloc=1060MB
  [ComfyUI] [worker:ComfyUI-TRELLIS2] [C2S3d] after silu: alloc=1060MB
  [ComfyUI] [worker:ComfyUI-TRELLIS2] [sparse-conv] N=291,161 Ci=128 Co=128 feats=71MB cache=68MB (miss) w_dev=cuda:0 alloc=1129MB
  [ComfyUI] [worker:ComfyUI-TRELLIS2] [sparse-conv] N=291,161 Ci=128 Co=128 feats=71MB cache=68MB (miss) w_dev=cuda:0 alloc=1129MB
  [ComfyUI] [worker:ComfyUI-TRELLIS2] [sparse-conv] out=71MB alloc=1200MB
  [ComfyUI] [worker:ComfyUI-TRELLIS2] [sparse-conv] out=71MB alloc=1200MB
  [ComfyUI] [worker:ComfyUI-TRELLIS2] [C2S3d] post-conv2: alloc=1129MB
  [ComfyUI] [worker:ComfyUI-TRELLIS2] [C2S3d] post-conv2: alloc=1129MB
  [ComfyUI] [worker:ComfyUI-TRELLIS2] [C2S3d] post-conv2 (cache cleared): alloc=1060MB
  [ComfyUI] [worker:ComfyUI-TRELLIS2] [C2S3d] post-conv2 (cache cleared): alloc=1060MB
  [ComfyUI] [worker:ComfyUI-TRELLIS2] [C2S3d] after skip expand: alloc=1131MB
  [ComfyUI] [worker:ComfyUI-TRELLIS2] [C2S3d] after skip expand: alloc=1131MB
  [ComfyUI] [worker:ComfyUI-TRELLIS2] [C2S3d] post-skip: alloc=1060MB
  [ComfyUI] [worker:ComfyUI-TRELLIS2] [C2S3d] post-skip: alloc=1060MB
  [ComfyUI] [SubprocessWorker] callback 'report_progress' from call_id=76
  [ComfyUI] [SubprocessWorker] callback 'report_progress' from call_id=76
  [ComfyUI] [worker:ComfyUI-TRELLIS2] [UNET] level=3 block=0 SparseConvNeXtBlock3d N=291,161 ch=128 alloc=1028MB
  [ComfyUI] [worker:ComfyUI-TRELLIS2] [UNET] level=3 block=0 SparseConvNeXtBlock3d N=291,161 ch=128 alloc=1028MB
  [ComfyUI] [worker:ComfyUI-TRELLIS2] [sparse-conv] N=291,161 Ci=128 Co=128 feats=71MB cache=68MB (miss) w_dev=cuda:0 alloc=1097MB
  [ComfyUI] [worker:ComfyUI-TRELLIS2] [sparse-conv] N=291,161 Ci=128 Co=128 feats=71MB cache=68MB (miss) w_dev=cuda:0 alloc=1097MB
  [ComfyUI] [worker:ComfyUI-TRELLIS2] [sparse-conv] out=71MB alloc=1168MB
  [ComfyUI] [worker:ComfyUI-TRELLIS2] [sparse-conv] out=71MB alloc=1168MB
  [ComfyUI] [worker:ComfyUI-TRELLIS2] [UNET] level=3 block=1 SparseConvNeXtBlock3d N=291,161 ch=128 alloc=1028MB
  [ComfyUI] [worker:ComfyUI-TRELLIS2] [UNET] level=3 block=1 SparseConvNeXtBlock3d N=291,161 ch=128 alloc=1028MB
  [ComfyUI] [worker:ComfyUI-TRELLIS2] [sparse-conv] N=291,161 Ci=128 Co=128 feats=71MB cache=68MB (miss) w_dev=cuda:0 alloc=1097MB
  [ComfyUI] [worker:ComfyUI-TRELLIS2] [sparse-conv] N=291,161 Ci=128 Co=128 feats=71MB cache=68MB (miss) w_dev=cuda:0 alloc=1097MB
  [ComfyUI] [worker:ComfyUI-TRELLIS2] [sparse-conv] out=71MB alloc=1168MB
  [ComfyUI] [worker:ComfyUI-TRELLIS2] [sparse-conv] out=71MB alloc=1168MB
  [ComfyUI] [worker:ComfyUI-TRELLIS2] [UNET] level=3 block=2 SparseConvNeXtBlock3d N=291,161 ch=128 alloc=1028MB
  [ComfyUI] [worker:ComfyUI-TRELLIS2] [UNET] level=3 block=2 SparseConvNeXtBlock3d N=291,161 ch=128 alloc=1028MB
  [ComfyUI] [worker:ComfyUI-TRELLIS2] [sparse-conv] N=291,161 Ci=128 Co=128 feats=71MB cache=68MB (miss) w_dev=cuda:0 alloc=1097MB
  [ComfyUI] [worker:ComfyUI-TRELLIS2] [sparse-conv] N=291,161 Ci=128 Co=128 feats=71MB cache=68MB (miss) w_dev=cuda:0 alloc=1097MB
  [ComfyUI] [worker:ComfyUI-TRELLIS2] [sparse-conv] out=71MB alloc=1168MB
  [ComfyUI] [worker:ComfyUI-TRELLIS2] [sparse-conv] out=71MB alloc=1168MB
  [ComfyUI] [worker:ComfyUI-TRELLIS2] [UNET] level=3 block=3 SparseConvNeXtBlock3d N=291,161 ch=128 alloc=1028MB
  [ComfyUI] [worker:ComfyUI-TRELLIS2] [UNET] level=3 block=3 SparseConvNeXtBlock3d N=291,161 ch=128 alloc=1028MB
  [ComfyUI] [worker:ComfyUI-TRELLIS2] [sparse-conv] N=291,161 Ci=128 Co=128 feats=71MB cache=68MB (miss) w_dev=cuda:0 alloc=1097MB
  [ComfyUI] [worker:ComfyUI-TRELLIS2] [sparse-conv] N=291,161 Ci=128 Co=128 feats=71MB cache=68MB (miss) w_dev=cuda:0 alloc=1097MB
  [ComfyUI] [worker:ComfyUI-TRELLIS2] [sparse-conv] out=71MB alloc=1169MB
  [ComfyUI] [worker:ComfyUI-TRELLIS2] [sparse-conv] out=71MB alloc=1169MB
  [ComfyUI] [worker:ComfyUI-TRELLIS2] [UNET] level=3 block=4 SparseResBlockC2S3d N=291,161 ch=128 alloc=1029MB
  [ComfyUI] [worker:ComfyUI-TRELLIS2] [UNET] level=3 block=4 SparseResBlockC2S3d N=291,161 ch=128 alloc=1029MB
  [ComfyUI] [worker:ComfyUI-TRELLIS2] [C2S3d] after subdiv: alloc=1034MB
  [ComfyUI] [worker:ComfyUI-TRELLIS2] [C2S3d] after subdiv: alloc=1034MB
  [ComfyUI] [worker:ComfyUI-TRELLIS2] [C2S3d] after norm1: alloc=1105MB
  [ComfyUI] [worker:ComfyUI-TRELLIS2] [C2S3d] after norm1: alloc=1105MB
  [ComfyUI] [worker:ComfyUI-TRELLIS2] [C2S3d] pre-conv1: N=291,161 Ci=128 Co=512 alloc=1105MB
  [ComfyUI] [worker:ComfyUI-TRELLIS2] [C2S3d] pre-conv1: N=291,161 Ci=128 Co=512 alloc=1105MB
  [ComfyUI] [worker:ComfyUI-TRELLIS2] [C2S3d] x.feats offloaded before conv1: alloc=1107MB
  [ComfyUI] [worker:ComfyUI-TRELLIS2] [C2S3d] x.feats offloaded before conv1: alloc=1107MB
  [ComfyUI] [worker:ComfyUI-TRELLIS2] [sparse-conv] N=291,161 Ci=128 Co=512 feats=71MB cache=68MB (miss) w_dev=cuda:0 alloc=1176MB
  [ComfyUI] [worker:ComfyUI-TRELLIS2] [sparse-conv] N=291,161 Ci=128 Co=512 feats=71MB cache=68MB (miss) w_dev=cuda:0 alloc=1176MB
  [ComfyUI] [worker:ComfyUI-TRELLIS2] [sparse-conv] out=284MB alloc=1461MB
  [ComfyUI] [worker:ComfyUI-TRELLIS2] [sparse-conv] out=284MB alloc=1461MB
  [ComfyUI] [worker:ComfyUI-TRELLIS2] [C2S3d] post-conv1: h=torch.Size([291161, 512]) alloc=1390MB
  [ComfyUI] [worker:ComfyUI-TRELLIS2] [C2S3d] post-conv1: h=torch.Size([291161, 512]) alloc=1390MB
  [ComfyUI] [worker:ComfyUI-TRELLIS2] [C2S3d] x.feats restored from CPU: alloc=1461MB
  [ComfyUI] [worker:ComfyUI-TRELLIS2] [C2S3d] x.feats restored from CPU: alloc=1461MB
  [ComfyUI] [worker:ComfyUI-TRELLIS2] [C2S3d] pre-C2S(h): alloc=1461MB
  [ComfyUI] [worker:ComfyUI-TRELLIS2] [C2S3d] pre-C2S(h): alloc=1461MB
  [ComfyUI] [worker:ComfyUI-TRELLIS2] [C2S] scatter: 291,161�512 -> 1,172,789�64 in=284MB out=143MB alloc=1508MB
  [ComfyUI] [worker:ComfyUI-TRELLIS2] [C2S] scatter: 291,161�512 -> 1,172,789�64 in=284MB out=143MB alloc=1508MB
  [ComfyUI] [worker:ComfyUI-TRELLIS2] [C2S] offloaded 284MB to CPU, alloc=1224MB
  [ComfyUI] [worker:ComfyUI-TRELLIS2] [C2S] offloaded 284MB to CPU, alloc=1224MB
  [ComfyUI] [worker:ComfyUI-TRELLIS2] [C2S] scatter done: alloc=1368MB
  [ComfyUI] [worker:ComfyUI-TRELLIS2] [C2S] scatter done: alloc=1368MB
  [ComfyUI] [worker:ComfyUI-TRELLIS2] [C2S3d] post-C2S(h): h=torch.Size([1172789, 64]) alloc=1338MB
  [ComfyUI] [worker:ComfyUI-TRELLIS2] [C2S3d] post-C2S(h): h=torch.Size([1172789, 64]) alloc=1338MB
  [ComfyUI] [worker:ComfyUI-TRELLIS2] [C2S] scatter: 291,161�128 -> 1,172,789�16 in=71MB out=35MB alloc=1386MB
  [ComfyUI] [worker:ComfyUI-TRELLIS2] [C2S] scatter: 291,161�128 -> 1,172,789�16 in=71MB out=35MB alloc=1386MB
  [ComfyUI] [worker:ComfyUI-TRELLIS2] [C2S] scatter done: alloc=1421MB
  [ComfyUI] [worker:ComfyUI-TRELLIS2] [C2S] scatter done: alloc=1421MB
  [ComfyUI] [worker:ComfyUI-TRELLIS2] [C2S3d] post-C2S(x): x=torch.Size([1172789, 16]) alloc=1321MB
  [ComfyUI] [worker:ComfyUI-TRELLIS2] [C2S3d] post-C2S(x): x=torch.Size([1172789, 16]) alloc=1321MB
  [ComfyUI] [worker:ComfyUI-TRELLIS2] [C2S3d] post-C2S: N=1,172,789 h=64ch x=16ch alloc=1318MB
  [ComfyUI] [worker:ComfyUI-TRELLIS2] [C2S3d] post-C2S: N=1,172,789 h=64ch x=16ch alloc=1318MB
  [ComfyUI] [worker:ComfyUI-TRELLIS2] [C2S3d] x offloaded to CPU, pre-conv2: alloc=1265MB
  [ComfyUI] [worker:ComfyUI-TRELLIS2] [C2S3d] x offloaded to CPU, pre-conv2: alloc=1265MB
  [ComfyUI] [worker:ComfyUI-TRELLIS2] [C2S3d] h.feats offloaded for chunked norm2+silu: alloc=1121MB
  [ComfyUI] [worker:ComfyUI-TRELLIS2] [C2S3d] h.feats offloaded for chunked norm2+silu: alloc=1121MB
  [ComfyUI] [worker:ComfyUI-TRELLIS2] [C2S3d] after chunked norm2+silu: alloc=1265MB
  [ComfyUI] [worker:ComfyUI-TRELLIS2] [C2S3d] after chunked norm2+silu: alloc=1265MB
  [ComfyUI] [worker:ComfyUI-TRELLIS2] [sparse-conv] TILED: N=1,172,789 max_tile=1,000,000 feats=143MB alloc=1265MB
  [ComfyUI] [worker:ComfyUI-TRELLIS2] [sparse-conv] TILED: N=1,172,789 max_tile=1,000,000 feats=143MB alloc=1265MB
  [ComfyUI] [worker:ComfyUI-TRELLIS2] [sparse-conv] TILED feats offloaded to CPU, alloc=1121MB
  [ComfyUI] [worker:ComfyUI-TRELLIS2] [sparse-conv] TILED feats offloaded to CPU, alloc=1121MB
  [ComfyUI] [worker:ComfyUI-TRELLIS2] [tiled_conv] N=1,172,789 Ci=64 Co=64 K=(3, 3, 3) feats=143MB out=143MB feats_dev=cpu alloc=1121MB
  [ComfyUI] [worker:ComfyUI-TRELLIS2] [tiled_conv] N=1,172,789 Ci=64 Co=64 K=(3, 3, 3) feats=143MB out=143MB feats_dev=cpu alloc=1121MB
  [ComfyUI] [worker:ComfyUI-TRELLIS2] [tiled_conv] 2 tiles, VRAM baseline=1121MB
  [ComfyUI] [worker:ComfyUI-TRELLIS2] [tiled_conv] 2 tiles, VRAM baseline=1121MB
  [ComfyUI] 
  [ComfyUI] 
  [ComfyUI] Tiled Conv3d:   0%|          | 0/2 [00:00<?]
  [ComfyUI] Tiled Conv3d:   0%|          | 0/2 [00:00<?]
  [ComfyUI] Tiled Conv3d:   0%|          | 0/2 [00:00<?]
  [ComfyUI] Tiled Conv3d:   0%|          | 0/2 [00:00<?]
  [ComfyUI] Tiled Conv3d:  50%|█████     | 1/2 [00:00<00:00]
  [ComfyUI] Tiled Conv3d:  50%|█████     | 1/2 [00:00<00:00]
  [ComfyUI] Tiled Conv3d:  50%|█████     | 1/2 [00:00<00:00]
  [ComfyUI] Tiled Conv3d:  50%|█████     | 1/2 [00:00<00:00]
  [ComfyUI] Tiled Conv3d: 100%|██████████| 2/2 [00:00<00:00]
  [ComfyUI] Tiled Conv3d: 100%|██████████| 2/2 [00:00<00:00]
  Frame 18 saved (frame_017.jpg, t=195.7s)
  [capture-periodic] freeze=4ms shot=125ms unfreeze=7ms saved=True
  [ComfyUI] [worker:ComfyUI-TRELLIS2] [tiled_conv] done: 1172789/1172789 voxels, tile_peak=1506MB, final=1265MB
  [ComfyUI] [worker:ComfyUI-TRELLIS2] [tiled_conv] done: 1172789/1172789 voxels, tile_peak=1506MB, final=1265MB
  [ComfyUI] [worker:ComfyUI-TRELLIS2] [sparse-conv] TILED done: out=143MB alloc=1265MB
  [ComfyUI] [worker:ComfyUI-TRELLIS2] [sparse-conv] TILED done: out=143MB alloc=1265MB
  [ComfyUI] [worker:ComfyUI-TRELLIS2] [C2S3d] post-conv2: alloc=1265MB
  [ComfyUI] [worker:ComfyUI-TRELLIS2] [C2S3d] post-conv2: alloc=1265MB
  [ComfyUI] [worker:ComfyUI-TRELLIS2] [C2S3d] post-conv2 (cache cleared): alloc=1265MB
  [ComfyUI] [worker:ComfyUI-TRELLIS2] [C2S3d] post-conv2 (cache cleared): alloc=1265MB
  [ComfyUI] [worker:ComfyUI-TRELLIS2] [VRAM] +243MB (now 1387MB) reserved=1536MB peak=2616MB
  [ComfyUI] [worker:ComfyUI-TRELLIS2] [VRAM] +243MB (now 1387MB) reserved=1536MB peak=2616MB
  [ComfyUI] [worker:ComfyUI-TRELLIS2] [C2S3d] after chunked skip: alloc=1265MB
  [ComfyUI] [worker:ComfyUI-TRELLIS2] [C2S3d] after chunked skip: alloc=1265MB
  [ComfyUI] [SubprocessWorker] callback 'report_progress' from call_id=76
  [ComfyUI] [SubprocessWorker] callback 'report_progress' from call_id=76
  [ComfyUI] [SubprocessWorker] callback 'report_progress' from call_id=76
  [ComfyUI] [SubprocessWorker] callback 'report_progress' from call_id=76
  [ComfyUI] [worker:ComfyUI-TRELLIS2] [FlexiDecoder] pre-cleanup: alloc=987MB
  [ComfyUI] [worker:ComfyUI-TRELLIS2] [FlexiDecoder] pre-cleanup: alloc=987MB
  [ComfyUI] [worker:ComfyUI-TRELLIS2] [FlexiDecoder] model to CPU: alloc=71MB
  [ComfyUI] [worker:ComfyUI-TRELLIS2] [FlexiDecoder] model to CPU: alloc=71MB
  [ComfyUI] [worker:ComfyUI-TRELLIS2] [FlexiDecoder] extra[0][0] feats=torch.Size([2615, 8]) on cuda:0, 0MB
  [ComfyUI] [worker:ComfyUI-TRELLIS2] [FlexiDecoder] extra[0][0] feats=torch.Size([2615, 8]) on cuda:0, 0MB
  [ComfyUI] [worker:ComfyUI-TRELLIS2] [FlexiDecoder] extra[0][1] feats=torch.Size([12685, 8]) on cuda:0, 0MB
  [ComfyUI] [worker:ComfyUI-TRELLIS2] [FlexiDecoder] extra[0][1] feats=torch.Size([12685, 8]) on cuda:0, 0MB
  [ComfyUI] [worker:ComfyUI-TRELLIS2] [FlexiDecoder] extra[0][2] feats=torch.Size([65017, 8]) on cuda:0, 0MB
  [ComfyUI] [worker:ComfyUI-TRELLIS2] [FlexiDecoder] extra[0][2] feats=torch.Size([65017, 8]) on cuda:0, 0MB
  [ComfyUI] [worker:ComfyUI-TRELLIS2] [FlexiDecoder] extra[0][3] feats=torch.Size([291161, 8]) on cuda:0, 4MB
  [ComfyUI] [worker:ComfyUI-TRELLIS2] [FlexiDecoder] extra[0][3] feats=torch.Size([291161, 8]) on cuda:0, 4MB
  [ComfyUI] [worker:ComfyUI-TRELLIS2] [FlexiDecoder] subs to CPU: alloc=69MB
  [ComfyUI] [worker:ComfyUI-TRELLIS2] [FlexiDecoder] subs to CPU: alloc=69MB
  [ComfyUI] [worker:ComfyUI-TRELLIS2] [FlexiDecoder] coords: torch.Size([1172789, 3]) cuda:0 13MB
  [ComfyUI] [worker:ComfyUI-TRELLIS2] [FlexiDecoder] coords: torch.Size([1172789, 3]) cuda:0 13MB
  [ComfyUI] [worker:ComfyUI-TRELLIS2] [FlexiDecoder] vertices.feats: torch.Size([1172789, 3]) cuda:0 6MB
  [ComfyUI] [worker:ComfyUI-TRELLIS2] [FlexiDecoder] vertices.feats: torch.Size([1172789, 3]) cuda:0 6MB
  [ComfyUI] [worker:ComfyUI-TRELLIS2] [FlexiDecoder] intersected.feats: torch.Size([1172789, 3]) cuda:0 3MB
  [ComfyUI] [worker:ComfyUI-TRELLIS2] [FlexiDecoder] intersected.feats: torch.Size([1172789, 3]) cuda:0 3MB
  [ComfyUI] [worker:ComfyUI-TRELLIS2] [FlexiDecoder] quad_lerp.feats: torch.Size([1172789, 1]) cuda:0 2MB
  [ComfyUI] [worker:ComfyUI-TRELLIS2] [FlexiDecoder] quad_lerp.feats: torch.Size([1172789, 1]) cuda:0 2MB
  [ComfyUI] [worker:ComfyUI-TRELLIS2] [FlexiDecoder] post-cleanup: alloc=69MB, starting mesh extraction
  [ComfyUI] [worker:ComfyUI-TRELLIS2] [FlexiDecoder] post-cleanup: alloc=69MB, starting mesh extraction
  [ComfyUI] 
  [ComfyUI] 
  [ComfyUI] Fast Tiled Decoding:   0%|          | 0/36 [00:00<?, ?it/s]
  [ComfyUI] Fast Tiled Decoding:   0%|          | 0/36 [00:00<?, ?it/s]
  [ComfyUI] Fast Tiled Decoding:  78%|███████▊  | 28/36 [00:00<00:00, 277.67it/s]
  [ComfyUI] Fast Tiled Decoding:  78%|███████▊  | 28/36 [00:00<00:00, 277.67it/s]
  [ComfyUI] Fast Tiled Decoding: 100%|██████████| 36/36 [00:00<00:00, 320.73it/s]
  [ComfyUI] Fast Tiled Decoding: 100%|██████████| 36/36 [00:00<00:00, 320.73it/s]
  [ComfyUI] [SubprocessWorker] callback 'report_progress' from call_id=76
  [ComfyUI] [SubprocessWorker] callback 'report_progress' from call_id=76
  [ComfyUI] [worker:ComfyUI-TRELLIS2] [VRAM] -1370MB (now 17MB) reserved=66MB peak=2616MB
  [ComfyUI] [worker:ComfyUI-TRELLIS2] [VRAM] -1370MB (now 17MB) reserved=66MB peak=2616MB
  Frame 19 saved (frame_018.jpg, t=197.9s)
  [capture-periodic] freeze=4ms shot=157ms unfreeze=3ms saved=True
  [capture-loop] iter=1700 t=198.7s state={'complete': False, 'error': None, 'executedCount': 2, 'wsState': 1} eval_ms=3 ram=15.3/31.9GB (48%) swap=2.3/15.0GB (15%) cpu=26% browser_rss=0.51GB
  [ComfyUI] [SubprocessWorker] callback 'report_progress' from call_id=76
  [ComfyUI] [SubprocessWorker] callback 'report_progress' from call_id=76
  [ComfyUI] [SubprocessWorker] callback 'report_progress' from call_id=76
  [ComfyUI] [SubprocessWorker] callback 'report_progress' from call_id=76
  [ComfyUI] [worker:ComfyUI-TRELLIS2] [TRELLIS2] Built SparseUnetVaeDecoder on CPU: dtype=torch.bfloat16, 4.1s
  [ComfyUI] [worker:ComfyUI-TRELLIS2] [TRELLIS2] Built SparseUnetVaeDecoder on CPU: dtype=torch.bfloat16, 4.1s
  [ComfyUI] [SubprocessWorker] callback 'request_vram_budget' from call_id=76
  [ComfyUI] [SubprocessWorker] callback 'request_vram_budget' from call_id=76
  [ComfyUI] [comfy-env] VRAM request: 0.95GB, free before eviction: 24.44GB
  [ComfyUI] [comfy-env] VRAM request: 0.95GB, free before eviction: 24.44GB
  [ComfyUI] [comfy-env] VRAM after eviction: 24.44GB
  [ComfyUI] [comfy-env] VRAM after eviction: 24.44GB
  [ComfyUI] [worker:ComfyUI-TRELLIS2] [VRAM] +216MB (now 233MB) reserved=282MB peak=2616MB
  [ComfyUI] [worker:ComfyUI-TRELLIS2] [VRAM] +216MB (now 233MB) reserved=282MB peak=2616MB
  [ComfyUI] [worker:ComfyUI-TRELLIS2] [TRELLIS2] tex_slat_decoder -> GPU: 0.5s
  [ComfyUI] [worker:ComfyUI-TRELLIS2] [TRELLIS2] tex_slat_decoder -> GPU: 0.5s
  [ComfyUI] [worker:ComfyUI-TRELLIS2] [vae] set max_voxels_per_tile=1000000 on 40 SparseConv3d modules
  [ComfyUI] [worker:ComfyUI-TRELLIS2] [vae] set max_voxels_per_tile=1000000 on 40 SparseConv3d modules
  [ComfyUI] [worker:ComfyUI-TRELLIS2] [UNET] level=0 block=0 SparseConvNeXtBlock3d N=2,615 ch=1024 alloc=945MB
  [ComfyUI] [worker:ComfyUI-TRELLIS2] [UNET] level=0 block=0 SparseConvNeXtBlock3d N=2,615 ch=1024 alloc=945MB
  [ComfyUI] [worker:ComfyUI-TRELLIS2] [sparse-conv] N=2,615 Ci=1024 Co=1024 feats=5MB cache=0MB (hit) w_dev=cuda:0 alloc=945MB
  [ComfyUI] [worker:ComfyUI-TRELLIS2] [sparse-conv] N=2,615 Ci=1024 Co=1024 feats=5MB cache=0MB (hit) w_dev=cuda:0 alloc=945MB
  [ComfyUI] [worker:ComfyUI-TRELLIS2] [sparse-conv] out=5MB alloc=950MB
  [ComfyUI] [worker:ComfyUI-TRELLIS2] [sparse-conv] out=5MB alloc=950MB
  [ComfyUI] [SubprocessWorker] callback 'report_progress' from call_id=76
  [ComfyUI] [SubprocessWorker] callback 'report_progress' from call_id=76
  [ComfyUI] [worker:ComfyUI-TRELLIS2] [UNET] level=0 block=1 SparseConvNeXtBlock3d N=2,615 ch=1024 alloc=945MB
  [ComfyUI] [worker:ComfyUI-TRELLIS2] [UNET] level=0 block=1 SparseConvNeXtBlock3d N=2,615 ch=1024 alloc=945MB
  [ComfyUI] [worker:ComfyUI-TRELLIS2] [sparse-conv] N=2,615 Ci=1024 Co=1024 feats=5MB cache=0MB (miss) w_dev=cuda:0 alloc=946MB
  [ComfyUI] [worker:ComfyUI-TRELLIS2] [sparse-conv] N=2,615 Ci=1024 Co=1024 feats=5MB cache=0MB (miss) w_dev=cuda:0 alloc=946MB
  [ComfyUI] [worker:ComfyUI-TRELLIS2] [sparse-conv] out=5MB alloc=951MB
  [ComfyUI] [worker:ComfyUI-TRELLIS2] [sparse-conv] out=5MB alloc=951MB
  [ComfyUI] [worker:ComfyUI-TRELLIS2] [UNET] level=0 block=2 SparseConvNeXtBlock3d N=2,615 ch=1024 alloc=945MB
  [ComfyUI] [worker:ComfyUI-TRELLIS2] [UNET] level=0 block=2 SparseConvNeXtBlock3d N=2,615 ch=1024 alloc=945MB
  [ComfyUI] [worker:ComfyUI-TRELLIS2] [sparse-conv] N=2,615 Ci=1024 Co=1024 feats=5MB cache=0MB (miss) w_dev=cuda:0 alloc=946MB
  [ComfyUI] [worker:ComfyUI-TRELLIS2] [sparse-conv] N=2,615 Ci=1024 Co=1024 feats=5MB cache=0MB (miss) w_dev=cuda:0 alloc=946MB
  [ComfyUI] [worker:ComfyUI-TRELLIS2] [sparse-conv] out=5MB alloc=951MB
  [ComfyUI] [worker:ComfyUI-TRELLIS2] [sparse-conv] out=5MB alloc=951MB
  [ComfyUI] [worker:ComfyUI-TRELLIS2] [UNET] level=0 block=3 SparseConvNeXtBlock3d N=2,615 ch=1024 alloc=945MB
  [ComfyUI] [worker:ComfyUI-TRELLIS2] [UNET] level=0 block=3 SparseConvNeXtBlock3d N=2,615 ch=1024 alloc=945MB
  [ComfyUI] [worker:ComfyUI-TRELLIS2] [sparse-conv] N=2,615 Ci=1024 Co=1024 feats=5MB cache=0MB (miss) w_dev=cuda:0 alloc=946MB
  [ComfyUI] [worker:ComfyUI-TRELLIS2] [sparse-conv] N=2,615 Ci=1024 Co=1024 feats=5MB cache=0MB (miss) w_dev=cuda:0 alloc=946MB
  [ComfyUI] [worker:ComfyUI-TRELLIS2] [sparse-conv] out=5MB alloc=951MB
  [ComfyUI] [worker:ComfyUI-TRELLIS2] [sparse-conv] out=5MB alloc=951MB
  [ComfyUI] [worker:ComfyUI-TRELLIS2] [UNET] level=0 block=4 SparseResBlockC2S3d N=2,615 ch=1024 alloc=945MB
  [ComfyUI] [worker:ComfyUI-TRELLIS2] [UNET] level=0 block=4 SparseResBlockC2S3d N=2,615 ch=1024 alloc=945MB
  [ComfyUI] [worker:ComfyUI-TRELLIS2] [C2S3d] after subdiv: alloc=945MB
  [ComfyUI] [worker:ComfyUI-TRELLIS2] [C2S3d] after subdiv: alloc=945MB
  [ComfyUI] [worker:ComfyUI-TRELLIS2] [C2S3d] after norm1: alloc=950MB
  [ComfyUI] [worker:ComfyUI-TRELLIS2] [C2S3d] after norm1: alloc=950MB
  [ComfyUI] [worker:ComfyUI-TRELLIS2] [C2S3d] pre-conv1: N=2,615 Ci=1024 Co=4096 alloc=950MB
  [ComfyUI] [worker:ComfyUI-TRELLIS2] [C2S3d] pre-conv1: N=2,615 Ci=1024 Co=4096 alloc=950MB
  [ComfyUI] [worker:ComfyUI-TRELLIS2] [C2S3d] x.feats offloaded before conv1: alloc=950MB
  [ComfyUI] [worker:ComfyUI-TRELLIS2] [C2S3d] x.feats offloaded before conv1: alloc=950MB
  [ComfyUI] [worker:ComfyUI-TRELLIS2] [sparse-conv] N=2,615 Ci=1024 Co=4096 feats=5MB cache=0MB (miss) w_dev=cuda:0 alloc=951MB
  [ComfyUI] [worker:ComfyUI-TRELLIS2] [sparse-conv] N=2,615 Ci=1024 Co=4096 feats=5MB cache=0MB (miss) w_dev=cuda:0 alloc=951MB
  [ComfyUI] [worker:ComfyUI-TRELLIS2] [sparse-conv] out=20MB alloc=971MB
  [ComfyUI] [worker:ComfyUI-TRELLIS2] [sparse-conv] out=20MB alloc=971MB
  [ComfyUI] [worker:ComfyUI-TRELLIS2] [C2S3d] post-conv1: h=torch.Size([2615, 4096]) alloc=966MB
  [ComfyUI] [worker:ComfyUI-TRELLIS2] [C2S3d] post-conv1: h=torch.Size([2615, 4096]) alloc=966MB
  [ComfyUI] [worker:ComfyUI-TRELLIS2] [C2S3d] x.feats restored from CPU: alloc=971MB
  [ComfyUI] [worker:ComfyUI-TRELLIS2] [C2S3d] x.feats restored from CPU: alloc=971MB
  [ComfyUI] [worker:ComfyUI-TRELLIS2] [C2S3d] pre-C2S(h): alloc=971MB
  [ComfyUI] [worker:ComfyUI-TRELLIS2] [C2S3d] pre-C2S(h): alloc=971MB
  [ComfyUI] [worker:ComfyUI-TRELLIS2] [C2S] scatter: 2,615�4096 -> 12,685�512 in=20MB out=12MB alloc=972MB
  [ComfyUI] [worker:ComfyUI-TRELLIS2] [C2S] scatter: 2,615�4096 -> 12,685�512 in=20MB out=12MB alloc=972MB
  [ComfyUI] [worker:ComfyUI-TRELLIS2] [C2S] scatter done: alloc=984MB
  [ComfyUI] [worker:ComfyUI-TRELLIS2] [C2S] scatter done: alloc=984MB
  [ComfyUI] [worker:ComfyUI-TRELLIS2] [C2S3d] post-C2S(h): h=torch.Size([12685, 512]) alloc=963MB
  [ComfyUI] [worker:ComfyUI-TRELLIS2] [C2S3d] post-C2S(h): h=torch.Size([12685, 512]) alloc=963MB
  [ComfyUI] [worker:ComfyUI-TRELLIS2] [C2S] scatter: 2,615�1024 -> 12,685�128 in=5MB out=3MB alloc=964MB
  [ComfyUI] [worker:ComfyUI-TRELLIS2] [C2S] scatter: 2,615�1024 -> 12,685�128 in=5MB out=3MB alloc=964MB
  [ComfyUI] [worker:ComfyUI-TRELLIS2] [C2S] scatter done: alloc=967MB
  [ComfyUI] [worker:ComfyUI-TRELLIS2] [C2S] scatter done: alloc=967MB
  [ComfyUI] [worker:ComfyUI-TRELLIS2] [C2S3d] post-C2S(x): x=torch.Size([12685, 128]) alloc=961MB
  [ComfyUI] [worker:ComfyUI-TRELLIS2] [C2S3d] post-C2S(x): x=torch.Size([12685, 128]) alloc=961MB
  [ComfyUI] [worker:ComfyUI-TRELLIS2] [C2S3d] post-C2S: N=12,685 h=512ch x=128ch alloc=961MB
  [ComfyUI] [worker:ComfyUI-TRELLIS2] [C2S3d] post-C2S: N=12,685 h=512ch x=128ch alloc=961MB
  [ComfyUI] [worker:ComfyUI-TRELLIS2] [C2S3d] x offloaded to CPU, pre-conv2: alloc=958MB
  [ComfyUI] [worker:ComfyUI-TRELLIS2] [C2S3d] x offloaded to CPU, pre-conv2: alloc=958MB
  [ComfyUI] [worker:ComfyUI-TRELLIS2] [C2S3d] after norm2: alloc=958MB
  [ComfyUI] [worker:ComfyUI-TRELLIS2] [C2S3d] after norm2: alloc=958MB
  [ComfyUI] [worker:ComfyUI-TRELLIS2] [C2S3d] after silu: alloc=958MB
  [ComfyUI] [worker:ComfyUI-TRELLIS2] [C2S3d] after silu: alloc=958MB
  [ComfyUI] [worker:ComfyUI-TRELLIS2] [sparse-conv] N=12,685 Ci=512 Co=512 feats=12MB cache=3MB (miss) w_dev=cuda:0 alloc=962MB
  [ComfyUI] [worker:ComfyUI-TRELLIS2] [sparse-conv] N=12,685 Ci=512 Co=512 feats=12MB cache=3MB (miss) w_dev=cuda:0 alloc=962MB
  [ComfyUI] [worker:ComfyUI-TRELLIS2] [sparse-conv] out=12MB alloc=974MB
  [ComfyUI] [worker:ComfyUI-TRELLIS2] [sparse-conv] out=12MB alloc=974MB
  [ComfyUI] [worker:ComfyUI-TRELLIS2] [C2S3d] post-conv2: alloc=962MB
  [ComfyUI] [worker:ComfyUI-TRELLIS2] [C2S3d] post-conv2: alloc=962MB
  [ComfyUI] [worker:ComfyUI-TRELLIS2] [C2S3d] post-conv2 (cache cleared): alloc=958MB
  [ComfyUI] [worker:ComfyUI-TRELLIS2] [C2S3d] post-conv2 (cache cleared): alloc=958MB
  [ComfyUI] [worker:ComfyUI-TRELLIS2] [C2S3d] after skip expand: alloc=970MB
  [ComfyUI] [worker:ComfyUI-TRELLIS2] [C2S3d] after skip expand: alloc=970MB
  [ComfyUI] [worker:ComfyUI-TRELLIS2] [C2S3d] post-skip: alloc=958MB
  [ComfyUI] [worker:ComfyUI-TRELLIS2] [C2S3d] post-skip: alloc=958MB
  [ComfyUI] [SubprocessWorker] callback 'report_progress' from call_id=76
  [ComfyUI] [SubprocessWorker] callback 'report_progress' from call_id=76
  [ComfyUI] [worker:ComfyUI-TRELLIS2] [UNET] level=1 block=0 SparseConvNeXtBlock3d N=12,685 ch=512 alloc=952MB
  [ComfyUI] [worker:ComfyUI-TRELLIS2] [UNET] level=1 block=0 SparseConvNeXtBlock3d N=12,685 ch=512 alloc=952MB
  [ComfyUI] [worker:ComfyUI-TRELLIS2] [sparse-conv] N=12,685 Ci=512 Co=512 feats=12MB cache=3MB (miss) w_dev=cuda:0 alloc=956MB
  [ComfyUI] [worker:ComfyUI-TRELLIS2] [sparse-conv] N=12,685 Ci=512 Co=512 feats=12MB cache=3MB (miss) w_dev=cuda:0 alloc=956MB
  [ComfyUI] [worker:ComfyUI-TRELLIS2] [sparse-conv] out=12MB alloc=968MB
  [ComfyUI] [worker:ComfyUI-TRELLIS2] [sparse-conv] out=12MB alloc=968MB
  [ComfyUI] [worker:ComfyUI-TRELLIS2] [UNET] level=1 block=1 SparseConvNeXtBlock3d N=12,685 ch=512 alloc=952MB
  [ComfyUI] [worker:ComfyUI-TRELLIS2] [UNET] level=1 block=1 SparseConvNeXtBlock3d N=12,685 ch=512 alloc=952MB
  [ComfyUI] [worker:ComfyUI-TRELLIS2] [sparse-conv] N=12,685 Ci=512 Co=512 feats=12MB cache=3MB (miss) w_dev=cuda:0 alloc=956MB
  [ComfyUI] [worker:ComfyUI-TRELLIS2] [sparse-conv] N=12,685 Ci=512 Co=512 feats=12MB cache=3MB (miss) w_dev=cuda:0 alloc=956MB
  [ComfyUI] [worker:ComfyUI-TRELLIS2] [sparse-conv] out=12MB alloc=968MB
  [ComfyUI] [worker:ComfyUI-TRELLIS2] [sparse-conv] out=12MB alloc=968MB
  [ComfyUI] [worker:ComfyUI-TRELLIS2] [UNET] level=1 block=2 SparseConvNeXtBlock3d N=12,685 ch=512 alloc=952MB
  [ComfyUI] [worker:ComfyUI-TRELLIS2] [UNET] level=1 block=2 SparseConvNeXtBlock3d N=12,685 ch=512 alloc=952MB
  [ComfyUI] [worker:ComfyUI-TRELLIS2] [sparse-conv] N=12,685 Ci=512 Co=512 feats=12MB cache=3MB (miss) w_dev=cuda:0 alloc=956MB
  [ComfyUI] [worker:ComfyUI-TRELLIS2] [sparse-conv] N=12,685 Ci=512 Co=512 feats=12MB cache=3MB (miss) w_dev=cuda:0 alloc=956MB
  [ComfyUI] [worker:ComfyUI-TRELLIS2] [sparse-conv] out=12MB alloc=968MB
  [ComfyUI] [worker:ComfyUI-TRELLIS2] [sparse-conv] out=12MB alloc=968MB
  [ComfyUI] [worker:ComfyUI-TRELLIS2] [UNET] level=1 block=3 SparseConvNeXtBlock3d N=12,685 ch=512 alloc=952MB
  [ComfyUI] [worker:ComfyUI-TRELLIS2] [UNET] level=1 block=3 SparseConvNeXtBlock3d N=12,685 ch=512 alloc=952MB
  [ComfyUI] [worker:ComfyUI-TRELLIS2] [sparse-conv] N=12,685 Ci=512 Co=512 feats=12MB cache=3MB (miss) w_dev=cuda:0 alloc=956MB
  [ComfyUI] [worker:ComfyUI-TRELLIS2] [sparse-conv] N=12,685 Ci=512 Co=512 feats=12MB cache=3MB (miss) w_dev=cuda:0 alloc=956MB
  [ComfyUI] [worker:ComfyUI-TRELLIS2] [sparse-conv] out=12MB alloc=968MB
  [ComfyUI] [worker:ComfyUI-TRELLIS2] [sparse-conv] out=12MB alloc=968MB
  [ComfyUI] [worker:ComfyUI-TRELLIS2] [UNET] level=1 block=4 SparseConvNeXtBlock3d N=12,685 ch=512 alloc=952MB
  [ComfyUI] [worker:ComfyUI-TRELLIS2] [UNET] level=1 block=4 SparseConvNeXtBlock3d N=12,685 ch=512 alloc=952MB
  [ComfyUI] [worker:ComfyUI-TRELLIS2] [sparse-conv] N=12,685 Ci=512 Co=512 feats=12MB cache=3MB (miss) w_dev=cuda:0 alloc=956MB
  [ComfyUI] [worker:ComfyUI-TRELLIS2] [sparse-conv] N=12,685 Ci=512 Co=512 feats=12MB cache=3MB (miss) w_dev=cuda:0 alloc=956MB
  [ComfyUI] [worker:ComfyUI-TRELLIS2] [sparse-conv] out=12MB alloc=968MB
  [ComfyUI] [worker:ComfyUI-TRELLIS2] [sparse-conv] out=12MB alloc=968MB
  [ComfyUI] [SubprocessWorker] callback 'report_progress' from call_id=76
  [ComfyUI] [SubprocessWorker] callback 'report_progress' from call_id=76
  [ComfyUI] [worker:ComfyUI-TRELLIS2] [UNET] level=1 block=5 SparseConvNeXtBlock3d N=12,685 ch=512 alloc=952MB
  [ComfyUI] [worker:ComfyUI-TRELLIS2] [UNET] level=1 block=5 SparseConvNeXtBlock3d N=12,685 ch=512 alloc=952MB
  [ComfyUI] [worker:ComfyUI-TRELLIS2] [sparse-conv] N=12,685 Ci=512 Co=512 feats=12MB cache=3MB (miss) w_dev=cuda:0 alloc=956MB
  [ComfyUI] [worker:ComfyUI-TRELLIS2] [sparse-conv] N=12,685 Ci=512 Co=512 feats=12MB cache=3MB (miss) w_dev=cuda:0 alloc=956MB
  [ComfyUI] [worker:ComfyUI-TRELLIS2] [sparse-conv] out=12MB alloc=968MB
  [ComfyUI] [worker:ComfyUI-TRELLIS2] [sparse-conv] out=12MB alloc=968MB
  [ComfyUI] [worker:ComfyUI-TRELLIS2] [UNET] level=1 block=6 SparseConvNeXtBlock3d N=12,685 ch=512 alloc=952MB
  [ComfyUI] [worker:ComfyUI-TRELLIS2] [UNET] level=1 block=6 SparseConvNeXtBlock3d N=12,685 ch=512 alloc=952MB
  [ComfyUI] [worker:ComfyUI-TRELLIS2] [sparse-conv] N=12,685 Ci=512 Co=512 feats=12MB cache=3MB (miss) w_dev=cuda:0 alloc=956MB
  [ComfyUI] [worker:ComfyUI-TRELLIS2] [sparse-conv] N=12,685 Ci=512 Co=512 feats=12MB cache=3MB (miss) w_dev=cuda:0 alloc=956MB
  [ComfyUI] [worker:ComfyUI-TRELLIS2] [sparse-conv] out=12MB alloc=968MB
  [ComfyUI] [worker:ComfyUI-TRELLIS2] [sparse-conv] out=12MB alloc=968MB
  [ComfyUI] [worker:ComfyUI-TRELLIS2] [UNET] level=1 block=7 SparseConvNeXtBlock3d N=12,685 ch=512 alloc=952MB
  [ComfyUI] [worker:ComfyUI-TRELLIS2] [UNET] level=1 block=7 SparseConvNeXtBlock3d N=12,685 ch=512 alloc=952MB
  [ComfyUI] [worker:ComfyUI-TRELLIS2] [sparse-conv] N=12,685 Ci=512 Co=512 feats=12MB cache=3MB (miss) w_dev=cuda:0 alloc=956MB
  [ComfyUI] [worker:ComfyUI-TRELLIS2] [sparse-conv] N=12,685 Ci=512 Co=512 feats=12MB cache=3MB (miss) w_dev=cuda:0 alloc=956MB
  [ComfyUI] [worker:ComfyUI-TRELLIS2] [sparse-conv] out=12MB alloc=968MB
  [ComfyUI] [worker:ComfyUI-TRELLIS2] [sparse-conv] out=12MB alloc=968MB
  [ComfyUI] [worker:ComfyUI-TRELLIS2] [UNET] level=1 block=8 SparseConvNeXtBlock3d N=12,685 ch=512 alloc=952MB
  [ComfyUI] [worker:ComfyUI-TRELLIS2] [UNET] level=1 block=8 SparseConvNeXtBlock3d N=12,685 ch=512 alloc=952MB
  [ComfyUI] [worker:ComfyUI-TRELLIS2] [sparse-conv] N=12,685 Ci=512 Co=512 feats=12MB cache=3MB (miss) w_dev=cuda:0 alloc=956MB
  [ComfyUI] [worker:ComfyUI-TRELLIS2] [sparse-conv] N=12,685 Ci=512 Co=512 feats=12MB cache=3MB (miss) w_dev=cuda:0 alloc=956MB
  [ComfyUI] [worker:ComfyUI-TRELLIS2] [sparse-conv] out=12MB alloc=968MB
  [ComfyUI] [worker:ComfyUI-TRELLIS2] [sparse-conv] out=12MB alloc=968MB
  [ComfyUI] [worker:ComfyUI-TRELLIS2] [UNET] level=1 block=9 SparseConvNeXtBlock3d N=12,685 ch=512 alloc=952MB
  [ComfyUI] [worker:ComfyUI-TRELLIS2] [UNET] level=1 block=9 SparseConvNeXtBlock3d N=12,685 ch=512 alloc=952MB
  [ComfyUI] [worker:ComfyUI-TRELLIS2] [sparse-conv] N=12,685 Ci=512 Co=512 feats=12MB cache=3MB (miss) w_dev=cuda:0 alloc=956MB
  [ComfyUI] [worker:ComfyUI-TRELLIS2] [sparse-conv] N=12,685 Ci=512 Co=512 feats=12MB cache=3MB (miss) w_dev=cuda:0 alloc=956MB
  [ComfyUI] [worker:ComfyUI-TRELLIS2] [sparse-conv] out=12MB alloc=968MB
  [ComfyUI] [worker:ComfyUI-TRELLIS2] [sparse-conv] out=12MB alloc=968MB
  [ComfyUI] [SubprocessWorker] callback 'report_progress' from call_id=76
  [ComfyUI] [SubprocessWorker] callback 'report_progress' from call_id=76
  [ComfyUI] [worker:ComfyUI-TRELLIS2] [UNET] level=1 block=10 SparseConvNeXtBlock3d N=12,685 ch=512 alloc=952MB
  [ComfyUI] [worker:ComfyUI-TRELLIS2] [UNET] level=1 block=10 SparseConvNeXtBlock3d N=12,685 ch=512 alloc=952MB
  [ComfyUI] [worker:ComfyUI-TRELLIS2] [sparse-conv] N=12,685 Ci=512 Co=512 feats=12MB cache=3MB (miss) w_dev=cuda:0 alloc=956MB
  [ComfyUI] [worker:ComfyUI-TRELLIS2] [sparse-conv] N=12,685 Ci=512 Co=512 feats=12MB cache=3MB (miss) w_dev=cuda:0 alloc=956MB
  [ComfyUI] [worker:ComfyUI-TRELLIS2] [sparse-conv] out=12MB alloc=968MB
  [ComfyUI] [worker:ComfyUI-TRELLIS2] [sparse-conv] out=12MB alloc=968MB
  [ComfyUI] [worker:ComfyUI-TRELLIS2] [UNET] level=1 block=11 SparseConvNeXtBlock3d N=12,685 ch=512 alloc=952MB
  [ComfyUI] [worker:ComfyUI-TRELLIS2] [UNET] level=1 block=11 SparseConvNeXtBlock3d N=12,685 ch=512 alloc=952MB
  [ComfyUI] [worker:ComfyUI-TRELLIS2] [sparse-conv] N=12,685 Ci=512 Co=512 feats=12MB cache=3MB (miss) w_dev=cuda:0 alloc=956MB
  [ComfyUI] [worker:ComfyUI-TRELLIS2] [sparse-conv] N=12,685 Ci=512 Co=512 feats=12MB cache=3MB (miss) w_dev=cuda:0 alloc=956MB
  [ComfyUI] [worker:ComfyUI-TRELLIS2] [sparse-conv] out=12MB alloc=968MB
  [ComfyUI] [worker:ComfyUI-TRELLIS2] [sparse-conv] out=12MB alloc=968MB
  [ComfyUI] [worker:ComfyUI-TRELLIS2] [UNET] level=1 block=12 SparseConvNeXtBlock3d N=12,685 ch=512 alloc=952MB
  [ComfyUI] [worker:ComfyUI-TRELLIS2] [UNET] level=1 block=12 SparseConvNeXtBlock3d N=12,685 ch=512 alloc=952MB
  [ComfyUI] [worker:ComfyUI-TRELLIS2] [sparse-conv] N=12,685 Ci=512 Co=512 feats=12MB cache=3MB (miss) w_dev=cuda:0 alloc=956MB
  [ComfyUI] [worker:ComfyUI-TRELLIS2] [sparse-conv] N=12,685 Ci=512 Co=512 feats=12MB cache=3MB (miss) w_dev=cuda:0 alloc=956MB
  [ComfyUI] [worker:ComfyUI-TRELLIS2] [sparse-conv] out=12MB alloc=968MB
  [ComfyUI] [worker:ComfyUI-TRELLIS2] [sparse-conv] out=12MB alloc=968MB
  [ComfyUI] [worker:ComfyUI-TRELLIS2] [UNET] level=1 block=13 SparseConvNeXtBlock3d N=12,685 ch=512 alloc=952MB
  [ComfyUI] [worker:ComfyUI-TRELLIS2] [UNET] level=1 block=13 SparseConvNeXtBlock3d N=12,685 ch=512 alloc=952MB
  [ComfyUI] [worker:ComfyUI-TRELLIS2] [sparse-conv] N=12,685 Ci=512 Co=512 feats=12MB cache=3MB (miss) w_dev=cuda:0 alloc=956MB
  [ComfyUI] [worker:ComfyUI-TRELLIS2] [sparse-conv] N=12,685 Ci=512 Co=512 feats=12MB cache=3MB (miss) w_dev=cuda:0 alloc=956MB
  [ComfyUI] [worker:ComfyUI-TRELLIS2] [sparse-conv] out=12MB alloc=968MB
  [ComfyUI] [worker:ComfyUI-TRELLIS2] [sparse-conv] out=12MB alloc=968MB
  [ComfyUI] [worker:ComfyUI-TRELLIS2] [UNET] level=1 block=14 SparseConvNeXtBlock3d N=12,685 ch=512 alloc=952MB
  [ComfyUI] [worker:ComfyUI-TRELLIS2] [UNET] level=1 block=14 SparseConvNeXtBlock3d N=12,685 ch=512 alloc=952MB
  [ComfyUI] [worker:ComfyUI-TRELLIS2] [sparse-conv] N=12,685 Ci=512 Co=512 feats=12MB cache=3MB (miss) w_dev=cuda:0 alloc=956MB
  [ComfyUI] [worker:ComfyUI-TRELLIS2] [sparse-conv] N=12,685 Ci=512 Co=512 feats=12MB cache=3MB (miss) w_dev=cuda:0 alloc=956MB
  [ComfyUI] [worker:ComfyUI-TRELLIS2] [sparse-conv] out=12MB alloc=968MB
  [ComfyUI] [worker:ComfyUI-TRELLIS2] [sparse-conv] out=12MB alloc=968MB
  [ComfyUI] [worker:ComfyUI-TRELLIS2] [UNET] level=1 block=15 SparseConvNeXtBlock3d N=12,685 ch=512 alloc=952MB
  [ComfyUI] [worker:ComfyUI-TRELLIS2] [UNET] level=1 block=15 SparseConvNeXtBlock3d N=12,685 ch=512 alloc=952MB
  [ComfyUI] [worker:ComfyUI-TRELLIS2] [sparse-conv] N=12,685 Ci=512 Co=512 feats=12MB cache=3MB (miss) w_dev=cuda:0 alloc=956MB
  [ComfyUI] [worker:ComfyUI-TRELLIS2] [sparse-conv] N=12,685 Ci=512 Co=512 feats=12MB cache=3MB (miss) w_dev=cuda:0 alloc=956MB
  [ComfyUI] [worker:ComfyUI-TRELLIS2] [sparse-conv] out=12MB alloc=968MB
  [ComfyUI] [worker:ComfyUI-TRELLIS2] [sparse-conv] out=12MB alloc=968MB
  [ComfyUI] [worker:ComfyUI-TRELLIS2] [UNET] level=1 block=16 SparseResBlockC2S3d N=12,685 ch=512 alloc=952MB
  [ComfyUI] [worker:ComfyUI-TRELLIS2] [UNET] level=1 block=16 SparseResBlockC2S3d N=12,685 ch=512 alloc=952MB
  [ComfyUI] [worker:ComfyUI-TRELLIS2] [C2S3d] after subdiv: alloc=952MB
  [ComfyUI] [worker:ComfyUI-TRELLIS2] [C2S3d] after subdiv: alloc=952MB
  [ComfyUI] [worker:ComfyUI-TRELLIS2] [C2S3d] after norm1: alloc=965MB
  [ComfyUI] [worker:ComfyUI-TRELLIS2] [C2S3d] after norm1: alloc=965MB
  [ComfyUI] [worker:ComfyUI-TRELLIS2] [C2S3d] pre-conv1: N=12,685 Ci=512 Co=2048 alloc=965MB
  [ComfyUI] [worker:ComfyUI-TRELLIS2] [C2S3d] pre-conv1: N=12,685 Ci=512 Co=2048 alloc=965MB
  [ComfyUI] [worker:ComfyUI-TRELLIS2] [C2S3d] x.feats offloaded before conv1: alloc=965MB
  [ComfyUI] [worker:ComfyUI-TRELLIS2] [C2S3d] x.feats offloaded before conv1: alloc=965MB
  [ComfyUI] [worker:ComfyUI-TRELLIS2] [sparse-conv] N=12,685 Ci=512 Co=2048 feats=12MB cache=3MB (miss) w_dev=cuda:0 alloc=968MB
  [ComfyUI] [worker:ComfyUI-TRELLIS2] [sparse-conv] N=12,685 Ci=512 Co=2048 feats=12MB cache=3MB (miss) w_dev=cuda:0 alloc=968MB
  [ComfyUI] [worker:ComfyUI-TRELLIS2] [sparse-conv] out=49MB alloc=1018MB
  [ComfyUI] [worker:ComfyUI-TRELLIS2] [sparse-conv] out=49MB alloc=1018MB
  [ComfyUI] [worker:ComfyUI-TRELLIS2] [C2S3d] post-conv1: h=torch.Size([12685, 2048]) alloc=1006MB
  [ComfyUI] [worker:ComfyUI-TRELLIS2] [C2S3d] post-conv1: h=torch.Size([12685, 2048]) alloc=1006MB
  [ComfyUI] [worker:ComfyUI-TRELLIS2] [C2S3d] x.feats restored from CPU: alloc=1018MB
  [ComfyUI] [worker:ComfyUI-TRELLIS2] [C2S3d] x.feats restored from CPU: alloc=1018MB
  [ComfyUI] [worker:ComfyUI-TRELLIS2] [C2S3d] pre-C2S(h): alloc=1018MB
  [ComfyUI] [worker:ComfyUI-TRELLIS2] [C2S3d] pre-C2S(h): alloc=1018MB
  [ComfyUI] [worker:ComfyUI-TRELLIS2] [C2S] scatter: 12,685�2048 -> 65,017�256 in=49MB out=31MB alloc=1021MB
  [ComfyUI] [worker:ComfyUI-TRELLIS2] [C2S] scatter: 12,685�2048 -> 65,017�256 in=49MB out=31MB alloc=1021MB
  [ComfyUI] [worker:ComfyUI-TRELLIS2] [C2S] scatter done: alloc=1053MB
  [ComfyUI] [worker:ComfyUI-TRELLIS2] [C2S] scatter done: alloc=1053MB
  [ComfyUI] [worker:ComfyUI-TRELLIS2] [C2S3d] post-C2S(h): h=torch.Size([65017, 256]) alloc=1001MB
  [ComfyUI] [worker:ComfyUI-TRELLIS2] [C2S3d] post-C2S(h): h=torch.Size([65017, 256]) alloc=1001MB
  [ComfyUI] [worker:ComfyUI-TRELLIS2] [C2S] scatter: 12,685�512 -> 65,017�64 in=12MB out=7MB alloc=1004MB
  [ComfyUI] [worker:ComfyUI-TRELLIS2] [C2S] scatter: 12,685�512 -> 65,017�64 in=12MB out=7MB alloc=1004MB
  [ComfyUI] [worker:ComfyUI-TRELLIS2] [C2S] scatter done: alloc=1012MB
  [ComfyUI] [worker:ComfyUI-TRELLIS2] [C2S] scatter done: alloc=1012MB
  [ComfyUI] [worker:ComfyUI-TRELLIS2] [C2S3d] post-C2S(x): x=torch.Size([65017, 64]) alloc=998MB
  [ComfyUI] [worker:ComfyUI-TRELLIS2] [C2S3d] post-C2S(x): x=torch.Size([65017, 64]) alloc=998MB
  [ComfyUI] [worker:ComfyUI-TRELLIS2] [C2S3d] post-C2S: N=65,017 h=256ch x=64ch alloc=998MB
  [ComfyUI] [worker:ComfyUI-TRELLIS2] [C2S3d] post-C2S: N=65,017 h=256ch x=64ch alloc=998MB
  [ComfyUI] [worker:ComfyUI-TRELLIS2] [C2S3d] x offloaded to CPU, pre-conv2: alloc=989MB
  [ComfyUI] [worker:ComfyUI-TRELLIS2] [C2S3d] x offloaded to CPU, pre-conv2: alloc=989MB
  [ComfyUI] [worker:ComfyUI-TRELLIS2] [C2S3d] after norm2: alloc=989MB
  [ComfyUI] [worker:ComfyUI-TRELLIS2] [C2S3d] after norm2: alloc=989MB
  [ComfyUI] [worker:ComfyUI-TRELLIS2] [C2S3d] after silu: alloc=989MB
  [ComfyUI] [worker:ComfyUI-TRELLIS2] [C2S3d] after silu: alloc=989MB
  [ComfyUI] [worker:ComfyUI-TRELLIS2] [sparse-conv] N=65,017 Ci=256 Co=256 feats=31MB cache=17MB (miss) w_dev=cuda:0 alloc=1007MB
  [ComfyUI] [worker:ComfyUI-TRELLIS2] [sparse-conv] N=65,017 Ci=256 Co=256 feats=31MB cache=17MB (miss) w_dev=cuda:0 alloc=1007MB
  [ComfyUI] [worker:ComfyUI-TRELLIS2] [sparse-conv] out=31MB alloc=1039MB
  [ComfyUI] [worker:ComfyUI-TRELLIS2] [sparse-conv] out=31MB alloc=1039MB
  [ComfyUI] [worker:ComfyUI-TRELLIS2] [C2S3d] post-conv2: alloc=1007MB
  [ComfyUI] [worker:ComfyUI-TRELLIS2] [C2S3d] post-conv2: alloc=1007MB
  [ComfyUI] [worker:ComfyUI-TRELLIS2] [C2S3d] post-conv2 (cache cleared): alloc=989MB
  [ComfyUI] [worker:ComfyUI-TRELLIS2] [C2S3d] post-conv2 (cache cleared): alloc=989MB
  [ComfyUI] [worker:ComfyUI-TRELLIS2] [C2S3d] after skip expand: alloc=1021MB
  [ComfyUI] [worker:ComfyUI-TRELLIS2] [C2S3d] after skip expand: alloc=1021MB
  [ComfyUI] [worker:ComfyUI-TRELLIS2] [C2S3d] post-skip: alloc=989MB
  [ComfyUI] [worker:ComfyUI-TRELLIS2] [C2S3d] post-skip: alloc=989MB
  [ComfyUI] [SubprocessWorker] callback 'report_progress' from call_id=76
  [ComfyUI] [SubprocessWorker] callback 'report_progress' from call_id=76
  [ComfyUI] [worker:ComfyUI-TRELLIS2] [UNET] level=2 block=0 SparseConvNeXtBlock3d N=65,017 ch=256 alloc=973MB
  [ComfyUI] [worker:ComfyUI-TRELLIS2] [UNET] level=2 block=0 SparseConvNeXtBlock3d N=65,017 ch=256 alloc=973MB
  [ComfyUI] [worker:ComfyUI-TRELLIS2] [sparse-conv] N=65,017 Ci=256 Co=256 feats=31MB cache=17MB (miss) w_dev=cuda:0 alloc=991MB
  [ComfyUI] [worker:ComfyUI-TRELLIS2] [sparse-conv] N=65,017 Ci=256 Co=256 feats=31MB cache=17MB (miss) w_dev=cuda:0 alloc=991MB
  [ComfyUI] [worker:ComfyUI-TRELLIS2] [sparse-conv] out=31MB alloc=1023MB
  [ComfyUI] [worker:ComfyUI-TRELLIS2] [sparse-conv] out=31MB alloc=1023MB
  [ComfyUI] [worker:ComfyUI-TRELLIS2] [UNET] level=2 block=1 SparseConvNeXtBlock3d N=65,017 ch=256 alloc=973MB
  [ComfyUI] [worker:ComfyUI-TRELLIS2] [UNET] level=2 block=1 SparseConvNeXtBlock3d N=65,017 ch=256 alloc=973MB
  [ComfyUI] [worker:ComfyUI-TRELLIS2] [sparse-conv] N=65,017 Ci=256 Co=256 feats=31MB cache=17MB (miss) w_dev=cuda:0 alloc=991MB
  [ComfyUI] [worker:ComfyUI-TRELLIS2] [sparse-conv] N=65,017 Ci=256 Co=256 feats=31MB cache=17MB (miss) w_dev=cuda:0 alloc=991MB
  [ComfyUI] [worker:ComfyUI-TRELLIS2] [sparse-conv] out=31MB alloc=1023MB
  [ComfyUI] [worker:ComfyUI-TRELLIS2] [sparse-conv] out=31MB alloc=1023MB
  [ComfyUI] [worker:ComfyUI-TRELLIS2] [UNET] level=2 block=2 SparseConvNeXtBlock3d N=65,017 ch=256 alloc=973MB
  [ComfyUI] [worker:ComfyUI-TRELLIS2] [UNET] level=2 block=2 SparseConvNeXtBlock3d N=65,017 ch=256 alloc=973MB
  [ComfyUI] [worker:ComfyUI-TRELLIS2] [sparse-conv] N=65,017 Ci=256 Co=256 feats=31MB cache=17MB (miss) w_dev=cuda:0 alloc=991MB
  [ComfyUI] [worker:ComfyUI-TRELLIS2] [sparse-conv] N=65,017 Ci=256 Co=256 feats=31MB cache=17MB (miss) w_dev=cuda:0 alloc=991MB
  [ComfyUI] [worker:ComfyUI-TRELLIS2] [sparse-conv] out=31MB alloc=1023MB
  [ComfyUI] [worker:ComfyUI-TRELLIS2] [sparse-conv] out=31MB alloc=1023MB
  [ComfyUI] [worker:ComfyUI-TRELLIS2] [VRAM] +789MB (now 1023MB) reserved=1280MB peak=2616MB
  [ComfyUI] [worker:ComfyUI-TRELLIS2] [VRAM] +789MB (now 1023MB) reserved=1280MB peak=2616MB
  [ComfyUI] [worker:ComfyUI-TRELLIS2] [UNET] level=2 block=3 SparseConvNeXtBlock3d N=65,017 ch=256 alloc=973MB
  [ComfyUI] [worker:ComfyUI-TRELLIS2] [UNET] level=2 block=3 SparseConvNeXtBlock3d N=65,017 ch=256 alloc=973MB
  [ComfyUI] [worker:ComfyUI-TRELLIS2] [sparse-conv] N=65,017 Ci=256 Co=256 feats=31MB cache=17MB (miss) w_dev=cuda:0 alloc=991MB
  [ComfyUI] [worker:ComfyUI-TRELLIS2] [sparse-conv] N=65,017 Ci=256 Co=256 feats=31MB cache=17MB (miss) w_dev=cuda:0 alloc=991MB
  [ComfyUI] [worker:ComfyUI-TRELLIS2] [sparse-conv] out=31MB alloc=1023MB
  [ComfyUI] [worker:ComfyUI-TRELLIS2] [sparse-conv] out=31MB alloc=1023MB
  [ComfyUI] [worker:ComfyUI-TRELLIS2] [UNET] level=2 block=4 SparseConvNeXtBlock3d N=65,017 ch=256 alloc=973MB
  [ComfyUI] [worker:ComfyUI-TRELLIS2] [UNET] level=2 block=4 SparseConvNeXtBlock3d N=65,017 ch=256 alloc=973MB
  [ComfyUI] [worker:ComfyUI-TRELLIS2] [sparse-conv] N=65,017 Ci=256 Co=256 feats=31MB cache=17MB (miss) w_dev=cuda:0 alloc=991MB
  [ComfyUI] [worker:ComfyUI-TRELLIS2] [sparse-conv] N=65,017 Ci=256 Co=256 feats=31MB cache=17MB (miss) w_dev=cuda:0 alloc=991MB
  [ComfyUI] [worker:ComfyUI-TRELLIS2] [sparse-conv] out=31MB alloc=1023MB
  [ComfyUI] [worker:ComfyUI-TRELLIS2] [sparse-conv] out=31MB alloc=1023MB
  [ComfyUI] [worker:ComfyUI-TRELLIS2] [UNET] level=2 block=5 SparseConvNeXtBlock3d N=65,017 ch=256 alloc=973MB
  [ComfyUI] [worker:ComfyUI-TRELLIS2] [UNET] level=2 block=5 SparseConvNeXtBlock3d N=65,017 ch=256 alloc=973MB
  [ComfyUI] [worker:ComfyUI-TRELLIS2] [sparse-conv] N=65,017 Ci=256 Co=256 feats=31MB cache=17MB (miss) w_dev=cuda:0 alloc=991MB
  [ComfyUI] [worker:ComfyUI-TRELLIS2] [sparse-conv] N=65,017 Ci=256 Co=256 feats=31MB cache=17MB (miss) w_dev=cuda:0 alloc=991MB
  [ComfyUI] [worker:ComfyUI-TRELLIS2] [sparse-conv] out=31MB alloc=1023MB
  [ComfyUI] [worker:ComfyUI-TRELLIS2] [sparse-conv] out=31MB alloc=1023MB
  [ComfyUI] [worker:ComfyUI-TRELLIS2] [UNET] level=2 block=6 SparseConvNeXtBlock3d N=65,017 ch=256 alloc=973MB
  [ComfyUI] [worker:ComfyUI-TRELLIS2] [UNET] level=2 block=6 SparseConvNeXtBlock3d N=65,017 ch=256 alloc=973MB
  [ComfyUI] [worker:ComfyUI-TRELLIS2] [sparse-conv] N=65,017 Ci=256 Co=256 feats=31MB cache=17MB (miss) w_dev=cuda:0 alloc=991MB
  [ComfyUI] [worker:ComfyUI-TRELLIS2] [sparse-conv] N=65,017 Ci=256 Co=256 feats=31MB cache=17MB (miss) w_dev=cuda:0 alloc=991MB
  [ComfyUI] [worker:ComfyUI-TRELLIS2] [sparse-conv] out=31MB alloc=1023MB
  [ComfyUI] [worker:ComfyUI-TRELLIS2] [sparse-conv] out=31MB alloc=1023MB
  [ComfyUI] [worker:ComfyUI-TRELLIS2] [UNET] level=2 block=7 SparseConvNeXtBlock3d N=65,017 ch=256 alloc=973MB
  [ComfyUI] [worker:ComfyUI-TRELLIS2] [UNET] level=2 block=7 SparseConvNeXtBlock3d N=65,017 ch=256 alloc=973MB
  [ComfyUI] [worker:ComfyUI-TRELLIS2] [sparse-conv] N=65,017 Ci=256 Co=256 feats=31MB cache=17MB (miss) w_dev=cuda:0 alloc=991MB
  [ComfyUI] [worker:ComfyUI-TRELLIS2] [sparse-conv] N=65,017 Ci=256 Co=256 feats=31MB cache=17MB (miss) w_dev=cuda:0 alloc=991MB
  [ComfyUI] [worker:ComfyUI-TRELLIS2] [sparse-conv] out=31MB alloc=1023MB
  [ComfyUI] [worker:ComfyUI-TRELLIS2] [sparse-conv] out=31MB alloc=1023MB
  [ComfyUI] [SubprocessWorker] callback 'report_progress' from call_id=76
  [ComfyUI] [SubprocessWorker] callback 'report_progress' from call_id=76
  [ComfyUI] [worker:ComfyUI-TRELLIS2] [UNET] level=2 block=8 SparseResBlockC2S3d N=65,017 ch=256 alloc=973MB
  [ComfyUI] [worker:ComfyUI-TRELLIS2] [UNET] level=2 block=8 SparseResBlockC2S3d N=65,017 ch=256 alloc=973MB
  [ComfyUI] [worker:ComfyUI-TRELLIS2] [C2S3d] after subdiv: alloc=973MB
  [ComfyUI] [worker:ComfyUI-TRELLIS2] [C2S3d] after subdiv: alloc=973MB
  [ComfyUI] [worker:ComfyUI-TRELLIS2] [C2S3d] after norm1: alloc=1005MB
  [ComfyUI] [worker:ComfyUI-TRELLIS2] [C2S3d] after norm1: alloc=1005MB
  [ComfyUI] [worker:ComfyUI-TRELLIS2] [C2S3d] pre-conv1: N=65,017 Ci=256 Co=1024 alloc=1005MB
  [ComfyUI] [worker:ComfyUI-TRELLIS2] [C2S3d] pre-conv1: N=65,017 Ci=256 Co=1024 alloc=1005MB
  [ComfyUI] [worker:ComfyUI-TRELLIS2] [C2S3d] x.feats offloaded before conv1: alloc=1005MB
  [ComfyUI] [worker:ComfyUI-TRELLIS2] [C2S3d] x.feats offloaded before conv1: alloc=1005MB
  [ComfyUI] [worker:ComfyUI-TRELLIS2] [sparse-conv] N=65,017 Ci=256 Co=1024 feats=31MB cache=17MB (miss) w_dev=cuda:0 alloc=1023MB
  [ComfyUI] [worker:ComfyUI-TRELLIS2] [sparse-conv] N=65,017 Ci=256 Co=1024 feats=31MB cache=17MB (miss) w_dev=cuda:0 alloc=1023MB
  [ComfyUI] [worker:ComfyUI-TRELLIS2] [sparse-conv] out=126MB alloc=1150MB
  [ComfyUI] [worker:ComfyUI-TRELLIS2] [sparse-conv] out=126MB alloc=1150MB
  [ComfyUI] [worker:ComfyUI-TRELLIS2] [C2S3d] post-conv1: h=torch.Size([65017, 1024]) alloc=1118MB
  [ComfyUI] [worker:ComfyUI-TRELLIS2] [C2S3d] post-conv1: h=torch.Size([65017, 1024]) alloc=1118MB
  [ComfyUI] [worker:ComfyUI-TRELLIS2] [C2S3d] x.feats restored from CPU: alloc=1150MB
  [ComfyUI] [worker:ComfyUI-TRELLIS2] [C2S3d] x.feats restored from CPU: alloc=1150MB
  [ComfyUI] [worker:ComfyUI-TRELLIS2] [C2S3d] pre-C2S(h): alloc=1150MB
  [ComfyUI] [worker:ComfyUI-TRELLIS2] [C2S3d] pre-C2S(h): alloc=1150MB
  [ComfyUI] [worker:ComfyUI-TRELLIS2] [C2S] scatter: 65,017�1024 -> 291,161�128 in=126MB out=71MB alloc=1162MB
  [ComfyUI] [worker:ComfyUI-TRELLIS2] [C2S] scatter: 65,017�1024 -> 291,161�128 in=126MB out=71MB alloc=1162MB
  [ComfyUI] [worker:ComfyUI-TRELLIS2] [C2S] scatter done: alloc=1234MB
  [ComfyUI] [worker:ComfyUI-TRELLIS2] [C2S] scatter done: alloc=1234MB
  [ComfyUI] [worker:ComfyUI-TRELLIS2] [C2S3d] post-C2S(h): h=torch.Size([291161, 128]) alloc=1099MB
  [ComfyUI] [worker:ComfyUI-TRELLIS2] [C2S3d] post-C2S(h): h=torch.Size([291161, 128]) alloc=1099MB
  [ComfyUI] [worker:ComfyUI-TRELLIS2] [C2S] scatter: 65,017�256 -> 291,161�32 in=31MB out=17MB alloc=1111MB
  [ComfyUI] [worker:ComfyUI-TRELLIS2] [C2S] scatter: 65,017�256 -> 291,161�32 in=31MB out=17MB alloc=1111MB
  [ComfyUI] [worker:ComfyUI-TRELLIS2] [C2S] scatter done: alloc=1129MB
  [ComfyUI] [worker:ComfyUI-TRELLIS2] [C2S] scatter done: alloc=1129MB
  [ComfyUI] [worker:ComfyUI-TRELLIS2] [C2S3d] post-C2S(x): x=torch.Size([291161, 32]) alloc=1089MB
  [ComfyUI] [worker:ComfyUI-TRELLIS2] [C2S3d] post-C2S(x): x=torch.Size([291161, 32]) alloc=1089MB
  [ComfyUI] [worker:ComfyUI-TRELLIS2] [C2S3d] post-C2S: N=291,161 h=128ch x=32ch alloc=1089MB
  [ComfyUI] [worker:ComfyUI-TRELLIS2] [C2S3d] post-C2S: N=291,161 h=128ch x=32ch alloc=1089MB
  [ComfyUI] [worker:ComfyUI-TRELLIS2] [C2S3d] x offloaded to CPU, pre-conv2: alloc=1067MB
  [ComfyUI] [worker:ComfyUI-TRELLIS2] [C2S3d] x offloaded to CPU, pre-conv2: alloc=1067MB
  [ComfyUI] [worker:ComfyUI-TRELLIS2] [C2S3d] after norm2: alloc=1067MB
  [ComfyUI] [worker:ComfyUI-TRELLIS2] [C2S3d] after norm2: alloc=1067MB
  [ComfyUI] [worker:ComfyUI-TRELLIS2] [C2S3d] after silu: alloc=1067MB
  [ComfyUI] [worker:ComfyUI-TRELLIS2] [C2S3d] after silu: alloc=1067MB
  [ComfyUI] [worker:ComfyUI-TRELLIS2] [sparse-conv] N=291,161 Ci=128 Co=128 feats=71MB cache=68MB (miss) w_dev=cuda:0 alloc=1136MB
  [ComfyUI] [worker:ComfyUI-TRELLIS2] [sparse-conv] N=291,161 Ci=128 Co=128 feats=71MB cache=68MB (miss) w_dev=cuda:0 alloc=1136MB
  [ComfyUI] [worker:ComfyUI-TRELLIS2] [sparse-conv] out=71MB alloc=1209MB
  [ComfyUI] [worker:ComfyUI-TRELLIS2] [sparse-conv] out=71MB alloc=1209MB
  [ComfyUI] [worker:ComfyUI-TRELLIS2] [C2S3d] post-conv2: alloc=1137MB
  [ComfyUI] [worker:ComfyUI-TRELLIS2] [C2S3d] post-conv2: alloc=1137MB
  [ComfyUI] [worker:ComfyUI-TRELLIS2] [C2S3d] post-conv2 (cache cleared): alloc=1067MB
  [ComfyUI] [worker:ComfyUI-TRELLIS2] [C2S3d] post-conv2 (cache cleared): alloc=1067MB
  [ComfyUI] [worker:ComfyUI-TRELLIS2] [C2S3d] after skip expand: alloc=1139MB
  [ComfyUI] [worker:ComfyUI-TRELLIS2] [C2S3d] after skip expand: alloc=1139MB
  [ComfyUI] [worker:ComfyUI-TRELLIS2] [C2S3d] post-skip: alloc=1067MB
  [ComfyUI] [worker:ComfyUI-TRELLIS2] [C2S3d] post-skip: alloc=1067MB
  [ComfyUI] [SubprocessWorker] callback 'report_progress' from call_id=76
  [ComfyUI] [SubprocessWorker] callback 'report_progress' from call_id=76
  [ComfyUI] [worker:ComfyUI-TRELLIS2] [UNET] level=3 block=0 SparseConvNeXtBlock3d N=291,161 ch=128 alloc=1016MB
  [ComfyUI] [worker:ComfyUI-TRELLIS2] [UNET] level=3 block=0 SparseConvNeXtBlock3d N=291,161 ch=128 alloc=1016MB
  [ComfyUI] [worker:ComfyUI-TRELLIS2] [sparse-conv] N=291,161 Ci=128 Co=128 feats=71MB cache=68MB (miss) w_dev=cuda:0 alloc=1086MB
  [ComfyUI] [worker:ComfyUI-TRELLIS2] [sparse-conv] N=291,161 Ci=128 Co=128 feats=71MB cache=68MB (miss) w_dev=cuda:0 alloc=1086MB
  [ComfyUI] [worker:ComfyUI-TRELLIS2] [sparse-conv] out=71MB alloc=1158MB
  [ComfyUI] [worker:ComfyUI-TRELLIS2] [sparse-conv] out=71MB alloc=1158MB
  [ComfyUI] [worker:ComfyUI-TRELLIS2] [UNET] level=3 block=1 SparseConvNeXtBlock3d N=291,161 ch=128 alloc=1016MB
  [ComfyUI] [worker:ComfyUI-TRELLIS2] [UNET] level=3 block=1 SparseConvNeXtBlock3d N=291,161 ch=128 alloc=1016MB
  [ComfyUI] [worker:ComfyUI-TRELLIS2] [sparse-conv] N=291,161 Ci=128 Co=128 feats=71MB cache=68MB (miss) w_dev=cuda:0 alloc=1086MB
  [ComfyUI] [worker:ComfyUI-TRELLIS2] [sparse-conv] N=291,161 Ci=128 Co=128 feats=71MB cache=68MB (miss) w_dev=cuda:0 alloc=1086MB
  [ComfyUI] [worker:ComfyUI-TRELLIS2] [sparse-conv] out=71MB alloc=1158MB
  [ComfyUI] [worker:ComfyUI-TRELLIS2] [sparse-conv] out=71MB alloc=1158MB
  [ComfyUI] [worker:ComfyUI-TRELLIS2] [UNET] level=3 block=2 SparseConvNeXtBlock3d N=291,161 ch=128 alloc=1016MB
  [ComfyUI] [worker:ComfyUI-TRELLIS2] [UNET] level=3 block=2 SparseConvNeXtBlock3d N=291,161 ch=128 alloc=1016MB
  [ComfyUI] [worker:ComfyUI-TRELLIS2] [sparse-conv] N=291,161 Ci=128 Co=128 feats=71MB cache=68MB (miss) w_dev=cuda:0 alloc=1086MB
  [ComfyUI] [worker:ComfyUI-TRELLIS2] [sparse-conv] N=291,161 Ci=128 Co=128 feats=71MB cache=68MB (miss) w_dev=cuda:0 alloc=1086MB
  [ComfyUI] [worker:ComfyUI-TRELLIS2] [sparse-conv] out=71MB alloc=1158MB
  [ComfyUI] [worker:ComfyUI-TRELLIS2] [sparse-conv] out=71MB alloc=1158MB
  [ComfyUI] [worker:ComfyUI-TRELLIS2] [UNET] level=3 block=3 SparseConvNeXtBlock3d N=291,161 ch=128 alloc=1016MB
  [ComfyUI] [worker:ComfyUI-TRELLIS2] [UNET] level=3 block=3 SparseConvNeXtBlock3d N=291,161 ch=128 alloc=1016MB
  [ComfyUI] [worker:ComfyUI-TRELLIS2] [sparse-conv] N=291,161 Ci=128 Co=128 feats=71MB cache=68MB (miss) w_dev=cuda:0 alloc=1086MB
  [ComfyUI] [worker:ComfyUI-TRELLIS2] [sparse-conv] N=291,161 Ci=128 Co=128 feats=71MB cache=68MB (miss) w_dev=cuda:0 alloc=1086MB
  [ComfyUI] [worker:ComfyUI-TRELLIS2] [sparse-conv] out=71MB alloc=1158MB
  [ComfyUI] [worker:ComfyUI-TRELLIS2] [sparse-conv] out=71MB alloc=1158MB
  [ComfyUI] [SubprocessWorker] callback 'report_progress' from call_id=76
  [ComfyUI] [SubprocessWorker] callback 'report_progress' from call_id=76
  [ComfyUI] [worker:ComfyUI-TRELLIS2] [UNET] level=3 block=4 SparseResBlockC2S3d N=291,161 ch=128 alloc=1016MB
  [ComfyUI] [worker:ComfyUI-TRELLIS2] [UNET] level=3 block=4 SparseResBlockC2S3d N=291,161 ch=128 alloc=1016MB
  [ComfyUI] [worker:ComfyUI-TRELLIS2] [C2S3d] after subdiv: alloc=1016MB
  [ComfyUI] [worker:ComfyUI-TRELLIS2] [C2S3d] after subdiv: alloc=1016MB
  [ComfyUI] [worker:ComfyUI-TRELLIS2] [C2S3d] after norm1: alloc=1088MB
  [ComfyUI] [worker:ComfyUI-TRELLIS2] [C2S3d] after norm1: alloc=1088MB
  [ComfyUI] [worker:ComfyUI-TRELLIS2] [C2S3d] pre-conv1: N=291,161 Ci=128 Co=512 alloc=1088MB
  [ComfyUI] [worker:ComfyUI-TRELLIS2] [C2S3d] pre-conv1: N=291,161 Ci=128 Co=512 alloc=1088MB
  [ComfyUI] [worker:ComfyUI-TRELLIS2] [C2S3d] x.feats offloaded before conv1: alloc=1090MB
  [ComfyUI] [worker:ComfyUI-TRELLIS2] [C2S3d] x.feats offloaded before conv1: alloc=1090MB
  [ComfyUI] [worker:ComfyUI-TRELLIS2] [sparse-conv] N=291,161 Ci=128 Co=512 feats=71MB cache=68MB (miss) w_dev=cuda:0 alloc=1160MB
  [ComfyUI] [worker:ComfyUI-TRELLIS2] [sparse-conv] N=291,161 Ci=128 Co=512 feats=71MB cache=68MB (miss) w_dev=cuda:0 alloc=1160MB
  [ComfyUI] [worker:ComfyUI-TRELLIS2] [sparse-conv] out=284MB alloc=1445MB
  [ComfyUI] [worker:ComfyUI-TRELLIS2] [sparse-conv] out=284MB alloc=1445MB
  [ComfyUI] [worker:ComfyUI-TRELLIS2] [C2S3d] post-conv1: h=torch.Size([291161, 512]) alloc=1373MB
  [ComfyUI] [worker:ComfyUI-TRELLIS2] [C2S3d] post-conv1: h=torch.Size([291161, 512]) alloc=1373MB
  [ComfyUI] [worker:ComfyUI-TRELLIS2] [C2S3d] x.feats restored from CPU: alloc=1445MB
  [ComfyUI] [worker:ComfyUI-TRELLIS2] [C2S3d] x.feats restored from CPU: alloc=1445MB
  [ComfyUI] [worker:ComfyUI-TRELLIS2] [C2S3d] pre-C2S(h): alloc=1445MB
  [ComfyUI] [worker:ComfyUI-TRELLIS2] [C2S3d] pre-C2S(h): alloc=1445MB
  [ComfyUI] [worker:ComfyUI-TRELLIS2] [C2S] scatter: 291,161�512 -> 1,172,789�64 in=284MB out=143MB alloc=1491MB
  [ComfyUI] [worker:ComfyUI-TRELLIS2] [C2S] scatter: 291,161�512 -> 1,172,789�64 in=284MB out=143MB alloc=1491MB
  [ComfyUI] [worker:ComfyUI-TRELLIS2] [C2S] offloaded 284MB to CPU, alloc=1207MB
  [ComfyUI] [worker:ComfyUI-TRELLIS2] [C2S] offloaded 284MB to CPU, alloc=1207MB
  [ComfyUI] [worker:ComfyUI-TRELLIS2] [C2S] scatter done: alloc=1351MB
  [ComfyUI] [worker:ComfyUI-TRELLIS2] [C2S] scatter done: alloc=1351MB
  [ComfyUI] [worker:ComfyUI-TRELLIS2] [C2S3d] post-C2S(h): h=torch.Size([1172789, 64]) alloc=1322MB
  [ComfyUI] [worker:ComfyUI-TRELLIS2] [C2S3d] post-C2S(h): h=torch.Size([1172789, 64]) alloc=1322MB
  [ComfyUI] [worker:ComfyUI-TRELLIS2] [C2S] scatter: 291,161�128 -> 1,172,789�16 in=71MB out=35MB alloc=1369MB
  [ComfyUI] [worker:ComfyUI-TRELLIS2] [C2S] scatter: 291,161�128 -> 1,172,789�16 in=71MB out=35MB alloc=1369MB
  [ComfyUI] [worker:ComfyUI-TRELLIS2] [C2S] scatter done: alloc=1405MB
  [ComfyUI] [worker:ComfyUI-TRELLIS2] [C2S] scatter done: alloc=1405MB
  [ComfyUI] [worker:ComfyUI-TRELLIS2] [C2S3d] post-C2S(x): x=torch.Size([1172789, 16]) alloc=1304MB
  [ComfyUI] [worker:ComfyUI-TRELLIS2] [C2S3d] post-C2S(x): x=torch.Size([1172789, 16]) alloc=1304MB
  [ComfyUI] [worker:ComfyUI-TRELLIS2] [C2S3d] post-C2S: N=1,172,789 h=64ch x=16ch alloc=1302MB
  [ComfyUI] [worker:ComfyUI-TRELLIS2] [C2S3d] post-C2S: N=1,172,789 h=64ch x=16ch alloc=1302MB
  [ComfyUI] [worker:ComfyUI-TRELLIS2] [C2S3d] x offloaded to CPU, pre-conv2: alloc=1248MB
  [ComfyUI] [worker:ComfyUI-TRELLIS2] [C2S3d] x offloaded to CPU, pre-conv2: alloc=1248MB
  [ComfyUI] [worker:ComfyUI-TRELLIS2] [C2S3d] h.feats offloaded for chunked norm2+silu: alloc=1104MB
  [ComfyUI] [worker:ComfyUI-TRELLIS2] [C2S3d] h.feats offloaded for chunked norm2+silu: alloc=1104MB
  Frame 20 saved (frame_019.jpg, t=202.4s)
  [capture-periodic] freeze=3ms shot=151ms unfreeze=6ms saved=True
  [ComfyUI] [worker:ComfyUI-TRELLIS2] [C2S3d] after chunked norm2+silu: alloc=1248MB
  [ComfyUI] [worker:ComfyUI-TRELLIS2] [C2S3d] after chunked norm2+silu: alloc=1248MB
  [ComfyUI] [worker:ComfyUI-TRELLIS2] [sparse-conv] TILED: N=1,172,789 max_tile=1,000,000 feats=143MB alloc=1248MB
  [ComfyUI] [worker:ComfyUI-TRELLIS2] [sparse-conv] TILED: N=1,172,789 max_tile=1,000,000 feats=143MB alloc=1248MB
  [ComfyUI] [worker:ComfyUI-TRELLIS2] [sparse-conv] TILED feats offloaded to CPU, alloc=1104MB
  [ComfyUI] [worker:ComfyUI-TRELLIS2] [sparse-conv] TILED feats offloaded to CPU, alloc=1104MB
  [ComfyUI] [worker:ComfyUI-TRELLIS2] [tiled_conv] N=1,172,789 Ci=64 Co=64 K=(3, 3, 3) feats=143MB out=143MB feats_dev=cpu alloc=1104MB
  [ComfyUI] [worker:ComfyUI-TRELLIS2] [tiled_conv] N=1,172,789 Ci=64 Co=64 K=(3, 3, 3) feats=143MB out=143MB feats_dev=cpu alloc=1104MB
  [ComfyUI] [worker:ComfyUI-TRELLIS2] [tiled_conv] 2 tiles, VRAM baseline=1104MB
  [ComfyUI] [worker:ComfyUI-TRELLIS2] [tiled_conv] 2 tiles, VRAM baseline=1104MB
  [ComfyUI] 
  [ComfyUI] 
  [ComfyUI] Tiled Conv3d:   0%|          | 0/2 [00:00<?]
  [ComfyUI] Tiled Conv3d:   0%|          | 0/2 [00:00<?]
  [ComfyUI] Tiled Conv3d:   0%|          | 0/2 [00:00<?]
  [ComfyUI] Tiled Conv3d:   0%|          | 0/2 [00:00<?]
  [ComfyUI] Tiled Conv3d:  50%|█████     | 1/2 [00:00<00:00]
  [ComfyUI] Tiled Conv3d:  50%|█████     | 1/2 [00:00<00:00]
  [ComfyUI] Tiled Conv3d:  50%|█████     | 1/2 [00:00<00:00]
  [ComfyUI] Tiled Conv3d:  50%|█████     | 1/2 [00:00<00:00]
  [ComfyUI] Tiled Conv3d: 100%|██████████| 2/2 [00:00<00:00]
  [ComfyUI] Tiled Conv3d: 100%|██████████| 2/2 [00:00<00:00]
  [ComfyUI] [worker:ComfyUI-TRELLIS2] [VRAM] +224MB (now 1248MB) reserved=1290MB peak=2616MB
  [ComfyUI] [worker:ComfyUI-TRELLIS2] [VRAM] +224MB (now 1248MB) reserved=1290MB peak=2616MB
  [ComfyUI] [worker:ComfyUI-TRELLIS2] [tiled_conv] done: 1172789/1172789 voxels, tile_peak=1489MB, final=1248MB
  [ComfyUI] [worker:ComfyUI-TRELLIS2] [tiled_conv] done: 1172789/1172789 voxels, tile_peak=1489MB, final=1248MB
  [ComfyUI] [worker:ComfyUI-TRELLIS2] [sparse-conv] TILED done: out=143MB alloc=1248MB
  [ComfyUI] [worker:ComfyUI-TRELLIS2] [sparse-conv] TILED done: out=143MB alloc=1248MB
  [ComfyUI] [worker:ComfyUI-TRELLIS2] [C2S3d] post-conv2: alloc=1248MB
  [ComfyUI] [worker:ComfyUI-TRELLIS2] [C2S3d] post-conv2: alloc=1248MB
  [ComfyUI] [worker:ComfyUI-TRELLIS2] [C2S3d] post-conv2 (cache cleared): alloc=1248MB
  [ComfyUI] [worker:ComfyUI-TRELLIS2] [C2S3d] post-conv2 (cache cleared): alloc=1248MB
  [ComfyUI] [worker:ComfyUI-TRELLIS2] [C2S3d] after chunked skip: alloc=1248MB
  [ComfyUI] [worker:ComfyUI-TRELLIS2] [C2S3d] after chunked skip: alloc=1248MB
  [ComfyUI] [SubprocessWorker] callback 'report_progress' from call_id=76
  [ComfyUI] [SubprocessWorker] callback 'report_progress' from call_id=76
  [ComfyUI] [SubprocessWorker] callback 'report_progress' from call_id=76
  [ComfyUI] [SubprocessWorker] callback 'report_progress' from call_id=76
  [ComfyUI] [SubprocessWorker] callback 'report_progress' from call_id=76
  [ComfyUI] [SubprocessWorker] callback 'report_progress' from call_id=76
  [ComfyUI] [SubprocessWorker] callback 'report_progress' from call_id=76
  [ComfyUI] [SubprocessWorker] callback 'report_progress' from call_id=76
  [ComfyUI] [SubprocessWorker] got response: ok
  [ComfyUI] [SubprocessWorker] got response: ok
  [ComfyUI] [comfy-env] Created 3 model patchers: ['SLatFlowModel_3', 'FlexiDualGridVaeDecoder_4', 'SparseUnetVaeDecoder_5']
  [ComfyUI] [comfy-env] Created 3 model patchers: ['SLatFlowModel_3', 'FlexiDualGridVaeDecoder_4', 'SparseUnetVaeDecoder_5']
  [ComfyUI] [comfy-env] Trellis2TextureMesh done (30.74s): result: NodeOutput
  [ComfyUI] [comfy-env] Trellis2TextureMesh done (30.74s): result: NodeOutput
  [ComfyUI] [VRAM] After Trellis2TextureMesh: 1271 / 24575 MB
  [ComfyUI] [VRAM] After Trellis2TextureMesh: 1271 / 24575 MB
  [ComfyUI] [VRAM] Loaded: SubprocessModel (0 MB), SubprocessModel (0 MB), SubprocessModel (0 MB), SubprocessModel (0 MB), SubprocessModel (0 MB)
  [ComfyUI] [VRAM] Loaded: SubprocessModel (0 MB), SubprocessModel (0 MB), SubprocessModel (0 MB), SubprocessModel (0 MB), SubprocessModel (0 MB)
  [ComfyUI] [comfy-env] Running Trellis2RasterizePBR: texture_size: 1024, trimesh: Trimesh, voxelgrid: dict, original_mesh: Trimesh
  [ComfyUI] [comfy-env] Running Trellis2RasterizePBR: texture_size: 1024, trimesh: Trimesh, voxelgrid: dict, original_mesh: Trimesh
  [ComfyUI] [VRAM] Before Trellis2RasterizePBR: 1271 / 24575 MB
  [ComfyUI] [VRAM] Before Trellis2RasterizePBR: 1271 / 24575 MB
  [ComfyUI] [VRAM] Loaded: SubprocessModel (0 MB), SubprocessModel (0 MB), SubprocessModel (0 MB), SubprocessModel (0 MB), SubprocessModel (0 MB)
  [ComfyUI] [VRAM] Loaded: SubprocessModel (0 MB), SubprocessModel (0 MB), SubprocessModel (0 MB), SubprocessModel (0 MB), SubprocessModel (0 MB)
  [ComfyUI] [SubprocessWorker] call_method: nodes.nodes_unwrap.Trellis2RasterizePBR.EXECUTE_NORMALIZED
  [ComfyUI] [SubprocessWorker] call_method: nodes.nodes_unwrap.Trellis2RasterizePBR.EXECUTE_NORMALIZED
  [ComfyUI] [SubprocessWorker] acquired lock, ensuring started...
  [ComfyUI] [SubprocessWorker] acquired lock, ensuring started...
  [ComfyUI] [ComfyUI-TRELLIS2] Health check: ping (timeout=5.0s)...
  [ComfyUI] [ComfyUI-TRELLIS2] Health check: ping (timeout=5.0s)...
  [ComfyUI] [ComfyUI-TRELLIS2] Health check: ok
  [ComfyUI] [ComfyUI-TRELLIS2] Health check: ok
  [ComfyUI] [SubprocessWorker] worker started/confirmed
  [ComfyUI] [SubprocessWorker] worker started/confirmed
  [ComfyUI] [SubprocessWorker] serializing kwargs to shm...
  [ComfyUI] [SubprocessWorker] serializing kwargs to shm...
  [ComfyUI] [SubprocessWorker] created 2 shm blocks
  [ComfyUI] [SubprocessWorker] created 2 shm blocks
  [ComfyUI] [SubprocessWorker] sending request via socket...
  [ComfyUI] [SubprocessWorker] sending request via socket...
  [ComfyUI] [SubprocessWorker] call_id=77 sending call_method
  [ComfyUI] [SubprocessWorker] call_id=77 sending call_method
  [ComfyUI] [worker:ComfyUI-TRELLIS2] [comfy-env] _from_shm got dict with keys: ['__type__', 'strategy', 'manager_path', 'storage_key', 'storage_size']
  [ComfyUI] [worker:ComfyUI-TRELLIS2] [comfy-env] _from_shm got dict with keys: ['__type__', 'strategy', 'manager_path', 'storage_key', 'storage_size']
  [ComfyUI] [worker:ComfyUI-TRELLIS2] [comfy-env] DESERIALIZE TensorRef: tensor_size=[1172789, 3]
  [ComfyUI] [worker:ComfyUI-TRELLIS2] [comfy-env] DESERIALIZE TensorRef: tensor_size=[1172789, 3]
  [ComfyUI] [worker:ComfyUI-TRELLIS2] [comfy-env] DESERIALIZED tensor shape: torch.Size([1172789, 3])
  [ComfyUI] [worker:ComfyUI-TRELLIS2] [comfy-env] DESERIALIZED tensor shape: torch.Size([1172789, 3])
  [ComfyUI] [worker:ComfyUI-TRELLIS2] [comfy-env] _from_shm got dict with keys: ['__type__', 'strategy', 'manager_path', 'storage_key', 'storage_size']
  [ComfyUI] [worker:ComfyUI-TRELLIS2] [comfy-env] _from_shm got dict with keys: ['__type__', 'strategy', 'manager_path', 'storage_key', 'storage_size']
  [ComfyUI] [worker:ComfyUI-TRELLIS2] [comfy-env] DESERIALIZE TensorRef: tensor_size=[1172789, 6]
  [ComfyUI] [worker:ComfyUI-TRELLIS2] [comfy-env] DESERIALIZE TensorRef: tensor_size=[1172789, 6]
  [ComfyUI] [worker:ComfyUI-TRELLIS2] [comfy-env] DESERIALIZED tensor shape: torch.Size([1172789, 6])
  [ComfyUI] [worker:ComfyUI-TRELLIS2] [comfy-env] DESERIALIZED tensor shape: torch.Size([1172789, 6])
  [ComfyUI] [worker:ComfyUI-TRELLIS2] [VRAM] -1180MB (now 69MB) reserved=212MB peak=2616MB
  [ComfyUI] [worker:ComfyUI-TRELLIS2] [VRAM] -1180MB (now 69MB) reserved=212MB peak=2616MB
  Frame 21 saved (frame_020.jpg, t=204.7s)
  [capture-periodic] freeze=3ms shot=115ms unfreeze=3ms saved=True
  [capture-loop] iter=1750 t=205.1s state={'complete': False, 'error': None, 'executedCount': 2, 'wsState': 1} eval_ms=3 ram=14.7/31.9GB (46%) swap=2.3/15.0GB (15%) cpu=36% browser_rss=0.51GB
  [ComfyUI] [worker:ComfyUI-TRELLIS2] [VRAM] +372MB (now 442MB) reserved=468MB peak=2616MB
  [ComfyUI] [worker:ComfyUI-TRELLIS2] [VRAM] +372MB (now 442MB) reserved=468MB peak=2616MB
  [ComfyUI] [worker:ComfyUI-TRELLIS2] [VRAM] -420MB (now 22MB) reserved=182MB peak=2616MB
  [ComfyUI] [worker:ComfyUI-TRELLIS2] [VRAM] -420MB (now 22MB) reserved=182MB peak=2616MB
  [ComfyUI] [worker:ComfyUI-TRELLIS2] [RasterizePBR] Output trimesh:
  [ComfyUI] [worker:ComfyUI-TRELLIS2] [RasterizePBR] Output trimesh:
  [ComfyUI] [worker:ComfyUI-TRELLIS2]   vertices: (171247, 3)
  [ComfyUI] [worker:ComfyUI-TRELLIS2]   vertices: (171247, 3)
  [ComfyUI] [worker:ComfyUI-TRELLIS2]   faces: (263528, 3)
  [ComfyUI] [worker:ComfyUI-TRELLIS2]   faces: (263528, 3)
  [ComfyUI] [worker:ComfyUI-TRELLIS2]   visual type: TextureVisuals
  [ComfyUI] [worker:ComfyUI-TRELLIS2]   visual type: TextureVisuals
  [ComfyUI] [worker:ComfyUI-TRELLIS2]   UVs: (171247, 2)
  [ComfyUI] [worker:ComfyUI-TRELLIS2]   UVs: (171247, 2)
  [ComfyUI] [worker:ComfyUI-TRELLIS2]   material type: PBRMaterial
  [ComfyUI] [worker:ComfyUI-TRELLIS2]   material type: PBRMaterial
  [ComfyUI] [worker:ComfyUI-TRELLIS2]   baseColorTexture: (1024, 1024) mode=RGBA
  [ComfyUI] [worker:ComfyUI-TRELLIS2]   baseColorTexture: (1024, 1024) mode=RGBA
  [ComfyUI] [worker:ComfyUI-TRELLIS2]   metallicRoughnessTexture: (1024, 1024) mode=RGB
  [ComfyUI] [worker:ComfyUI-TRELLIS2]   metallicRoughnessTexture: (1024, 1024) mode=RGB
  [ComfyUI] [worker:ComfyUI-TRELLIS2]   vertex_normals: (171247, 3)
  [ComfyUI] [worker:ComfyUI-TRELLIS2]   vertex_normals: (171247, 3)
  [ComfyUI] [worker:ComfyUI-TRELLIS2]   vertex_attributes: ['base_color_r', 'base_color_g', 'base_color_b', 'metallic', 'roughness', 'alpha']
  [ComfyUI] [worker:ComfyUI-TRELLIS2]   vertex_attributes: ['base_color_r', 'base_color_g', 'base_color_b', 'metallic', 'roughness', 'alpha']
  [ComfyUI] [SubprocessWorker] got response: ok
  [ComfyUI] [SubprocessWorker] got response: ok
  [ComfyUI] [comfy-env] Trellis2RasterizePBR done (5.25s): result: NodeOutput
  [ComfyUI] [comfy-env] Trellis2RasterizePBR done (5.25s): result: NodeOutput
  [ComfyUI] [VRAM] After Trellis2RasterizePBR: 1271 / 24575 MB
  [ComfyUI] [VRAM] After Trellis2RasterizePBR: 1271 / 24575 MB
  [ComfyUI] [VRAM] Loaded: SubprocessModel (0 MB), SubprocessModel (0 MB), SubprocessModel (0 MB), SubprocessModel (0 MB), SubprocessModel (0 MB)
  [ComfyUI] [VRAM] Loaded: SubprocessModel (0 MB), SubprocessModel (0 MB), SubprocessModel (0 MB), SubprocessModel (0 MB), SubprocessModel (0 MB)
  [ComfyUI] [comfy-env] Running GeomPackSaveMesh: file_path: 'output', format: 'glb', trimesh: Trimesh
  [ComfyUI] [comfy-env] Running GeomPackSaveMesh: file_path: 'output', format: 'glb', trimesh: Trimesh
  [ComfyUI] [VRAM] Before GeomPackSaveMesh: 1271 / 24575 MB
  [ComfyUI] [VRAM] Before GeomPackSaveMesh: 1271 / 24575 MB
  [ComfyUI] [VRAM] Loaded: SubprocessModel (0 MB), SubprocessModel (0 MB), SubprocessModel (0 MB), SubprocessModel (0 MB), SubprocessModel (0 MB)
  [ComfyUI] [VRAM] Loaded: SubprocessModel (0 MB), SubprocessModel (0 MB), SubprocessModel (0 MB), SubprocessModel (0 MB), SubprocessModel (0 MB)
  [ComfyUI] [SubprocessWorker] call_method: nodes.main.io.save_mesh.SaveMesh.EXECUTE_NORMALIZED
  [ComfyUI] [SubprocessWorker] call_method: nodes.main.io.save_mesh.SaveMesh.EXECUTE_NORMALIZED
  [ComfyUI] [SubprocessWorker] acquired lock, ensuring started...
  [ComfyUI] [SubprocessWorker] acquired lock, ensuring started...
  [ComfyUI] [ComfyUI-GeometryPack] Health check: ping (timeout=5.0s)...
  [ComfyUI] [ComfyUI-GeometryPack] Health check: ping (timeout=5.0s)...
  [ComfyUI] [ComfyUI-GeometryPack] Health check: failed
  [ComfyUI] [ComfyUI-GeometryPack] Health check: failed
  [ComfyUI] [ComfyUI-GeometryPack] Socket unhealthy, restarting worker...
  [ComfyUI] [ComfyUI-GeometryPack] Socket unhealthy, restarting worker...
  [ComfyUI] [comfy-env] geometrypack-main: Library/bin has 610 DLLs
  [ComfyUI] [comfy-env] geometrypack-main: Library/bin has 610 DLLs
  [ComfyUI] [ComfyUI-GeometryPack] python: C:\workspaces\TRELLIS2-1949\portable-comfyui\ComfyUI_windows_portable\ComfyUI\.ce\.pixi\envs\geometrypack-main\python.exe
  [ComfyUI] [ComfyUI-GeometryPack] python: C:\workspaces\TRELLIS2-1949\portable-comfyui\ComfyUI_windows_portable\ComfyUI\.ce\.pixi\envs\geometrypack-main\python.exe
  [ComfyUI] [ComfyUI-GeometryPack] sys_path sent to worker: ['C:\\workspaces\\TRELLIS2-1949\\portable-comfyui\\ComfyUI_windows_portable\\ComfyUI', 'C:\\workspaces\\TRELLIS2-1949\\portable-comfyui\\ComfyUI_windows_portable\\ComfyUI\\custom_nodes\\ComfyUI-GeometryPack', 'C:\\workspaces\\TRELLIS2-1949\\portable-comfyui\\ComfyUI_windows_portable\\ComfyUI\\.ce\\.pixi\\envs\\geometrypack-main\\Lib\\site-packages', 'C:\\workspaces\\TRELLIS2-1949\\portable-comfyui\\ComfyUI_windows_portable\\ComfyUI\\custom_nodes\\ComfyUI-GeometryPack']
  [ComfyUI] [ComfyUI-GeometryPack] sys_path sent to worker: ['C:\\workspaces\\TRELLIS2-1949\\portable-comfyui\\ComfyUI_windows_portable\\ComfyUI', 'C:\\workspaces\\TRELLIS2-1949\\portable-comfyui\\ComfyUI_windows_portable\\ComfyUI\\custom_nodes\\ComfyUI-GeometryPack', 'C:\\workspaces\\TRELLIS2-1949\\portable-comfyui\\ComfyUI_windows_portable\\ComfyUI\\.ce\\.pixi\\envs\\geometrypack-main\\Lib\\site-packages', 'C:\\workspaces\\TRELLIS2-1949\\portable-comfyui\\ComfyUI_windows_portable\\ComfyUI\\custom_nodes\\ComfyUI-GeometryPack']
  [ComfyUI] [SubprocessWorker] is_pixi=True, python=C:\workspaces\TRELLIS2-1949\portable-comfyui\ComfyUI_windows_portable\ComfyUI\.ce\.pixi\envs\geometrypack-main\python.exe
  [ComfyUI] [SubprocessWorker] is_pixi=True, python=C:\workspaces\TRELLIS2-1949\portable-comfyui\ComfyUI_windows_portable\ComfyUI\.ce\.pixi\envs\geometrypack-main\python.exe
  [ComfyUI] [SubprocessWorker] launching cmd=['C:\\Users\\ContainerAdministrator\\.pixi\\bin\\pixi.exe', 'run', '--as-is', '--manifest-path', 'C:\\workspaces\\TRELLIS2-1949\\portable-comfyui\\ComfyUI_windows_portable\\ComfyUI\\.ce\\pixi.toml', '-e', 'geometrypack-main', 'python', 'C:\\Users\\ContainerAdministrator\\AppData\\Local\\Temp\\comfyui_pvenv_rqadx_k_\\persistent_worker.py', 'tcp://127.0.0.1:58255']...
  [ComfyUI] [SubprocessWorker] launching cmd=['C:\\Users\\ContainerAdministrator\\.pixi\\bin\\pixi.exe', 'run', '--as-is', '--manifest-path', 'C:\\workspaces\\TRELLIS2-1949\\portable-comfyui\\ComfyUI_windows_portable\\ComfyUI\\.ce\\pixi.toml', '-e', 'geometrypack-main', 'python', 'C:\\Users\\ContainerAdministrator\\AppData\\Local\\Temp\\comfyui_pvenv_rqadx_k_\\persistent_worker.py', 'tcp://127.0.0.1:58255']...
  Frame 22 saved (frame_021.jpg, t=209.0s)
  [capture-periodic] freeze=3ms shot=114ms unfreeze=3ms saved=True
  [capture-loop] iter=1800 t=210.9s state={'complete': False, 'error': None, 'executedCount': 2, 'wsState': 1} eval_ms=4 ram=14.3/31.9GB (45%) swap=2.3/15.0GB (15%) cpu=8% browser_rss=0.51GB
  [ComfyUI] [SubprocessWorker] worker started/confirmed
  [ComfyUI] [SubprocessWorker] worker started/confirmed
  [ComfyUI] [SubprocessWorker] serializing kwargs to shm...
  [ComfyUI] [SubprocessWorker] serializing kwargs to shm...
  [ComfyUI] [SubprocessWorker] created 1 shm blocks
  [ComfyUI] [SubprocessWorker] created 1 shm blocks
  [ComfyUI] [SubprocessWorker] sending request via socket...
  [ComfyUI] [SubprocessWorker] sending request via socket...
  [ComfyUI] [SubprocessWorker] call_id=12 sending call_method
  [ComfyUI] [SubprocessWorker] call_id=12 sending call_method
  [ComfyUI] [worker:ComfyUI-GeometryPack] INFO: Mesh has 171247 vertices, 263528 faces
  [ComfyUI] [worker:ComfyUI-GeometryPack] INFO: Mesh has 171247 vertices, 263528 faces
  [ComfyUI] [worker:ComfyUI-GeometryPack] INFO: Saving to output folder: output.glb
  [ComfyUI] [worker:ComfyUI-GeometryPack] INFO: Saving to output folder: output.glb
  [ComfyUI] [worker:ComfyUI-GeometryPack] INFO: Successfully saved mesh to: C:\workspaces\TRELLIS2-1949\portable-comfyui\ComfyUI_windows_portable\ComfyUI\output\output.glb
  [ComfyUI] [worker:ComfyUI-GeometryPack] INFO: Successfully saved mesh to: C:\workspaces\TRELLIS2-1949\portable-comfyui\ComfyUI_windows_portable\ComfyUI\output\output.glb
  [ComfyUI] [worker:ComfyUI-GeometryPack] INFO:   Vertices: 171247
  [ComfyUI] [worker:ComfyUI-GeometryPack] INFO:   Vertices: 171247
  [ComfyUI] [worker:ComfyUI-GeometryPack] INFO:   Faces: 263528
  [ComfyUI] [worker:ComfyUI-GeometryPack] INFO:   Faces: 263528
  [ComfyUI] [SubprocessWorker] got response: ok
  [ComfyUI] [SubprocessWorker] got response: ok
  [ComfyUI] [comfy-env] GeomPackSaveMesh done (6.60s): result: NodeOutput
  [ComfyUI] [comfy-env] GeomPackSaveMesh done (6.60s): result: NodeOutput
  [ComfyUI] [VRAM] After GeomPackSaveMesh: 1271 / 24575 MB
  [ComfyUI] [VRAM] After GeomPackSaveMesh: 1271 / 24575 MB
  [ComfyUI] [VRAM] Loaded: SubprocessModel (0 MB), SubprocessModel (0 MB), SubprocessModel (0 MB), SubprocessModel (0 MB), SubprocessModel (0 MB)
  [ComfyUI] [VRAM] Loaded: SubprocessModel (0 MB), SubprocessModel (0 MB), SubprocessModel (0 MB), SubprocessModel (0 MB), SubprocessModel (0 MB)
  [ComfyUI] [comfy-env] Running Trellis2ExportTrimesh: filename_prefix: 'trellis2', file_format: 'glb', trimesh: Trimesh
  [ComfyUI] [comfy-env] Running Trellis2ExportTrimesh: filename_prefix: 'trellis2', file_format: 'glb', trimesh: Trimesh
  [ComfyUI] [VRAM] Before Trellis2ExportTrimesh: 1271 / 24575 MB
  [ComfyUI] [VRAM] Before Trellis2ExportTrimesh: 1271 / 24575 MB
  [ComfyUI] [VRAM] Loaded: SubprocessModel (0 MB), SubprocessModel (0 MB), SubprocessModel (0 MB), SubprocessModel (0 MB), SubprocessModel (0 MB)
  [ComfyUI] [VRAM] Loaded: SubprocessModel (0 MB), SubprocessModel (0 MB), SubprocessModel (0 MB), SubprocessModel (0 MB), SubprocessModel (0 MB)
  [ComfyUI] [SubprocessWorker] call_method: nodes.nodes_unwrap.Trellis2ExportTrimesh.EXECUTE_NORMALIZED
  [ComfyUI] [SubprocessWorker] call_method: nodes.nodes_unwrap.Trellis2ExportTrimesh.EXECUTE_NORMALIZED
  [ComfyUI] [SubprocessWorker] acquired lock, ensuring started...
  [ComfyUI] [SubprocessWorker] acquired lock, ensuring started...
  [ComfyUI] [ComfyUI-TRELLIS2] Health check: ping (timeout=5.0s)...
  [ComfyUI] [ComfyUI-TRELLIS2] Health check: ping (timeout=5.0s)...
  [ComfyUI] [ComfyUI-TRELLIS2] Health check: ok
  [ComfyUI] [ComfyUI-TRELLIS2] Health check: ok
  [ComfyUI] [SubprocessWorker] worker started/confirmed
  [ComfyUI] [SubprocessWorker] worker started/confirmed
  [ComfyUI] [SubprocessWorker] serializing kwargs to shm...
  [ComfyUI] [SubprocessWorker] serializing kwargs to shm...
  Node executed (3 total), capturing...
  [ComfyUI] [SubprocessWorker] created 1 shm blocks
  [ComfyUI] [SubprocessWorker] created 1 shm blocks
  [ComfyUI] [SubprocessWorker] sending request via socket...
  [ComfyUI] [SubprocessWorker] sending request via socket...
  [ComfyUI] [SubprocessWorker] call_id=78 sending call_method
  [ComfyUI] [SubprocessWorker] call_id=78 sending call_method
  Frame 23 saved (frame_022.jpg, t=215.7s)
  [capture-node] freeze=192ms shot=143ms unfreeze=12ms saved=True
  [ComfyUI] [SubprocessWorker] got response: ok
  [ComfyUI] [SubprocessWorker] got response: ok
  [ComfyUI] [comfy-env] Trellis2ExportTrimesh done (0.79s): result: NodeOutput
  [ComfyUI] [comfy-env] Trellis2ExportTrimesh done (0.79s): result: NodeOutput
  [ComfyUI] [VRAM] After Trellis2ExportTrimesh: 1271 / 24575 MB
  [ComfyUI] [VRAM] After Trellis2ExportTrimesh: 1271 / 24575 MB
  [ComfyUI] [VRAM] Loaded: SubprocessModel (0 MB), SubprocessModel (0 MB), SubprocessModel (0 MB), SubprocessModel (0 MB), SubprocessModel (0 MB)
  [ComfyUI] [VRAM] Loaded: SubprocessModel (0 MB), SubprocessModel (0 MB), SubprocessModel (0 MB), SubprocessModel (0 MB), SubprocessModel (0 MB)
  [ComfyUI] [comfy-env] Running GeomPackPreviewMeshDual: layout: 'side_by_side', mode: 'texture', opacity_1: 1.0, opacity_2: 1.0, mesh_1: Trimesh, mesh_2: Trimesh
  [ComfyUI] [comfy-env] Running GeomPackPreviewMeshDual: layout: 'side_by_side', mode: 'texture', opacity_1: 1.0, opacity_2: 1.0, mesh_1: Trimesh, mesh_2: Trimesh
  [ComfyUI] [VRAM] Before GeomPackPreviewMeshDual: 1271 / 24575 MB
  [ComfyUI] [VRAM] Before GeomPackPreviewMeshDual: 1271 / 24575 MB
  [ComfyUI] [VRAM] Loaded: SubprocessModel (0 MB), SubprocessModel (0 MB), SubprocessModel (0 MB), SubprocessModel (0 MB), SubprocessModel (0 MB)
  [ComfyUI] [VRAM] Loaded: SubprocessModel (0 MB), SubprocessModel (0 MB), SubprocessModel (0 MB), SubprocessModel (0 MB), SubprocessModel (0 MB)
  [ComfyUI] [SubprocessWorker] call_method: nodes.main.visualization.preview_mesh_dual.PreviewMeshDualNode.EXECUTE_NORMALIZED
  [ComfyUI] [SubprocessWorker] call_method: nodes.main.visualization.preview_mesh_dual.PreviewMeshDualNode.EXECUTE_NORMALIZED
  [ComfyUI] [SubprocessWorker] acquired lock, ensuring started...
  [ComfyUI] [SubprocessWorker] acquired lock, ensuring started...
  [ComfyUI] [ComfyUI-GeometryPack] Health check: ping (timeout=5.0s)...
  [ComfyUI] [ComfyUI-GeometryPack] Health check: ping (timeout=5.0s)...
  [ComfyUI] [ComfyUI-GeometryPack] Health check: ok
  [ComfyUI] [ComfyUI-GeometryPack] Health check: ok
  [ComfyUI] [SubprocessWorker] worker started/confirmed
  [ComfyUI] [SubprocessWorker] worker started/confirmed
  [ComfyUI] [SubprocessWorker] serializing kwargs to shm...
  [ComfyUI] [SubprocessWorker] serializing kwargs to shm...
  [ComfyUI] [SubprocessWorker] created 2 shm blocks
  [ComfyUI] [SubprocessWorker] created 2 shm blocks
  [ComfyUI] [SubprocessWorker] sending request via socket...
  [ComfyUI] [SubprocessWorker] sending request via socket...
  [ComfyUI] [SubprocessWorker] call_id=13 sending call_method
  [ComfyUI] [SubprocessWorker] call_id=13 sending call_method
  [ComfyUI] [worker:ComfyUI-GeometryPack] INFO: Layout: side_by_side, Mode: texture
  [ComfyUI] [worker:ComfyUI-GeometryPack] INFO: Layout: side_by_side, Mode: texture
  [ComfyUI] [worker:ComfyUI-GeometryPack] INFO: Mesh 1: Mesh - 131718 vertices, 263528 faces
  [ComfyUI] [worker:ComfyUI-GeometryPack] INFO: Mesh 1: Mesh - 131718 vertices, 263528 faces
  [ComfyUI] [worker:ComfyUI-GeometryPack] INFO: Mesh 2: Mesh - 171247 vertices, 263528 faces
  [ComfyUI] [worker:ComfyUI-GeometryPack] INFO: Mesh 2: Mesh - 171247 vertices, 263528 faces
  [ComfyUI] [worker:ComfyUI-GeometryPack] INFO: Mesh 1 fields: ['face.stl']
  [ComfyUI] [worker:ComfyUI-GeometryPack] INFO: Mesh 1 fields: ['face.stl']
  [ComfyUI] [worker:ComfyUI-GeometryPack] INFO: Mesh 2 fields: ['base_color_r', 'base_color_g', 'base_color_b', 'metallic', 'roughness', 'alpha']
  [ComfyUI] [worker:ComfyUI-GeometryPack] INFO: Mesh 2 fields: ['base_color_r', 'base_color_g', 'base_color_b', 'metallic', 'roughness', 'alpha']
  [ComfyUI] [worker:ComfyUI-GeometryPack] INFO: Common fields: []
  [ComfyUI] [worker:ComfyUI-GeometryPack] INFO: Common fields: []
  [ComfyUI] [worker:ComfyUI-GeometryPack] INFO: Mesh 1 visual: kind=None, texture=False, vertex_colors=False
  [ComfyUI] [worker:ComfyUI-GeometryPack] INFO: Mesh 1 visual: kind=None, texture=False, vertex_colors=False
  [ComfyUI] [worker:ComfyUI-GeometryPack] INFO: Mesh 2 visual: kind=texture, texture=True, vertex_colors=False
  [ComfyUI] [worker:ComfyUI-GeometryPack] INFO: Mesh 2 visual: kind=texture, texture=True, vertex_colors=False
  [ComfyUI] [worker:ComfyUI-GeometryPack] INFO: Exported GLB: C:\workspaces\TRELLIS2-1949\portable-comfyui\ComfyUI_windows_portable\ComfyUI\output\preview_dual_1_173c683b.glb
  [ComfyUI] [worker:ComfyUI-GeometryPack] INFO: Exported GLB: C:\workspaces\TRELLIS2-1949\portable-comfyui\ComfyUI_windows_portable\ComfyUI\output\preview_dual_1_173c683b.glb
  [capture-loop] iter=1850 t=217.2s state={'complete': False, 'error': None, 'executedCount': 3, 'wsState': 1} eval_ms=5 ram=15.1/31.9GB (47%) swap=2.3/15.0GB (15%) cpu=13% browser_rss=0.68GB
  [ComfyUI] [worker:ComfyUI-GeometryPack] INFO: Exported GLB: C:\workspaces\TRELLIS2-1949\portable-comfyui\ComfyUI_windows_portable\ComfyUI\output\preview_dual_2_173c683b.glb
  [ComfyUI] [worker:ComfyUI-GeometryPack] INFO: Exported GLB: C:\workspaces\TRELLIS2-1949\portable-comfyui\ComfyUI_windows_portable\ComfyUI\output\preview_dual_2_173c683b.glb
  [ComfyUI] [worker:ComfyUI-GeometryPack] INFO: Preview ready
  [ComfyUI] [worker:ComfyUI-GeometryPack] INFO: Preview ready
  [ComfyUI] [SubprocessWorker] got response: ok
  [ComfyUI] [SubprocessWorker] got response: ok
  [ComfyUI] [comfy-env] GeomPackPreviewMeshDual done (1.58s): result: NodeOutput
  [ComfyUI] [comfy-env] GeomPackPreviewMeshDual done (1.58s): result: NodeOutput
  [ComfyUI] [VRAM] After GeomPackPreviewMeshDual: 1271 / 24575 MB
  [ComfyUI] [VRAM] After GeomPackPreviewMeshDual: 1271 / 24575 MB
  [ComfyUI] [VRAM] Loaded: SubprocessModel (0 MB), SubprocessModel (0 MB), SubprocessModel (0 MB), SubprocessModel (0 MB), SubprocessModel (0 MB)
  [ComfyUI] [VRAM] Loaded: SubprocessModel (0 MB), SubprocessModel (0 MB), SubprocessModel (0 MB), SubprocessModel (0 MB), SubprocessModel (0 MB)
  [ComfyUI] Prompt executed in 217.72 seconds
  [ComfyUI] Prompt executed in 217.72 seconds
  [ComfyUI] [comfy-env] [VRAM] Before offload 'SLatFlowModel_3' (2464 MB) -> cpu: 1271 / 24575 MB
  [ComfyUI] [comfy-env] [VRAM] Before offload 'SLatFlowModel_3' (2464 MB) -> cpu: 1271 / 24575 MB
  [ComfyUI] [ComfyUI-TRELLIS2] Health check: ping (timeout=5.0s)...
  [ComfyUI] [ComfyUI-TRELLIS2] Health check: ping (timeout=5.0s)...
  [ComfyUI] [ComfyUI-TRELLIS2] Health check: ok
  [ComfyUI] [ComfyUI-TRELLIS2] Health check: ok
  [ComfyUI] [SubprocessWorker] call_id=79 sending model_to_device
  [ComfyUI] [SubprocessWorker] call_id=79 sending model_to_device
  [ComfyUI] [comfy-env] [VRAM] After offload 'SLatFlowModel_3' (2464 MB): 1271 / 24575 MB
  [ComfyUI] [comfy-env] [VRAM] After offload 'SLatFlowModel_3' (2464 MB): 1271 / 24575 MB
  [ComfyUI] [comfy-env] [VRAM] Before offload 'DINOv3ViT_2' (1156 MB) -> cpu: 1271 / 24575 MB
  [ComfyUI] [comfy-env] [VRAM] Before offload 'DINOv3ViT_2' (1156 MB) -> cpu: 1271 / 24575 MB
  [ComfyUI] [ComfyUI-TRELLIS2] Health check: ping (timeout=5.0s)...
  [ComfyUI] [ComfyUI-TRELLIS2] Health check: ping (timeout=5.0s)...
  [ComfyUI] [ComfyUI-TRELLIS2] Health check: ok
  [ComfyUI] [ComfyUI-TRELLIS2] Health check: ok
  [ComfyUI] [SubprocessWorker] call_id=80 sending model_to_device
  [ComfyUI] [SubprocessWorker] call_id=80 sending model_to_device
  [ComfyUI] [comfy-env] [VRAM] After offload 'DINOv3ViT_2' (1156 MB): 1271 / 24575 MB
  [ComfyUI] [comfy-env] [VRAM] After offload 'DINOv3ViT_2' (1156 MB): 1271 / 24575 MB
  [ComfyUI] [comfy-env] [VRAM] Before offload 'FlexiDualGridVaeDecoder_4' (904 MB) -> cpu: 1271 / 24575 MB
  [ComfyUI] [comfy-env] [VRAM] Before offload 'FlexiDualGridVaeDecoder_4' (904 MB) -> cpu: 1271 / 24575 MB
  [ComfyUI] [ComfyUI-TRELLIS2] Health check: ping (timeout=5.0s)...
  [ComfyUI] [ComfyUI-TRELLIS2] Health check: ping (timeout=5.0s)...
  [ComfyUI] [ComfyUI-TRELLIS2] Health check: ok
  [ComfyUI] [ComfyUI-TRELLIS2] Health check: ok
  [ComfyUI] [SubprocessWorker] call_id=81 sending model_to_device
  [ComfyUI] [SubprocessWorker] call_id=81 sending model_to_device
  [ComfyUI] [comfy-env] [VRAM] After offload 'FlexiDualGridVaeDecoder_4' (904 MB): 1271 / 24575 MB
  [ComfyUI] [comfy-env] [VRAM] After offload 'FlexiDualGridVaeDecoder_4' (904 MB): 1271 / 24575 MB
  [ComfyUI] [comfy-env] [VRAM] Before offload 'SparseUnetVaeDecoder_5' (904 MB) -> cpu: 1271 / 24575 MB
  [ComfyUI] [comfy-env] [VRAM] Before offload 'SparseUnetVaeDecoder_5' (904 MB) -> cpu: 1271 / 24575 MB
  [ComfyUI] [ComfyUI-TRELLIS2] Health check: ping (timeout=5.0s)...
  [ComfyUI] [ComfyUI-TRELLIS2] Health check: ping (timeout=5.0s)...
  [ComfyUI] [ComfyUI-TRELLIS2] Health check: ok
  [ComfyUI] [ComfyUI-TRELLIS2] Health check: ok
  [ComfyUI] [SubprocessWorker] call_id=82 sending model_to_device
  [ComfyUI] [SubprocessWorker] call_id=82 sending model_to_device
  [ComfyUI] [comfy-env] [VRAM] After offload 'SparseUnetVaeDecoder_5' (904 MB): 1271 / 24575 MB
  [ComfyUI] [comfy-env] [VRAM] After offload 'SparseUnetVaeDecoder_5' (904 MB): 1271 / 24575 MB
  [ComfyUI] [comfy-env] [VRAM] Before offload 'FlexiDualGridVaeEncoder_1' (675 MB) -> cpu: 1271 / 24575 MB
  [ComfyUI] [comfy-env] [VRAM] Before offload 'FlexiDualGridVaeEncoder_1' (675 MB) -> cpu: 1271 / 24575 MB
  [ComfyUI] [ComfyUI-TRELLIS2] Health check: ping (timeout=5.0s)...
  [ComfyUI] [ComfyUI-TRELLIS2] Health check: ping (timeout=5.0s)...
  [ComfyUI] [ComfyUI-TRELLIS2] Health check: ok
  [ComfyUI] [ComfyUI-TRELLIS2] Health check: ok
  [ComfyUI] [SubprocessWorker] call_id=83 sending model_to_device
  [ComfyUI] [SubprocessWorker] call_id=83 sending model_to_device
  [ComfyUI] [comfy-env] [VRAM] After offload 'FlexiDualGridVaeEncoder_1' (675 MB): 1271 / 24575 MB
  [ComfyUI] [comfy-env] [VRAM] After offload 'FlexiDualGridVaeEncoder_1' (675 MB): 1271 / 24575 MB
  Node executed (4 total), capturing...
  Frame 24 saved (frame_023.jpg, t=218.1s)
  [capture-node] freeze=50ms shot=245ms unfreeze=0ms saved=True
  Execution complete (t=218.1s)
  [3d-wait] Phase 1: Waiting for 'Loading 3D Model' text to disappear...
  [3d-wait] Phase 1 done in 0.0s
  [3d-wait] Phase 2: iframes=1
  [3d-wait] iframe viewer_ready=True (matched 1 console logs)
  [3d-wait] Unfrozen in 0.010s, rendering for 5s...
  [3d-wait] JS halted via CDP after 5.0s
  [3d-wait] Re-frozen in 6.1s
  [3d-wait] Total 3D wait: 6.1s
  Captured 24 unique frames over 224.56s
  [debug] iframes: 1
  [debug]   iframe[0]: src=http://127.0.0.1:41899/extensions/ComfyUI-GeometryPack/viewer_dual_textured.html, canvas=370x485, rafFrozen=True
  [timing] trigger_3d_previews: 0.0s
  Saved high-quality screenshot: standalone_texturing_executed.png
  [timing] final_screenshot: 0.3s
    Captured 25 video frames